Num_Acc,an,mois,jour,hrmn,lum,agg,int,atm,col,com,lat,long,dep,catr,circ,nbv,vosp,prof,plan,lartpc,larrout,surf,infra,situ,env1,killed
200700061632,7,10,16,1315,1,1,1,1,7,152,4363800,705100,60,3,2,0,0,2,2,0,120,1,0,1,0,0
200700061635,7,10,20,1730,1,2,1,1,2,152,4362800,700000,60,3,2,2,0,1,1,0,70,1,0,1,0,0
200700061636,7,10,25,1315,1,1,1,3,1,152,4361000,705400,60,3,1,2,0,1,3,0,70,2,0,3,0,0
200700061637,7,10,1,1215,1,2,1,1,7,152,4363200,709700,60,3,0,2,0,2,1,0,70,1,0,1,3,0
200700061638,7,10,9,815,1,2,1,1,3,168,4585300,483800,690,3,2,0,0,1,1,0,100,1,0,1,0,0
200700061642,7,10,6,630,5,2,1,8,6,283,4273300,181600,90,2,2,0,0,2,3,0,85,2,0,1,0,1
200700061643,7,10,20,1500,1,1,1,1,6,139,4257900,179100,90,2,2,0,0,2,1,0,70,1,0,3,0,1
200700061645,7,10,23,1645,1,1,1,1,1,372,4975300,164400,760,1,3,2,3,1,1,2,93,1,0,1,0,1
200700061648,7,10,14,1830,1,2,6,1,1,5,4754900,289400,560,5,0,0,0,1,0,0,0,1,5,1,0,0
200700061649,7,10,17,1600,1,2,1,1,1,243,4765800,273700,560,3,2,2,0,1,1,0,80,1,0,4,0,0
200700061650,7,10,24,800,3,1,1,1,3,240,4754500,273100,560,3,2,2,0,1,1,60,107,1,5,1,0,0
200700061651,7,10,7,1545,1,1,1,1,2,155,4582000,411700,420,1,3,2,0,1,2,0,0,1,0,1,0,0
200700061659,7,10,6,1630,1,1,1,1,3,337,4354200,386500,340,3,2,2,0,1,1,0,60,1,0,1,0,0
200700061661,7,10,12,1945,3,1,1,1,2,331,4611000,545600,10,1,1,3,3,2,1,10,110,1,0,1,0,0
200700061669,7,10,23,900,1,1,6,1,3,152,4853500,769100,670,3,2,2,0,1,3,0,0,1,5,1,0,0
200700061670,7,10,4,730,2,2,1,1,3,343,4860800,769400,670,9,2,2,0,1,1,0,59,1,0,1,0,0
200700061671,7,10,4,1630,1,2,1,1,2,10,4370200,698600,60,3,2,0,0,1,1,59,0,1,0,1,0,0
200700061672,7,10,10,1445,1,1,9,3,1,226,4322200,1900,650,1,2,1,0,2,2,0,35,2,3,1,0,0
200700061673,7,10,25,1500,1,1,1,8,6,353,4316900,25500,650,1,3,2,0,1,2,25,75,2,0,1,0,0
200700061674,7,10,24,1445,1,1,1,1,1,80,4363100,542700,130,3,2,2,0,4,3,0,0,1,0,1,0,0
200700061675,7,10,16,830,2,1,1,1,6,450,4529800,554100,380,1,1,2,0,1,1,0,0,2,0,1,0,0
200700061678,7,10,28,830,1,1,1,1,6,106,4875900,792200,670,1,3,2,0,1,2,12,75,1,0,3,0,0
200700061683,7,10,5,1645,1,1,1,1,1,91,4361700,532100,130,2,2,2,0,1,1,0,0,1,0,1,0,0
200700061684,7,10,19,1315,1,1,1,1,5,395,4342100,129900,310,1,3,2,3,1,1,80,100,1,0,1,0,1
200700061685,7,10,19,1930,3,1,1,1,2,399,4335600,126700,310,1,3,0,0,1,1,100,30,1,0,1,0,0
200700061686,7,10,15,1615,1,1,1,1,6,684,4948000,46100,760,9,3,1,3,1,1,0,30,1,7,0,0,0
200700061689,7,10,21,1,3,1,1,1,6,164,4607600,646900,740,3,1,1,0,1,1,0,34,1,0,1,0,0
200700061695,7,10,1,900,1,1,1,2,6,79,4380800,332900,340,1,3,0,0,2,2,25,70,2,0,1,0,0
200700061698,7,10,13,1400,3,1,1,1,6,119,4527200,320100,150,1,1,2,3,0,1,0,0,1,0,1,0,0
200700061700,7,10,7,1630,1,1,1,1,7,143,4874700,206300,780,3,2,2,0,4,4,0,60,1,0,1,0,0
200700061701,7,10,9,1830,1,1,6,1,3,143,4874400,209600,780,3,0,2,0,1,3,100,0,1,5,1,0,0
200700061702,7,10,27,1630,1,1,9,1,1,620,4874900,210600,780,4,2,0,0,1,1,0,54,1,0,1,0,0
200700061703,7,10,5,1700,1,1,1,1,5,89,4812400,1200,720,3,2,0,0,1,1,0,75,1,0,1,0,0
200700061708,7,10,20,1645,1,2,1,1,1,388,4893600,767300,670,4,2,2,0,2,2,0,41,1,0,1,0,0
200700061709,7,10,5,745,2,1,1,1,1,547,4349200,127600,310,3,2,2,0,1,1,0,51,1,5,1,0,0
200700061711,7,10,10,1015,1,2,1,1,6,36,4384400,484200,130,9,2,2,0,1,2,0,62,1,0,1,0,1
200700061713,7,10,16,515,3,1,1,5,6,358,4948500,140700,760,3,2,2,0,1,1,0,55,1,0,3,0,0
200700061714,7,10,29,1315,1,1,1,3,1,154,4937200,240800,600,4,2,1,0,1,3,0,38,2,0,1,0,0
200700061717,7,10,16,1045,3,1,3,1,1,482,4727700,583300,250,3,2,3,0,1,1,0,112,1,5,1,0,0
200700061721,7,10,13,1500,1,1,1,1,6,177,4777500,307700,560,3,2,2,0,2,2,0,63,1,0,3,0,0
200700061728,7,10,14,145,3,1,1,1,7,189,4266500,292900,660,4,2,1,0,1,3,0,53,1,0,1,0,0
200700061732,7,10,25,1815,2,2,1,8,1,302,4406600,464400,300,4,2,0,0,2,1,0,36,1,0,1,0,0
200700061733,7,10,21,630,3,1,1,1,6,599,4959700,159600,500,2,3,1,0,1,1,45,70,1,0,0,0,0
200700061734,7,10,26,1730,1,1,1,1,2,631,4931100,118500,500,2,1,2,0,1,1,30,70,1,0,1,0,0
200700062697,7,10,4,1725,1,2,1,1,6,31,4515725,450619,190,4,2,0,0,1,1,0,0,1,0,1,0,0
200700062698,7,10,7,1520,1,2,3,2,6,31,4515484,449885,190,4,3,2,0,0,1,30,70,2,0,1,0,0
200700062700,7,10,12,2050,5,2,1,1,6,31,4516033,453026,190,4,1,2,0,1,1,0,0,1,0,0,0,0
200700062701,7,10,16,1515,1,2,3,1,6,31,4515061,449809,190,4,2,3,0,1,1,0,0,1,0,1,99,0
200700062702,7,10,17,1315,1,2,2,1,3,31,4515407,453318,190,4,2,0,0,1,1,0,0,1,0,1,0,0
200700062703,7,10,17,2050,5,2,1,1,6,31,4515473,451364,190,4,2,3,0,1,1,0,0,1,0,1,99,0
200700062704,7,10,19,2115,5,2,3,1,3,31,4514534,448138,190,6,2,4,0,1,1,0,0,1,0,1,99,0
200700062705,7,10,20,310,5,2,1,1,6,31,4515678,453106,190,4,1,2,0,1,1,0,0,1,0,1,99,0
200700062706,7,10,22,550,5,2,2,1,3,31,4515720,452378,190,4,2,3,0,1,1,0,0,1,0,1,0,0
200700062707,7,10,24,850,1,2,1,1,6,31,4515348,450889,190,4,2,2,0,1,1,0,0,1,0,1,0,0
200700062708,7,10,24,1125,1,2,1,1,5,31,4515573,452432,190,4,2,2,0,1,1,0,0,1,0,1,0,0
200700062709,7,10,26,1340,1,2,1,1,3,31,4516058,453451,190,4,2,4,0,2,1,0,122,1,0,1,99,0
200700062710,7,10,26,1355,1,2,1,1,6,31,4516133,450290,190,4,1,1,0,1,1,0,68,1,5,1,3,0
200700062711,7,10,29,1310,1,2,1,2,3,31,4515689,452299,190,4,2,2,0,1,1,0,0,2,0,1,0,0
200700062712,7,10,29,1355,1,2,2,2,3,31,4516523,453177,190,4,2,2,0,1,1,0,0,2,0,1,0,0
200700062713,7,10,29,1515,1,2,2,2,2,31,4515676,453106,190,3,2,2,0,1,1,0,70,2,0,1,0,0
200700062714,7,10,30,1130,1,2,1,1,6,31,4515508,451207,190,4,1,0,0,1,2,0,0,1,0,1,99,0
200700062715,7,10,15,925,1,2,1,1,6,275,4555522,430600,190,4,2,2,0,2,2,0,69,1,0,1,99,0
200700062717,7,10,24,1730,1,2,1,8,3,275,4555353,430298,190,4,2,2,0,2,1,0,100,1,0,1,99,0
200700062958,7,10,1,830,1,2,2,1,3,189,4382119,433885,300,4,2,2,0,1,1,0,89,1,0,1,99,0
200700062959,7,10,1,1230,1,2,1,1,2,189,4384862,434956,300,4,2,2,0,2,1,0,105,1,0,1,0,0
200700062960,7,10,1,1740,1,1,6,1,5,189,4382590,435062,300,4,1,2,0,2,3,0,120,1,0,1,99,0
200700062961,7,10,1,2045,5,2,1,1,3,189,4384042,436536,300,4,2,2,0,2,1,0,70,1,0,1,99,0
200700062962,7,10,2,900,1,2,6,1,2,189,4381587,434035,300,4,2,4,0,1,1,5,120,1,0,1,99,0
200700062963,7,10,2,1257,1,2,1,1,6,189,4383038,436960,300,4,2,2,0,1,1,0,120,1,0,1,99,0
200700062964,7,10,2,1955,5,2,1,1,3,189,4383039,436957,300,4,2,2,0,1,1,0,105,1,0,1,99,0
200700062965,7,10,3,1915,1,2,2,1,3,189,4382713,438259,300,4,1,1,0,1,1,0,34,1,0,1,99,0
200700062966,7,10,5,1245,1,2,1,1,2,189,4384241,431761,300,4,2,4,0,1,1,0,180,1,0,1,99,0
200700062967,7,10,5,1419,1,2,1,1,6,189,4383759,436759,300,4,1,1,0,1,1,0,32,1,0,1,0,0
200700062969,7,10,8,1518,1,2,1,1,5,189,4381336,435433,300,9,2,2,0,3,3,0,73,1,0,1,99,0
200700062970,7,10,9,1700,1,2,1,1,6,189,4383628,436239,300,4,1,0,3,1,1,0,150,1,0,1,99,0
200700062971,7,10,10,742,1,1,1,2,3,189,4383015,435610,300,4,2,2,0,1,1,0,70,2,0,1,99,0
200700062972,7,10,10,1635,1,2,6,2,2,189,4382411,436916,300,4,1,2,0,1,2,0,78,2,0,1,0,0
200700062973,7,10,12,1709,1,2,3,1,3,189,4382206,434966,300,4,2,2,0,1,1,0,104,1,0,1,99,0
200700062974,7,10,12,1930,5,2,3,1,3,189,4383705,438603,300,3,2,4,0,1,1,0,87,1,0,1,0,0
200700062977,7,10,16,1435,1,2,1,1,6,189,4384107,438911,300,6,1,1,0,1,2,0,0,1,0,0,99,0
200700062978,7,10,16,2045,5,2,2,1,1,189,4383570,438531,300,4,2,2,0,1,1,0,70,1,0,1,99,0
200700062979,7,10,16,2342,5,2,1,1,2,189,4383065,432303,300,4,2,4,0,3,1,0,110,1,0,1,99,0
200700062980,7,10,18,1335,1,2,1,1,6,189,4384862,434956,300,4,2,2,0,1,1,0,70,1,0,1,99,0
200700062982,7,10,20,1836,5,2,6,1,6,189,4384124,434087,300,4,2,2,0,1,2,0,60,1,5,1,99,0
200700062983,7,10,26,929,1,2,2,1,6,189,4382078,434703,300,4,2,0,0,1,1,0,0,1,0,1,0,0
200700062985,7,10,30,2005,5,2,2,1,6,189,4383544,435477,300,4,1,1,0,1,1,0,29,1,0,1,99,0
200700062986,7,10,31,1025,1,2,3,1,3,189,4383807,437688,300,4,2,2,0,1,1,0,117,1,0,1,99,0
200700062987,7,10,31,1752,1,1,1,1,1,189,4377921,434638,300,3,2,3,0,1,2,0,100,1,0,1,99,0
200700062988,7,10,31,1851,3,1,2,1,1,189,4377925,432306,300,4,2,2,0,1,1,0,70,1,0,1,99,0
200700063292,7,10,21,1300,1,2,1,1,2,336,4332131,345699,340,4,2,2,0,1,1,0,70,1,0,0,99,0
200700063311,7,10,5,733,1,2,1,2,4,172,4360911,385632,340,4,2,2,0,2,1,0,70,2,0,1,99,0
200700063316,7,10,9,1000,1,2,1,1,6,172,4360316,387193,340,4,2,3,3,1,1,0,90,1,0,1,3,0
200700063320,7,10,8,1620,1,2,1,1,5,172,4359696,388083,340,4,2,4,0,2,1,0,110,1,5,1,99,0
200700063323,7,10,11,1405,1,2,1,1,3,172,4361454,384336,340,4,2,2,0,2,1,0,60,1,0,1,0,0
200700063325,7,10,12,750,1,2,1,1,3,172,4361523,382244,340,4,2,4,0,2,1,0,120,1,0,1,99,0
200700063330,7,10,16,215,5,2,1,1,7,172,4360201,388529,340,3,1,2,1,2,2,0,550,1,0,4,0,0
200700063340,7,10,19,1530,1,2,1,1,3,172,4358023,387990,340,4,2,2,0,1,1,0,78,1,0,1,99,0
200700063341,7,10,20,850,1,2,1,1,3,172,4361901,387934,340,4,2,2,0,1,1,0,70,1,0,1,0,0
200700063345,7,10,22,300,5,2,3,1,6,172,4358884,386407,340,3,2,2,0,1,1,23,69,1,5,1,3,0
200700063362,7,10,29,1645,2,2,1,1,1,172,4359852,384168,340,4,2,3,0,3,1,0,90,1,2,1,99,0
200700063549,7,10,3,1210,1,2,1,1,6,316,4123456,345699,420,3,1,1,0,2,2,0,57,1,0,1,99,0
200700063551,7,10,6,1950,5,2,1,1,2,183,4123456,345699,420,4,2,2,0,1,1,0,46,1,0,1,0,0
200700063552,7,10,11,1445,1,2,1,1,6,99,4123456,345699,420,3,2,2,0,1,1,0,59,1,0,1,99,0
200700063553,7,10,12,1500,1,2,1,1,3,95,4123456,345699,420,3,2,2,0,1,1,0,68,1,0,1,0,0
200700063554,7,10,13,1025,1,2,1,1,6,183,4123456,345699,420,3,2,2,0,2,1,0,64,1,0,1,99,0
200700063555,7,10,13,1920,2,2,1,2,2,95,4123456,345699,420,3,2,2,0,1,1,0,70,2,0,1,0,0
200700063558,7,10,20,1605,1,1,1,1,6,95,4123456,345699,420,3,2,2,0,1,0,0,0,1,0,1,99,0
200700063559,7,10,22,1310,1,2,1,1,6,44,4123456,345699,420,3,2,2,0,1,1,0,66,1,0,1,0,0
200700063560,7,10,23,750,2,2,3,1,1,95,4123456,345699,420,4,2,2,0,1,0,0,59,1,0,1,99,0
200700063561,7,10,28,1742,1,1,1,1,5,316,4123456,345699,420,3,2,3,0,1,1,0,0,1,0,1,0,0
200700063562,7,10,26,1445,1,2,1,1,6,95,4123456,345699,420,4,1,2,0,3,1,0,53,1,0,1,99,0
200700063578,7,10,2,1655,1,2,1,1,6,218,4525120,425160,420,4,2,1,0,2,1,0,60,1,0,4,0,0
200700063579,7,10,3,1500,1,1,1,2,1,218,4523520,427210,420,3,2,2,0,2,3,0,60,1,0,1,0,0
200700063581,7,10,4,1715,1,2,2,1,6,218,4526270,423150,420,4,1,1,0,1,1,0,56,1,0,1,0,0
200700063584,7,10,10,1745,1,2,1,1,6,218,4527080,422550,420,4,1,2,0,1,2,0,64,2,0,4,0,0
200700063596,7,10,20,37,5,2,2,1,3,218,4526180,423310,420,4,1,2,0,1,3,0,60,1,0,1,0,0
200700063597,7,10,20,1035,1,2,1,1,6,305,4528490,425530,420,4,1,1,0,1,1,0,30,1,0,1,0,0
200700063600,7,10,28,1850,5,2,1,1,6,237,4526510,426270,420,4,2,2,0,2,3,0,70,1,0,1,99,0
200700063686,7,10,3,1945,5,2,1,1,3,235,4790308,345699,450,4,2,2,0,1,1,0,78,1,0,1,0,0
200700063707,7,10,29,715,2,2,1,2,1,234,4791723,345699,450,4,1,1,0,1,1,0,60,2,0,1,0,0
200700068390,7,11,8,1020,1,2,1,1,2,31,4516303,452258,190,4,2,2,0,1,1,0,0,1,0,1,0,0
200700068391,7,11,12,1707,1,2,1,1,1,31,4517486,452209,190,4,2,0,0,2,4,0,0,2,0,1,99,1
200700068392,7,11,15,1208,1,2,1,1,3,31,4515574,452304,190,4,2,2,0,1,1,0,0,1,0,1,0,0
200700068393,7,11,16,910,1,2,1,1,6,31,4515279,452005,190,4,2,2,0,1,0,0,0,0,0,1,0,0
200700068394,7,11,17,1300,1,2,1,1,6,31,4514869,449172,190,4,2,2,0,0,1,0,70,1,0,1,0,0
200700068395,7,11,19,740,5,2,1,2,6,31,4515548,455634,190,4,2,2,0,1,1,0,0,2,0,1,0,0
200700068396,7,11,20,1330,1,2,1,1,6,31,4515627,452606,190,4,2,0,0,1,1,0,0,1,0,1,0,0
200700068397,7,11,20,1450,1,2,1,1,6,31,4515031,449722,190,4,2,2,0,1,1,0,0,1,0,1,0,0
200700068398,7,11,21,1310,1,2,1,1,3,31,4515721,449461,190,4,2,2,0,1,1,0,0,1,0,1,3,0
200700068399,7,11,21,1430,1,2,1,1,7,31,4516050,450778,190,4,2,2,0,1,1,0,0,1,0,4,99,0
200700068400,7,11,25,535,5,2,1,1,7,31,4516482,451786,190,4,2,2,0,1,1,0,0,1,0,1,99,0
200700068401,7,11,27,1345,1,2,1,1,6,31,4515118,453211,190,4,2,0,0,1,1,0,0,1,0,1,0,0
200700068402,7,11,28,1020,1,2,1,1,6,31,4516128,453408,190,4,1,2,0,2,1,0,0,1,0,1,99,0
200700068403,7,11,29,1838,5,2,2,2,3,31,4515775,451111,190,4,1,1,0,1,1,0,0,2,0,1,99,0
200700068404,7,11,30,500,5,2,1,2,6,31,4514324,449210,190,4,2,2,0,1,1,0,0,2,0,1,3,1
200700068405,7,11,30,935,1,2,2,2,3,31,4515452,449350,190,4,2,2,0,1,1,0,0,2,0,1,99,0
200700068406,7,11,30,1045,1,2,1,2,2,31,4516482,452938,190,4,1,1,0,1,1,0,0,2,0,0,99,0
200700068407,7,11,30,1825,2,2,1,9,3,31,4514323,447034,190,4,2,2,0,3,1,0,0,0,0,1,0,0
200700068408,7,11,30,1930,5,2,1,9,3,31,4516193,452302,190,4,2,0,0,1,1,0,0,0,0,1,0,0
200700068409,7,11,9,710,2,2,1,1,1,272,4528121,478987,190,3,2,2,0,2,3,0,68,2,0,1,99,1
200700068410,7,11,12,845,1,2,1,2,7,272,4526991,477390,190,4,2,2,0,1,1,0,120,2,2,1,99,0
200700068412,7,11,20,1340,1,2,3,1,3,272,4527858,478987,190,3,1,1,0,2,2,0,0,1,3,0,99,0
200700068413,7,11,23,1800,5,2,2,2,3,275,4554664,431641,190,4,2,0,0,1,3,0,0,2,5,1,99,0
200700068630,7,11,6,800,1,2,1,1,2,189,4385265,436122,300,4,2,2,0,1,1,0,56,1,0,1,99,0
200700068631,7,11,7,220,5,1,1,1,7,189,4382433,432698,300,2,1,1,0,1,3,0,40,1,0,1,99,0
200700068632,7,11,7,855,1,2,1,1,2,189,4382457,434495,300,4,2,2,0,2,1,0,57,1,0,1,99,0
200700068633,7,11,8,1142,1,2,1,1,6,189,4383047,435170,300,4,2,3,0,1,1,0,91,1,0,1,99,0
200700068639,7,11,9,1355,1,2,1,1,6,189,4383465,437028,300,4,1,1,0,1,1,0,50,1,0,1,3,0
200700068641,7,11,9,1548,1,2,6,1,3,189,4382416,436920,300,4,1,2,0,1,2,0,60,1,5,1,99,0
200700068643,7,11,9,2056,5,2,1,1,6,189,4384339,438518,300,4,2,2,0,1,1,0,80,1,0,1,99,0
200700068644,7,11,10,902,1,2,6,1,6,189,4383699,438770,300,4,1,2,1,1,3,0,80,1,5,1,99,0
200700068645,7,11,12,1220,1,2,2,1,3,189,4382683,436118,300,4,1,1,0,1,1,0,55,1,0,1,99,0
200700068649,7,11,13,1215,1,2,2,1,3,189,4384068,437117,300,4,1,0,0,0,1,0,40,1,0,1,0,0
200700068651,7,11,15,1320,1,2,2,1,1,189,4383651,435549,300,4,1,1,0,1,1,0,47,1,0,1,99,0
200700068652,7,11,16,725,1,2,1,1,6,189,4384630,437290,300,4,2,2,0,1,1,0,160,1,0,1,99,0
200700068654,7,11,17,1504,1,2,1,1,2,189,4384068,435115,300,4,2,4,0,1,1,0,130,1,0,1,99,0
200700068657,7,11,20,1232,1,2,1,1,2,189,4383039,436957,300,4,2,3,0,1,1,0,114,1,0,1,99,0
200700068658,7,11,22,857,1,2,1,2,1,189,4384848,443834,300,4,2,2,0,1,2,0,92,2,0,1,99,0
200700068659,7,11,23,740,1,2,1,1,1,189,4384292,438249,300,4,2,2,0,1,1,0,81,9,0,1,99,0
200700068662,7,11,23,1310,1,2,6,1,3,189,4381784,434717,300,4,0,2,0,1,2,0,120,1,0,1,99,0
200700068665,7,11,23,1927,3,1,1,1,1,189,4377736,434751,300,4,2,2,0,1,2,0,73,1,0,1,99,0
200700068666,7,11,24,1522,1,2,1,1,4,189,4384006,436322,300,4,1,2,0,1,1,0,0,1,0,1,99,0
200700068668,7,11,24,1811,5,2,1,1,2,189,4381390,436468,300,4,2,4,0,1,1,0,140,1,0,1,99,0
200700068669,7,11,25,312,5,2,1,1,6,189,4383572,440005,300,3,2,4,0,1,1,30,152,1,0,1,0,0
200700068670,7,11,25,1855,5,2,5,1,3,189,4380790,437177,300,4,1,2,0,1,2,0,0,1,5,1,99,0
200700068671,7,11,25,1927,5,2,3,1,3,189,4383711,436586,300,4,1,2,0,1,1,60,30,1,0,1,0,0
200700068672,7,11,26,750,1,2,1,1,5,189,4383712,436586,300,4,2,2,0,1,1,0,82,1,0,1,99,0
200700068674,7,11,26,1130,1,2,1,1,3,189,4382272,434793,300,4,3,7,0,1,1,0,70,1,0,1,3,0
200700068675,7,11,26,1148,1,2,1,6,6,189,4383651,436271,300,4,1,3,3,1,1,0,90,9,0,1,99,0
200700068679,7,11,28,1810,5,2,1,1,4,189,4377737,434752,300,4,2,4,0,1,1,170,140,1,0,1,99,0
200700068680,7,11,28,1940,5,2,1,1,4,189,4382056,434067,300,4,2,2,0,1,1,0,60,1,0,1,99,0
200700068681,7,11,29,1402,1,2,1,1,6,189,4383544,435477,300,4,1,1,0,1,2,0,128,1,3,1,3,0
200700068682,7,11,29,1524,1,2,1,1,6,189,4383838,432015,300,4,2,4,0,1,1,0,250,1,0,1,99,0
200700068683,7,11,29,1751,5,2,1,1,3,189,4383701,438689,300,3,2,3,0,1,1,0,64,1,0,1,99,0
200700068927,7,11,8,1040,1,2,1,1,7,73,4332431,345699,340,4,2,2,0,1,1,0,80,1,0,1,0,0
200700068929,7,11,10,755,1,2,3,1,7,32,4334000,345699,340,4,1,1,0,2,1,0,80,1,0,0,0,0
200700068934,7,11,20,1145,1,1,1,1,3,336,4333300,345699,340,4,2,1,0,2,1,0,70,1,0,1,99,0
200700068937,7,11,26,1522,1,2,6,1,3,336,4332200,345699,340,4,2,2,0,1,0,0,60,1,5,1,0,1
200700068943,7,11,2,1911,5,2,1,1,3,172,4364142,384325,340,4,2,4,0,1,1,0,120,1,0,1,99,0
200700068945,7,11,2,1550,1,2,3,1,3,172,4360779,384903,340,4,1,3,3,1,1,0,100,1,5,1,99,0
200700068950,7,11,6,2100,5,2,1,1,4,172,4360380,389269,340,4,2,3,0,1,1,0,130,1,0,1,99,0
200700068951,7,11,7,1519,1,2,3,1,7,172,4360094,389531,340,4,1,1,0,1,1,0,56,1,0,1,0,0
200700068953,7,11,7,1736,2,1,1,1,7,129,4357172,387389,340,3,2,2,0,1,1,0,57,1,0,3,99,1
200700068954,7,11,7,1230,1,2,9,1,3,172,4360663,385950,340,4,2,5,0,1,1,0,120,1,5,1,99,0
200700068955,7,11,9,1140,1,2,1,1,3,172,4364506,386198,340,4,2,3,0,3,1,0,84,1,0,1,3,0
200700068970,7,11,12,1220,1,2,1,1,6,172,4360382,389335,340,4,2,4,0,2,1,0,120,1,0,4,99,0
200700068974,7,11,15,1900,5,2,1,1,3,172,4360044,386934,340,4,2,2,0,1,1,0,60,1,0,1,99,0
200700068979,7,11,20,1900,5,2,2,8,3,172,4360908,386706,340,4,2,3,0,1,1,3,90,2,5,1,3,0
200700068982,7,11,22,2000,5,2,1,3,3,172,4360680,389405,340,4,2,2,0,2,4,0,60,2,0,1,99,1
200700068986,7,11,23,1100,1,2,1,1,6,172,4357817,386817,340,4,1,2,0,1,1,0,60,1,0,1,99,0
200700068988,7,11,24,133,5,2,4,1,6,172,4361272,384471,340,4,2,4,0,1,1,20,30,1,0,0,0,0
200700068989,7,11,24,530,5,2,2,1,3,172,4362438,381246,340,4,4,4,0,1,0,0,148,1,5,1,3,0
200700068991,7,11,22,1217,1,2,9,2,3,172,4360569,388781,340,4,1,2,1,1,1,0,130,2,3,1,99,0
200700068992,7,11,26,845,1,2,3,1,3,172,4361345,390493,340,4,2,2,0,2,1,0,60,1,5,1,3,0
200700068993,7,11,25,1625,1,2,1,1,2,172,4360041,389656,340,4,3,4,3,2,1,0,136,1,2,1,99,0
200700068996,7,11,26,1745,5,2,1,1,2,172,4362363,389195,340,4,2,3,0,1,3,0,80,1,5,1,99,0
200700069154,7,11,2,1055,1,2,6,1,3,44,4123456,345699,420,3,1,1,0,1,2,0,71,1,5,1,99,0
200700069156,7,11,9,1400,1,2,1,1,2,44,4123456,345699,420,3,2,2,0,1,1,0,91,1,0,1,99,0
200700069157,7,11,14,1220,1,2,1,2,1,99,4123456,345699,420,4,2,2,0,2,3,0,57,2,2,1,99,0
200700069189,7,11,12,1720,2,2,1,1,6,218,4528060,422500,420,4,2,4,0,1,1,0,124,1,0,1,0,1
200700069204,7,11,29,756,1,2,3,8,6,218,4526220,423140,420,4,1,1,3,1,1,0,56,1,5,1,3,0
200700069207,7,11,29,1125,1,2,2,1,3,218,4526150,424420,420,4,2,2,0,2,1,16,118,1,5,1,99,0
200700069210,7,11,30,1840,5,2,2,1,6,218,4525590,423330,420,4,1,2,0,1,1,0,75,1,0,1,0,0
200700069996,7,11,30,1630,1,1,1,1,1,136,4269470,345699,660,3,2,2,0,1,1,0,64,1,0,0,0,1
200700072902,7,11,16,1745,3,1,1,1,1,278,5061700,294600,590,3,2,2,0,1,1,0,104,1,0,1,0,1
200700072903,7,11,20,1200,1,2,1,1,6,553,5059000,297300,590,4,2,2,0,1,1,0,0,1,0,1,3,0
200700072904,7,11,23,1315,1,2,1,1,1,278,5062700,297900,590,3,2,0,0,1,1,0,65,1,0,1,0,0
200700072905,7,11,26,730,2,2,1,1,6,653,5057600,295000,590,3,2,2,0,1,1,0,65,1,0,1,0,0
200700072906,7,11,19,1030,1,2,1,8,6,466,5052000,311000,590,3,2,0,0,1,1,16,75,2,0,1,0,0
200700072908,7,11,3,1030,1,1,1,1,3,663,5087000,248600,590,3,2,0,0,0,1,65,0,1,0,1,0,0
200700072912,7,11,1,415,3,1,1,1,6,262,5081000,266400,590,3,2,2,0,1,3,70,0,1,0,3,0,0
200700072914,7,11,10,2215,3,1,1,3,6,482,5072200,303200,590,4,2,1,0,0,4,0,38,6,0,1,0,0
200700072915,7,11,16,1330,1,1,1,1,6,252,5070400,293300,590,3,3,2,0,1,3,46,0,1,0,3,0,0
200700072916,7,11,23,1845,3,1,1,2,1,482,5071300,303100,590,3,2,2,0,1,1,0,64,2,0,1,0,0
200700072917,7,11,13,1,5,2,1,2,5,387,5029300,327100,590,4,2,2,0,1,1,0,70,2,0,1,0,0
200700072919,7,11,8,500,3,1,1,1,6,294,5020400,313500,590,3,2,2,0,0,1,72,69,0,0,3,0,1
200700072920,7,11,26,2045,5,2,6,1,3,409,5032600,320900,590,3,3,0,0,1,0,0,80,1,5,1,3,0
200700072923,7,11,19,1345,1,1,1,8,1,449,5049000,326000,590,3,2,2,2,1,2,0,88,8,0,1,0,0
200700072925,7,11,17,1900,5,2,1,1,6,572,5007100,306700,620,3,2,2,0,1,0,0,70,1,0,1,0,0
200700072928,7,11,15,1515,1,2,1,1,3,473,5061800,246900,620,4,2,2,0,1,1,0,47,1,0,1,0,0
200700072931,7,11,8,1715,1,2,1,1,6,604,5068400,166400,620,3,2,2,0,0,1,0,0,0,0,1,0,0
200700072932,7,11,22,1800,5,2,2,1,2,31,5087200,192000,620,4,3,2,0,1,1,80,100,1,0,1,0,0
200700072938,7,11,29,815,2,1,1,2,1,364,5051500,216200,620,3,2,2,0,0,3,0,53,2,0,1,0,0