Num_Acc,an,mois,jour,hrmn,lum,agg,int,atm,col,com,lat,long,dep,catr,circ,nbv,vosp,prof,plan,lartpc,larrout,surf,infra,situ,env1,killed
200700072940,7,11,17,1215,1,2,1,1,6,57,5088200,208100,620,9,1,1,0,1,1,0,77,1,0,1,3,0
200700072941,7,11,8,830,1,1,1,1,3,812,5064000,203000,620,3,2,2,0,1,1,0,63,1,0,1,0,0
200700072943,7,11,4,1400,1,1,1,1,3,86,5022200,257900,620,2,2,2,0,1,1,0,53,1,5,1,0,0
200700072944,7,11,11,1100,1,1,2,1,1,879,5023400,245300,620,3,2,0,0,1,1,0,80,1,0,1,0,0
200700072945,7,11,6,1815,5,2,1,1,6,361,5028000,229300,620,3,2,2,0,1,1,0,84,1,0,1,0,0
200700072946,7,11,3,100,3,1,1,2,7,60,5023700,209700,620,3,2,2,0,2,4,0,38,2,0,1,0,1
200700072949,7,11,4,1800,2,1,1,1,6,761,4974400,218100,800,3,2,2,0,1,1,0,61,1,0,1,0,1
200700072951,7,11,25,415,3,1,1,2,3,573,4976600,180600,800,3,2,2,0,1,1,0,77,2,0,1,0,1
200700072952,7,11,27,745,2,2,1,1,6,718,4994300,221500,800,3,2,0,0,3,1,0,65,1,0,1,3,0
200700072953,7,11,11,100,3,1,2,1,3,609,5017000,201000,800,3,2,0,0,1,1,0,72,1,5,3,0,0
200700072954,7,11,12,1730,2,2,1,8,1,268,5007900,186600,800,3,2,2,0,1,1,0,90,2,0,1,0,0
200700072957,7,11,21,1930,3,1,1,2,7,688,5027900,165400,800,9,2,2,0,1,3,0,46,2,0,1,0,0
200700072958,7,11,7,1145,1,2,1,1,3,253,5016100,234500,800,4,2,2,0,1,1,0,57,1,0,1,3,0
200700072959,7,11,21,1615,1,2,1,1,3,253,5015800,234700,800,2,2,2,0,0,1,0,59,1,0,1,0,1
200700072960,7,11,28,1915,3,1,1,1,6,495,5022000,239000,800,4,2,0,0,2,1,0,33,1,0,3,0,1
200700072961,7,11,7,1730,2,1,1,1,4,166,5007300,222100,800,3,2,0,0,1,1,0,53,1,0,1,0,0
200700072963,7,11,8,2015,5,2,1,2,3,570,4977900,248300,800,4,2,2,0,1,1,0,60,2,0,1,0,0
200700072964,7,11,25,1230,1,1,1,1,7,213,4981400,237600,800,3,2,0,0,0,1,0,60,1,0,1,0,0
200700072966,7,11,30,1715,2,2,7,2,6,16,5000500,264900,800,6,1,1,0,1,1,0,63,2,0,1,0,0
200700072968,7,11,15,1500,1,1,2,1,3,447,4983200,283200,800,3,2,2,0,1,1,0,55,1,0,1,0,0
200700072971,7,11,20,1800,5,2,1,2,6,274,4974700,305200,800,3,2,2,0,0,1,0,70,2,0,1,0,0
200700072972,7,11,12,1105,1,1,1,1,7,238,4960300,351800,20,3,2,0,0,0,1,0,80,0,0,1,0,0
200700072973,7,11,16,30,3,1,1,1,7,294,4952200,358100,20,2,3,0,0,1,3,0,0,1,0,3,0,0
200700072974,7,11,24,2015,5,2,1,1,6,468,4974400,377300,20,4,2,2,0,1,1,0,47,1,0,1,0,0
200700072978,7,11,10,1545,1,1,1,1,3,246,4971400,316200,20,3,2,0,0,1,3,0,70,1,0,1,0,0
200700072979,7,11,14,600,3,1,1,1,6,637,4989400,334500,20,3,2,0,0,0,1,0,61,1,0,1,0,0
200700072980,7,11,16,1130,1,1,1,1,6,144,4987800,311400,20,3,2,0,0,1,1,0,87,1,0,3,0,0
200700072981,7,11,8,1830,5,2,1,2,3,95,4999300,344600,20,4,2,0,0,2,2,0,66,2,0,1,0,0
200700072982,7,11,15,615,3,1,1,1,3,703,4994900,347000,20,3,2,2,0,3,3,0,68,1,0,1,0,0
200700072983,7,11,20,1740,5,2,1,8,2,648,4980100,345900,20,3,2,2,0,1,1,0,40,2,0,1,0,0
200700072984,7,11,1,2030,3,1,1,1,7,131,4939300,338900,20,3,3,2,0,0,1,69,20,1,0,1,0,0
200700072987,7,11,4,1730,1,1,1,1,4,810,4926200,307300,20,2,3,4,0,1,1,18,64,1,0,1,0,1
200700072988,7,11,4,230,5,2,1,1,6,795,4941200,311800,20,3,2,2,0,2,1,0,65,1,0,4,0,0
200700072993,7,11,3,600,5,2,1,2,6,477,4942200,193700,600,2,2,2,0,1,3,0,100,2,0,4,0,0
200700073002,7,11,1,1730,3,1,1,1,3,700,4938500,214900,600,3,3,4,0,1,1,26,152,1,5,1,0,0
200700073004,7,11,23,2245,5,2,1,1,3,104,4961000,229100,600,3,2,2,0,2,3,0,73,1,0,1,0,0
200700073007,7,11,9,1700,1,2,1,1,1,439,4931700,232800,600,3,0,0,0,1,0,0,0,1,0,0,0,0
200700073008,7,11,2,1515,1,2,1,1,2,324,4940100,306500,600,2,2,2,0,1,1,50,0,1,0,1,0,0
200700073009,7,11,7,1145,1,2,6,1,5,501,4946900,288900,600,3,2,2,0,1,1,0,0,1,5,1,0,0
200700073010,7,11,18,815,1,1,1,9,1,64,4942400,301000,600,3,2,2,0,0,4,0,50,7,0,1,0,0
200700073011,7,11,16,230,3,1,1,5,3,402,4936200,275900,600,3,3,4,3,1,1,0,98,1,0,1,0,0
200700073013,7,11,16,1830,1,1,1,1,2,488,4955900,296400,600,3,4,3,0,4,1,0,0,1,5,1,0,0
200700073014,7,11,27,2245,5,2,1,1,6,507,4955400,305400,600,3,2,2,0,1,0,45,0,1,0,3,0,1
200700073015,7,11,8,1830,3,1,1,1,5,28,4924800,258600,600,2,2,0,0,0,1,0,80,1,0,1,0,0
200700073018,7,11,29,1800,5,2,1,2,6,612,4922300,259600,600,4,2,0,0,1,1,0,0,2,0,1,0,0
200700073024,7,11,14,930,1,1,1,8,1,235,4991000,126700,760,3,2,2,0,2,1,0,0,2,0,1,0,0
200700073025,7,11,5,1730,1,1,1,1,1,51,4979300,99200,760,3,0,1,0,2,4,0,44,1,0,0,0,0
200700073027,7,11,4,430,3,2,1,2,7,249,4964300,115600,760,4,2,2,0,1,1,0,32,2,0,3,0,1
200700073028,7,11,21,1300,1,1,1,1,3,222,4947900,86700,760,3,2,0,0,1,1,0,63,1,0,1,0,0
200700073036,7,11,28,945,1,1,1,1,1,303,4955800,35100,760,3,2,2,0,1,1,0,66,2,0,1,0,0
200700073039,7,11,23,1800,5,2,1,1,1,312,4948200,172600,760,3,2,2,0,0,1,0,0,1,0,1,0,0
200700073041,7,11,11,2015,3,1,1,9,1,495,4999400,58300,760,3,2,2,0,3,1,0,64,2,0,1,0,0
200700073042,7,11,6,730,3,1,1,1,7,686,4976400,55000,760,3,2,2,0,1,1,0,0,6,0,3,0,1
200700073043,7,11,1,2030,3,1,1,1,7,542,4973300,70000,760,3,2,2,0,1,1,0,46,1,0,1,0,0
200700073045,7,11,11,1345,1,1,1,1,1,340,4972000,75000,760,3,2,0,0,1,1,0,45,1,0,1,0,1
200700073046,7,11,3,1330,1,2,1,1,3,504,4908500,107600,270,4,2,2,0,1,1,0,48,1,0,1,0,0
200700073047,7,11,3,1530,1,1,2,1,1,82,4899900,103100,270,3,2,2,0,1,1,33,89,1,5,1,0,0
200700073051,7,11,7,1215,1,1,2,1,3,32,4893000,116700,270,3,2,2,0,0,1,0,0,1,0,1,0,0
200700073052,7,11,11,2115,3,1,1,2,6,693,4890800,109900,270,3,2,0,0,2,4,0,76,2,0,1,0,1
200700073053,7,11,20,900,1,1,1,2,1,543,4880000,135400,270,3,2,0,0,1,1,0,75,2,0,1,0,0
200700073054,7,11,3,1,3,1,1,1,6,510,4901200,136200,270,3,2,2,0,2,1,59,59,1,2,1,0,0
200700073055,7,11,18,545,3,1,1,1,6,123,4901600,131400,270,2,2,0,0,1,1,0,0,1,0,3,0,1
200700073056,7,11,7,1315,1,1,2,8,3,573,4880600,92200,270,3,2,2,0,1,1,0,70,1,0,1,0,1
200700073057,7,11,23,1400,1,1,1,1,7,481,4872700,89100,270,2,2,0,0,2,1,34,38,1,0,3,0,1
200700073058,7,11,1,30,3,2,1,1,1,199,4925700,169700,270,3,2,0,0,2,2,0,0,1,0,1,0,0
200700073059,7,11,7,1100,1,1,1,1,7,148,4897900,48800,270,3,2,0,0,1,1,45,75,1,0,1,0,1
200700073061,7,11,23,1030,1,1,1,8,6,148,4899600,50400,270,3,2,0,0,1,1,0,74,2,0,3,0,1
200700073062,7,11,25,1515,1,1,1,1,7,148,4898900,47200,270,4,2,1,0,1,1,28,0,6,0,1,0,0
200700073063,7,11,9,1800,3,1,1,1,6,221,4898100,64400,270,3,2,2,0,1,1,0,45,1,0,3,0,0
200700073065,7,11,20,1600,2,1,1,2,3,432,4920900,78400,270,3,2,2,0,1,3,0,54,2,0,1,0,0
200700073068,7,11,29,2015,3,1,1,1,1,164,4911600,89800,270,2,2,0,0,0,1,0,112,1,0,1,0,0
200700073070,7,11,8,1430,1,1,6,1,3,332,4920000,122000,270,3,2,0,0,1,1,0,0,1,5,1,0,0
200700073071,7,11,14,815,1,2,1,1,4,332,4920100,123600,270,3,2,2,0,1,1,0,120,2,0,1,0,0
200700073072,7,11,8,300,2,1,1,1,6,687,4917200,130300,270,3,2,0,0,1,1,0,0,2,0,0,0,0
200700073073,7,11,12,1845,3,1,1,1,6,676,4920200,129400,270,3,2,2,0,1,1,0,0,1,0,1,0,0
200700073074,7,11,8,715,2,2,1,2,3,458,4932300,122900,270,3,2,4,0,0,1,0,0,2,0,0,3,0
200700073075,7,11,22,1730,2,1,1,8,1,412,4922200,110400,270,3,2,0,0,3,2,0,50,2,0,1,0,1
200700073076,7,11,6,1445,1,1,2,1,3,511,4913700,93800,270,3,2,2,0,1,1,0,60,1,0,0,0,0
200700073078,7,11,3,830,2,1,1,8,7,594,4927600,62200,270,3,2,2,0,1,3,0,54,2,0,1,0,1
200700073079,7,11,27,1930,5,1,1,9,6,468,4924000,71800,270,3,2,0,0,1,1,0,75,2,0,1,0,1
200700073080,7,11,27,1915,5,2,1,2,6,413,4929700,66600,270,3,2,2,0,1,1,0,58,2,0,1,0,0
200700073082,7,11,10,1345,1,2,1,1,3,193,4825100,172100,350,4,2,2,0,2,1,0,60,1,0,1,0,0
200700073087,7,11,9,1400,1,1,1,1,1,13,4769400,204800,350,3,2,2,0,1,1,0,72,1,0,1,0,0
200700073088,7,11,19,900,1,1,1,8,4,13,4768300,206000,350,3,2,0,0,1,1,0,69,1,0,1,0,0
200700073092,7,11,5,930,1,1,1,1,3,127,4793100,185200,350,3,2,0,0,1,1,0,70,1,0,1,0,0
200700073093,7,11,17,1515,1,2,1,1,3,126,4797200,179600,350,4,2,2,0,1,0,0,70,1,0,1,0,0
200700073099,7,11,27,1845,3,1,1,2,5,109,4805900,120000,350,3,2,2,0,1,1,0,81,2,0,1,0,0
200700073100,7,11,28,1915,3,1,1,1,4,87,4808500,133100,350,2,3,2,0,0,1,0,0,1,0,1,0,0
200700073104,7,11,28,1030,5,1,1,8,6,5,4793100,130600,350,3,2,2,0,0,1,0,62,1,0,1,0,1
200700073105,7,11,19,815,1,1,1,9,7,74,4832400,307800,220,3,2,2,0,1,0,0,73,7,0,3,0,1
200700073106,7,11,24,1600,1,1,1,8,6,74,4832500,307700,220,3,2,2,0,2,3,0,73,2,0,3,0,0
200700073107,7,11,30,1615,1,2,1,1,6,222,4868600,293000,220,3,2,2,0,0,1,0,84,1,0,1,0,1
200700073110,7,11,17,2000,3,1,1,9,1,203,4838700,278600,220,3,2,2,0,2,2,0,53,9,0,1,0,0
200700073111,7,11,19,630,3,1,1,9,5,184,4835200,272900,220,3,2,2,0,2,1,0,70,7,0,1,0,0
200700073113,7,11,26,1800,5,2,1,2,6,136,4819100,275500,220,3,2,0,0,2,1,0,70,2,0,1,0,0
200700073115,7,11,29,1715,2,1,1,2,1,171,4842100,278300,220,4,2,0,0,1,3,0,43,2,0,1,0,0
200700073117,7,11,16,2130,3,1,1,8,5,4,4863600,330900,220,3,0,2,0,0,0,0,0,1,0,1,0,0
200700073118,7,11,30,1545,1,2,1,2,6,13,4847400,318800,220,3,2,0,0,2,2,0,0,2,0,4,0,0
200700073119,7,11,4,1815,5,1,1,1,3,343,4875800,351800,220,3,2,2,0,1,1,0,60,1,0,1,0,0
200700073120,7,11,3,1830,2,1,1,8,7,247,4872500,323700,220,3,2,2,0,0,2,0,0,1,0,1,0,0
200700073121,7,11,28,1400,1,1,1,9,1,218,4804600,451900,290,3,2,0,0,1,3,0,75,2,0,1,0,1
200700073122,7,11,29,745,5,2,1,3,6,108,4800400,433300,290,3,2,2,0,3,1,0,65,2,0,1,0,0
200700073123,7,11,27,1645,2,2,1,2,6,46,4808100,433600,290,3,2,2,0,1,1,73,0,2,0,3,0,1
200700073124,7,11,3,1800,1,2,6,1,6,252,4786800,428000,290,3,2,2,0,0,2,0,60,1,0,1,0,1
200700073126,7,11,23,1715,1,1,1,8,1,75,4841600,437800,290,3,2,2,0,1,2,0,67,2,0,1,0,0
200700073127,7,11,10,930,1,2,6,1,6,103,4845800,424800,290,3,2,2,0,1,1,0,70,1,0,1,0,0
200700073128,7,11,22,1645,1,1,2,7,3,103,4846500,426400,290,3,1,2,0,1,2,0,103,1,5,1,0,0
200700073130,7,11,26,1930,3,1,1,2,7,26,4827700,418700,290,3,2,0,0,0,2,0,58,2,0,3,0,0
200700073133,7,11,27,1645,1,2,6,1,6,27,4819400,382000,290,4,2,0,0,1,3,0,65,1,5,1,0,0
200700073135,7,11,20,2030,3,1,1,5,6,280,4826600,433000,290,3,2,2,0,1,1,0,72,2,0,3,0,0
200700073138,7,11,24,1330,1,1,2,1,3,229,4778000,228500,560,4,2,0,0,1,1,0,40,1,0,1,0,0
200700073139,7,11,8,1030,1,1,1,1,1,212,4754700,219600,560,3,2,2,0,2,3,0,60,1,0,3,0,1
200700073140,7,11,10,1930,3,1,1,1,1,126,4754100,235900,560,3,2,2,0,1,1,0,67,1,0,1,0,0
200700073141,7,11,17,1900,3,1,1,1,2,58,4748700,236100,560,3,2,2,0,2,1,0,60,1,0,1,0,0
200700073142,7,11,23,1730,2,1,1,1,2,153,4759400,237400,560,3,2,2,0,2,3,0,69,1,0,1,0,0
200700073143,7,11,25,1600,1,1,1,1,6,143,4757000,258200,560,3,2,2,0,2,2,70,0,1,0,3,0,0
200700073144,7,11,10,2130,5,2,1,1,7,7,4767200,297900,560,9,2,2,0,2,1,0,0,1,0,1,0,0
200700073145,7,11,18,1845,3,2,1,2,2,7,4766900,300000,560,3,2,2,0,2,1,0,66,2,0,1,0,0
200700073147,7,11,17,1245,1,1,1,1,1,40,4789900,333900,560,3,2,0,0,2,1,0,71,1,0,1,0,1
200700073149,7,11,21,1330,1,2,1,1,1,124,4781400,238700,560,3,2,2,0,1,0,107,0,1,0,1,0,0
200700073152,7,11,10,1400,1,2,1,1,1,73,4807200,319700,560,3,2,2,0,3,3,0,60,0,0,1,0,0
200700073153,7,11,27,1800,5,1,1,8,6,178,4806200,296400,560,3,2,2,0,4,1,0,70,2,0,1,0,0
200700073154,7,11,2,1130,1,1,1,1,3,10,4787200,305500,560,3,2,2,0,1,1,62,0,1,0,1,0,0
200700073155,7,11,13,1645,1,1,1,1,3,173,4795900,297900,560,4,2,2,0,2,2,0,46,1,0,1,0,0
200700073156,7,11,13,1930,5,2,3,2,3,66,4933300,43300,140,3,2,0,0,1,3,0,0,2,5,1,0,0
200700073158,7,11,7,1615,1,2,2,1,1,486,4899100,22400,140,4,2,2,0,2,1,0,62,1,0,1,0,0
200700073159,7,11,30,800,2,1,1,8,6,475,4912600,56500,140,3,3,2,0,1,1,0,63,2,0,1,0,0
200700073160,7,11,19,730,2,1,1,8,6,530,4921200,28200,140,3,2,0,0,1,2,0,0,7,0,3,0,1
200700073162,7,11,24,15,3,1,1,1,7,312,4937600,106000,140,3,2,0,0,1,1,0,61,1,0,1,0,0
200700073163,7,11,18,400,5,1,1,1,6,481,4928100,105400,140,3,2,2,0,1,1,0,60,1,0,3,0,0
200700073165,7,11,2,830,1,1,1,1,1,387,4910100,8200,140,4,2,2,0,2,4,0,28,1,0,1,0,0
200700073166,7,11,8,2145,3,1,1,1,1,193,4913200,32600,140,3,2,2,0,0,3,0,55,2,0,1,0,1
200700073167,7,11,12,830,1,2,1,1,6,478,4902800,41000,140,4,1,1,0,2,2,0,0,1,0,1,0,0
200700073168,7,11,13,1500,1,2,1,1,1,576,4895700,18900,140,3,2,0,0,1,1,0,0,1,0,1,0,1
200700073169,7,11,23,1915,3,1,2,2,3,504,4921200,34000,140,3,2,2,0,1,1,0,75,2,0,1,0,1
200700073171,7,11,4,1630,1,1,6,1,3,411,4870800,133600,500,9,1,2,0,1,3,0,70,1,3,1,0,0
200700073177,7,11,3,2000,3,1,1,1,3,124,4867500,115800,500,3,2,2,0,4,1,0,59,1,0,1,0,0
200700073178,7,11,10,1900,3,1,1,1,6,607,4877800,123600,500,3,2,0,0,1,1,45,0,1,0,1,0,0
200700073182,7,11,3,1945,3,1,1,1,5,369,4949500,155900,500,3,2,0,0,1,1,0,0,1,0,1,0,0
200700073183,7,11,19,1345,1,1,1,1,1,270,4948700,147200,500,3,2,2,0,1,1,70,0,1,0,1,0,1
200700073184,7,11,26,845,1,1,1,1,7,615,4952000,149800,500,9,2,2,0,1,3,0,50,1,0,1,0,0
200700073185,7,11,5,1100,3,1,1,1,1,3,4905800,160200,500,3,2,0,0,1,3,0,73,1,0,1,0,0
200700073187,7,11,25,515,3,2,1,1,7,506,4908200,153200,500,3,2,0,0,1,3,0,0,1,0,3,0,0
200700073190,7,11,3,1230,1,2,2,1,3,165,4841900,3200,610,3,2,2,0,1,1,0,61,1,0,1,0,0
200700073192,7,11,7,1645,1,2,2,1,3,508,4894000,20000,610,3,2,2,0,3,3,0,0,1,0,1,0,0
200700073193,7,11,30,1630,1,1,1,1,1,9,4878800,5200,610,3,2,2,0,3,3,0,58,1,0,1,0,1
200700073194,7,11,14,1230,1,2,9,2,3,310,4871100,22100,610,3,2,2,0,1,1,0,71,2,0,1,0,0
200700073196,7,11,9,1330,1,2,1,1,6,168,4859100,36100,610,3,2,2,0,2,1,0,83,1,6,1,3,0
200700073197,7,11,9,1730,2,1,1,1,3,211,4854600,49200,610,3,2,2,0,2,1,0,73,1,0,1,0,0
200700073200,7,11,8,1730,2,1,1,1,6,327,4843100,43700,610,3,2,2,0,1,1,0,60,2,0,1,0,1
200700073206,7,11,21,2100,3,1,1,1,1,173,4707600,138200,440,3,2,2,0,2,4,0,60,2,0,1,0,0
200700073209,7,11,3,1730,1,2,1,1,6,3,4738200,118400,440,4,2,2,0,1,1,60,0,1,0,1,0,0
200700073212,7,11,24,930,1,1,1,1,2,213,4740600,102400,440,3,2,2,0,0,1,0,0,1,0,1,0,0
200700073215,7,11,3,1430,1,2,1,1,6,36,4772300,137000,440,9,2,0,0,0,1,0,70,1,0,1,0,0
200700073216,7,11,15,845,1,1,1,1,5,54,4768700,138000,440,3,2,2,0,0,1,0,0,1,0,1,0,0
200700073217,7,11,9,1430,1,1,1,1,1,23,4739600,188000,440,2,2,0,0,1,1,0,60,1,0,1,0,0
200700073218,7,11,27,730,3,1,1,2,5,185,4762800,204500,440,3,2,2,0,1,2,0,72,2,0,1,0,0
200700073219,7,11,2,2015,3,1,1,1,5,205,4748100,142000,440,3,2,2,0,0,1,0,0,1,0,1,0,0
200700073220,7,11,5,800,1,1,1,8,1,205,4744200,142000,440,3,2,0,0,4,1,0,51,1,0,1,0,0
200700073221,7,11,29,930,1,1,1,2,6,179,4735400,142000,440,3,2,2,0,2,4,60,0,2,0,3,0,0
200700073222,7,11,9,945,1,1,1,1,6,120,4721100,179400,440,3,2,2,0,1,0,0,0,1,0,3,0,0
200700073223,7,11,3,1800,5,2,1,1,1,154,4723900,214500,440,3,2,2,0,0,1,0,62,1,0,1,0,0
200700073224,7,11,10,1830,3,1,1,1,3,154,4725000,215000,440,3,2,0,3,1,1,20,117,1,5,1,0,1
200700073225,7,11,16,1815,3,1,1,1,1,192,4726000,196000,440,3,2,2,0,0,0,0,70,1,0,1,0,0
200700073226,7,11,10,915,1,1,1,1,3,220,4720400,186000,440,3,2,2,0,1,1,68,0,1,0,1,0,1
200700073227,7,11,26,1800,2,1,1,1,6,87,4700100,186300,440,4,2,2,0,2,1,32,0,0,0,3,0,0
200700073235,7,11,13,1730,2,1,1,2,6,158,4726500,177900,440,4,2,2,0,1,2,0,0,2,0,3,0,0
200700073239,7,11,11,1500,1,1,1,1,1,201,4740600,28500,490,3,2,0,0,0,1,0,0,1,0,1,0,1
200700073241,7,11,6,1215,1,1,3,7,3,265,4728300,68000,490,3,2,2,0,1,1,0,42,1,0,1,0,0
200700073242,7,11,15,1815,3,1,1,1,1,306,4744300,70200,490,4,2,2,0,1,2,0,69,1,0,1,0,0
200700073243,7,11,20,1700,5,2,1,3,6,39,4731500,83700,490,3,2,2,0,1,2,0,70,2,0,1,0,1
200700073244,7,11,4,745,2,1,1,1,6,110,4756100,37900,490,3,2,3,0,1,1,0,100,1,0,3,0,0
200700073245,7,11,19,600,3,1,1,9,6,23,4720600,91700,490,3,2,2,0,1,4,0,0,7,2,3,0,0
200700073246,7,11,10,2345,3,1,1,1,6,301,4715100,97300,490,3,2,2,0,2,2,0,59,1,0,3,0,0
200700073247,7,11,17,1745,1,1,1,1,3,27,4714900,95200,490,3,2,2,0,1,1,0,65,1,0,1,0,0
200700073248,7,11,21,800,2,1,1,1,3,179,4702700,105400,490,3,2,2,0,1,1,0,72,2,0,1,0,0
200700073249,7,11,24,1215,1,1,1,1,7,343,4700500,82000,490,3,2,2,0,2,3,0,52,1,0,3,0,0
200700073250,7,11,20,1800,3,1,1,2,3,177,4734400,113900,490,3,2,0,0,1,2,0,60,2,0,1,0,0
200700073251,7,11,25,1045,1,1,1,1,6,296,4727400,119800,490,3,2,2,0,1,1,0,70,1,0,1,0,0
200700073256,7,11,15,1830,3,1,1,1,2,30,4736400,8800,490,3,2,2,0,1,1,0,76,1,0,1,0,0
200700073257,7,11,22,1245,1,1,1,1,6,2,4730700,1500,490,3,2,0,0,1,3,30,77,1,0,3,0,0
200700073258,7,11,21,1400,1,1,2,1,4,361,4723200,5000,490,3,2,0,0,3,1,64,0,1,5,1,0,0
200700073261,7,11,11,2200,5,2,1,1,7,136,4773700,84400,490,3,2,2,0,1,2,0,35,1,0,1,0,0
200700073263,7,11,4,1645,1,1,1,1,1,271,4754800,73400,490,3,2,2,0,0,2,0,60,1,0,1,0,0
200700073264,7,11,9,1415,1,1,1,1,2,330,4765400,61900,490,3,2,2,0,0,1,0,62,1,0,1,0,0
200700073265,7,11,30,945,1,2,1,1,1,26,4750500,80100,490,3,2,2,0,1,1,0,60,1,0,1,0,0
200700073266,7,11,1,715,2,1,1,1,7,347,4764600,43000,490,3,2,2,0,0,1,0,65,1,0,3,0,0
200700073267,7,11,21,530,5,2,1,5,6,48,4759300,49000,490,3,2,2,0,1,2,0,0,2,0,4,0,1
200700073268,7,11,6,1715,1,1,9,1,3,262,4806000,55200,530,3,2,0,0,1,1,0,75,1,0,1,0,0
200700073269,7,11,10,330,3,1,1,1,6,152,4796100,56600,530,3,2,2,0,1,1,0,71,1,0,1,0,0
200700073273,7,11,11,1315,1,1,1,1,1,200,4789400,17100,720,4,2,0,0,1,3,0,50,1,0,1,0,0
200700073277,7,11,22,1800,3,1,1,1,6,329,4809100,29600,720,3,2,0,0,1,1,0,53,1,0,1,0,0
200700073280,7,11,18,1500,1,1,1,8,6,376,4786300,48500,720,3,2,0,0,1,4,0,50,1,0,3,0,0
200700073281,7,11,4,700,2,1,1,1,7,378,4782100,23300,720,3,2,2,0,0,2,0,43,1,0,1,0,1
200700073282,7,11,16,1800,3,1,1,1,3,61,4773300,23900,720,3,2,0,0,0,3,0,66,1,0,1,0,0
200700073283,7,11,26,715,2,2,1,1,6,16,4790800,35100,720,3,2,0,0,0,3,0,44,1,0,0,0,0
200700073284,7,11,14,1300,1,1,1,1,3,383,4807600,53500,720,3,2,2,0,2,1,0,45,1,0,1,0,0
200700073285,7,11,6,945,1,1,1,1,6,89,4673100,135600,850,3,2,2,0,1,3,0,0,1,0,3,0,0
200700073286,7,11,17,2300,3,1,1,1,6,17,4690200,109300,850,3,2,2,0,1,1,0,58,1,0,3,0,0
200700073288,7,11,26,700,3,1,1,5,3,262,4698500,149600,850,3,2,0,0,1,1,0,56,2,0,1,0,0
200700073289,7,11,22,1715,2,1,1,8,1,146,4698800,131800,850,3,2,2,0,1,1,0,0,1,0,1,0,0
200700073291,7,11,14,1345,1,1,1,1,1,15,4683600,151600,850,3,2,0,0,1,1,0,0,1,0,1,0,0
200700073292,7,11,20,830,2,1,1,8,1,19,4677600,140800,850,3,2,2,0,1,3,0,60,2,0,1,0,0
200700073294,7,11,4,2030,5,2,1,1,2,92,4647000,80300,850,3,2,0,0,1,1,0,90,1,0,1,0,0
200700073295,7,11,30,1730,2,1,1,8,1,92,4645400,79000,850,4,2,2,0,2,2,0,52,8,0,1,0,0
200700073296,7,11,18,45,5,2,1,1,7,143,4652600,75100,850,3,2,2,0,2,2,0,65,1,0,3,0,1
200700073297,7,11,17,2000,3,1,1,1,7,159,4647700,104500,850,3,2,2,0,1,1,0,65,1,0,3,0,1
200700073298,7,11,1,400,3,1,1,1,6,95,4686200,176100,850,3,2,2,0,1,1,0,56,1,0,3,0,0
200700073300,7,11,18,1200,1,1,1,2,1,298,4659200,176100,850,3,2,0,0,1,1,0,0,2,0,1,0,0
200700073303,7,11,30,1945,3,1,1,1,6,88,4670700,189600,850,4,2,0,0,3,1,0,53,0,0,3,0,1
200700073304,7,11,26,715,5,2,6,1,1,234,4678800,206500,850,9,2,0,0,4,1,0,0,1,5,1,0,0
200700073306,7,11,11,1530,1,1,1,1,1,200,4651800,148400,850,4,2,0,0,3,1,0,0,1,5,1,0,0
200700073308,7,11,13,1715,1,2,1,1,2,273,4484600,78200,330,4,2,2,0,1,1,0,0,1,0,1,0,0
200700073313,7,11,15,615,3,1,1,1,5,374,4524800,56900,330,3,2,2,0,1,1,69,69,2,0,1,0,0
200700073314,7,11,17,430,3,1,1,1,6,389,4518600,56300,330,3,2,0,0,1,2,0,78,1,0,0,0,0
200700073315,7,11,21,1145,1,1,1,1,3,351,4525900,52300,330,3,2,0,0,1,1,0,54,1,0,1,0,0
200700073316,7,11,7,1230,1,2,3,1,3,3,4493600,50300,330,4,2,0,0,1,1,0,60,1,0,1,0,0
200700073317,7,11,11,1430,1,2,1,1,1,433,4492000,42500,330,4,2,2,0,1,1,0,65,1,0,1,0,0
200700073318,7,11,20,1715,2,2,1,8,6,3,4493000,48800,330,4,2,2,0,1,1,0,70,2,0,1,0,0
200700073319,7,11,21,800,1,1,1,5,1,435,4457100,23200,330,3,2,2,0,1,1,0,85,2,0,1,0,1
200700073320,7,11,26,745,2,1,3,8,3,543,4458700,26300,330,3,2,2,0,1,1,0,60,2,5,1,0,0
200700073321,7,11,2,2200,5,1,1,1,6,96,4492000,48400,330,1,3,0,0,1,1,0,200,1,3,1,0,0
200700073323,7,11,18,1645,1,2,1,1,6,454,4465600,50300,330,3,2,2,0,0,2,56,0,1,0,4,0,1
200700073324,7,11,28,1215,1,2,1,1,2,109,4468600,53000,330,3,2,2,1,1,1,56,0,1,0,1,3,0
200700073327,7,11,10,215,3,1,1,1,2,425,4505000,46000,330,3,2,2,0,1,1,0,0,1,0,1,0,0
200700073328,7,11,22,1545,1,2,1,1,6,321,4504600,42100,330,4,2,2,3,1,4,5,60,1,0,1,3,0
200700073329,7,11,2,1845,2,1,2,1,3,361,4478600,3600,330,3,2,2,0,1,1,0,53,1,0,0,0,0