Num_Acc,an,mois,jour,hrmn,lum,agg,int,atm,col,com,lat,long,dep,catr,circ,nbv,vosp,prof,plan,lartpc,larrout,surf,infra,situ,env1,killed
200700073330,7,11,9,1300,1,1,2,1,3,163,4475400,23800,330,3,2,2,0,1,1,0,62,1,0,1,0,0
200700073331,7,11,20,1400,1,1,1,2,6,514,4550800,108500,330,4,2,2,0,1,1,0,58,2,0,3,0,0
200700073332,7,11,25,500,3,1,1,1,3,348,4535300,98600,330,3,0,2,0,1,1,0,62,1,0,1,0,0
200700073334,7,11,30,1830,3,1,2,2,3,328,4492800,19700,330,3,2,1,0,1,3,62,0,2,0,1,0,0
200700073335,7,11,29,1615,1,1,1,1,1,401,4482700,8100,330,3,2,2,0,1,3,0,56,1,0,1,0,1
200700073340,7,11,15,1130,1,2,1,1,7,2,4529000,75800,240,3,2,2,0,2,2,0,54,1,0,1,0,0
200700073341,7,11,1,1600,1,1,1,1,3,372,4513200,55600,240,3,2,2,0,2,1,0,84,1,0,1,0,0
200700073342,7,11,2,1630,1,2,1,1,6,372,4514800,52900,240,4,2,2,0,1,2,0,89,1,6,1,3,0
200700073343,7,11,10,945,1,1,1,1,1,540,4531000,88900,240,3,2,2,0,1,1,0,46,1,0,1,0,1
200700073346,7,11,28,1230,1,1,1,1,1,289,4485500,9400,240,3,2,0,0,1,1,70,0,1,0,1,0,0
200700073347,7,11,11,1845,3,1,1,1,6,451,4550500,62900,240,3,2,0,0,1,1,0,48,1,0,3,0,0
200700073348,7,11,21,930,1,2,1,5,1,328,4562400,70300,240,3,2,1,0,1,1,0,64,2,5,1,0,0
200700073349,7,11,29,1345,1,1,1,2,6,320,4541800,120400,240,4,2,2,0,1,1,0,48,2,0,3,0,1
200700073350,7,11,15,300,5,1,1,1,6,59,4502800,37700,240,3,2,2,0,2,2,0,58,1,0,1,0,0
200700073356,7,11,2,1530,1,1,1,1,1,234,4396200,33400,400,3,2,2,0,2,3,0,75,1,0,1,0,0
200700073357,7,11,11,2045,3,1,1,1,6,283,4373300,99000,400,4,2,2,0,1,3,0,0,1,0,1,0,0
200700073359,7,11,8,1545,1,2,3,1,3,157,4403900,125900,400,4,2,2,0,1,1,0,55,1,0,1,0,0
200700073361,7,11,10,1045,1,1,1,1,6,77,4354900,107700,400,2,2,2,0,4,1,0,98,1,0,1,0,0
200700073362,7,11,22,2000,2,1,1,2,1,224,4356700,108700,400,3,2,1,0,1,1,0,70,2,0,1,0,0
200700073368,7,11,9,1800,2,1,1,1,5,137,4397500,28600,400,3,2,2,0,1,1,0,75,1,0,1,0,0
200700073370,7,11,13,2230,3,1,1,1,7,305,4420100,85400,470,3,2,2,0,1,1,0,54,1,0,1,0,0
200700073371,7,11,2,1945,3,2,1,1,7,157,4451200,16200,470,4,2,2,0,1,1,0,60,1,0,3,0,0
200700073372,7,11,20,500,3,1,1,1,1,326,4451100,22500,470,3,2,2,0,1,1,0,75,1,0,1,0,0
200700073373,7,11,27,1845,3,1,1,1,4,157,4451300,19900,470,3,2,2,0,1,1,0,70,2,0,1,0,0
200700073374,7,11,28,1915,5,2,1,1,1,301,4455200,30700,470,3,2,2,0,1,1,0,105,1,5,1,0,0
200700073378,7,11,18,1815,3,1,1,1,5,320,4431400,18900,470,3,2,2,0,3,1,0,30,1,0,1,0,0
200700073381,7,11,2,1530,1,1,1,1,3,219,4466200,77000,470,3,2,2,0,0,1,0,65,1,0,1,0,0
200700073383,7,11,4,1745,3,2,1,1,6,95,4340500,27500,640,4,2,1,0,2,1,0,30,1,0,3,0,0
200700073384,7,11,18,1445,2,2,1,1,6,419,4327700,21300,640,3,2,0,0,1,1,0,125,1,0,1,0,0
200700073386,7,11,8,1600,1,2,1,1,6,233,4356600,26900,640,4,2,0,0,1,1,0,0,9,0,1,3,1
200700073388,7,11,6,1200,1,1,1,1,6,256,4338400,129000,640,3,2,2,0,1,1,0,68,1,0,3,0,0
200700073390,7,11,23,1715,1,2,1,1,6,124,4327200,133200,640,3,2,2,0,1,1,0,70,1,0,1,0,0
200700073391,7,11,4,1800,2,1,1,1,6,64,4313000,60000,640,2,2,0,0,1,1,0,72,1,0,3,0,1
200700073397,7,11,16,1815,2,1,1,1,7,76,4664100,22000,860,3,2,2,0,4,1,0,76,1,0,1,0,0
200700073399,7,11,7,545,4,2,1,1,6,174,4676700,49500,860,3,2,2,0,1,1,37,38,1,0,1,0,1
200700073401,7,11,27,1145,1,1,1,1,6,9,4667800,65400,860,4,0,0,0,1,1,0,0,1,0,1,0,0
200700073403,7,11,3,1815,5,2,1,1,1,165,4642400,85900,860,3,2,2,0,1,3,12,63,1,0,1,0,1
200700073404,7,11,3,300,3,1,1,1,6,152,4613500,47000,860,3,2,2,0,1,1,0,68,1,0,3,0,0
200700073407,7,11,29,1500,1,1,1,8,1,202,4566500,18400,160,3,2,2,0,1,3,61,0,2,0,1,0,1
200700073410,7,11,2,1030,1,1,1,1,2,292,4601800,20300,160,3,2,0,0,0,1,0,61,1,0,1,0,0
200700073412,7,11,22,2030,3,1,1,1,1,146,4564600,27100,160,3,2,0,0,2,1,0,60,1,0,1,0,0
200700073413,7,11,21,800,2,1,1,1,1,142,4617300,107600,170,3,2,2,0,1,1,0,56,2,0,1,0,0
200700073414,7,11,24,1415,1,1,1,1,6,407,4621200,100600,170,4,2,2,0,1,1,0,35,1,0,1,0,0
200700073415,7,11,2,1715,1,2,1,1,6,94,4607000,108000,170,9,2,2,0,1,1,0,71,1,0,1,0,0
200700073418,7,11,27,1900,5,2,6,1,1,369,4620300,135700,170,3,0,0,0,1,0,0,0,0,5,1,0,0
200700073419,7,11,2,1600,1,1,1,1,6,258,4552200,39400,170,3,2,2,0,1,3,0,60,1,0,3,0,0
200700073425,7,11,23,1715,1,1,1,1,6,409,4567200,99300,170,3,2,2,0,2,1,0,54,1,0,3,0,0
200700073426,7,11,23,1615,1,1,1,1,6,409,4569400,99700,170,3,2,2,0,2,1,0,74,1,4,1,0,0
200700073430,7,11,3,2245,5,2,1,1,6,284,4583000,87800,170,3,2,2,0,1,2,0,61,1,0,4,0,1
200700073432,7,11,24,600,3,1,1,1,6,408,4583300,79700,170,3,2,2,0,1,1,0,74,1,0,1,0,1
200700073433,7,11,23,1730,3,1,1,1,1,469,4558500,55300,170,3,2,0,0,0,1,0,55,2,0,1,0,0
200700073435,7,11,16,1300,1,1,1,1,6,97,4565000,88900,170,3,2,0,0,1,2,0,50,1,0,3,0,0
200700073436,7,11,29,1630,1,1,1,8,4,228,4564000,97300,170,2,2,2,0,2,1,0,70,2,0,1,0,0
200700073439,7,11,13,1800,2,1,1,1,3,24,4604000,34500,170,3,2,2,0,1,1,48,103,1,5,1,0,0
200700073443,7,11,14,1415,1,1,1,1,1,216,4626100,33900,790,3,2,2,0,1,1,0,68,1,0,3,0,0
200700073446,7,11,9,1230,1,1,8,1,1,157,4701500,19700,790,4,2,2,0,1,4,0,51,1,4,1,0,1
200700073448,7,11,13,915,1,1,1,5,3,1,4580000,113000,870,2,2,2,0,1,3,0,71,1,0,1,0,1
200700073449,7,11,27,730,2,2,1,1,3,107,4592900,117300,870,3,2,0,0,2,1,0,61,1,0,1,0,0
200700073450,7,11,1,1115,1,1,1,1,1,190,4589500,155700,870,4,2,2,0,0,2,0,40,1,2,1,0,1
200700073451,7,11,3,1745,5,2,1,8,6,32,4566000,98300,870,2,2,2,0,0,1,0,80,2,0,1,0,0
200700073453,7,11,10,730,2,1,1,1,7,154,4590900,93100,870,2,3,4,3,1,3,5,140,1,3,3,0,0
200700073455,7,11,14,830,1,1,1,8,1,96,4522300,182200,190,3,2,0,0,0,1,0,68,2,0,1,0,0
200700073456,7,11,17,1215,1,1,1,1,1,38,4527100,171900,190,4,2,2,0,1,1,0,63,1,0,1,0,0
200700073457,7,11,9,1900,3,1,9,1,1,255,4536600,171100,190,3,2,2,0,1,1,0,76,1,3,1,0,0
200700073459,7,11,2,1345,1,1,1,1,1,150,4509500,159800,190,3,2,2,0,2,3,67,0,1,0,1,0,0
200700073460,7,11,17,2045,5,2,1,1,3,138,4506000,167600,190,4,2,2,0,1,1,0,64,1,0,1,0,0
200700073461,7,11,14,2045,3,1,1,4,7,160,4559500,196000,190,3,2,2,0,1,2,0,68,7,0,1,0,0
200700073462,7,11,10,2115,3,1,1,2,1,186,4609000,186400,230,3,2,2,0,2,1,0,73,2,0,1,0,0
200700073463,7,11,11,530,3,1,1,1,6,38,4642200,217700,230,3,2,0,0,0,2,0,0,1,0,3,0,0
200700073464,7,11,13,2230,3,1,1,3,5,247,4621900,172700,230,3,2,0,0,1,2,0,120,2,0,3,3,0
200700073465,7,11,16,1630,1,2,1,1,2,15,4636000,149000,230,3,2,0,0,2,1,0,60,1,0,1,0,1
200700073471,7,11,26,1515,5,2,3,1,3,424,4357200,129400,310,3,2,0,0,1,1,0,64,1,0,1,0,0
200700073472,7,11,27,430,3,1,1,1,1,458,4351600,137200,310,2,3,0,0,0,1,20,140,1,0,1,0,0
200700073476,7,11,15,800,1,2,1,1,6,488,4366800,150500,310,4,2,2,0,1,1,0,48,1,6,1,3,0
200700073477,7,11,5,1600,1,1,4,1,1,395,4346200,129400,310,3,2,2,0,1,2,0,60,1,0,1,0,0
200700073478,7,11,9,1430,1,2,1,1,3,33,4335900,146800,310,2,2,0,0,1,1,0,75,1,0,1,0,1
200700073479,7,11,3,1715,1,1,1,1,1,474,4320100,110400,310,3,2,2,0,2,3,0,53,1,0,1,0,1
200700073480,7,11,10,1815,3,1,1,1,6,187,4355100,125300,310,3,2,2,0,1,1,0,102,1,0,0,0,1
200700073485,7,11,7,1015,1,2,1,1,6,42,4279900,59500,310,9,2,2,0,1,3,0,80,1,0,1,0,0
200700073486,7,11,25,600,5,2,1,1,6,470,4281000,54600,310,3,2,2,0,2,1,0,50,1,0,1,0,0
200700073488,7,11,17,945,1,1,1,1,3,374,4342100,164000,310,3,2,0,0,1,1,0,55,1,5,1,0,0
200700073489,7,11,19,1930,5,2,1,6,3,100,4329000,163000,310,3,2,2,0,1,1,0,70,1,0,1,0,0
200700073490,7,11,23,1815,3,1,1,1,1,495,4340800,157300,310,3,2,2,3,3,1,0,113,1,5,1,0,0
200700073491,7,11,25,1815,3,1,1,1,6,100,4328000,164300,310,3,2,0,0,1,2,57,0,1,0,1,0,0
200700073492,7,11,17,645,2,1,2,1,1,573,4366800,170300,310,3,2,2,0,0,1,0,68,1,0,1,0,1
200700073493,7,11,23,245,3,1,1,2,3,55,4347200,176900,310,3,2,0,0,2,1,0,64,2,0,1,0,0
200700073496,7,11,19,1815,5,2,1,1,3,371,4348500,191600,310,3,2,2,0,2,1,0,0,1,0,1,0,0
200700073497,7,11,21,1230,1,1,1,1,1,66,4296100,154100,90,3,2,0,0,2,2,0,51,1,0,1,0,0
200700073498,7,11,23,1545,1,1,1,1,6,300,4294200,170700,90,4,2,2,0,2,1,0,32,1,0,3,0,0
200700073499,7,11,12,1715,1,1,1,1,3,336,4292000,181000,90,3,2,2,0,2,3,0,70,1,0,1,0,0
200700073502,7,11,1,1245,1,2,1,1,3,261,4298900,114200,90,4,2,0,0,1,1,0,82,1,0,1,0,0
200700073504,7,11,11,1845,3,1,1,5,6,119,4472500,287000,120,3,2,2,0,4,2,0,71,1,0,3,0,0
200700073507,7,11,24,315,5,2,1,8,6,208,4395700,289700,120,3,2,2,0,1,1,0,65,1,0,1,0,1
200700073508,7,11,17,1230,1,1,1,1,3,44,4381000,286000,120,3,2,2,0,2,1,0,53,1,0,1,0,0
200700073509,7,11,12,1745,2,1,1,1,5,136,4443500,210900,120,3,2,2,0,1,1,0,55,1,0,1,0,1
200700073510,7,11,26,2015,5,2,1,1,3,160,4361800,108100,320,3,2,2,0,1,1,0,65,1,0,1,0,0
200700073511,7,11,1,215,3,1,1,5,6,5,4375300,6300,320,3,2,2,0,2,4,0,70,2,0,3,0,0
200700073512,7,11,24,1800,3,1,1,1,6,338,4380800,20900,320,3,2,2,0,2,1,0,70,1,0,3,0,1
200700073514,7,11,25,1830,3,1,1,2,7,287,4425300,144900,460,3,2,2,0,1,1,0,52,2,0,0,0,0
200700073515,7,11,18,1915,3,1,1,1,1,1,4449000,123500,460,3,2,2,0,1,4,0,50,1,0,1,0,1
200700073516,7,11,14,1045,1,1,1,2,3,175,4461000,195800,460,3,2,2,0,2,1,0,60,2,0,1,0,1
200700073517,7,11,21,30,3,1,1,6,6,155,4447600,177100,460,3,2,2,0,1,1,0,0,1,0,1,0,0
200700073518,7,11,27,1215,1,2,1,1,2,127,4473900,138000,460,3,2,0,0,0,1,0,70,1,0,1,0,0
200700073519,7,11,23,1945,3,1,1,1,1,165,4482900,179500,460,3,2,1,0,3,1,0,60,2,0,1,0,1
200700073520,7,11,27,1530,1,1,1,1,1,159,4308700,41200,650,3,2,0,0,1,1,0,74,1,0,1,0,0
200700073521,7,11,26,1700,2,1,1,1,1,180,4416200,211100,810,3,2,2,0,2,1,0,45,1,0,1,0,0
200700073522,7,11,19,1800,3,1,1,1,6,173,4362100,172300,810,3,2,2,0,1,1,0,74,1,0,1,0,1
200700073523,7,11,17,1445,1,1,1,1,7,90,4386000,207000,810,3,2,2,0,1,1,0,56,1,0,1,0,0
200700073525,7,11,24,845,1,1,1,2,6,49,4346800,208300,810,3,2,1,0,0,1,0,64,2,0,3,0,1
200700073527,7,11,30,1800,3,1,1,1,5,39,4410500,146200,820,3,2,3,0,1,1,0,105,1,0,1,0,1
200700073528,7,11,26,830,1,1,1,1,5,134,4407500,150800,820,3,2,2,0,1,2,0,55,1,0,1,0,0
200700073529,7,11,30,900,1,1,1,7,1,55,4391800,95200,820,3,2,2,0,2,2,0,64,1,0,1,0,0
200700073531,7,11,3,2200,3,1,1,1,1,96,4403400,123000,820,3,2,2,0,0,1,0,70,1,0,1,0,0
200700073532,7,11,9,1845,3,2,1,1,3,112,4410800,110500,820,4,2,2,0,1,1,0,50,2,0,1,0,0
200700073533,7,11,17,2015,3,1,1,1,6,96,4402800,125200,820,3,2,2,0,1,3,0,78,1,0,1,0,1
200700073534,7,11,21,800,2,1,1,2,3,99,4411400,118000,820,3,2,2,0,1,1,0,46,2,0,1,0,0
200700073535,7,11,23,2100,3,1,1,8,2,96,4403000,124600,820,3,2,0,0,1,1,0,73,1,0,1,0,0
200700073536,7,11,20,1915,1,2,1,8,1,76,4584200,471800,690,4,2,1,0,1,1,0,50,1,0,1,0,0
200700073548,7,11,7,1630,1,2,1,1,6,9,4594000,471800,690,3,2,2,0,1,1,0,91,1,0,1,0,0
200700073549,7,11,20,1530,1,1,2,1,3,106,4593100,465800,690,3,2,2,0,1,1,0,60,1,5,1,0,0
200700073550,7,11,19,1230,1,1,1,2,3,108,4617700,474700,690,3,2,2,0,1,1,0,0,2,5,1,0,0
200700073561,7,11,1,1600,1,2,1,1,6,450,4593400,523100,10,3,2,2,0,2,1,0,70,1,0,1,0,0
200700073563,7,11,11,445,3,1,1,3,6,32,4586800,514400,10,3,2,2,0,1,1,0,80,2,2,1,0,0
200700073564,7,11,21,1815,3,1,1,1,3,290,4586000,518500,10,3,2,2,0,1,1,0,68,2,5,1,0,0
200700073565,7,11,16,1930,3,1,1,9,6,83,4604800,481700,10,3,2,0,0,0,1,0,0,1,0,0,0,0
200700073567,7,11,30,630,2,1,1,2,1,362,4597500,490000,10,3,2,0,0,0,1,0,0,2,0,1,0,0
200700073568,7,11,26,1700,2,1,1,1,1,443,4600600,505600,10,4,2,2,0,2,2,0,49,1,0,3,0,0
200700073569,7,11,13,1430,1,1,1,1,3,343,4454700,435400,70,3,2,2,0,2,1,0,117,1,5,1,0,0
200700073573,7,11,13,1015,1,2,1,1,1,319,4455200,466500,70,4,2,1,0,2,1,0,52,1,0,1,0,0
200700073576,7,11,23,1930,3,1,1,1,1,58,4456100,428900,70,3,2,2,0,1,1,0,52,1,0,1,0,1
200700073578,7,11,25,1430,1,1,1,1,6,291,4436700,446800,70,3,0,2,0,0,3,0,60,1,0,1,0,0
200700073580,7,11,1,1630,1,1,1,1,7,217,4506200,476900,70,3,2,2,0,2,3,0,69,1,0,3,0,1
200700073582,7,11,28,745,2,1,1,9,1,172,4529100,473400,70,3,2,2,0,2,4,0,75,7,0,1,0,0
200700073583,7,11,13,1930,5,2,1,2,1,309,4515500,461600,70,3,2,2,0,1,0,0,56,2,0,1,0,0
200700073584,7,11,28,2030,3,1,1,1,3,78,4459200,495700,260,3,2,0,0,1,3,0,59,1,0,1,0,0
200700073585,7,11,18,1930,5,2,2,1,3,124,4484200,489600,260,4,2,2,0,2,1,0,52,1,0,1,0,0
200700073587,7,11,3,1600,1,1,1,1,6,299,4476700,530900,260,3,2,2,0,1,2,0,74,1,0,1,0,0
200700073588,7,11,16,1345,1,1,1,1,3,113,4474500,538700,260,3,2,2,0,0,1,0,63,1,0,0,0,0
200700073589,7,11,26,1600,1,1,1,1,7,262,4466200,541100,260,3,2,0,0,1,1,0,62,1,0,1,0,0
200700073590,7,11,10,1145,1,1,1,1,7,168,4465200,570300,260,3,2,2,0,1,1,0,0,7,0,3,0,0
200700073596,7,11,22,830,1,1,1,2,3,73,4442700,487900,260,3,2,2,0,2,4,0,60,2,0,1,0,0
200700073597,7,11,9,1700,2,1,1,2,1,194,4520000,504600,260,3,2,2,0,2,3,69,0,2,0,1,0,0
200700073599,7,11,13,845,1,1,1,1,3,379,4505800,496900,260,3,2,0,0,1,1,0,70,1,0,1,0,0
200700073600,7,11,25,730,2,1,1,1,6,323,4507800,515200,260,3,2,2,0,0,1,0,70,1,0,3,0,0
200700073603,7,11,28,1345,1,2,9,1,1,158,4515300,575400,380,3,2,2,0,2,1,0,0,1,0,1,3,0
200700073608,7,11,26,1800,3,1,1,1,2,226,4483300,576900,380,3,2,2,0,2,1,0,60,1,0,1,0,0
200700073609,7,11,9,1600,1,2,1,1,6,416,4516100,531500,380,9,2,0,0,1,1,55,0,1,0,1,0,1
200700073610,7,11,23,1030,3,1,1,1,1,133,4536800,560400,380,3,2,0,0,2,1,0,0,1,0,1,0,0
200700073612,7,11,3,1700,1,2,1,1,2,517,4530700,548900,380,3,2,2,0,1,2,0,75,1,0,1,3,0
200700073613,7,11,16,430,5,2,1,1,3,156,4554400,531100,380,3,2,2,0,4,3,0,65,1,0,1,0,0
200700073614,7,11,16,1930,3,2,1,1,3,348,4559700,535300,380,3,3,2,0,1,1,0,70,1,0,1,0,0
200700073615,7,11,29,1645,1,2,1,1,2,276,4556500,530500,380,3,2,2,0,1,1,0,60,1,0,1,0,0
200700073620,7,11,11,1330,1,1,1,1,1,199,4549900,490900,380,3,2,0,0,1,1,0,55,2,5,1,0,0
200700073626,7,11,2,2330,3,1,1,1,6,556,4538500,484000,380,3,2,2,0,1,1,0,50,1,0,1,0,0
200700073627,7,11,22,1700,2,2,1,3,3,468,4534600,481800,380,4,2,2,0,0,1,0,0,2,0,1,0,0
200700073629,7,11,13,1815,5,2,1,1,6,311,4548700,439000,420,3,2,2,0,1,1,0,106,1,0,1,0,0
200700073633,7,11,13,1830,5,2,1,1,4,211,4553300,424600,420,3,2,2,0,1,1,0,60,1,0,1,0,0
200700073635,7,11,7,1445,1,1,1,1,6,245,4582700,384000,420,3,4,3,0,2,3,0,118,1,0,3,0,1
200700073637,7,11,18,1745,3,1,1,1,1,235,4537400,407100,420,3,2,2,0,1,1,0,61,2,0,1,0,0
200700073639,7,11,23,930,1,1,1,1,1,222,4562000,432700,420,3,2,0,0,2,2,0,70,2,0,1,0,0
200700073640,7,11,2,1630,1,1,1,1,3,201,4534900,465600,420,3,2,2,0,1,1,0,0,1,0,1,0,0
200700073643,7,11,15,1600,1,1,1,1,3,257,4620000,383000,420,2,2,3,3,2,3,0,112,1,0,1,0,1
200700073646,7,11,7,1730,2,1,1,8,2,286,4586900,584300,730,3,2,2,0,1,1,0,66,1,0,1,0,0
200700073647,7,11,15,1245,1,1,1,1,6,179,4563300,586200,730,3,2,2,0,1,3,0,76,1,0,3,0,0
200700073648,7,11,22,1745,5,1,1,1,4,68,4556300,619700,730,3,2,4,0,1,1,15,109,1,5,1,0,0
200700073654,7,11,6,2245,3,1,1,1,3,181,4549900,652000,730,4,2,0,0,1,1,0,68,1,0,3,0,0
200700073658,7,11,5,1800,5,1,1,1,6,280,4588600,632700,740,3,0,2,0,1,2,20,60,1,0,1,0,0
200700073660,7,11,8,1515,1,2,9,1,2,87,4613100,634000,740,2,2,2,0,2,1,0,83,1,0,1,0,0
200700073661,7,11,24,1830,5,2,1,2,6,81,4606600,657700,740,4,2,2,0,1,1,0,65,2,0,1,0,0
200700073663,7,11,17,1315,1,1,1,8,1,7,4607700,631600,740,3,2,2,0,1,1,0,101,1,0,1,0,1
200700073665,7,11,21,1730,5,2,1,2,6,224,4607000,631500,740,4,2,2,0,2,1,0,73,2,0,1,0,0
200700073670,7,11,8,1315,1,2,1,1,6,53,4628900,644200,740,4,2,0,0,1,1,0,40,1,0,1,0,0
200700073672,7,11,22,1230,1,1,1,8,1,226,4618800,637700,740,3,2,2,0,2,4,0,75,2,0,1,0,0
200700073673,7,11,30,1900,5,2,1,1,3,417,4583100,305200,630,4,2,0,0,0,1,0,54,1,0,1,0,0
200700073674,7,11,28,1615,1,1,1,1,1,273,4573700,323000,630,3,2,2,0,1,1,0,72,1,0,1,0,0
200700073676,7,11,11,545,5,2,1,1,6,425,4567600,312500,630,4,2,2,0,1,1,0,47,1,0,4,0,0
200700073677,7,11,20,1330,1,2,6,8,3,302,4570600,313800,630,3,1,0,0,1,2,0,50,1,5,1,0,0
200700073678,7,11,12,1,3,1,1,2,7,380,4557200,299100,630,3,2,2,0,2,3,0,42,2,0,3,0,0
200700073679,7,11,1,615,3,1,1,5,7,303,4544900,303800,630,3,2,2,0,1,3,0,45,2,0,3,0,0
200700073680,7,11,5,1645,1,1,1,1,3,338,4617800,285300,630,3,2,2,0,1,1,0,68,1,5,1,0,0
200700073681,7,11,8,1000,1,2,1,1,6,233,4618700,280600,630,3,2,2,0,2,2,0,61,1,0,1,0,1
200700073682,7,11,30,1345,1,1,1,1,1,471,4612700,280700,630,4,2,2,0,1,3,0,35,1,0,1,0,0
200700073683,7,11,19,845,1,1,1,1,6,430,4586600,351300,630,3,2,2,0,2,3,0,60,2,0,3,0,0
200700073684,7,11,19,2115,3,1,1,9,7,231,4587700,362900,630,9,2,3,0,2,2,0,0,8,3,3,0,0
200700073685,7,11,26,1830,3,1,1,1,5,430,4587800,348700,630,3,3,2,0,0,2,0,56,1,0,0,0,0
200700073686,7,11,8,1645,1,2,1,1,1,265,4588400,344200,630,3,0,2,0,1,1,0,63,1,0,1,0,0
200700073687,7,11,23,1200,1,2,1,1,6,125,4576200,354100,630,4,2,0,0,2,1,0,68,2,0,1,0,1
200700073688,7,11,8,1045,1,1,1,1,3,210,4592800,334000,630,3,2,2,0,1,1,0,130,1,0,1,0,0
200700073689,7,11,14,1930,3,1,1,9,1,291,4599200,348700,630,3,2,0,0,0,1,0,65,1,0,1,0,0
200700073691,7,11,28,730,3,1,1,5,1,86,4649100,385600,30,2,2,2,0,1,2,0,75,2,0,1,0,1
200700073692,7,11,5,600,3,1,1,5,6,160,4624200,339700,30,4,2,2,0,1,1,0,40,2,0,3,0,1
200700073693,7,11,8,1745,5,2,1,1,6,254,4631100,329500,30,3,4,0,0,1,1,0,53,1,0,1,0,0
200700073694,7,11,15,800,1,1,1,4,1,134,4635000,319600,30,3,2,2,0,1,1,0,63,5,0,1,0,1
200700073695,7,11,3,900,1,1,1,2,7,293,4664100,259800,30,3,2,2,0,2,4,0,98,2,0,1,0,0
200700073696,7,11,1,215,3,2,1,5,6,289,4637600,351700,30,3,2,2,0,1,3,0,80,1,0,3,0,0
200700073697,7,11,21,1730,5,2,1,3,3,138,4624700,362800,30,3,2,2,0,1,1,0,0,2,0,1,0,0
200700073698,7,11,2,1745,2,1,1,1,6,139,4598000,380000,30,3,2,0,0,1,2,0,68,1,0,3,0,0
200700073699,7,11,5,1700,1,1,1,1,1,140,4494900,241700,150,3,2,2,0,1,1,28,51,1,0,1,0,0
200700073700,7,11,27,1800,3,1,1,1,5,83,4498200,240800,150,3,2,2,0,1,2,0,75,1,0,1,0,0
200700073702,7,11,13,1800,3,1,1,1,4,119,4527200,319500,150,3,2,2,0,2,1,0,73,1,0,1,0,0
200700073703,7,11,1,1830,3,1,1,1,7,124,4509900,373700,430,3,2,2,0,2,1,0,60,1,0,1,0,0
200700073705,7,11,20,1130,1,2,1,6,6,18,4499200,374000,430,3,2,2,0,2,2,0,64,2,0,1,0,0
200700073706,7,11,4,1930,3,1,1,1,6,215,4480600,388700,430,2,2,3,0,2,3,35,124,1,0,1,0,0
200700073707,7,11,15,2230,3,1,1,4,7,111,4484700,386000,430,2,2,2,0,2,1,0,150,5,0,1,0,0
200700073708,7,11,24,715,2,1,1,5,1,39,4494500,384800,430,2,2,3,0,2,1,0,103,2,0,1,0,0
200700073710,7,11,21,1930,3,1,1,5,1,132,4511300,354200,430,3,2,0,0,0,0,0,67,2,0,1,0,1
200700073711,7,11,11,130,5,2,6,2,6,268,4514900,411500,430,3,2,0,0,2,1,0,65,2,5,1,0,0
200700073712,7,11,21,815,1,1,1,1,7,162,4524300,398300,430,3,2,0,0,2,1,0,66,1,0,1,0,0
200700073714,7,11,26,1730,5,2,1,1,6,224,4524500,423500,430,3,2,2,0,1,1,0,71,1,0,1,0,0
200700073715,7,11,15,845,1,1,1,4,3,141,4518900,432400,430,3,2,2,0,0,1,0,71,5,0,1,0,0
200700073718,7,11,10,1000,1,1,1,2,3,481,4922800,602500,570,3,2,2,0,2,3,0,57,2,0,1,0,0
200700073719,7,11,22,815,1,1,1,1,1,622,4918000,605000,570,3,2,2,0,2,1,0,80,2,0,1,0,0
200700073720,7,11,4,2000,5,2,1,1,3,443,4922200,612000,570,2,2,0,0,1,1,0,235,1,5,1,0,0
200700073721,7,11,20,1530,1,2,1,1,3,663,4924700,617300,570,3,2,2,0,1,1,110,0,1,5,1,0,1
200700073722,7,11,7,800,1,1,1,1,1,534,4907800,620700,570,3,3,2,0,1,1,30,82,1,3,1,0,0
200700073723,7,11,9,700,2,2,1,2,5,156,4906800,631200,570,3,2,2,0,0,1,0,60,2,0,1,0,0
200700073724,7,11,15,1600,1,1,1,1,1,655,4897700,629500,570,3,2,2,0,1,1,68,0,1,0,1,0,0
200700073725,7,11,13,445,3,1,1,1,3,482,4912100,627800,570,3,0,0,0,0,1,0,72,1,0,1,0,0
200700073726,7,11,26,1530,1,1,1,2,5,694,4915300,624800,570,3,2,2,0,3,1,10,0,2,5,1,0,0
200700073727,7,11,28,700,2,1,1,5,6,482,4912200,626200,570,3,2,2,0,2,1,0,0,1,5,1,0,1
200700073730,7,11,3,1445,5,1,1,1,6,159,4906600,657300,570,3,2,2,0,1,1,0,0,1,0,1,0,0
200700073731,7,11,18,1130,1,2,1,1,6,209,4904600,660000,570,4,0,2,0,2,1,0,60,1,0,1,0,0
200700073732,7,11,9,1315,1,2,1,8,6,337,4905800,684700,570,3,2,2,0,1,1,0,58,1,0,1,0,0
200700073733,7,11,20,1145,1,2,9,1,6,123,4916700,671900,570,3,2,0,0,1,1,0,0,1,0,1,0,0
200700073734,7,11,4,30,3,1,1,1,1,446,4887600,676700,570,3,2,2,0,2,1,0,64,1,0,1,0,0