Num_Acc,an,mois,jour,hrmn,lum,agg,int,atm,col,com,lat,long,dep,catr,circ,nbv,vosp,prof,plan,lartpc,larrout,surf,infra,situ,env1,killed
200700073735,7,11,17,1930,3,2,1,8,1,181,4886400,682200,570,3,2,2,0,0,3,0,88,2,0,1,0,0
200700073736,7,11,29,1830,5,2,1,1,6,177,4881700,672000,570,3,2,0,0,1,1,0,65,1,0,1,0,0
200700073737,7,11,16,1745,3,1,1,1,2,198,4899300,678000,570,3,2,2,0,1,1,0,0,1,5,1,0,0
200700073739,7,11,26,1730,3,1,1,2,6,321,4869200,705100,570,3,2,2,0,1,1,0,60,2,0,1,0,0
200700073740,7,11,24,930,1,2,1,1,6,233,4864300,698800,570,3,2,0,0,0,1,0,66,1,0,1,0,0
200700073742,7,11,7,1900,3,1,1,1,7,506,4887200,703500,570,3,2,2,0,1,1,0,60,2,0,3,0,0
200700073745,7,11,3,1800,3,1,1,1,1,361,4940300,638200,570,3,2,0,0,2,1,0,63,1,0,1,0,0
200700073746,7,11,24,1745,5,2,1,9,6,650,4944500,635600,570,3,2,2,0,4,1,0,0,1,5,1,0,0
200700073747,7,11,29,1700,3,2,1,2,6,576,4945000,633900,570,4,2,2,1,1,1,0,61,2,0,1,0,0
200700073748,7,11,27,800,1,1,1,1,6,683,4931800,615900,570,3,2,2,0,1,1,0,76,1,0,1,0,1
200700073751,7,11,22,1700,2,2,1,1,3,157,4884800,607000,540,3,2,0,0,1,1,0,108,1,0,1,0,0
200700073752,7,11,20,1800,5,2,1,2,1,397,4861200,610100,540,3,2,2,0,1,1,0,0,2,0,1,0,0
200700073754,7,11,9,900,1,2,1,1,7,597,4843500,616900,540,4,2,2,0,2,3,0,53,1,0,1,0,1
200700073755,7,11,15,2000,3,1,1,1,6,252,4847300,619500,540,3,2,2,0,1,3,0,70,2,0,3,0,0
200700073756,7,11,16,1930,3,1,1,1,6,62,4851900,621500,540,3,2,2,0,1,1,0,70,1,0,1,0,0
200700073767,7,11,18,215,3,1,1,1,6,424,4880000,491500,550,3,2,2,0,1,1,0,0,1,0,3,0,0
200700073770,7,11,18,100,3,1,1,9,6,79,4872500,510100,550,3,2,0,0,2,1,0,0,7,0,0,0,0
200700073771,7,11,24,1645,1,1,1,1,1,79,4873200,510400,550,3,2,2,0,4,1,0,70,1,0,1,0,0
200700073772,7,11,30,1815,5,1,1,8,6,288,4880000,553900,550,3,2,1,0,1,1,0,70,2,0,1,0,1
200700073773,7,11,28,915,1,1,1,5,2,27,4895900,550000,550,3,2,1,0,1,1,0,61,2,0,3,0,0
200700073774,7,11,30,2045,3,1,9,9,6,509,4957300,535500,550,3,2,2,0,2,1,0,72,2,0,3,0,0
200700073775,7,11,29,945,1,1,1,2,1,361,4917400,547000,550,3,2,2,0,2,1,0,54,7,0,1,0,0
200700073777,7,11,7,1800,5,1,1,2,6,78,4821500,672200,880,3,0,2,0,2,1,0,0,2,0,1,0,0
200700073778,7,11,19,1730,5,2,1,1,6,262,4819000,675600,880,3,2,0,0,1,1,0,75,1,0,1,0,0
200700073779,7,11,25,1645,2,1,1,8,4,203,4825700,658200,880,3,2,0,0,1,1,73,0,2,0,1,0,0
200700073780,7,11,9,1400,1,1,1,8,3,90,4837400,627900,880,3,2,2,0,0,1,0,42,1,0,1,0,0
200700073781,7,11,4,700,2,2,1,1,6,456,4809600,589300,880,3,2,2,0,2,1,0,0,1,0,1,0,1
200700073782,7,11,18,400,3,1,1,5,7,454,4825600,653100,880,3,2,2,0,1,3,0,0,1,0,1,0,0
200700073783,7,11,30,715,2,2,1,1,5,465,4825100,642000,880,4,2,0,0,1,1,0,40,1,0,1,0,0
200700073784,7,11,3,2215,3,1,1,2,7,344,4837800,561500,880,3,2,2,0,1,2,0,60,2,0,3,0,0
200700073787,7,11,10,445,4,1,1,1,6,440,4826700,586100,880,4,0,1,0,1,0,0,41,1,0,1,0,0
200700073788,7,11,24,1430,1,2,3,1,1,304,4830800,613500,880,4,2,2,0,2,1,0,68,1,0,1,0,0
200700073790,7,11,16,800,2,1,3,1,3,445,4824000,695200,880,3,2,2,0,0,1,78,113,1,0,0,0,0
200700073792,7,11,7,1530,1,1,2,8,1,398,4825500,677900,880,3,2,2,0,2,3,0,70,2,0,1,0,1
200700073793,7,11,7,1500,1,2,1,1,6,28,4837600,759500,670,3,2,2,0,0,3,0,82,1,0,1,0,0
200700073794,7,11,9,1730,5,2,1,1,3,130,4843200,765900,670,3,2,2,0,1,1,0,52,1,0,0,0,0
200700073795,7,11,28,1130,1,1,1,8,6,336,4844900,766700,670,3,2,2,1,1,1,0,0,1,0,3,0,0
200700073796,7,11,8,1945,5,2,1,2,3,313,4854400,746000,670,3,2,2,0,1,2,0,50,2,0,1,0,0
200700073797,7,11,5,2100,5,2,1,1,6,342,4855200,733100,670,4,2,2,0,0,3,0,50,1,0,1,0,0
200700073798,7,11,10,1000,1,2,1,4,1,424,4840800,716200,670,2,2,2,0,1,2,0,82,2,5,1,0,0
200700073801,7,11,21,1745,5,1,1,2,1,352,4885200,744800,670,3,2,2,0,1,1,62,0,2,5,1,0,0
200700073803,7,11,12,900,1,2,1,1,1,437,4874500,737200,670,3,2,2,0,1,1,0,68,1,0,1,0,0
200700073806,7,11,5,1530,1,1,1,1,7,278,4892900,718800,670,3,2,2,0,2,2,0,68,1,0,3,0,0
200700073808,7,11,22,800,3,2,1,8,7,434,4894700,708400,670,3,2,2,0,1,1,0,0,2,0,4,0,0
200700073810,7,11,24,1600,1,2,1,1,6,67,4873900,771400,670,6,0,0,0,0,1,0,0,1,0,1,0,0
200700073811,7,11,10,2045,3,1,1,2,7,107,4872000,756000,670,3,2,2,0,1,2,0,63,2,0,3,0,0
200700073813,7,11,11,545,5,2,1,8,6,150,4861400,756100,670,3,2,3,0,1,1,0,100,2,5,1,0,0
200700073815,7,11,15,1900,5,2,1,1,1,452,4866200,756700,670,3,2,0,0,1,1,60,60,1,0,1,0,0
200700073816,7,11,6,2200,3,1,1,1,1,445,4828400,743400,670,4,2,1,1,1,3,0,60,1,0,1,0,0
200700073820,7,11,3,1545,1,1,1,1,7,110,4890900,775600,670,3,2,2,1,1,2,0,70,1,0,1,0,0
200700073821,7,11,8,2045,3,2,1,2,7,331,4804600,742000,680,3,2,2,0,1,1,0,0,2,5,4,0,0
200700073823,7,11,9,1400,1,1,1,2,7,269,4820600,734200,680,3,2,2,0,3,3,0,0,2,0,1,0,0
200700073824,7,11,30,930,1,2,1,1,1,5,4813000,728600,680,3,2,0,0,1,1,0,0,1,5,1,0,0
200700073825,7,11,10,1715,2,1,1,2,3,78,4805200,732000,680,3,2,2,0,0,3,0,0,2,0,1,0,1
200700073826,7,11,19,1800,5,2,1,2,3,62,4761700,721700,680,3,2,2,0,1,3,0,70,2,5,1,0,0
200700073828,7,11,7,1100,1,1,1,1,7,74,4750300,724300,680,4,2,0,0,1,1,0,60,1,0,1,0,0
200700073829,7,11,9,1745,5,2,1,1,1,340,4755400,715800,680,3,2,0,0,1,2,0,64,1,0,1,0,0
200700073830,7,11,10,415,3,1,1,1,6,248,4750100,740500,680,3,2,2,0,1,2,0,0,1,0,3,0,0
200700073835,7,11,5,1600,3,2,1,1,2,70,4773000,730600,680,3,2,2,0,2,1,0,87,1,5,1,0,1
200700073837,7,11,3,600,3,1,1,1,6,253,4780100,752900,680,3,2,0,0,1,1,0,60,1,4,3,0,1
200700073838,7,11,15,1800,3,1,1,1,6,42,4762500,748900,680,3,2,2,0,1,4,0,62,1,0,3,0,0
200700073839,7,11,2,2015,5,2,1,1,1,63,4781400,718300,680,3,2,0,0,1,1,0,120,1,0,1,0,0
200700073840,7,11,9,2000,3,1,1,1,1,60,4774600,715400,680,3,3,4,0,1,1,18,148,1,0,1,0,0
200700073842,7,11,6,1645,2,1,1,1,6,617,4903900,431700,510,2,1,1,0,2,3,35,0,1,3,1,0,0
200700073843,7,11,6,1800,3,2,1,1,1,303,4901400,417700,510,3,2,2,0,1,1,0,75,1,0,1,0,0
200700073845,7,11,15,745,1,1,1,1,1,553,4920600,454300,510,3,2,2,0,3,1,0,80,7,0,3,0,0
200700073846,7,11,6,915,1,1,1,1,7,217,4909300,366700,510,3,2,0,0,1,0,0,62,1,2,1,0,0
200700073847,7,11,22,2300,3,1,1,5,7,298,4897900,373200,510,3,2,2,0,2,1,60,60,1,2,3,0,0
200700073848,7,11,5,815,1,1,4,1,3,237,4872500,353500,510,2,2,2,0,3,2,0,76,1,5,1,0,0
200700073849,7,11,18,2345,5,2,1,2,7,5,4876600,381300,510,3,2,2,0,1,2,0,60,2,0,1,0,0
200700073850,7,11,24,2230,5,2,1,1,6,237,4873700,356400,510,3,2,2,0,1,1,0,0,1,0,1,0,0
200700073851,7,11,25,1800,3,1,1,2,1,369,4873200,368700,510,3,2,2,0,4,1,0,73,2,0,1,3,0
200700073852,7,11,27,1800,3,1,3,1,3,237,4872900,356100,510,2,2,2,0,2,1,109,0,1,0,1,0,0
200700073854,7,11,5,15,3,1,1,1,6,488,4911200,398300,510,3,2,2,0,1,1,0,0,1,0,1,0,0
200700073855,7,11,13,815,1,2,1,1,3,210,4907000,396700,510,3,2,2,0,2,1,0,80,1,0,1,0,0
200700073859,7,11,10,1115,1,1,1,2,1,195,4876200,459000,510,2,2,2,0,1,1,0,0,2,0,1,0,1
200700073861,7,11,13,1800,5,2,9,2,6,507,4909500,488900,510,3,2,2,0,1,1,0,63,2,0,1,0,1
200700073862,7,11,14,830,5,2,1,2,6,507,4909600,490000,510,3,2,0,0,4,1,0,0,2,0,1,0,0
200700073865,7,11,29,800,2,1,1,8,1,222,5000600,473400,80,4,2,0,0,1,3,0,40,7,0,1,0,1
200700073866,7,11,3,945,3,1,1,2,1,343,4968000,507600,80,3,2,2,0,2,1,0,76,2,0,1,0,1
200700073867,7,11,5,1545,1,1,1,1,1,481,4969500,485100,80,3,2,2,0,1,1,0,86,1,5,1,0,1
200700073868,7,11,5,1715,2,1,1,1,6,263,4973800,479800,80,1,3,4,0,1,1,35,255,1,0,1,0,0
200700073869,7,11,29,145,3,1,1,2,2,194,4971200,489700,80,1,3,2,0,2,3,0,0,2,0,1,0,0
200700073870,7,11,16,1730,2,1,2,1,3,250,4940600,454200,80,3,2,0,0,3,1,0,70,1,0,1,0,0
200700073872,7,11,25,1230,1,1,1,1,1,196,4967000,442200,80,3,2,2,0,1,1,0,67,1,0,1,0,1
200700073875,7,11,23,1730,3,1,1,8,6,236,4846300,424200,100,3,2,2,0,1,3,0,48,2,0,3,0,0
200700073881,7,11,16,730,2,1,1,1,3,249,4824400,430800,100,3,2,2,0,4,1,0,74,1,0,1,0,0
200700073882,7,11,23,1745,5,2,1,2,6,12,4827300,464900,100,3,2,2,0,1,1,0,81,2,0,1,0,1
200700073883,7,11,4,1615,1,1,1,1,6,187,4807800,446000,100,3,2,2,0,1,2,0,60,1,0,1,0,0
200700073884,7,11,12,1545,1,1,1,1,2,261,4797800,448500,100,3,2,2,0,2,1,0,63,1,0,1,0,0
200700073885,7,11,24,1845,3,1,1,1,1,55,4814200,434600,100,3,2,2,0,0,1,0,61,1,0,1,0,1
200700073886,7,11,1,1030,1,1,1,1,6,339,4840000,380200,100,3,2,0,0,1,1,60,60,1,0,3,0,1
200700073888,7,11,15,1845,5,2,1,8,3,323,4852000,371500,100,4,2,0,0,1,1,0,87,1,5,1,0,1
200700073889,7,11,29,1730,5,2,1,1,1,323,4851300,372700,100,3,2,0,0,0,0,0,0,0,0,0,0,0
200700073890,7,11,19,1715,3,1,1,9,1,535,4810600,507800,520,4,2,2,0,1,3,0,56,2,0,1,0,0
200700073891,7,11,12,2345,3,1,1,1,6,256,4830000,550000,520,4,2,0,0,0,0,0,32,7,0,1,0,0
200700073892,7,11,16,1830,3,1,1,1,6,63,4818000,555000,520,3,2,2,0,0,1,0,68,1,0,1,0,1
200700073893,7,11,22,300,3,1,1,8,6,524,4827000,512300,520,2,2,2,0,1,1,0,75,2,0,1,0,1
200700073897,7,11,14,1215,1,2,1,1,6,60,4795500,573000,520,3,2,0,0,0,3,0,63,1,0,0,0,0
200700073898,7,11,6,715,2,2,1,1,2,405,4768600,529400,520,3,2,0,0,2,1,70,0,1,0,1,0,0
200700073900,7,11,28,1800,3,1,1,2,1,337,4845500,521500,520,3,2,2,0,1,2,0,68,2,0,1,0,0
200700073901,7,11,2,1615,1,1,1,8,7,331,4849800,478100,520,3,2,1,0,1,1,0,70,1,0,3,0,0
200700073903,7,11,19,630,3,1,1,2,7,94,4814500,291600,450,1,3,2,0,1,1,110,120,2,0,2,0,0
200700073904,7,11,30,1900,3,1,1,1,7,676,4745700,427400,210,1,1,0,0,1,1,30,70,1,0,3,0,0
200700073905,7,11,3,2000,3,1,1,1,2,292,4724700,520700,210,3,2,2,0,1,1,0,76,1,0,1,0,0
200700073906,7,11,16,830,1,1,1,1,1,106,4724100,510900,210,3,2,0,0,1,1,0,0,1,5,1,0,0
200700073907,7,11,5,1545,1,1,1,1,3,86,4665000,435000,210,3,2,2,0,1,3,0,48,1,0,1,0,0
200700073909,7,11,10,2300,3,1,1,3,7,154,4785900,458500,210,3,2,2,0,4,3,0,32,2,0,0,0,0
200700073910,7,11,13,1045,1,1,1,1,6,584,4730600,425000,210,3,2,2,0,2,2,0,49,1,0,3,0,0
200700073911,7,11,14,230,3,1,1,2,7,422,4736200,419600,210,3,2,2,0,1,1,0,0,1,0,3,0,0
200700073914,7,11,30,1545,1,2,1,1,6,104,4672000,335300,580,3,2,0,0,1,1,0,0,1,0,1,3,0
200700073916,7,11,22,1115,1,1,1,1,1,285,4706100,370900,580,3,2,2,0,1,1,0,75,1,0,1,0,1
200700073917,7,11,30,1400,1,1,1,1,1,221,4681100,377600,580,3,2,2,0,1,2,0,69,1,0,1,0,0
200700073918,7,11,4,1400,1,1,1,1,6,312,4743100,354800,580,3,2,2,0,2,2,0,0,1,0,3,0,1
200700073920,7,11,7,1730,2,2,1,1,3,64,4728600,322600,580,2,2,2,0,0,3,0,90,1,0,1,0,0
200700073921,7,11,14,1330,1,1,1,1,1,12,4751700,303000,580,3,2,0,0,2,1,0,65,1,0,1,0,0
200700073922,7,11,26,930,1,1,1,1,6,270,4749900,300500,580,3,2,2,0,2,1,0,65,2,0,3,0,0
200700073923,7,11,17,1830,3,1,1,1,3,583,4625000,478000,710,3,2,2,0,1,1,0,80,1,0,1,0,0
200700073924,7,11,23,1845,3,1,1,2,6,481,4620200,476500,710,2,2,0,0,1,1,0,132,2,0,3,0,0
200700073926,7,11,5,1630,1,1,1,1,7,170,4692800,482700,710,3,2,2,0,1,2,0,69,1,0,3,0,0
200700073927,7,11,22,1200,1,1,1,3,1,378,4687500,475200,710,2,2,2,0,0,2,26,60,2,0,1,0,0
200700073928,7,11,9,430,3,1,3,9,3,4,4680300,493400,710,2,2,2,0,3,1,0,70,2,5,1,0,0
200700073929,7,11,14,830,1,1,2,1,3,2,4676100,500900,710,2,2,2,0,4,1,0,100,2,5,1,0,0
200700073931,7,11,15,1715,2,2,1,1,1,120,4620700,434000,710,4,2,2,0,2,1,0,74,1,5,1,0,0
200700073932,7,11,5,1830,5,2,1,1,6,176,4648600,397300,710,3,2,4,0,1,1,7,134,1,5,1,0,0
200700073933,7,11,16,915,1,2,3,1,6,176,4649000,399000,710,4,2,0,0,0,1,0,0,1,0,1,0,0
200700073934,7,11,2,800,1,1,1,1,6,453,4624100,404100,710,3,2,2,0,1,3,0,76,1,0,3,0,0
200700073935,7,11,12,1715,2,2,6,1,3,342,4646300,411100,710,3,1,1,0,1,2,0,0,1,5,1,0,0
200700073936,7,11,23,1515,1,2,1,2,3,342,4645600,412100,710,9,1,1,0,1,1,0,49,2,0,1,0,0
200700073937,7,11,6,2000,3,1,1,1,1,340,4658000,420900,710,2,2,2,0,1,2,0,75,1,0,1,0,0
200700073940,7,11,14,745,1,2,1,2,6,161,4660100,398100,710,3,0,2,0,0,0,54,0,0,0,0,0,0
200700073943,7,11,22,600,5,2,1,3,6,365,4660000,509000,710,3,2,2,0,1,1,0,60,2,0,1,3,1
200700073945,7,11,11,1030,1,2,2,1,3,13,4787900,351800,890,3,2,2,0,1,1,0,0,1,5,1,0,0
200700073950,7,11,12,1600,1,1,1,1,3,201,4793700,366700,890,3,2,2,0,1,1,0,47,1,0,1,0,0
200700073956,7,11,25,1300,1,1,9,2,7,245,4811000,324000,890,5,0,0,0,3,4,0,0,6,0,0,0,0
200700073958,7,11,5,2300,3,1,1,1,6,391,4832600,324300,890,3,2,0,0,1,1,0,0,1,0,1,0,0
200700073960,7,11,22,1700,1,2,1,1,6,209,4817100,296400,890,3,2,2,0,1,1,0,0,1,0,1,0,0
200700073967,7,11,12,1200,1,1,1,1,7,244,4729300,677000,250,3,2,0,0,1,2,0,60,1,0,0,0,1
200700073968,7,11,23,2015,3,1,1,2,6,33,4739000,681100,250,3,2,2,0,2,3,0,60,2,0,0,0,0
200700073971,7,11,7,2015,3,1,1,1,6,442,4685100,633600,250,3,2,0,0,1,1,0,75,1,2,3,0,1
200700073972,7,11,14,1545,1,1,1,4,3,254,4685500,638000,250,3,2,2,0,2,2,0,60,5,0,1,0,0
200700073973,7,11,25,515,3,1,1,1,7,259,4686600,616900,250,3,2,0,0,1,3,0,70,1,0,3,0,0
200700073979,7,11,30,1630,1,2,9,1,6,13,4690600,577500,390,3,2,2,0,1,1,0,40,2,0,1,0,0
200700073980,7,11,1,2230,3,1,1,1,1,500,4696300,585200,390,3,2,0,0,1,2,0,67,1,0,1,0,0
200700073981,7,11,23,1915,5,2,1,1,6,500,4693700,588100,390,3,2,2,0,0,1,0,0,1,0,1,0,0
200700073983,7,11,23,1115,1,1,1,9,1,9,4788500,594700,700,3,2,2,0,4,1,0,71,2,0,1,0,0
200700073986,7,11,15,430,5,1,1,1,7,310,4769600,647400,700,3,3,0,0,0,1,80,2,1,0,3,0,0
200700073987,7,11,20,1530,1,1,1,1,3,46,4762400,643800,700,3,2,2,0,0,1,0,80,1,0,1,0,1
200700073990,7,11,4,545,3,1,1,1,6,94,4784000,645400,700,3,2,0,0,1,1,0,30,1,0,3,0,0
200700073991,7,11,18,545,3,1,1,5,6,155,4774900,638800,700,3,2,0,0,1,2,0,0,1,0,1,0,0
200700073992,7,11,8,1715,2,1,1,2,6,53,4751500,589400,700,3,2,2,0,1,1,0,35,2,0,1,0,0
200700073998,7,11,18,1245,1,1,1,1,6,362,4491200,487900,260,1,3,3,0,1,1,20,110,1,3,1,0,0
200700073999,7,11,28,515,3,1,1,1,2,166,4474300,478800,260,1,3,6,0,1,1,51,149,1,0,1,0,1
200700074002,7,11,2,1800,3,1,1,1,6,66,4387600,491600,130,3,2,0,0,1,1,0,70,1,0,3,0,1
200700074003,7,11,3,1400,1,1,1,1,3,27,4389200,485700,130,4,2,0,0,1,1,0,76,1,0,1,0,0
200700074004,7,11,30,1400,1,2,1,7,6,27,4388900,485500,130,4,2,0,0,1,1,0,58,1,6,1,0,0
200700074005,7,11,29,1415,1,1,1,1,3,27,4391000,481500,130,3,2,2,0,1,3,20,36,1,0,1,0,0
200700074009,7,11,6,715,1,1,3,1,3,22,4322800,558400,130,1,1,1,0,2,2,130,150,1,3,1,0,0
200700074010,7,11,3,1300,1,1,1,1,6,7,4336100,562700,130,3,2,2,0,2,1,54,0,1,0,3,0,1
200700074012,7,11,25,1900,3,2,9,1,1,92,4355100,504200,130,3,3,2,0,1,1,10,70,1,0,1,0,0
200700074015,7,11,1,1230,1,1,1,1,5,122,4404100,608000,40,3,2,0,0,0,1,0,67,1,0,1,0,0
200700074018,7,11,16,315,3,1,1,1,6,220,4439600,657900,40,3,2,1,0,1,1,83,73,1,0,3,0,0
200700074019,7,11,11,915,1,1,1,6,1,135,4383800,619300,40,4,2,0,0,1,3,0,54,1,0,1,0,1
200700074022,7,11,11,1115,1,1,1,1,7,130,4405200,580700,40,3,2,2,0,1,3,0,66,1,0,1,0,0
200700074023,7,11,21,1330,1,1,1,2,6,34,4429400,582400,50,3,2,2,0,1,2,0,70,2,0,1,0,0
200700074029,7,11,13,1030,1,1,1,1,4,17,4457300,618800,50,2,2,2,0,1,1,0,75,1,0,1,0,0
200700074030,7,11,4,1715,1,2,1,1,1,48,4381100,731800,60,3,2,2,0,1,1,0,0,1,5,1,0,0
200700074033,7,11,3,530,5,2,1,1,7,149,4374400,730900,60,3,1,2,0,2,2,0,0,1,0,3,0,0
200700074034,7,11,14,745,1,2,1,1,5,149,4373900,730800,60,3,2,2,0,0,0,0,100,1,0,1,0,0
200700074035,7,11,4,345,5,1,1,1,2,161,4362700,713300,60,3,1,2,2,1,1,0,0,1,0,1,0,0
200700074036,7,11,9,2245,5,2,1,1,6,161,4362900,711600,60,3,2,2,0,1,1,0,0,1,0,3,0,0
200700074039,7,11,28,1800,5,1,1,1,3,161,4364200,713400,60,4,1,0,0,1,1,0,0,1,0,1,0,0
200700074040,7,11,30,1700,1,2,1,7,6,161,4366600,712500,60,3,2,0,0,1,1,0,0,1,0,1,0,0
200700074045,7,11,25,1300,1,1,1,1,6,65,4373100,717000,60,3,2,0,0,1,1,0,72,1,0,1,0,0
200700074048,7,11,26,1730,4,2,1,1,6,136,4388000,745600,60,4,2,1,0,1,3,0,42,1,0,0,0,0
200700074049,7,11,21,915,1,1,1,2,7,78,4392600,715500,60,3,2,0,0,1,1,0,80,2,0,1,0,0
200700074067,7,11,12,1100,1,2,1,7,3,119,4327100,664600,830,4,2,2,0,2,1,0,50,1,5,1,3,0
200700074071,7,11,17,2045,5,2,1,1,3,47,4312200,608200,830,3,2,1,0,1,3,14,71,1,0,1,0,0
200700074074,7,11,23,2345,3,1,1,1,1,34,4389700,495000,840,3,1,0,0,0,3,0,50,1,5,1,0,0
200700074075,7,11,25,1630,2,1,1,1,1,132,4394100,499600,840,3,2,2,0,1,0,20,127,1,5,1,0,0
200700074080,7,11,7,1130,1,2,1,1,6,3,4388400,539400,840,4,2,0,0,2,1,0,0,1,0,1,0,1
200700074083,7,11,16,2345,3,1,1,1,6,102,4388100,528600,840,3,2,2,0,1,3,0,40,1,0,3,0,1
200700074087,7,11,14,1830,3,1,1,1,1,88,4397400,498300,840,3,2,2,0,1,1,0,0,1,0,1,0,0
200700074091,7,11,10,1830,5,2,1,1,3,19,4430200,475500,840,4,2,0,0,1,1,0,0,1,0,1,0,0
200700074092,7,11,16,2130,3,1,1,1,1,78,4425000,473200,840,4,2,2,0,2,2,0,60,1,0,1,0,0
200700074097,7,11,19,1915,3,2,1,1,3,327,4365700,396200,340,3,2,2,0,1,1,0,100,1,0,1,0,0
200700074099,7,11,29,1845,5,1,3,1,3,327,4364800,395200,340,3,2,0,0,0,1,0,50,1,0,0,0,0
200700074103,7,11,3,430,3,1,1,1,6,176,4364000,405500,340,3,2,2,0,1,1,0,145,1,0,0,0,0
200700074104,7,11,10,1645,1,1,1,1,6,322,4381800,385800,340,3,2,2,0,3,4,0,52,1,0,3,0,0
200700074105,7,11,5,30,5,2,2,1,3,223,4344200,321100,340,9,2,0,0,1,0,0,65,1,0,1,0,0
200700074106,7,11,11,800,1,2,1,1,1,140,4339300,316600,340,3,2,0,0,1,1,0,110,1,5,1,0,1
200700074107,7,11,12,845,1,1,1,1,7,21,4346000,289700,340,3,2,2,0,2,2,0,80,1,0,0,0,0
200700074110,7,11,19,1215,1,2,1,1,6,289,4339900,341700,340,4,2,2,0,1,1,0,60,1,0,1,0,0
200700074111,7,11,7,1615,1,1,1,1,1,300,4338800,330800,340,2,2,0,0,1,1,0,0,1,0,1,0,0
200700074112,7,11,9,1230,1,1,2,1,3,224,4346800,324700,340,4,2,2,0,1,1,0,45,1,0,1,0,0
200700074113,7,11,17,130,3,1,1,1,6,214,4349000,329300,340,3,2,0,0,1,2,0,63,1,0,1,0,0
200700074114,7,11,23,1400,1,1,6,1,2,299,4327900,328500,340,3,2,2,0,1,2,0,70,1,5,1,0,0
200700074116,7,11,9,2230,3,1,1,1,2,180,4361900,343700,340,3,2,2,0,2,1,0,70,1,0,1,0,0
200700074117,7,11,11,1430,1,1,1,1,7,281,4354100,355200,340,3,2,2,0,2,3,0,71,1,0,3,0,0
200700074118,7,11,23,715,2,2,1,1,2,281,4353300,352300,340,3,2,2,0,2,1,0,67,0,0,1,0,0
200700074120,7,11,8,1800,3,2,1,1,2,157,4343700,361500,340,3,2,0,0,1,1,0,0,1,2,1,0,0
200700074121,7,11,17,1600,1,1,1,1,1,213,4347100,368500,340,3,2,2,0,0,2,0,48,1,0,1,0,0
200700074122,7,11,5,1630,1,1,1,1,1,416,4328200,245800,110,3,2,2,0,1,1,46,0,1,0,1,0,0
200700074123,7,11,22,130,3,1,1,5,7,298,4313700,252900,110,3,0,0,0,2,1,0,53,2,0,1,0,0
200700074124,7,11,18,1315,1,1,1,1,6,234,4325800,196200,110,4,2,0,0,4,2,0,30,1,0,3,0,0
200700074125,7,11,21,1845,3,1,1,2,1,225,4334200,187900,110,3,2,0,0,1,3,0,0,2,0,3,0,0
200700074126,7,11,16,1730,1,2,1,1,7,206,4307000,221500,110,3,2,1,0,1,2,0,73,1,0,3,0,0
200700074131,7,11,22,745,1,2,3,8,3,203,4320400,275400,110,4,3,0,0,1,1,30,115,2,0,1,0,0
200700074134,7,11,4,1630,1,1,1,1,2,341,4355100,435100,300,3,0,2,0,1,0,0,0,1,0,1,0,0
200700074137,7,11,11,430,5,2,2,1,3,257,4388100,447100,300,3,2,2,0,1,1,0,0,1,5,1,0,0
200700074140,7,11,2,1915,3,1,1,1,1,169,4377200,432600,300,3,2,2,0,1,1,0,70,1,0,1,0,0
200700074141,7,11,10,2230,5,2,1,1,6,341,4370300,427900,300,4,1,0,0,1,1,0,40,1,0,1,0,0
200700074142,7,11,25,1300,1,1,1,1,6,36,4375600,426800,300,2,2,0,0,1,2,0,70,1,0,3,0,1
200700074143,7,11,29,130,3,1,1,1,6,347,4372700,425400,300,3,2,2,0,1,0,0,0,1,0,1,0,0
200700074144,7,11,11,1345,1,2,3,1,1,10,4405400,398800,300,4,2,2,0,1,3,0,86,1,0,1,0,0
200700074146,7,11,17,1830,5,2,1,1,5,162,4403000,402400,300,3,1,2,0,1,1,0,65,1,0,1,0,1
200700074147,7,11,30,1915,2,2,1,1,1,51,4422500,399100,300,3,2,0,0,1,1,0,0,1,0,1,0,0
200700074148,7,11,2,1945,5,2,1,1,6,284,4415800,409100,300,3,2,2,0,1,1,0,60,1,0,1,0,0
200700074149,7,11,4,1115,1,1,1,1,3,77,4416500,405700,300,3,2,2,0,1,1,0,50,1,0,1,0,0
200700074150,7,11,4,1815,2,1,1,2,6,223,4419200,412900,300,3,2,2,0,2,1,0,75,2,5,1,0,0
200700074151,7,11,29,2215,3,1,1,1,7,294,4416400,415300,300,3,2,2,0,1,3,0,70,1,0,3,0,0
200700074152,7,11,29,1800,3,1,1,1,6,259,4410300,414100,300,3,2,2,0,3,1,72,0,1,0,1,0,0
200700074154,7,11,24,445,3,1,1,1,6,8,4420700,424900,300,3,2,0,0,1,1,0,53,1,0,3,0,0
200700074160,7,11,8,1000,1,1,1,1,6,207,4404700,456500,300,3,2,0,0,3,1,0,65,1,0,3,0,0
200700074161,7,11,16,2000,2,1,1,1,6,207,4405000,457500,300,2,2,0,0,1,1,0,60,1,0,0,0,0