Num_Acc,an,mois,jour,hrmn,lum,agg,int,atm,col,com,lat,long,dep,catr,circ,nbv,vosp,prof,plan,lartpc,larrout,surf,infra,situ,env1,killed
200700074162,7,11,19,1645,1,1,1,1,3,12,4389700,467000,300,3,2,2,0,1,1,0,50,1,0,1,0,0
200700074164,7,11,20,1800,3,1,1,1,7,179,4388700,459700,300,3,2,0,0,1,1,0,47,1,0,1,0,0
200700074166,7,11,1,1345,1,1,1,1,1,210,4393700,400300,300,3,2,2,0,1,1,50,0,1,0,1,0,0
200700074167,7,11,7,1445,1,2,1,1,6,80,4473000,385600,480,2,2,2,0,0,3,70,0,1,0,1,0,0
200700074168,7,11,16,1600,1,1,1,8,6,84,4481000,367700,480,3,2,2,0,2,4,50,50,5,0,1,0,0
200700074170,7,11,14,800,2,1,1,4,7,188,4471800,337400,480,3,2,2,0,2,1,0,71,7,0,1,0,0
200700074174,7,11,9,1645,1,2,1,1,6,212,4276100,300000,660,4,2,0,0,1,1,60,60,1,0,1,3,0
200700074184,7,11,3,1915,3,1,1,1,6,148,4254600,951700,202,3,2,0,0,1,2,0,72,1,0,1,0,0
200700074185,7,11,14,1715,5,2,1,1,6,42,4256500,944300,202,2,2,2,0,1,1,0,70,1,0,1,0,0
200700074186,7,11,26,745,1,1,1,1,3,350,4252500,940000,202,3,2,2,0,0,3,0,67,2,0,1,0,1
200700074188,7,11,24,1945,3,1,1,2,1,93,4262400,889500,202,2,2,2,0,1,2,80,0,2,0,1,0,0
200700074189,7,11,27,1015,1,1,1,7,7,96,4228600,920400,202,2,2,2,0,1,1,0,76,2,0,3,0,0
200700074192,7,11,30,1530,1,1,1,1,2,207,4246100,950200,202,2,2,2,0,1,1,0,75,1,0,1,0,0
200700074197,7,11,4,730,2,1,1,1,6,3,4850700,182000,780,3,2,2,0,1,1,0,70,1,0,3,0,0
200700074198,7,11,22,1930,3,1,1,8,6,3,4854300,183000,780,2,2,2,0,1,1,0,70,2,0,1,0,0
200700074199,7,11,3,1515,1,2,6,1,3,420,4878600,181000,780,3,2,0,0,1,1,0,0,2,5,1,0,0
200700074201,7,11,14,1330,1,2,1,1,1,84,4882300,179400,780,4,0,0,0,1,0,0,0,2,0,1,0,0
200700074204,7,11,8,930,1,1,1,2,6,159,4854300,244200,910,3,2,0,1,1,2,0,55,2,0,3,0,0
200700074206,7,11,8,630,1,1,1,8,3,200,4845800,201500,910,2,2,0,0,0,1,0,72,2,0,1,0,0
200700074207,7,11,21,1300,1,2,1,1,6,200,4853800,200300,910,4,2,0,3,2,1,0,48,2,0,1,3,0
200700074209,7,11,4,1530,1,2,1,1,3,232,4849100,235300,910,3,2,2,0,3,1,0,0,1,0,1,0,0
200700074210,7,11,12,1315,1,1,3,1,3,508,4841700,227900,910,3,2,2,0,1,1,0,46,1,0,1,0,0
200700074213,7,11,10,1900,4,1,2,1,6,661,4870700,225800,910,3,3,0,0,1,1,0,86,1,6,1,0,0
200700074214,7,11,3,1715,2,2,1,1,6,207,4858600,223800,910,4,2,0,0,1,1,0,50,1,0,1,3,0
200700074218,7,11,24,315,3,1,1,1,7,287,4913900,204400,950,3,2,2,0,0,3,0,0,7,0,1,0,0
200700074224,7,11,20,1945,3,1,1,2,1,195,4859200,276600,770,3,2,2,0,1,1,0,51,2,0,1,0,1
200700074225,7,11,8,2100,5,2,1,2,6,413,4888800,285000,770,3,2,0,0,1,1,0,60,2,0,1,0,0
200700074226,7,11,28,1915,5,2,1,5,6,182,4878400,329400,770,9,1,1,0,2,1,0,59,2,0,4,0,0
200700074227,7,11,10,900,1,1,2,1,3,290,4897400,319300,770,3,2,2,0,0,1,0,0,1,0,1,0,0
200700074229,7,11,27,1845,3,1,1,1,3,176,4876000,301700,770,3,2,2,0,1,1,0,65,1,0,1,0,0
200700074230,7,11,13,1745,3,1,1,1,6,192,4872000,285000,770,2,3,4,0,0,3,10,73,1,0,1,0,1
200700074231,7,11,15,1900,5,2,1,1,1,365,4872200,303800,770,3,2,0,0,0,1,0,65,1,0,1,0,0
200700074232,7,11,18,2045,3,1,1,1,6,264,4871500,295200,770,3,2,2,0,1,1,0,65,1,0,1,0,1
200700074233,7,11,4,500,3,1,1,1,6,244,4828700,258700,770,3,2,0,0,2,2,0,0,1,0,3,0,0
200700074234,7,11,1,1015,1,1,1,1,4,153,4905700,269800,770,2,3,4,0,1,1,0,160,1,0,1,0,0
200700074235,7,11,1,800,1,2,1,1,2,483,4900900,292900,770,3,2,2,0,2,1,0,71,1,0,1,0,0
200700074236,7,11,19,1045,1,1,1,1,6,173,4904100,292600,770,3,2,2,0,1,1,0,80,2,0,1,0,0
200700074237,7,11,20,1800,5,2,1,2,3,32,4870400,324600,770,2,2,2,0,1,1,0,70,2,0,1,0,0
200700074238,7,11,22,1500,1,1,1,1,5,239,4869100,311700,770,2,2,2,0,4,1,0,75,1,0,3,0,0
200700074239,7,11,24,200,3,1,1,1,6,239,4865500,312200,770,4,2,2,0,1,2,0,50,1,0,1,0,0
200700074243,7,11,30,700,3,1,3,5,3,142,4790900,213200,450,2,3,2,0,1,1,0,60,2,5,1,0,1
200700074245,7,11,1,1430,1,2,2,1,1,196,4785500,180900,450,4,2,2,0,1,1,33,33,1,0,1,0,0
200700074251,7,11,17,1830,3,1,1,1,3,203,4785800,171800,450,3,3,2,0,1,1,0,50,1,0,1,0,0
200700074252,7,11,28,745,2,1,1,5,5,195,4810800,217000,450,2,2,0,0,1,1,0,80,2,0,3,0,0
200700074261,7,11,2,1930,3,1,1,1,6,10,4812100,225500,450,3,2,2,0,1,1,62,70,1,0,1,0,0
200700074266,7,11,22,1145,1,1,1,1,3,153,4674500,232800,180,3,2,0,0,1,1,0,72,1,0,1,0,0
200700074272,7,11,8,2000,3,1,1,2,2,35,4711900,261600,180,3,2,2,0,2,1,0,75,2,0,1,0,0
200700074273,7,11,7,1745,3,1,1,1,5,35,4836500,154300,280,3,2,2,0,3,1,0,63,1,0,1,0,0
200700074274,7,11,29,1615,1,1,1,8,1,301,4850400,146900,280,2,2,0,0,0,1,0,50,2,0,1,0,1
200700074275,7,11,21,1815,3,1,1,1,1,222,4831200,140500,280,3,2,2,0,1,1,0,53,2,0,1,0,1
200700074276,7,11,27,1400,1,1,1,1,6,196,4831300,123800,280,3,2,2,0,2,3,0,61,1,0,3,0,0
200700074277,7,11,12,2000,3,1,1,1,6,137,4856500,175100,280,3,2,0,0,1,1,0,60,1,0,1,0,1
200700074280,7,11,18,830,1,1,1,9,3,103,4801100,125200,280,3,2,2,0,2,2,0,0,7,0,1,0,0
200700074282,7,11,26,1800,2,1,1,1,6,3,4873200,129400,280,3,2,2,0,2,2,0,53,6,0,3,0,0
200700074284,7,11,26,1945,3,1,1,1,3,386,4856900,121900,280,3,1,2,0,1,2,0,74,1,0,1,0,1
200700074285,7,11,30,2230,3,1,1,2,6,342,4829500,80900,280,3,2,2,0,1,3,0,47,2,2,1,0,0
200700074287,7,11,29,715,2,1,1,1,3,64,4683100,182800,360,3,2,2,0,1,1,0,112,1,0,1,0,0
200700074292,7,11,11,1600,1,1,1,1,6,70,4643100,157400,360,9,0,0,0,4,0,0,0,9,0,3,0,0
200700074293,7,11,2,1715,3,1,1,1,7,83,4708600,194200,360,3,2,2,0,1,1,0,0,1,0,3,0,0
200700074294,7,11,20,1700,2,2,1,2,7,171,4709000,203800,360,9,0,0,0,2,1,0,0,2,0,3,0,0
200700074295,7,11,27,830,2,1,1,1,6,215,4687700,208300,360,3,2,0,0,0,2,0,0,1,0,3,0,0
200700074297,7,11,8,800,1,2,1,1,3,151,4744500,63100,370,3,2,0,0,1,1,0,79,1,0,1,0,0
200700074298,7,11,22,830,1,1,1,1,6,179,4744400,73800,370,3,3,0,0,1,1,20,120,2,0,3,0,0
200700074299,7,11,27,730,3,2,8,5,6,153,4750400,78100,370,3,2,0,0,1,1,0,55,2,0,1,0,0
200700074300,7,11,11,145,3,1,1,1,7,121,4696600,42800,370,3,2,2,0,0,4,0,0,1,0,1,0,0
200700074301,7,11,28,1800,3,2,1,1,3,12,4721100,48000,370,3,2,2,0,1,1,0,55,2,0,1,0,0
200700074303,7,11,5,1045,1,2,1,1,6,130,4704600,82000,370,3,2,2,0,1,1,0,55,1,0,1,0,0
200700074308,7,11,10,230,3,1,1,1,6,178,4781200,144300,410,3,2,2,0,0,1,0,55,1,5,3,0,0
200700074309,7,11,8,1530,1,1,1,1,3,130,4773100,133300,410,3,2,0,0,1,1,0,61,1,0,1,0,0
200700074311,7,11,29,815,2,1,1,1,6,126,4730300,132300,410,3,2,2,0,1,1,0,62,1,0,1,0,0
200700074313,7,11,10,1845,3,1,2,2,3,46,4764100,191100,410,3,2,2,0,1,1,0,66,2,0,0,0,1
200700074314,7,11,23,1730,2,1,1,2,1,161,4758000,202000,410,3,2,2,1,1,1,0,70,2,0,1,0,0
200700074322,7,11,21,1700,2,1,1,7,6,151,4569200,132700,870,3,2,2,0,2,1,0,60,1,0,1,0,0
200700074323,7,11,15,1715,1,1,1,1,1,234,4478200,48200,330,3,2,1,0,1,1,0,62,1,0,1,0,0
200700074324,7,11,6,1530,1,2,1,1,7,540,4733800,509800,210,3,3,0,0,1,0,13,120,1,5,1,0,0
200700074327,7,11,9,700,1,1,1,1,1,40,4347700,552000,130,4,2,0,0,2,2,0,71,1,0,1,0,0
200700074328,7,11,19,1945,3,1,1,8,1,40,4346200,555100,130,3,2,2,0,2,1,0,57,2,0,1,0,0
200700074329,7,11,24,945,1,1,1,1,7,45,4411800,41700,470,3,2,0,0,2,1,0,0,1,0,1,0,0
200700074332,7,11,6,1545,1,1,1,1,4,22,4938700,604100,570,3,2,3,0,2,1,0,0,1,0,1,0,0
200700074333,7,11,5,1545,1,1,1,1,1,163,4363500,370400,340,3,2,2,0,1,1,70,0,1,5,1,0,0
200700074335,7,11,27,1915,3,1,1,1,3,202,4358100,375500,340,3,2,0,0,0,1,0,90,1,0,1,0,0
200700074340,7,11,8,2100,3,1,1,3,6,634,4861700,211200,910,1,3,4,0,4,1,24,340,2,0,3,0,0
200700074345,7,11,18,615,3,1,1,9,6,708,5009600,287100,620,1,3,3,0,1,1,10,115,7,0,2,0,0
200700074355,7,11,12,715,2,1,1,1,4,54,4318700,604400,830,1,3,2,0,1,1,30,95,1,0,1,0,0
200700074361,7,11,16,2245,3,1,1,1,5,100,4924000,265900,600,1,1,3,0,1,1,20,135,1,0,1,0,0
200700074362,7,11,27,930,1,1,1,1,1,206,4605600,473300,690,1,1,3,0,1,1,0,0,1,0,1,0,0
200700074366,7,11,25,530,3,1,1,2,7,517,4952600,119800,760,1,1,2,0,1,1,20,70,2,0,3,0,0
200700074373,7,11,9,1815,3,1,1,1,5,135,4327000,317500,340,1,3,3,0,1,1,50,105,1,0,1,0,0
200700074382,7,11,16,1845,3,1,1,8,2,8,4570900,592900,730,1,3,0,0,2,1,0,70,2,0,1,0,0
200700074383,7,11,10,2000,3,1,1,2,4,400,4534700,556800,380,1,0,0,0,2,1,10,90,2,2,1,0,0
200700074386,7,11,5,1715,1,2,2,1,3,246,4750800,133700,410,3,2,2,0,1,1,0,63,1,5,1,0,0
200700074387,7,11,12,1515,1,1,1,1,3,59,4742800,145700,410,4,2,2,0,1,1,0,58,1,5,1,0,1
200700074389,7,11,21,1545,2,1,1,1,1,204,4762400,140700,410,4,2,2,0,1,0,0,53,1,0,1,0,0
200700074390,7,11,28,1715,2,1,1,1,5,295,4759800,137100,410,3,2,2,0,1,1,0,60,1,0,1,0,0
200700074391,7,11,10,1045,1,2,1,1,1,27,4568400,476200,690,4,2,2,0,2,1,0,42,1,0,1,0,0
200700074393,7,11,13,1800,2,2,2,1,3,40,4836000,477200,290,4,2,2,0,1,1,0,60,1,0,1,0,0
200700074394,7,11,19,1630,1,1,3,1,3,69,4841800,454000,290,3,3,4,0,2,1,0,74,1,5,1,0,0
200700074395,7,11,26,2315,3,1,6,5,6,212,4836600,460000,290,3,2,2,0,1,1,0,0,2,5,1,0,0
200700074397,7,11,5,1415,1,1,1,1,6,178,4556000,326700,630,1,3,2,3,1,1,25,70,1,0,1,0,0
200700074398,7,11,14,645,3,1,1,2,7,411,4559900,322600,630,1,1,2,0,0,1,15,70,2,0,3,0,0
200700074399,7,11,17,1645,1,1,1,1,1,178,4553900,326000,630,1,1,2,0,1,1,70,50,1,0,1,0,0
200700074400,7,11,7,1215,1,1,1,1,2,102,4348800,144800,640,1,3,2,0,1,1,20,72,1,2,1,0,0
200700074401,7,11,21,1500,1,1,1,7,4,284,4363600,139100,400,1,3,4,0,1,1,15,72,1,0,1,0,0
200700074404,7,11,19,1200,1,1,1,8,7,172,4922800,406700,510,1,2,1,0,0,3,0,40,2,3,1,0,0
200700074408,7,11,21,700,3,1,1,1,6,737,5045400,269800,620,1,3,2,0,1,1,30,110,2,0,1,0,0
200700074411,7,11,12,1000,1,1,1,1,6,86,4335000,561600,130,1,3,3,0,2,1,20,90,1,0,2,0,0
200700074417,7,11,14,800,1,1,1,2,6,42,4444400,81100,330,1,3,4,0,1,1,100,0,3,0,3,0,0
200700074420,7,11,7,1200,1,2,1,1,3,249,4523100,579900,380,3,2,2,0,0,1,0,134,1,0,1,0,0
200700074423,7,11,9,1530,1,2,1,1,3,466,4893500,197600,780,3,3,0,3,1,1,25,150,1,3,1,0,0
200700074428,7,11,11,715,2,1,1,2,6,49,4583700,503000,10,1,1,1,0,2,3,0,0,2,3,1,0,0
200700074429,7,11,23,1945,3,1,1,1,2,32,4586700,517400,10,1,1,0,0,1,1,10,110,1,0,1,0,0
200700074430,7,11,10,145,5,2,1,2,6,649,4855500,236600,910,4,1,0,0,0,1,0,60,2,0,1,0,0
200700074431,7,11,2,1330,1,1,1,1,2,333,4916700,409100,510,3,2,2,0,4,1,0,79,1,5,1,0,0
200700074433,7,11,12,1915,5,2,1,1,1,629,4916500,401100,510,9,0,0,0,0,0,0,25,0,0,4,0,0
200700074434,7,11,15,1130,1,1,1,1,1,333,4914200,410600,510,3,2,2,0,2,1,0,79,1,0,1,0,0
200700074435,7,11,20,2100,3,1,6,1,6,613,4918600,416700,510,3,2,0,0,1,1,0,0,1,5,3,0,0
200700074436,7,11,28,2015,3,1,1,1,3,38,5087800,201300,620,1,3,4,3,1,1,20,115,1,0,1,0,0
200700074438,7,11,14,2130,3,2,1,1,7,152,4364000,700300,60,3,2,2,0,1,2,0,74,1,0,1,0,0
200700074439,7,11,23,1145,1,1,6,8,3,152,4362200,703800,60,3,3,4,0,1,0,0,0,2,0,1,0,0
200700074443,7,11,18,1845,3,1,1,1,6,17,4541700,487400,380,3,0,2,0,0,1,0,51,1,0,1,0,0
200700074445,7,11,20,1730,5,1,1,1,3,116,4364300,375000,340,3,2,2,0,1,1,0,50,1,0,1,0,0
200700074447,7,11,10,245,5,1,6,1,1,455,4884700,205600,780,3,1,0,2,3,1,0,30,1,3,3,0,0
200700074448,7,11,5,1715,1,1,1,1,6,189,4266800,183500,90,2,2,0,0,2,2,0,82,1,0,1,0,0
200700074450,7,11,9,2345,3,1,1,1,3,251,4765000,270000,560,2,3,0,0,1,1,71,91,1,0,1,0,0
200700074454,7,11,3,2015,3,1,1,1,7,141,4713800,218300,180,1,3,2,0,1,1,30,180,0,0,3,0,0
200700074457,7,11,8,1845,3,1,1,1,6,333,4350400,380100,340,3,2,2,0,1,1,0,64,1,0,1,0,1
200700074459,7,11,14,1145,1,1,1,4,7,67,4612300,549300,10,1,3,2,0,2,2,0,95,5,0,3,0,0
200700074464,7,11,6,1015,1,1,1,1,6,210,4405500,100800,400,2,3,4,0,1,1,75,72,1,3,3,0,1
200700074466,7,11,15,1745,5,2,2,4,3,152,4852900,768200,670,9,2,2,0,0,1,0,0,2,0,1,0,0
200700074467,7,11,20,1700,5,2,1,2,1,49,4851000,761000,670,3,2,2,0,1,2,0,0,2,0,1,0,0
200700074469,7,11,24,1745,2,1,1,1,6,10,4320000,16000,650,1,1,0,0,1,1,15,70,1,0,3,0,0
200700074470,7,11,30,1130,1,1,1,2,2,158,4649700,265800,30,1,1,2,0,1,1,0,76,2,0,1,0,0
200700074471,7,11,8,815,1,1,1,1,6,267,4701400,239300,180,1,3,2,0,1,1,10,100,1,0,3,0,0
200700074475,7,11,23,645,5,2,1,1,1,80,4366600,543800,130,3,2,2,0,1,1,0,55,2,0,1,0,0
200700074476,7,11,23,815,2,1,1,8,1,80,4365600,547900,130,3,2,2,2,1,1,0,80,2,0,1,3,0
200700074477,7,11,5,1615,1,1,1,1,6,39,4504100,514200,260,1,3,2,0,2,2,20,70,1,0,1,0,0
200700074480,7,11,1,745,3,1,1,1,7,237,4870000,783900,670,1,3,2,0,1,1,0,0,1,0,1,0,0
200700074485,7,11,10,1830,3,1,1,1,1,91,4362600,535400,130,3,2,2,0,2,3,0,0,1,0,1,0,0
200700074486,7,11,11,800,3,1,1,1,6,334,4339600,128600,310,1,3,0,0,1,1,30,100,1,0,1,0,0
200700074492,7,11,2,215,3,1,1,1,7,123,4360900,381600,340,2,3,2,0,1,3,10,70,1,0,1,0,0
200700074493,7,11,3,1930,3,1,1,1,5,259,4363100,378200,340,1,3,2,0,1,2,10,70,1,0,1,0,0
200700074494,7,11,15,1100,1,1,1,1,3,114,4362900,361100,340,2,3,2,0,2,2,20,70,1,0,1,0,0
200700074495,7,11,5,1730,2,1,1,1,3,620,4875000,211200,780,3,2,0,0,1,1,0,0,1,0,1,0,0
200700074498,7,11,1,1645,1,1,1,8,1,320,4807200,15400,720,3,2,2,0,1,1,0,0,1,5,1,0,0
200700074499,7,11,4,1730,1,1,9,1,3,24,4811000,15200,720,3,2,2,0,0,3,0,0,1,3,1,0,0
200700074503,7,11,23,745,1,2,1,3,6,375,4780900,724100,680,3,2,0,0,1,1,0,0,2,0,1,0,0
200700074504,7,11,5,1630,1,1,1,1,2,636,4902400,83800,140,1,3,2,0,3,1,10,70,1,2,1,0,0
200700074505,7,11,17,315,3,1,1,1,7,135,4383100,453500,300,3,2,1,0,1,1,0,70,1,0,3,0,0
200700074507,7,11,27,730,2,1,1,8,5,454,4967800,465600,80,1,3,4,0,2,1,28,190,2,0,1,0,0
200700074508,7,11,7,1930,5,2,1,1,3,711,5005800,139700,760,3,2,2,0,1,1,0,0,2,0,1,0,0
200700074509,7,11,29,2030,5,2,6,1,2,533,5007300,138900,800,3,2,0,0,1,1,0,0,1,0,1,0,0
200700074510,7,11,11,30,3,1,1,2,5,673,4948400,125700,760,3,2,2,0,4,2,0,52,2,0,1,0,0
200700074511,7,11,12,1830,3,1,1,1,1,100,4949800,128700,760,3,2,2,0,3,3,0,63,1,0,1,0,1
200700074513,7,11,7,1230,1,1,1,1,2,102,4931200,256600,600,3,2,2,0,1,1,0,74,1,0,1,0,0
200700074515,7,11,9,745,1,1,1,1,1,150,4363600,133300,310,3,2,2,0,1,1,0,75,1,0,1,0,1
200700074518,7,11,2,1430,1,1,1,1,7,175,4774400,292900,560,3,2,2,0,1,2,0,0,1,0,1,0,0
200700074519,7,11,5,1945,3,1,1,1,7,175,4772300,295600,560,3,2,0,0,1,2,0,58,1,0,3,0,0
200700074520,7,11,10,900,1,2,1,7,3,177,4778000,300900,560,3,2,0,0,1,1,67,0,1,0,1,0,0
200700074521,7,11,21,815,1,2,1,2,5,31,4785200,300000,560,3,2,2,0,1,1,0,0,2,0,1,0,0
200700074524,7,11,18,300,3,2,1,8,1,43,5091100,193800,620,3,2,2,0,1,3,0,76,1,0,0,0,0
200700074525,7,11,17,1145,1,1,1,1,6,169,4366600,386400,340,3,2,2,1,2,4,0,94,1,0,1,0,1
200700074526,7,11,11,1430,1,1,1,2,1,69,4848300,259700,770,3,2,3,0,1,1,0,100,2,0,1,0,0
200700074528,7,11,9,715,1,1,1,1,3,270,4358400,384900,340,3,2,0,0,2,1,0,0,1,5,1,0,0
200700074536,7,11,20,1345,1,1,1,2,7,615,4950500,148700,500,2,3,2,0,1,1,0,70,2,0,1,0,0
200700074538,7,12,16,1145,1,2,1,1,6,11,5053700,292900,590,3,2,2,0,1,1,0,61,1,0,1,0,0
200700074539,7,12,1,1800,3,1,1,2,1,303,5057000,284900,590,3,2,0,1,1,1,0,0,2,0,5,0,0
200700074541,7,12,8,815,1,2,1,3,6,278,5062100,296800,590,3,2,2,0,1,1,0,0,2,0,1,0,0
200700074543,7,12,2,645,3,1,1,1,1,256,5056900,313800,590,3,2,0,0,1,1,0,70,1,0,1,0,0
200700074550,7,12,30,830,1,1,1,7,1,662,5085100,257300,590,3,2,0,0,0,3,0,69,2,0,1,0,0
200700074551,7,12,9,2030,3,1,1,1,1,282,5083200,248000,590,3,2,0,0,0,1,0,0,2,0,1,0,0
200700074552,7,12,8,1415,1,1,1,3,1,516,5083200,236000,590,3,2,2,0,1,1,0,40,2,0,1,0,0
200700074553,7,12,15,900,1,1,1,9,1,258,5053800,320500,590,3,2,2,0,1,3,0,60,7,0,1,0,0
200700074554,7,12,19,800,2,2,1,9,6,168,5057500,321200,590,3,2,2,0,1,1,0,40,7,0,1,0,0
200700074556,7,12,14,1700,2,2,1,1,3,144,5048700,347900,590,4,2,1,0,1,1,0,47,1,0,1,3,0
200700074557,7,12,24,1830,3,1,1,9,1,418,5047500,348900,590,3,2,0,2,1,2,0,65,7,0,1,0,0
200700074558,7,12,2,630,3,1,1,9,1,181,5019600,395200,590,2,2,2,0,2,1,0,74,2,0,1,0,1
200700074560,7,12,4,1715,2,1,9,2,1,177,5013100,385800,590,3,2,0,0,3,1,74,74,2,0,1,0,0
200700074561,7,12,25,1845,5,2,1,1,7,601,5006500,410300,590,3,2,2,0,1,2,0,80,2,0,1,0,1
200700074563,7,12,12,1800,3,1,1,9,5,389,5011200,320800,590,3,2,2,0,2,3,0,65,2,0,1,0,0
200700074564,7,12,17,1930,3,1,1,1,5,389,5010900,320700,590,3,2,2,0,2,3,0,71,1,0,1,0,0
200700074565,7,12,26,1445,1,1,1,5,1,10,5016700,314000,590,3,2,2,0,1,1,0,70,2,0,1,0,0
200700074566,7,12,1,745,2,2,1,1,6,435,5051000,328000,590,4,2,0,0,0,2,0,0,2,0,3,0,0
200700074567,7,12,17,1800,3,1,1,2,1,449,5048100,321300,590,3,2,2,0,1,1,0,64,2,5,1,0,0
200700074568,7,12,20,1630,2,1,1,9,3,57,5023100,359500,590,3,2,2,0,2,3,0,53,2,0,1,0,1
200700074570,7,12,20,1200,1,1,1,9,7,11,5032400,263500,620,3,2,2,0,1,2,0,60,9,0,0,0,0
200700074572,7,12,11,1115,1,1,1,7,1,406,5019600,281800,620,3,2,0,0,1,1,0,66,1,0,1,0,0
200700074573,7,12,5,1800,5,2,1,1,6,491,5063700,277000,620,3,2,0,0,0,1,0,80,1,0,1,0,0
200700074574,7,12,23,600,3,1,1,1,1,502,5063000,268900,620,3,2,2,0,1,1,0,0,2,0,1,0,0
200700074576,7,12,28,2215,3,2,1,6,7,693,5044100,255400,620,3,2,2,0,1,4,0,65,2,0,1,0,0
200700074578,7,12,16,1100,1,1,1,7,1,318,5056000,175600,620,3,2,0,0,1,1,0,85,1,0,1,0,0
200700074579,7,12,19,2130,5,1,6,1,6,201,5057300,160700,620,3,2,2,1,1,3,0,60,1,5,3,0,0
200700074580,7,12,28,1615,1,2,1,7,6,220,5042400,201800,620,3,2,2,0,1,1,0,54,1,0,1,0,0
200700074584,7,12,13,1615,1,2,2,1,3,57,5088100,209400,620,3,2,2,0,1,1,121,0,1,5,1,0,0
200700074585,7,12,22,1445,1,1,1,7,1,760,5061200,209600,620,3,2,2,0,1,3,0,67,2,0,1,0,0
200700074586,7,12,23,1415,1,1,1,5,1,229,5064800,216500,620,3,2,2,0,2,1,0,80,0,0,1,0,0
200700074588,7,12,20,2100,3,1,9,5,6,534,5070800,210700,620,3,2,0,0,1,1,80,0,7,0,1,0,0
200700074589,7,12,23,700,3,1,1,5,6,837,5064700,197900,620,3,2,0,0,1,1,0,60,2,0,3,0,0
200700074591,7,12,3,2000,3,1,1,2,1,820,5035400,253300,620,3,2,2,0,2,1,0,35,2,0,1,0,1
200700074592,7,12,8,1600,3,1,1,2,6,199,5036900,265500,620,3,2,2,0,1,3,0,55,2,0,1,0,0
200700074593,7,12,26,945,1,1,1,8,7,507,4985800,259200,800,3,2,2,0,1,3,0,0,7,0,1,0,0
200700074596,7,12,21,1200,1,1,1,9,6,225,4984600,217800,800,3,2,0,0,0,2,0,50,7,0,1,0,0
200700074597,7,12,31,1400,1,1,1,1,1,738,4995800,205200,800,3,2,2,0,4,1,0,0,1,0,1,0,0
200700074598,7,12,2,900,1,1,1,6,6,24,4993700,222900,800,3,2,2,0,0,1,0,60,2,0,3,0,0
200700074599,7,12,10,2115,3,1,1,1,1,92,4998000,231000,800,2,2,2,0,3,3,0,70,2,0,1,0,1
200700074600,7,12,16,1815,3,1,1,1,7,661,4995600,233900,800,3,2,0,0,1,1,0,63,1,0,3,0,1
200700074602,7,12,16,315,3,1,1,1,6,779,5012000,189000,800,3,0,0,0,2,1,0,60,1,5,1,0,0
200700074603,7,12,21,1100,1,1,2,1,3,444,5003400,179700,800,3,2,2,0,1,1,0,0,2,0,1,0,1
200700074606,7,12,28,1430,1,1,1,1,1,825,4996300,182800,800,3,2,0,0,1,1,0,0,1,0,1,0,1
200700074607,7,12,31,1045,1,1,1,1,7,364,5008900,147100,800,3,2,2,0,1,1,0,70,1,0,1,0,0
200700074608,7,12,7,1530,1,2,2,8,3,126,4994100,163500,800,3,2,0,0,2,1,0,81,2,5,1,0,0
200700074609,7,12,15,1200,1,2,1,1,1,721,5017900,164000,800,3,0,0,0,0,1,0,0,1,0,1,0,0
200700074611,7,12,7,1315,1,2,1,7,1,422,5017800,181100,800,3,2,2,0,1,1,0,78,1,0,1,0,0
200700074612,7,12,14,100,3,1,1,9,6,167,5018900,187600,800,3,2,20,0,2,1,0,78,2,0,3,0,1
200700074614,7,12,15,1700,2,2,1,1,6,253,5015000,235000,800,2,2,0,0,0,1,0,66,1,0,1,0,1
200700074616,7,12,23,1945,3,1,1,5,6,570,4979700,244400,800,4,2,2,0,1,2,0,49,1,0,3,0,1
200700074619,7,12,11,1745,5,2,1,1,6,231,4964900,352000,20,3,2,0,0,1,1,0,60,2,0,1,3,0
200700074624,7,12,21,715,2,1,1,2,6,288,4990000,335900,20,3,2,2,0,1,1,55,0,7,0,1,0,0
200700074625,7,12,1,1000,1,1,1,1,6,585,4926900,335000,20,3,2,2,0,0,1,0,64,2,0,3,0,0
200700074626,7,12,21,1150,1,1,1,1,5,131,4939800,337300,20,3,2,2,0,1,1,0,77,2,0,1,0,0
200700074628,7,12,8,1230,1,1,1,2,1,326,4940400,318000,20,3,2,2,0,0,1,0,60,2,2,1,0,0
200700074629,7,12,9,1800,5,2,1,1,4,810,4926000,309800,20,3,2,2,0,1,1,0,64,1,0,0,3,0
200700074634,7,12,7,1715,3,1,1,1,5,361,4988700,360300,20,3,2,2,0,2,1,0,76,1,0,3,0,0
200700074635,7,12,7,1900,3,1,1,2,1,779,4998200,363300,20,3,2,2,0,1,3,0,54,2,0,1,0,0
200700074638,7,12,15,2200,3,1,1,9,7,455,4991200,372700,20,4,2,2,0,1,3,0,31,2,0,3,0,0