Num_Acc,an,mois,jour,hrmn,lum,agg,int,atm,col,com,lat,long,dep,catr,circ,nbv,vosp,prof,plan,lartpc,larrout,surf,infra,situ,env1,killed
200700074643,7,12,6,745,5,2,1,1,3,333,4944900,190100,600,3,2,2,0,1,1,0,69,1,0,0,0,0
200700074644,7,12,13,815,1,2,1,9,6,187,4942300,182900,600,4,2,2,0,4,3,0,40,7,0,3,0,0
200700074645,7,12,15,615,3,2,1,1,1,616,4933800,177600,600,3,2,2,0,1,1,0,72,1,0,1,0,0
200700074647,7,12,22,1630,1,1,1,2,1,143,4928000,191100,600,3,2,2,0,0,3,0,70,2,0,0,0,0
200700074656,7,12,9,15,5,2,1,3,6,664,4960700,228700,600,3,2,2,0,1,1,0,68,2,0,4,0,0
200700074660,7,12,5,2015,3,1,1,1,3,116,4931300,233300,600,3,2,2,0,1,1,0,0,2,0,1,0,0
200700074663,7,12,4,1815,5,2,1,1,3,188,4940600,301200,600,2,2,2,0,0,1,0,80,1,0,1,0,0
200700074664,7,12,11,800,2,2,1,8,5,151,4944300,288100,600,4,2,2,0,1,1,0,0,2,0,1,0,0
200700074665,7,12,18,2200,3,1,1,9,6,501,4946000,288000,600,3,2,2,0,1,3,0,66,9,0,3,0,1
200700074672,7,12,27,230,5,2,1,8,6,471,4958400,300100,600,3,2,2,0,1,3,0,60,2,0,3,0,0
200700074676,7,12,4,1745,3,1,6,9,3,421,4919800,263900,600,3,1,2,0,1,2,0,70,2,5,1,0,0
200700074677,7,12,15,1400,1,1,1,1,3,682,4925600,264900,600,3,2,2,0,1,1,0,65,1,0,1,0,1
200700074678,7,12,20,1700,5,2,6,1,6,612,4921000,259000,600,3,2,2,0,1,0,80,65,1,5,1,0,0
200700074679,7,12,21,1500,1,1,1,1,1,421,4919000,266000,600,2,2,2,0,1,1,0,75,1,0,1,0,1
200700074685,7,12,8,1700,5,2,1,8,6,589,4923500,245900,600,4,3,2,0,1,1,8,105,2,0,1,0,0
200700074686,7,12,10,1745,5,1,1,2,3,661,4924000,299800,600,2,2,2,0,1,3,0,0,2,0,1,0,0
200700074691,7,12,6,2045,3,2,1,1,6,517,4952000,117900,760,3,2,2,0,1,1,0,72,1,0,1,0,0
200700074696,7,12,14,2145,3,1,1,1,6,18,4970800,96300,760,3,2,2,0,0,2,0,65,1,0,3,0,1
200700074698,7,12,14,2100,5,2,1,1,6,750,4945900,83000,760,3,2,2,0,2,1,0,60,1,0,4,0,0
200700074700,7,12,14,1800,3,1,1,9,1,404,4958900,24800,760,3,2,2,0,1,1,0,60,1,0,1,0,0
200700074703,7,12,28,800,2,2,1,1,7,500,4989500,164700,760,3,2,2,0,0,1,0,40,2,0,1,0,0
200700074704,7,12,29,515,3,2,1,2,6,744,4984300,156500,760,4,2,2,0,2,0,0,0,2,5,1,3,0
200700074706,7,12,9,1800,5,1,2,3,3,48,4948100,167100,760,2,2,2,0,1,2,0,0,2,5,1,0,0
200700074707,7,12,1,1745,2,1,1,2,1,370,4962600,98400,760,3,2,0,0,1,1,0,60,2,0,1,0,1
200700074708,7,12,9,1730,3,1,1,3,6,203,4961100,85100,760,3,2,0,0,1,1,0,70,2,0,1,0,1
200700074709,7,12,22,1015,1,2,1,7,6,57,4955600,95400,760,3,2,2,0,1,1,0,70,7,0,1,0,1
200700074710,7,12,29,1930,5,2,1,1,1,57,4955000,95600,760,3,2,0,0,1,1,0,100,1,0,1,0,0
200700074712,7,12,19,1430,3,1,1,9,6,347,4904200,120700,270,3,2,2,0,1,1,0,0,7,0,3,0,1
200700074714,7,12,10,800,3,1,1,2,5,502,4881700,70200,270,3,2,0,0,2,1,0,67,2,0,1,0,0
200700074715,7,12,22,1030,1,1,1,1,5,521,4870100,82700,270,2,2,0,0,1,1,0,72,1,0,1,0,0
200700074721,7,12,21,1830,5,2,1,1,4,284,4927400,177400,270,3,0,0,0,1,0,36,90,1,5,1,0,0
200700074726,7,12,24,1515,1,1,1,1,7,164,4911700,89000,270,3,2,3,0,1,1,0,112,1,0,3,0,0
200700074729,7,12,2,2115,5,2,1,3,1,354,4918200,92700,270,3,2,2,0,1,2,10,350,2,0,1,0,0
200700074730,7,12,19,1400,1,1,1,9,3,511,4913000,93000,270,3,2,2,0,0,3,0,58,7,0,0,0,0
200700074733,7,12,18,1300,1,2,1,1,1,65,4933200,34600,270,4,2,0,0,1,1,0,47,1,0,1,0,0
200700074738,7,12,21,300,3,1,1,1,6,356,4825000,176300,350,2,3,4,0,1,2,29,78,1,0,1,0,1
200700074743,7,12,12,1130,1,1,1,1,5,236,4772700,209900,350,3,0,2,0,3,1,0,58,1,0,1,0,0
200700074744,7,12,4,1330,1,1,1,1,7,13,4770100,205500,350,3,2,2,0,1,1,0,52,2,0,1,0,0
200700074745,7,12,21,1215,1,1,1,1,1,13,4770200,205900,350,3,2,0,0,1,1,0,64,1,0,3,0,0
200700074755,7,12,29,1030,1,1,1,1,3,299,4863900,189600,350,3,2,2,0,1,1,0,0,1,5,1,0,0
200700074766,7,12,5,2100,5,2,1,1,6,162,4879100,304700,220,4,2,2,0,0,1,11,75,1,0,1,0,0
200700074767,7,12,23,1100,1,1,1,5,2,81,4850100,262300,220,3,4,3,0,1,2,0,100,2,5,1,0,0
200700074771,7,12,18,1000,1,1,6,7,6,272,4856300,312600,220,3,2,2,0,1,1,0,60,1,0,1,0,0
200700074772,7,12,3,1430,1,1,1,8,3,4,4862600,330700,220,4,2,0,0,2,1,36,0,2,0,1,0,0
200700074773,7,12,18,815,2,1,1,1,6,248,4864800,309300,220,3,2,2,0,1,1,0,0,1,0,3,0,0
200700074774,7,12,20,800,3,1,1,1,3,211,4869300,344600,220,3,2,2,0,1,1,0,70,1,0,1,0,0
200700074775,7,12,10,1530,1,1,1,1,3,347,4878500,319400,220,3,2,0,0,2,1,0,95,1,5,1,0,1
200700074776,7,12,13,1030,1,2,1,1,6,264,4874700,325200,220,9,2,2,0,2,1,0,62,1,0,1,0,1
200700074777,7,12,20,830,2,1,1,1,3,152,4876000,328000,220,3,2,0,0,1,1,0,0,2,0,1,0,0
200700074778,7,12,23,1515,1,1,1,8,7,221,4879800,327900,220,3,2,2,0,1,1,0,70,2,0,1,0,0
200700074779,7,12,7,1445,1,1,1,1,1,108,4800400,435400,290,3,2,2,0,1,1,0,65,2,0,1,0,0
200700074782,7,12,26,1800,3,1,1,2,1,173,4800500,415400,290,3,2,0,0,2,2,0,100,8,0,1,0,1
200700074784,7,12,14,815,3,2,1,1,6,72,4728000,454000,290,4,2,2,0,1,1,0,74,1,0,1,3,0
200700074788,7,12,11,2200,3,1,1,1,5,61,4843800,443600,290,2,2,4,0,1,3,0,73,1,0,1,0,0
200700074789,7,12,13,1315,1,2,1,1,3,103,4845000,425800,290,3,2,0,1,2,1,0,100,1,5,1,0,0
200700074790,7,12,13,1930,5,2,1,1,6,103,4844800,427400,290,3,2,2,0,1,1,0,0,1,0,4,0,1
200700074791,7,12,10,1630,1,1,1,1,6,101,4859300,460500,290,4,2,2,0,1,1,0,60,1,0,1,0,0
200700074792,7,12,15,1830,3,1,1,8,6,195,4861200,451800,290,3,2,2,0,1,1,0,62,1,0,3,0,0
200700074793,7,12,21,1900,5,1,1,1,6,209,4855200,450700,290,3,2,3,0,4,1,0,125,1,5,1,0,1
200700074794,7,12,9,415,3,1,1,6,6,109,4853100,474800,290,3,2,2,0,2,1,0,65,2,0,1,0,0
200700074795,7,12,14,1700,1,1,1,1,3,53,4830200,416800,290,3,2,2,0,1,1,0,0,1,3,1,0,0
200700074805,7,12,3,1230,1,1,1,1,1,3,4763800,279300,560,4,2,2,0,1,2,50,0,1,0,1,0,0
200700074807,7,12,1,2015,3,1,1,1,1,53,4769700,257100,560,3,2,2,0,2,1,0,68,1,0,1,0,1
200700074810,7,12,31,2200,3,1,1,1,7,180,4793000,218000,560,2,3,2,0,2,1,0,0,1,0,3,0,0
200700074812,7,12,3,945,1,1,5,1,3,113,4807000,319000,560,3,0,1,0,1,1,0,40,2,5,1,0,0
200700074813,7,12,31,1245,1,1,2,8,3,140,4795400,279100,560,3,2,0,0,1,1,0,48,1,0,1,0,0
200700074814,7,12,5,15,3,1,1,1,6,140,4791800,280600,560,3,2,2,0,1,1,0,75,2,0,3,0,0
200700074815,7,12,10,1445,1,1,1,1,6,174,4787700,289000,560,3,2,2,0,2,3,0,55,1,0,3,0,0
200700074816,7,12,2,130,3,1,1,6,7,170,4811700,343100,560,3,2,2,0,1,3,0,60,2,2,3,0,1
200700074817,7,12,11,815,3,1,1,8,1,15,4925000,40000,140,3,2,2,0,1,1,0,60,1,0,1,0,0
200700074819,7,12,7,1945,5,2,2,3,3,291,4900600,39100,140,3,2,2,0,1,1,0,50,2,0,1,0,0
200700074821,7,12,18,800,2,1,1,9,2,761,4912500,18800,140,3,2,0,0,1,1,0,110,1,0,1,0,0
200700074824,7,12,11,1830,5,2,1,1,6,370,4922700,87100,140,3,2,2,0,1,1,0,46,1,0,1,0,0
200700074827,7,12,9,2315,3,1,1,6,1,422,4908200,700,140,3,2,0,0,1,1,0,81,2,0,1,0,0
200700074828,7,12,28,1500,2,1,1,9,6,600,4907400,9200,140,3,2,2,0,2,3,0,59,7,2,1,0,0
200700074829,7,12,22,1045,1,1,1,1,3,494,4927700,10200,140,3,1,1,0,1,2,0,36,2,5,1,0,0
200700074830,7,12,5,1030,1,2,1,1,7,317,4890000,87900,140,3,2,2,0,1,1,30,60,1,0,3,0,0
200700074831,7,12,20,1545,1,2,1,1,1,762,4884800,88600,140,3,2,0,0,2,1,0,0,1,0,1,0,0
200700074832,7,12,24,1815,5,1,1,1,3,762,4884600,88600,140,3,2,0,0,2,1,10,59,1,0,1,3,0
200700074835,7,12,11,1000,1,1,1,1,6,488,4923800,115900,500,3,2,2,0,1,1,0,61,1,0,1,0,1
200700074837,7,12,9,1845,3,1,1,2,6,420,4906200,120400,500,3,2,2,0,1,1,0,61,2,0,1,0,1
200700074838,7,12,18,1400,1,1,1,1,3,581,4901400,117600,500,3,2,0,0,1,1,0,56,1,5,1,0,0
200700074839,7,12,22,1900,2,1,1,1,1,465,4908900,114400,500,3,2,2,0,1,1,0,55,1,0,1,0,0
200700074840,7,12,5,1000,1,2,1,3,3,25,4869900,134800,500,3,2,0,2,1,1,0,70,2,0,1,0,0
200700074846,7,12,21,1300,1,1,9,9,1,402,4951800,184500,500,3,2,2,0,1,2,0,62,7,0,1,0,0
200700074847,7,12,26,515,3,1,1,1,6,332,4940200,178100,500,3,2,2,0,1,1,0,77,1,0,1,0,0
200700074849,7,12,7,1400,1,1,9,1,1,243,4903800,152400,500,3,2,0,0,1,1,0,70,1,0,1,0,0
200700074850,7,12,15,1530,1,1,1,1,6,464,4900200,134600,500,3,2,2,0,0,2,0,60,1,0,1,0,0
200700074852,7,12,23,2200,3,1,1,5,3,510,4918100,136400,500,3,2,0,0,1,1,0,70,2,0,1,0,1
200700074853,7,12,28,1930,3,1,1,1,3,552,4918600,138700,500,3,2,0,0,1,1,0,0,1,0,1,0,1
200700074857,7,12,15,915,1,2,1,1,3,310,4871100,22500,610,3,2,2,0,1,1,0,100,1,0,1,0,0
200700074858,7,12,21,2315,3,1,1,1,3,310,4870500,17400,610,3,2,2,0,1,1,0,0,1,0,1,0,1
200700074859,7,12,21,1645,1,2,1,1,3,145,4859300,63500,610,3,2,2,0,1,1,0,65,1,0,3,0,0
200700074862,7,12,28,1745,3,1,1,5,2,277,4851400,43600,610,2,3,4,0,1,1,10,73,1,0,1,0,0
200700074863,7,12,24,2245,5,2,1,1,6,429,4865200,75600,610,2,2,2,0,1,1,0,106,1,0,1,3,0
200700074864,7,12,8,1045,1,1,1,3,1,173,4710100,136200,440,4,2,2,0,1,3,0,37,2,0,1,0,0
200700074868,7,12,8,1315,1,1,1,2,4,11,4748400,102400,440,3,2,2,0,1,2,60,60,2,0,1,0,0
200700074870,7,12,9,1630,1,2,1,2,6,212,4716200,126300,440,4,2,2,0,0,3,0,0,2,0,0,0,1
200700074871,7,12,6,1915,3,2,1,1,6,36,4772500,137800,440,3,2,0,0,0,0,0,50,1,0,4,0,0
200700074872,7,12,14,830,1,1,1,1,7,1,4756500,155900,440,3,2,0,0,0,1,0,60,7,0,1,0,0
200700074873,7,12,14,830,1,1,1,8,6,36,4771800,139700,440,3,2,0,0,1,1,0,60,7,0,3,0,0
200700074874,7,12,20,1115,1,2,1,1,6,36,4772200,137600,440,9,2,2,0,1,1,0,0,1,0,1,0,0
200700074875,7,12,26,1830,3,1,1,2,6,153,4772000,148300,440,3,2,2,0,0,3,0,60,6,0,3,0,0
200700074876,7,12,29,1600,1,1,1,1,7,85,4767000,141300,440,3,2,2,0,0,1,0,60,1,0,3,0,0
200700074877,7,12,29,2130,1,1,2,1,1,95,4758200,136800,440,3,2,2,0,0,1,0,60,1,0,1,0,0
200700074878,7,12,2,1200,1,1,1,3,6,15,4744900,170900,440,3,2,2,0,1,3,0,46,2,0,1,0,0
200700074879,7,12,3,1830,3,1,1,1,3,111,4737300,173000,440,3,2,2,0,1,1,0,65,1,0,1,0,1
200700074880,7,12,7,2130,3,1,1,1,5,113,4759000,160600,440,3,2,2,0,1,1,0,77,1,0,1,0,1
200700074881,7,12,10,2000,3,1,1,1,7,110,4746900,152600,440,3,2,2,0,1,2,0,0,1,0,3,0,1
200700074882,7,12,13,1845,3,1,1,1,3,149,4749300,155200,440,3,2,2,0,0,1,0,65,1,0,1,0,0
200700074883,7,12,18,1130,1,1,2,1,3,51,4761600,167700,440,3,2,2,0,1,1,0,50,1,0,0,0,0
200700074884,7,12,18,1800,3,1,1,1,1,214,4755800,170100,440,3,2,2,0,2,1,0,55,1,0,1,0,1
200700074885,7,12,21,600,3,1,2,1,3,73,4745200,166200,440,3,2,0,0,0,1,0,60,1,0,1,0,0
200700074886,7,12,13,1800,3,1,1,1,7,131,4714100,204900,440,3,2,2,0,1,1,0,0,1,0,1,0,0
200700074888,7,12,23,1800,5,2,1,1,1,38,4715900,199200,440,9,2,2,0,0,1,0,47,1,0,1,0,1
200700074889,7,12,1,130,3,1,1,3,6,69,4733800,238300,440,3,2,2,0,1,2,0,0,2,0,1,0,0
200700074894,7,12,16,1645,3,1,1,1,6,103,4733100,213800,440,2,3,0,0,1,1,0,70,1,0,3,0,0
200700074896,7,12,22,1845,5,2,1,1,6,210,4729800,221200,440,4,3,2,0,1,1,40,58,1,0,1,0,0
200700074897,7,12,30,930,1,1,1,1,6,158,4730000,175600,440,3,2,2,0,1,1,0,0,1,0,1,0,0
200700074899,7,12,8,30,3,1,1,8,6,217,4729600,174000,440,9,2,0,0,0,1,0,56,2,5,1,0,0
200700074900,7,12,22,1100,1,1,1,1,3,19,4731800,190900,440,3,2,2,0,1,3,0,41,1,0,1,0,0
200700074901,7,12,6,1430,1,1,1,2,3,21,4745100,25600,490,3,2,2,0,1,3,70,0,2,5,1,0,0
200700074902,7,12,26,745,3,2,1,5,1,194,4745900,27800,490,3,2,2,0,1,0,0,76,2,0,1,0,1
200700074903,7,12,6,730,3,1,3,1,3,222,4737100,56500,490,3,0,2,0,1,1,0,0,1,0,1,0,0
200700074904,7,12,24,600,3,1,1,5,6,86,4725900,44400,490,3,2,0,0,2,1,0,0,2,0,1,0,0
200700074907,7,12,5,715,2,2,1,1,2,160,4741300,93100,490,3,2,2,0,1,1,0,65,1,0,1,0,0
200700074910,7,12,11,1515,1,2,1,1,3,23,4721000,99000,490,4,2,0,0,1,1,0,70,1,5,1,0,0
200700074912,7,12,28,2215,3,1,1,1,7,260,4707900,101900,490,3,2,2,0,0,2,0,62,1,0,1,0,0
200700074915,7,12,18,1745,2,1,2,1,3,13,4749300,7500,490,3,2,2,0,1,1,0,48,1,0,1,0,0
200700074917,7,12,31,1445,1,1,1,1,3,41,4729200,4900,490,3,2,2,0,0,1,4,160,1,5,0,0,0
200700074922,7,12,4,1700,2,1,1,1,7,294,4747900,70500,490,3,0,2,0,1,1,0,70,1,0,3,0,0
200700074923,7,12,12,815,2,1,1,1,6,155,4757100,72100,490,3,2,0,0,1,1,0,56,1,0,3,0,1
200700074924,7,12,22,1030,1,1,2,7,3,330,4762200,62200,490,3,2,2,0,0,1,0,56,1,0,1,0,0
200700074925,7,12,23,1130,1,1,1,8,6,183,4751800,93600,490,3,2,0,0,4,1,42,0,7,0,1,0,0
200700074926,7,12,5,2045,3,1,1,8,7,170,4767000,55700,490,3,2,2,0,2,1,0,7,1,0,3,0,0
200700074927,7,12,15,1830,1,1,1,1,7,90,4762500,49400,490,3,2,2,0,1,1,0,58,1,2,1,0,1
200700074928,7,12,1,230,3,1,1,2,5,1,4804300,89200,530,3,2,0,0,1,1,60,0,2,0,1,0,0
200700074929,7,12,4,2015,5,2,1,8,3,62,4783800,71400,530,9,2,2,0,1,1,0,41,1,0,1,3,0
200700074930,7,12,12,1715,1,1,1,1,6,104,4783400,56000,530,3,2,2,0,1,1,0,60,1,0,3,0,1
200700074932,7,12,20,1500,1,2,1,1,3,62,4783000,70500,530,3,2,2,0,2,1,65,82,1,0,1,0,0
200700074933,7,12,21,2045,5,2,6,1,6,84,4785300,95500,530,3,0,2,0,1,1,0,0,1,0,3,0,0
200700074936,7,12,10,1930,5,1,1,1,3,8,4795000,18400,720,3,0,2,0,1,1,0,50,1,0,1,0,0
200700074939,7,12,31,1915,3,1,2,1,3,58,4797600,25800,720,3,2,2,0,1,1,11,71,1,0,1,0,0
200700074941,7,12,21,2000,3,2,1,1,1,382,4793900,46800,720,3,2,0,0,1,1,60,0,1,0,1,3,1
200700074942,7,12,8,1945,3,1,1,2,7,386,4801500,27100,720,3,2,0,2,3,1,0,43,2,0,5,0,1
200700074944,7,12,1,1045,1,1,3,1,3,26,4815400,38900,720,3,2,0,0,4,1,0,75,1,0,1,0,1
200700074946,7,12,11,1830,3,1,1,1,1,346,4788500,3100,720,3,2,3,0,2,1,5,126,1,5,1,0,0
200700074947,7,12,15,1500,1,2,1,1,3,73,4803000,6900,720,3,2,0,0,1,1,0,75,1,5,1,0,0
200700074956,7,12,3,1045,1,1,1,1,7,162,4845200,19400,720,3,2,2,0,1,2,0,51,1,0,1,0,1
200700074957,7,12,27,1445,1,1,1,9,6,120,4825600,16500,720,3,2,2,0,1,1,0,56,2,0,1,0,0
200700074958,7,12,31,1545,1,2,1,1,1,6,4841100,8700,720,6,2,2,0,1,1,0,69,1,0,1,0,0
200700074960,7,12,24,1545,1,1,3,1,3,51,4666500,104500,850,3,2,3,0,4,1,0,111,1,0,1,0,0
200700074961,7,12,24,2045,3,1,1,1,1,165,4678200,111400,850,3,2,2,0,0,1,0,77,9,0,1,0,0
200700074962,7,12,24,1130,1,2,1,1,6,51,4669000,105000,850,9,2,0,0,4,2,0,0,7,0,1,0,0
200700074964,7,12,21,1900,3,1,1,1,1,217,4694700,128700,850,3,2,2,0,0,1,0,78,1,0,1,0,0
200700074965,7,12,19,1215,1,1,1,1,4,151,4700500,96400,850,3,2,2,0,3,1,0,0,1,5,1,0,0
200700074968,7,12,11,930,1,1,3,1,3,303,4634200,82400,850,3,2,0,0,0,1,0,62,1,0,1,0,0
200700074969,7,12,7,2015,5,2,1,1,1,180,4684100,77800,850,3,2,2,0,1,1,0,53,1,0,1,0,0
200700074972,7,12,11,1400,1,2,1,1,3,113,4672600,234700,850,9,1,2,1,2,3,0,40,1,0,5,0,0
200700074973,7,12,22,1800,2,1,1,1,5,152,4662500,166000,850,3,2,0,0,1,1,0,0,1,0,1,0,0
200700074974,7,12,20,1415,5,2,1,1,3,163,4701200,224600,850,4,2,2,0,1,1,0,50,1,0,1,0,0
200700074982,7,12,28,1700,2,2,1,5,6,312,4494700,60600,330,3,2,0,0,1,1,0,60,2,5,1,0,0
200700074984,7,12,12,1830,5,2,1,1,1,422,4481000,77800,330,3,2,2,0,1,1,0,0,1,0,1,0,0
200700074985,7,12,14,1600,1,1,1,1,5,477,4516100,62700,330,3,2,2,0,1,1,0,64,1,0,1,0,0
200700074986,7,12,15,2000,3,1,2,1,3,100,4513900,63700,330,3,0,2,0,0,1,0,60,1,0,1,0,0
200700074988,7,12,16,230,3,1,1,1,6,323,4457600,21800,330,4,2,2,0,1,4,0,30,1,0,3,0,0
200700074989,7,12,8,1415,1,1,1,9,5,474,4467000,47000,330,3,2,0,0,0,3,0,0,2,0,1,0,0
200700074990,7,12,26,1515,1,1,1,1,6,363,4476000,39000,330,3,2,1,0,1,1,0,60,1,0,3,0,0
200700074991,7,12,3,900,1,2,8,1,1,80,4475400,53600,330,4,2,2,0,2,1,0,65,2,0,1,0,1
200700074992,7,12,27,1500,1,1,1,1,1,77,4462000,50400,330,3,2,2,0,1,2,0,0,1,0,1,0,0
200700074993,7,12,8,1930,3,1,1,3,7,334,4470000,41000,330,3,2,2,0,0,2,0,70,2,0,1,0,0
200700074994,7,12,6,1515,1,1,6,1,3,415,4501000,44000,330,3,2,2,0,1,1,0,80,1,5,1,0,0
200700074995,7,12,19,1945,5,1,6,1,2,415,4501000,44000,330,3,2,2,0,0,0,0,0,0,5,0,0,0
200700074996,7,12,7,800,2,2,1,3,6,352,4458800,7100,330,2,2,2,0,2,1,0,96,2,0,1,0,0
200700074997,7,12,20,1015,1,1,1,1,1,523,4474300,26900,330,3,2,2,0,1,1,0,55,1,0,3,0,0
200700074998,7,12,5,1300,1,1,1,1,6,240,4528300,91600,330,3,2,2,0,0,1,0,70,1,0,3,0,1
200700074999,7,12,22,130,3,1,1,1,6,300,4527000,107000,330,3,2,2,0,1,1,30,70,1,5,1,0,1
200700075001,7,12,1,1715,2,2,9,1,3,12,4499400,69400,330,3,2,2,0,1,1,0,54,1,0,1,3,0
200700075002,7,12,21,915,1,1,1,1,2,490,4543900,103800,330,3,2,2,0,1,1,0,59,1,0,1,0,0
200700075003,7,12,12,1530,1,1,3,1,1,531,4482200,25100,330,3,2,2,3,4,1,28,92,1,5,1,0,0
200700075004,7,12,4,1500,1,1,1,1,1,437,4487100,8900,330,4,2,2,0,1,2,0,50,1,0,1,0,0
200700075005,7,12,10,930,1,1,1,1,7,138,4504500,13400,330,3,2,2,0,1,2,0,50,1,2,3,0,0
200700075008,7,12,21,1700,1,2,1,1,1,302,4494800,18400,330,4,2,0,0,0,1,0,60,1,0,1,0,0
200700075012,7,12,21,745,2,1,1,9,3,394,4547500,43400,240,3,2,2,0,1,1,0,72,7,0,1,0,0
200700075015,7,12,20,1815,3,1,1,1,6,442,4512600,48700,240,3,2,2,0,1,1,0,54,1,0,1,0,0
200700075017,7,12,13,730,5,2,1,1,6,11,4521700,82900,240,2,2,2,0,3,2,0,77,1,0,1,3,1
200700075018,7,12,23,1115,1,1,1,1,1,540,4531400,85200,240,3,2,0,0,1,1,0,60,1,0,1,0,0
200700075021,7,12,4,830,1,1,1,8,1,551,4541900,92500,240,2,2,2,0,2,1,0,74,2,0,1,0,1
200700075022,7,12,20,1345,1,1,1,1,2,133,4553800,96900,240,2,2,2,0,1,1,0,75,1,0,3,0,0
200700075023,7,12,23,1930,3,1,1,9,6,158,4539700,108800,240,3,2,2,0,1,2,0,71,7,0,3,0,1
200700075024,7,12,9,1330,1,1,1,3,1,243,4529200,54200,240,3,2,2,0,2,1,0,58,2,0,1,0,1
200700075025,7,12,27,1545,1,2,1,1,6,434,4533800,50800,240,3,2,2,0,0,2,0,0,1,0,1,0,0
200700075031,7,12,20,1045,1,1,1,9,7,135,4411800,60600,400,3,2,0,0,0,1,0,0,7,0,3,0,0
200700075032,7,12,2,1945,3,1,1,1,6,313,4380700,76100,400,3,2,2,0,1,1,0,0,1,0,1,0,0
200700075033,7,12,10,1345,1,1,1,8,3,269,4364300,110000,400,3,2,2,0,0,2,0,62,2,0,1,0,1
200700075034,7,12,21,800,2,1,1,1,3,95,4363100,89700,400,3,2,2,0,1,1,0,43,1,2,1,0,0
200700075036,7,12,8,1845,5,2,1,8,3,209,4356900,144400,400,2,2,2,0,1,1,0,102,2,0,1,0,0
200700075037,7,12,27,1900,5,2,1,1,3,273,4354700,137700,400,4,2,0,0,1,1,0,0,1,0,1,0,0
200700075038,7,12,30,1630,1,1,1,1,1,44,4355800,131900,400,2,2,2,0,0,3,0,80,1,0,1,0,0
200700075039,7,12,3,1130,3,1,1,1,6,246,4418300,77700,400,3,2,2,0,0,1,0,70,1,0,1,0,0
200700075040,7,12,14,1345,1,2,1,1,1,184,4420800,124200,400,3,2,2,0,1,1,63,0,1,0,1,0,1
200700075043,7,12,24,2030,3,1,1,8,1,169,4415200,63800,470,2,2,2,0,2,4,0,60,2,0,1,0,0
200700075045,7,12,20,1845,5,1,1,1,7,128,4417100,70500,470,3,2,2,0,1,1,0,74,1,0,3,0,0
200700075048,7,12,10,930,1,1,1,1,6,229,4473300,28600,470,4,2,0,0,4,2,0,40,1,0,1,0,1
200700075050,7,12,7,1815,5,2,1,8,6,65,4436500,37600,470,3,2,2,0,1,1,0,83,2,6,1,0,0
200700075053,7,12,30,515,3,1,1,2,1,96,4464900,63300,470,3,2,2,0,3,3,0,63,2,0,1,0,1
200700075055,7,12,9,630,3,1,1,2,6,306,4438100,49200,470,3,2,0,0,1,1,0,60,2,0,1,0,0
200700075057,7,12,27,1315,1,1,1,1,6,313,4451800,43500,470,3,2,2,0,2,3,0,70,1,0,3,0,0
200700075059,7,12,29,1800,3,1,2,2,1,137,4320500,23700,640,3,2,2,0,1,2,0,58,2,0,1,0,0
200700075060,7,12,30,1645,1,1,1,1,3,270,4316800,23100,640,3,2,2,3,1,1,0,97,1,5,1,0,1
200700075062,7,12,3,1015,1,1,1,3,3,279,4334800,140100,640,3,2,2,0,1,3,0,84,2,0,1,0,1
200700075063,7,12,12,1200,1,2,1,1,1,279,4333900,140700,640,4,2,2,0,1,0,0,60,1,0,1,0,0
200700075064,7,12,10,1745,3,1,1,2,2,559,4326100,87800,640,3,2,2,0,1,1,0,0,2,0,1,0,0
200700075065,7,12,22,945,1,2,1,7,6,493,4333000,102900,640,3,2,2,0,1,1,0,72,1,6,1,0,0
200700075066,7,12,21,930,5,2,1,1,7,353,4309200,41900,640,4,2,2,0,1,1,0,46,1,0,1,0,0
200700075068,7,12,5,730,2,1,1,8,1,306,4335000,62900,640,3,2,2,0,2,3,0,54,2,0,1,0,0
200700075073,7,12,16,1145,1,1,1,1,5,19,4673100,43000,860,3,2,0,0,1,1,0,156,1,0,3,0,0
200700075078,7,12,27,445,3,1,1,9,6,287,4709200,12300,860,3,2,2,0,1,2,0,0,7,0,1,0,0
200700075080,7,12,28,1845,3,1,1,1,1,109,4690700,13100,860,3,2,0,0,1,1,0,72,1,0,1,0,1
200700075081,7,12,25,1915,1,1,1,8,1,172,4623800,75000,860,3,2,2,0,2,3,0,64,6,0,1,0,0
200700075089,7,12,4,1215,1,1,1,1,6,253,4601500,900,160,3,2,2,0,1,2,0,60,1,0,3,0,1
200700075090,7,12,5,1600,1,2,1,2,3,292,4602700,19300,160,3,2,0,0,1,1,10,60,2,0,1,0,0
200700075095,7,12,5,1830,3,1,1,1,1,407,4617900,100300,170,3,2,0,0,1,2,0,0,2,0,1,0,0
200700075096,7,12,1,445,3,1,1,3,7,218,4628000,99000,170,2,2,0,0,1,1,0,70,4,0,1,0,0
200700075097,7,12,6,1715,5,2,1,2,1,360,4615400,130700,170,9,2,0,0,1,1,0,0,2,0,1,0,0
200700075100,7,12,14,1345,1,2,1,1,3,385,4594900,130800,170,6,0,0,0,1,1,0,0,0,0,0,0,1