Num_Acc,an,mois,jour,hrmn,lum,agg,int,atm,col,com,lat,long,dep,catr,circ,nbv,vosp,prof,plan,lartpc,larrout,surf,infra,situ,env1,killed
200700075101,7,12,19,1645,1,2,1,1,6,64,4569500,105400,170,3,2,2,0,1,3,0,54,1,0,1,3,0
200700075102,7,12,3,915,1,2,1,8,6,168,4599200,109200,170,4,1,0,0,0,1,0,44,9,0,1,0,1
200700075105,7,12,30,1415,1,2,1,1,3,3,4611800,93500,170,3,2,2,0,1,1,0,64,1,0,1,0,0
200700075106,7,12,14,1300,1,1,1,1,6,298,4564700,70800,170,3,2,0,0,1,1,0,55,1,0,0,0,1
200700075107,7,12,13,1830,3,1,1,1,1,97,4565300,89000,170,3,2,0,0,1,1,0,55,1,0,1,0,0
200700075110,7,12,1,2145,3,1,1,1,6,127,4619800,50200,790,3,2,0,0,1,2,0,42,2,0,1,0,0
200700075111,7,12,3,1530,1,1,2,1,3,216,4626000,30000,790,3,2,2,0,1,2,0,54,1,0,1,0,1
200700075114,7,12,1,645,3,1,1,2,3,299,4689200,19800,790,3,2,0,0,1,1,0,75,2,0,1,0,0
200700075115,7,12,18,945,1,2,1,1,2,174,4622600,14600,790,4,2,2,0,2,3,0,54,1,0,1,0,0
200700075116,7,12,21,1630,1,2,1,8,1,61,4627000,21000,790,4,2,2,0,1,2,0,65,1,0,1,0,0
200700075117,7,12,1,200,3,1,1,1,5,83,4611300,9900,790,3,2,2,0,1,3,0,60,1,0,1,0,0
200700075119,7,12,14,815,1,1,1,1,3,201,4584800,118100,870,4,0,2,0,2,3,0,56,7,0,1,0,0
200700075120,7,12,26,1030,1,1,1,1,6,166,4573000,110000,870,3,2,2,0,1,3,0,60,2,0,1,0,0
200700075121,7,12,9,1930,3,1,1,3,7,2,4595700,145300,870,3,2,2,0,1,3,0,64,2,0,3,0,1
200700075122,7,12,29,1545,1,1,1,2,1,2,4594800,134300,870,4,2,2,0,1,1,0,56,7,0,1,0,0
200700075123,7,12,8,915,1,2,1,1,3,117,4581500,176500,870,3,2,2,0,2,2,0,72,1,0,1,0,1
200700075124,7,12,19,1745,2,1,1,1,3,190,4589700,157900,870,3,2,2,0,1,1,0,74,1,0,1,0,0
200700075125,7,12,7,815,4,1,1,2,1,60,4564100,94500,870,3,2,0,0,3,1,0,57,2,0,1,0,0
200700075126,7,12,9,1645,1,1,1,8,6,106,4567700,114200,870,3,2,2,0,0,1,0,0,2,2,3,0,0
200700075127,7,12,19,1415,1,2,1,1,1,187,4552300,120800,870,3,0,2,0,0,2,0,71,1,0,1,0,0
200700075128,7,12,9,500,3,1,1,2,1,11,4611800,106100,870,2,2,2,0,4,2,0,103,2,0,1,0,0
200700075129,7,12,31,2100,3,1,1,5,7,61,4615700,112100,870,3,2,2,0,1,1,0,70,2,0,1,0,0
200700075131,7,12,22,815,1,1,1,9,1,118,4547900,176800,190,3,2,2,0,0,3,0,68,7,0,1,0,0
200700075132,7,12,27,1845,3,1,1,2,6,248,4546900,149300,190,3,2,2,0,1,2,70,0,2,0,3,0,0
200700075133,7,12,30,1700,4,1,1,8,1,194,4534900,168800,190,3,2,2,0,4,2,0,66,1,0,1,0,0
200700075134,7,12,5,1345,1,1,1,1,6,31,4509500,143500,190,3,0,0,0,0,2,0,65,2,0,0,0,0
200700075135,7,12,12,1815,3,1,1,1,3,93,4510600,156800,190,3,2,2,0,0,1,0,0,1,0,1,0,0
200700075136,7,12,26,2000,3,1,1,1,6,229,4513600,143700,190,3,2,0,0,1,2,0,65,1,0,3,0,0
200700075137,7,12,26,1245,1,1,1,7,3,229,4516000,146300,190,4,2,0,0,1,2,0,0,1,0,1,0,0
200700075138,7,12,16,1245,1,1,1,1,1,121,4542900,139500,190,3,2,2,0,2,2,0,65,1,0,1,0,0
200700075139,7,12,20,1745,3,1,1,1,7,223,4546200,146700,190,3,2,2,0,1,1,0,65,1,0,1,0,0
200700075140,7,12,26,1730,1,1,1,1,3,135,4549000,233600,190,3,2,0,0,2,1,0,66,1,0,1,0,0
200700075141,7,12,1,230,3,1,1,6,6,149,4620100,215900,230,2,3,2,0,1,1,0,93,1,2,1,0,1
200700075142,7,12,15,1515,1,1,1,1,2,2,4620800,198000,230,2,3,2,0,0,1,0,75,1,0,1,0,0
200700075144,7,12,3,1515,1,1,1,1,6,162,4629200,200600,230,3,2,2,0,1,2,0,46,0,0,1,0,0
200700075146,7,12,22,1800,3,1,1,3,7,26,4625500,227700,230,4,2,2,0,2,2,0,0,4,0,3,0,0
200700075153,7,12,9,1730,3,1,1,1,2,356,4368900,122000,310,2,2,2,0,1,1,0,70,2,0,1,0,0
200700075154,7,12,23,1545,1,1,1,1,7,341,4372200,129500,310,3,2,0,0,1,1,0,53,2,0,1,0,0
200700075155,7,12,30,1415,1,1,1,1,2,341,4371100,134300,310,3,2,2,0,1,2,60,0,1,0,1,0,0
200700075156,7,12,29,1815,5,2,2,1,5,420,4349900,140000,310,4,0,2,0,2,1,0,60,1,0,1,0,0
200700075159,7,12,3,1745,5,1,1,2,3,187,4353000,126800,310,3,2,2,0,1,1,0,62,2,0,1,0,0
200700075160,7,12,22,715,5,2,1,1,6,75,4355000,115300,310,3,2,2,0,1,1,0,43,9,0,3,0,1
200700075161,7,12,27,1800,3,1,1,5,1,435,4341900,116800,310,3,2,2,0,0,0,0,50,1,0,0,0,1
200700075166,7,12,11,2130,3,1,1,1,6,374,4343100,161900,310,3,2,2,0,1,2,0,60,1,0,3,0,0
200700075167,7,12,15,1900,3,1,1,1,6,582,4341900,174200,310,3,0,2,0,1,1,0,60,2,0,1,0,0
200700075168,7,12,7,645,5,2,1,1,3,573,4365800,165100,310,3,2,2,0,2,3,0,70,1,5,1,0,0
200700075169,7,12,29,1045,1,1,1,1,3,285,4364900,160400,310,3,2,2,0,1,1,0,110,1,0,1,0,0
200700075171,7,12,2,645,5,2,1,1,6,451,4346000,200400,310,3,2,2,0,1,2,0,69,2,0,4,0,1
200700075173,7,12,18,2030,3,1,1,9,7,154,4299500,143800,90,3,2,2,0,1,3,0,60,7,0,1,0,0
200700075174,7,12,6,1400,1,2,1,1,2,160,4293000,185000,90,3,2,0,0,1,1,0,60,1,0,1,0,0
200700075178,7,12,18,730,3,1,1,9,1,194,4309100,186600,90,3,2,0,0,1,1,0,78,7,0,1,0,0
200700075179,7,12,18,915,1,1,1,1,1,194,4310000,189700,90,3,2,2,0,1,3,0,68,7,0,1,0,0
200700075180,7,12,29,1745,3,1,1,2,1,194,4313500,183700,90,3,2,2,0,2,3,0,52,2,0,1,0,0
200700075181,7,12,30,600,3,1,3,3,3,178,4310800,191700,90,3,2,2,0,4,1,0,52,2,5,1,0,0
200700075184,7,12,9,545,3,1,1,2,7,96,4449300,273900,120,3,2,2,0,1,3,70,0,2,0,3,0,1
200700075187,7,12,19,700,2,2,1,8,6,30,4457900,216500,120,3,2,2,0,1,3,0,60,7,0,1,0,0
200700075192,7,12,9,1745,3,2,1,6,6,106,4372300,98200,320,3,2,2,0,2,1,0,60,2,0,3,0,0
200700075193,7,12,12,1830,5,2,1,1,6,160,4361600,108900,320,9,2,2,0,1,1,0,90,1,0,1,0,0
200700075194,7,12,8,1630,1,1,8,2,6,107,4400200,35900,320,3,2,2,0,1,4,0,63,2,4,3,0,0
200700075197,7,12,11,1430,1,1,1,1,1,5,4372700,4600,320,3,2,2,0,3,2,0,60,1,0,1,0,0
200700075198,7,12,16,1030,3,1,1,1,1,25,4386700,4200,320,3,2,0,0,3,1,0,55,1,0,1,0,0
200700075205,7,12,1,600,3,1,1,8,7,32,4455600,139700,460,3,2,2,0,1,3,0,52,2,0,1,0,0
200700075206,7,12,15,1515,1,1,1,1,1,149,4446300,149800,460,3,2,2,0,1,3,0,62,0,0,1,0,0
200700075207,7,12,7,1445,1,1,1,2,6,114,4458000,116000,460,3,2,0,0,4,3,0,40,2,2,3,0,0
200700075208,7,12,21,700,3,1,1,9,6,332,4463600,206900,460,2,2,2,0,1,2,0,66,7,0,3,0,0
200700075209,7,12,11,1545,1,1,1,1,3,176,4463000,185000,460,3,2,2,0,1,1,0,60,1,0,1,0,1
200700075213,7,12,24,730,2,2,1,5,6,215,4479700,147400,460,3,2,2,0,2,3,0,73,7,0,3,0,1
200700075215,7,12,16,1000,1,1,1,1,7,257,4317000,900,650,2,2,2,0,1,1,0,100,1,0,3,0,0
200700075219,7,12,19,1545,1,1,1,1,3,412,4348100,9600,650,3,0,0,0,1,1,0,52,1,0,1,0,0
200700075222,7,12,1,1445,1,1,1,2,1,360,4310700,13400,650,3,2,2,0,1,1,0,59,1,0,1,0,0
200700075225,7,12,4,1645,1,1,1,1,2,59,4388600,210100,810,3,2,2,0,2,1,0,64,1,0,1,0,0
200700075227,7,12,24,1445,1,1,1,1,7,193,4363800,277700,810,3,2,2,0,1,3,0,53,7,0,0,0,0
200700075230,7,12,4,1930,5,2,1,1,7,89,4574800,477300,690,3,3,3,3,1,1,35,33,1,0,1,0,0
200700075231,7,12,5,1800,5,2,9,8,3,89,4573500,474600,690,4,2,2,0,2,3,0,36,1,0,1,0,0
200700075232,7,12,10,1715,3,2,1,2,6,89,4575200,473700,690,3,2,2,0,1,1,70,0,2,6,1,0,0
200700075233,7,12,7,745,2,1,1,2,5,145,4387900,184200,810,3,2,2,0,1,1,0,70,2,0,1,0,0
200700075235,7,12,7,1630,1,1,1,2,7,239,4349300,246100,810,3,2,1,0,1,2,0,69,2,0,3,0,0
200700075237,7,12,8,1015,1,1,1,2,1,195,4408500,127800,820,3,2,0,0,0,2,0,76,2,0,1,0,0
200700075238,7,12,8,615,3,1,1,2,6,134,4407800,152900,820,3,2,2,0,1,1,0,52,2,2,1,0,0
200700075241,7,12,17,1045,1,2,1,1,6,96,4403500,121500,820,3,2,2,0,1,1,0,0,1,0,3,0,0
200700075242,7,12,7,1930,3,1,1,2,1,124,4402600,128000,820,3,2,2,0,2,4,0,63,2,0,1,0,0
200700075249,7,12,20,2345,5,2,1,1,3,287,4569500,503600,690,2,2,0,0,1,1,0,46,1,0,1,0,0
200700075263,7,12,2,1945,5,2,1,1,7,9,4594000,472100,690,3,1,1,0,1,1,50,0,1,6,1,0,0
200700075264,7,12,18,1730,3,1,1,9,7,140,4589700,470100,690,3,2,0,0,1,1,100,0,1,0,1,0,0
200700075265,7,12,15,915,1,2,1,1,3,19,4611200,475300,690,3,2,2,0,2,1,80,0,1,0,1,0,0
200700075268,7,12,17,530,1,2,1,5,6,243,4590000,442700,690,2,2,0,0,1,1,0,0,1,6,1,0,0
200700075275,7,12,31,1900,3,1,1,5,1,316,4583600,566100,10,3,2,2,0,1,2,0,67,2,0,1,0,0
200700075276,7,12,21,1600,1,1,1,1,4,345,4594800,531400,10,3,2,2,0,1,1,0,110,1,0,1,0,0
200700075277,7,12,13,1030,1,1,1,1,1,87,4618000,568200,10,3,2,2,0,1,1,0,53,2,2,1,0,0
200700075279,7,12,17,1430,1,2,6,1,6,237,4621300,560600,10,3,2,1,0,0,1,50,62,1,5,1,0,0
200700075282,7,12,2,1915,3,1,1,3,5,288,4619100,593000,10,3,1,2,0,1,1,0,0,2,0,1,0,0
200700075288,7,12,28,745,2,1,1,2,7,243,4605300,477400,10,3,2,2,0,1,1,0,48,2,0,3,0,0
200700075290,7,12,3,1930,3,1,1,1,1,259,4430600,460800,70,3,2,2,0,0,1,0,77,1,5,1,0,0
200700075291,7,12,25,1945,3,1,1,9,1,167,4482300,461700,70,3,2,2,0,2,2,0,79,7,0,1,0,0
200700075292,7,12,22,1600,1,1,1,2,6,346,4449700,466400,70,3,2,0,0,0,3,0,64,2,0,1,0,0
200700075293,7,12,13,715,5,2,1,1,6,181,4475800,474900,70,3,2,2,0,1,1,0,77,1,0,1,0,0
200700075295,7,12,26,2200,3,1,1,1,6,343,4454000,434600,70,3,2,2,0,2,2,0,63,1,0,3,0,1
200700075301,7,12,5,2130,3,2,1,8,6,64,4490100,441100,70,3,2,2,0,1,3,0,60,2,0,0,0,0
200700075302,7,12,13,2130,3,1,1,1,6,188,4520500,470700,70,4,2,2,0,0,4,0,45,1,0,3,0,0
200700075305,7,12,9,915,1,1,1,1,3,258,4463300,497500,260,3,2,0,0,3,3,0,0,1,0,1,0,0
200700075309,7,12,9,400,3,1,1,5,6,140,4512100,508200,260,3,2,2,0,2,3,0,50,2,0,1,0,1
200700075310,7,12,13,1630,2,1,1,1,3,323,4507700,511400,260,3,2,0,0,1,1,0,0,1,5,1,0,0
200700075311,7,12,2,1015,1,1,1,1,5,320,4507000,523800,260,3,2,2,0,0,3,0,72,2,0,1,0,0
200700075315,7,12,10,2000,5,2,1,2,6,170,4526300,565900,380,4,1,1,0,2,3,0,30,2,5,1,0,0
200700075317,7,12,3,1645,2,1,1,2,4,195,4515000,537300,380,3,2,2,0,0,1,0,0,2,0,1,0,0
200700075322,7,12,8,615,3,1,1,2,5,450,4528800,554600,380,3,2,2,0,1,1,0,75,2,0,1,0,1
200700075323,7,12,13,1900,3,1,9,1,3,450,4530500,560400,380,3,2,2,0,1,1,0,71,1,0,1,0,0
200700075326,7,12,20,1815,5,2,1,1,3,247,4582300,540600,380,3,2,0,0,1,1,0,50,1,0,1,0,0
200700075329,7,12,26,1745,2,2,1,1,1,357,4554500,552900,380,3,2,0,0,1,2,0,80,1,0,1,0,0
200700075330,7,12,27,730,2,1,1,5,6,292,4545600,552100,380,3,2,0,0,1,1,0,60,2,0,1,0,0
200700075334,7,12,29,2245,3,1,1,2,7,209,4736300,165400,440,2,1,2,0,1,1,0,0,2,0,1,0,0
200700075336,7,12,28,2130,5,1,1,1,6,336,4547400,483200,380,5,2,0,0,1,4,0,62,1,0,1,0,1
200700075341,7,12,13,800,2,1,1,1,5,97,4578600,516700,380,3,2,2,0,1,1,0,65,1,0,1,0,1
200700075342,7,12,6,1345,1,1,1,1,3,51,4533500,490200,380,3,2,2,0,0,1,0,60,1,0,1,0,0
200700075343,7,12,18,1700,1,1,1,1,2,72,4532900,480800,380,2,2,2,0,1,1,30,30,1,5,1,0,0
200700075344,7,12,19,1145,1,2,1,1,1,72,4531900,482500,380,4,2,0,0,0,1,0,59,1,0,1,0,0
200700075345,7,12,22,500,3,2,1,2,6,468,4534400,480800,380,4,2,2,0,1,3,0,50,7,0,1,0,0
200700075346,7,12,9,1400,1,1,1,1,3,122,4557800,404100,420,3,2,2,0,2,4,0,74,2,0,1,0,0
200700075348,7,12,2,530,3,1,1,9,6,291,4583100,388100,420,3,2,2,0,2,3,0,56,5,0,3,0,0
200700075351,7,12,8,2015,5,2,1,2,3,94,4574800,423000,420,4,2,2,0,1,1,0,60,2,0,1,0,0
200700075352,7,12,8,1245,1,1,1,1,3,214,4567400,429500,420,3,2,2,0,1,1,0,63,1,0,1,0,0
200700075353,7,12,16,1600,1,1,1,1,6,66,4578700,417200,420,3,2,2,0,1,3,0,0,1,0,1,0,0
200700075354,7,12,31,1130,1,2,3,1,3,94,4574600,422900,420,4,2,2,0,1,1,0,75,1,5,1,0,0
200700075355,7,12,9,300,3,1,1,5,1,262,4539100,415600,420,3,2,2,0,2,2,0,67,2,0,3,0,0
200700075357,7,12,24,1800,3,1,1,9,1,262,4540700,414600,420,3,2,2,0,2,3,0,66,2,0,1,0,1
200700075358,7,12,2,1530,3,2,1,1,7,222,4564900,429800,420,3,2,2,0,0,2,0,63,9,0,1,0,0
200700075359,7,12,18,1145,1,2,1,1,6,81,4561300,425800,420,4,2,2,0,1,1,0,50,1,0,4,0,0
200700075361,7,12,7,645,3,1,1,2,6,70,4595300,404700,420,3,2,2,0,2,2,0,61,2,0,3,0,0
200700075363,7,12,2,1300,1,1,1,1,6,176,4605000,397000,420,3,2,2,0,1,1,0,92,2,0,3,0,0
200700075364,7,12,10,715,2,2,1,2,6,230,4583500,401200,420,3,2,2,0,1,1,0,0,2,0,1,0,0
200700075365,7,12,18,1215,1,1,1,1,1,288,4505200,552300,730,3,2,0,0,2,1,0,79,1,0,5,0,1
200700075366,7,12,17,1715,1,1,1,1,6,84,4551300,601800,730,3,2,2,1,0,3,0,113,1,0,3,0,1
200700075368,7,12,4,1945,3,1,1,1,1,162,4560500,627800,730,3,2,2,0,1,1,0,76,1,0,1,0,1
200700075374,7,12,21,1800,3,2,9,1,6,181,4549100,653200,730,9,1,1,0,0,0,0,0,1,6,1,0,0
200700075375,7,12,3,2015,3,1,1,2,6,261,4521500,649100,730,3,2,2,0,0,1,0,62,2,2,0,0,0
200700075376,7,12,14,1030,1,2,1,7,6,248,4527900,634700,730,3,2,2,0,1,1,0,65,1,0,1,0,0
200700075377,7,12,16,1430,2,2,1,1,3,320,4526100,638300,730,3,2,0,0,2,1,0,0,1,0,1,0,0
200700075378,7,12,27,2000,4,1,1,1,5,306,4515300,642100,730,3,2,0,0,0,3,0,0,7,0,1,0,0
200700075379,7,12,8,2015,3,1,1,2,6,19,4548300,629200,730,3,2,2,0,0,1,0,75,2,0,3,0,0
200700075382,7,12,27,2215,5,2,3,1,3,225,4586100,594500,740,3,2,0,0,1,1,0,0,1,5,1,0,0
200700075384,7,12,10,1030,1,2,1,4,3,280,4587900,632400,740,3,2,2,0,1,1,0,0,5,0,1,0,0
200700075386,7,12,13,1845,5,2,1,1,6,212,4601400,639700,740,3,2,2,0,1,1,0,64,1,6,1,0,0
200700075387,7,12,29,100,5,2,1,9,6,143,4589800,678300,740,9,2,0,0,1,1,0,69,7,0,1,0,0
200700075391,7,12,3,1700,5,2,1,2,1,224,4607000,631700,740,4,2,2,0,1,1,0,70,2,5,1,0,0
200700075392,7,12,12,1500,1,1,1,8,6,250,4603300,639200,740,3,2,2,0,2,2,0,65,2,0,1,0,0
200700075394,7,12,3,1030,1,2,1,2,6,256,4594000,663300,740,2,2,0,0,1,1,0,0,2,0,1,0,0
200700075398,7,12,11,1800,3,1,2,2,1,105,4633000,629400,740,3,2,2,0,2,2,0,80,2,0,1,0,0
200700075400,7,12,9,1400,1,1,1,1,3,146,4572100,339900,630,3,2,0,0,0,3,0,52,0,0,1,0,0
200700075401,7,12,24,1100,1,2,1,7,1,40,4572300,333500,630,9,2,2,0,0,1,0,60,1,0,0,0,0
200700075402,7,12,27,1445,1,1,1,9,3,236,4558500,280200,630,3,2,2,0,2,3,0,62,2,0,1,0,1
200700075406,7,12,14,1700,2,1,1,8,1,227,4570100,321600,630,3,2,2,0,1,1,0,62,1,0,1,0,0
200700075408,7,12,23,1600,1,1,1,7,6,472,4561900,325100,630,3,2,2,0,3,3,0,53,1,0,1,0,0
200700075410,7,12,5,1600,1,1,1,1,3,207,4565200,368400,630,3,2,2,0,2,3,0,46,1,0,1,0,1
200700075412,7,12,5,1730,5,2,1,2,6,135,4594000,311000,630,3,2,2,0,1,1,0,71,2,0,1,0,0
200700075413,7,12,5,1345,1,2,1,1,1,215,4593900,322200,630,3,2,2,0,2,1,0,63,1,0,1,0,0
200700075414,7,12,1,2245,3,1,1,2,2,381,4584900,288200,630,3,2,2,0,2,1,0,69,2,0,1,0,1
200700075415,7,12,6,730,2,1,1,1,5,286,4607600,299000,630,3,2,2,0,1,1,0,70,1,0,1,0,0
200700075416,7,12,13,1600,1,2,1,1,1,430,4586700,352700,630,3,2,0,0,2,3,0,67,2,1,1,3,0
200700075417,7,12,13,800,2,1,1,8,7,364,4583400,342400,630,3,2,2,0,1,1,0,77,2,0,0,0,0
200700075420,7,12,26,1615,1,1,1,1,3,114,4641200,335400,30,2,2,2,0,4,1,0,105,1,5,1,0,0
200700075425,7,12,8,1515,1,1,1,3,6,212,4634400,252000,30,3,2,2,0,1,1,0,48,2,0,3,0,0
200700075426,7,12,14,1415,2,1,1,5,1,305,4639000,269400,30,2,2,2,0,1,1,0,136,2,0,1,0,0
200700075427,7,12,21,2200,3,1,1,1,6,305,4638900,269300,30,2,2,0,0,0,0,0,0,0,0,0,0,0
200700075428,7,12,9,730,1,1,1,2,7,52,4632000,270500,30,3,2,0,0,1,4,0,70,2,0,3,0,0
200700075429,7,12,13,2200,3,1,1,1,6,314,4629000,261900,30,4,2,2,0,1,4,0,50,1,0,3,0,0
200700075431,7,12,8,1915,5,2,1,2,5,264,4607500,346600,30,3,2,2,0,1,1,20,81,2,0,1,0,0
200700075433,7,12,20,1015,1,2,9,1,7,6,4616000,373000,30,4,2,2,0,2,1,0,50,1,0,3,0,0
200700075434,7,12,20,730,2,2,1,8,7,298,4631100,342100,30,2,2,0,1,2,0,0,110,1,0,1,0,1
200700075435,7,12,21,830,3,1,1,9,3,137,4628100,347400,30,2,3,0,0,1,1,25,78,7,0,1,0,1
200700075436,7,12,21,2045,5,1,1,1,1,267,4494000,239300,150,3,2,2,0,0,1,0,74,1,0,1,0,1
200700075437,7,12,24,1500,1,1,1,1,1,212,4465800,222600,150,3,2,2,0,2,3,0,61,1,0,1,0,0
200700075438,7,12,3,1800,3,1,1,2,1,192,4503200,269400,150,2,2,3,0,0,0,0,138,2,0,1,0,0
200700075439,7,12,9,1400,1,1,1,2,7,19,4530200,240000,150,3,2,2,0,1,3,0,70,2,0,1,0,0
200700075441,7,12,7,745,2,1,1,2,6,13,4527400,313800,150,3,2,0,0,1,1,0,70,2,0,3,0,0
200700075442,7,12,6,1030,1,1,2,1,1,244,4507600,295800,150,3,2,2,0,2,1,0,145,1,0,1,0,0
200700075443,7,12,3,1215,1,1,1,1,1,45,4502500,384300,430,3,2,2,0,1,2,0,72,2,0,1,0,1
200700075444,7,12,1,845,1,1,1,8,6,194,4507400,406800,430,3,2,2,0,0,1,0,57,2,0,3,0,0
200700075447,7,12,19,915,1,1,1,9,6,127,4535100,416200,430,3,2,0,0,1,2,0,70,9,0,1,0,0
200700075448,7,12,19,745,2,2,3,1,3,12,4539500,422900,430,4,2,2,0,1,1,0,50,0,0,1,0,0
200700075449,7,12,11,1830,5,2,1,4,1,87,4522500,434900,430,3,2,2,0,2,1,0,65,5,0,1,0,0
200700075453,7,12,21,1100,1,2,1,7,6,620,4920600,601700,570,4,1,0,0,1,1,0,70,7,0,1,0,0
200700075454,7,12,31,1630,2,1,1,8,1,415,4915300,612500,570,3,2,2,0,3,1,0,72,2,0,1,0,1
200700075455,7,12,31,1600,5,2,1,2,3,620,4920000,599600,570,3,2,0,0,0,1,0,75,2,0,1,0,0
200700075457,7,12,28,1615,1,2,1,8,2,433,4921700,617500,570,3,2,0,0,1,1,0,220,2,0,1,0,0
200700075466,7,12,7,730,5,2,1,2,6,190,4906200,655400,570,3,2,2,0,1,1,0,64,2,0,1,0,0
200700075468,7,12,19,745,2,1,8,5,6,379,4895900,661200,570,3,2,2,0,1,1,0,55,7,4,1,0,0
200700075471,7,12,8,1000,1,2,1,1,3,14,4903400,681600,570,3,2,2,0,1,1,0,60,1,0,1,0,0
200700075473,7,12,30,1745,5,2,1,2,6,262,4898200,673600,570,3,2,2,0,1,2,0,78,2,0,1,0,1
200700075475,7,12,27,1115,1,1,1,2,1,732,4914100,739400,570,3,2,2,0,2,3,0,65,2,0,3,0,1
200700075477,7,12,28,1515,1,1,1,1,6,767,4932700,626200,570,3,2,2,0,2,1,0,64,2,0,1,0,0
200700075482,7,12,8,1800,3,1,1,6,1,358,4876500,639400,540,3,2,2,0,1,1,0,75,2,0,1,0,0
200700075484,7,12,1,1830,3,1,1,8,6,31,4884100,609100,540,3,2,2,0,1,1,0,64,2,0,3,0,1
200700075485,7,12,24,2100,5,2,1,1,6,157,4884800,606900,540,4,2,2,0,1,3,0,60,1,0,4,0,0
200700075488,7,12,11,400,3,1,1,2,2,196,4857400,617500,540,2,3,2,0,2,1,0,0,2,0,1,0,0
200700075494,7,12,22,1700,2,1,1,9,6,520,4858000,661800,540,2,3,4,0,0,0,98,76,7,0,3,0,0
200700075495,7,12,22,1630,1,1,1,1,6,335,4864600,642300,540,3,2,2,0,2,1,72,0,7,0,1,0,1
200700075498,7,12,5,2145,3,1,1,3,1,208,4874300,594300,540,3,2,2,0,2,1,0,60,2,0,1,0,0
200700075499,7,12,14,1730,2,1,1,1,4,208,4875900,595500,540,3,2,0,0,3,1,0,70,1,0,1,0,0
200700075500,7,12,29,1000,1,1,1,8,7,19,4879500,585700,540,3,2,2,0,1,1,0,90,7,0,1,0,0
200700075501,7,12,8,1915,5,2,1,3,2,177,4892100,524000,550,3,2,2,0,1,1,0,84,2,0,1,0,0
200700075504,7,12,5,2115,3,1,1,2,7,215,4851500,549300,550,3,0,2,0,0,1,0,75,0,0,1,0,0
200700075506,7,12,6,700,3,1,1,8,7,166,4912700,538200,550,3,2,2,0,2,3,0,69,2,0,1,0,1
200700075507,7,12,11,1300,1,1,1,1,7,385,4911600,524300,550,3,2,2,0,0,3,65,0,2,0,1,0,0
200700075508,7,12,31,2100,3,1,1,1,1,449,4905300,548300,550,3,2,2,0,1,4,0,58,1,0,1,0,0
200700075509,7,12,2,1800,3,1,2,3,3,191,4923200,559200,550,3,2,2,0,1,1,0,64,2,0,3,0,0
200700075510,7,12,8,1730,3,1,1,2,6,198,4910800,561800,550,3,2,2,0,1,1,0,67,2,0,1,0,0
200700075511,7,12,24,1845,2,2,1,9,6,63,4929700,574100,550,4,2,2,0,1,2,0,0,9,0,1,0,0
200700075512,7,12,2,315,3,1,1,2,6,508,4817700,622000,880,3,2,2,0,0,1,0,0,2,0,0,0,0
200700075513,7,12,12,2145,5,2,1,1,7,136,4822700,645700,880,4,2,2,0,1,3,0,70,1,0,1,0,0
200700075514,7,12,3,745,2,1,1,2,6,131,4817200,663700,880,4,2,2,0,2,4,0,65,2,0,1,0,0
200700075516,7,12,14,1600,2,1,9,9,3,101,4813000,658700,880,3,2,2,0,1,3,0,65,0,0,1,0,0
200700075517,7,12,31,1900,3,1,1,1,3,86,4819400,674200,880,3,4,2,0,1,1,0,0,1,5,1,0,0
200700075518,7,12,4,1730,5,2,1,1,6,90,4837600,629300,880,4,1,2,0,1,1,0,50,2,0,1,0,0
200700075520,7,12,21,1300,1,1,1,9,2,513,4833500,634100,880,2,3,4,3,1,1,0,97,7,0,2,0,0
200700075522,7,12,13,1215,1,1,1,1,1,224,4832600,643900,880,4,2,2,0,1,1,0,41,1,0,1,0,0
200700075529,7,12,21,2030,4,1,1,9,6,89,4819100,679600,880,3,2,1,0,1,1,0,62,7,0,1,0,0
200700075531,7,12,19,645,5,2,1,1,1,319,4838300,691400,880,3,2,0,0,0,1,70,0,1,0,1,0,0
200700075532,7,12,23,1730,3,1,1,1,1,372,4840000,685000,880,3,2,2,0,1,1,0,70,1,0,1,0,0
200700075533,7,12,2,630,3,1,1,2,6,285,4839600,761500,670,3,3,0,0,1,1,0,0,2,0,1,0,0
200700075534,7,12,9,915,1,1,1,2,6,433,4838400,760800,670,3,2,2,1,1,1,0,109,2,0,1,0,1
200700075536,7,12,7,1430,5,2,9,2,1,378,4847300,773200,670,4,2,0,0,0,0,0,0,2,0,1,0,0
200700075537,7,12,17,1645,3,1,1,1,4,313,4853600,745400,670,3,2,2,0,0,1,0,80,1,0,1,0,1
200700075540,7,12,19,1815,3,1,1,1,3,434,4892700,710600,670,3,2,2,0,2,2,0,78,1,0,1,0,0
200700075542,7,12,6,815,3,1,1,1,6,361,4870200,766800,670,3,2,0,0,1,2,27,53,2,0,3,0,0
200700075543,7,12,19,1730,5,2,1,1,1,506,4867100,771900,670,2,2,2,0,1,1,4,105,1,5,1,0,0
200700075544,7,12,8,2030,5,2,6,2,7,202,4876200,757400,670,3,2,2,0,2,3,0,0,2,5,1,0,0