Num_Acc,an,mois,jour,hrmn,lum,agg,int,atm,col,com,lat,long,dep,catr,circ,nbv,vosp,prof,plan,lartpc,larrout,surf,infra,situ,env1,killed
200700075987,7,12,14,715,3,1,1,9,7,223,4717700,234300,180,3,2,2,0,0,3,0,75,7,0,3,0,0
200700075988,7,12,30,830,2,1,1,9,2,48,4834800,143900,280,2,2,0,0,1,1,0,0,0,0,1,0,0
200700075989,7,12,9,1800,3,1,1,3,5,158,4841500,142400,280,3,2,0,0,1,1,0,85,3,0,1,0,0
200700075990,7,12,9,2030,5,2,1,2,7,325,4847300,136600,280,3,2,0,0,1,2,0,56,2,0,3,0,0
200700075991,7,12,1,1830,3,1,1,1,3,363,4842000,192900,280,3,0,0,0,1,1,0,0,1,0,1,0,0
200700075992,7,12,17,930,1,1,1,1,3,15,4847700,177200,280,3,2,0,0,1,1,0,60,1,0,1,0,0
200700075994,7,12,11,1000,5,2,1,1,6,88,4808300,133900,280,2,3,2,0,1,1,45,90,1,5,1,0,1
200700075995,7,12,6,1545,1,2,1,2,6,61,4821600,116800,280,3,2,2,0,3,3,0,0,2,0,1,0,0
200700075996,7,12,15,200,3,2,1,1,6,61,4821900,117300,280,3,2,1,0,2,3,0,0,1,0,3,0,0
200700075997,7,12,9,1645,1,2,1,3,1,359,4876600,125100,280,3,2,2,0,0,2,0,0,2,5,1,0,0
200700076000,7,12,10,1730,2,2,1,8,6,279,4864500,152300,280,3,2,2,0,4,1,10,60,2,0,1,0,0
200700076001,7,12,30,1515,5,2,1,1,6,280,4831500,82800,280,3,2,2,0,1,3,0,55,2,0,1,0,0
200700076003,7,12,12,315,3,1,1,1,6,47,4642200,136600,360,3,2,2,0,1,1,0,30,1,0,1,0,0
200700076004,7,12,17,1815,5,2,1,1,1,53,4664000,129000,360,3,2,2,0,1,1,0,69,1,0,1,0,0
200700076006,7,12,14,515,5,2,1,9,6,149,4694600,132200,360,3,2,2,0,2,2,0,54,7,0,3,0,0
200700076007,7,12,20,945,1,2,1,1,6,31,4689400,142600,360,3,2,2,0,0,0,0,0,1,5,1,0,0
200700076008,7,12,25,1630,2,1,1,2,1,149,4692500,130500,360,3,2,2,0,2,1,0,71,2,0,1,0,0
200700076009,7,12,18,1845,3,2,1,1,2,55,4694200,123000,360,3,2,0,0,1,0,0,60,1,0,1,0,0
200700076010,7,12,31,1845,3,1,1,1,1,8,4690200,126700,360,4,2,0,0,1,0,0,30,1,0,1,0,1
200700076013,7,12,22,915,1,1,1,9,7,179,4694200,191900,360,3,2,2,0,1,1,0,55,7,0,1,0,0
200700076014,7,12,9,430,3,1,1,8,6,171,4741000,93300,370,3,2,2,0,1,1,0,175,2,0,3,0,0
200700076015,7,12,7,2345,3,1,9,2,1,206,4750000,63000,370,3,0,2,0,0,0,0,42,0,0,0,0,0
200700076016,7,12,13,630,3,1,1,9,5,276,4756700,88100,370,3,2,2,0,2,1,0,75,7,0,1,0,0
200700076017,7,12,13,1400,1,2,1,1,1,63,4759500,92200,370,3,2,2,0,2,3,0,62,1,0,1,0,0
200700076018,7,12,19,900,1,1,1,9,2,179,4746000,73600,370,3,2,0,0,1,1,0,74,2,0,1,0,0
200700076019,7,12,28,530,3,2,1,5,6,160,4756700,101200,370,3,2,2,0,1,2,0,53,2,0,0,0,0
200700076021,7,12,24,1445,1,1,1,9,6,216,4716200,56900,370,3,2,2,0,2,2,0,48,7,0,3,0,1
200700076023,7,12,8,1830,3,1,1,2,3,282,4680200,84200,370,3,2,0,0,1,1,0,60,2,0,1,0,1
200700076024,7,12,1,430,3,1,1,3,7,272,4747300,110900,410,3,2,2,0,1,2,0,60,2,0,3,0,1
200700076029,7,12,11,1230,1,2,1,1,3,239,4726300,140000,410,3,2,2,0,1,1,0,71,1,0,1,0,0
200700076030,7,12,14,845,2,1,1,9,3,258,4731800,133600,410,3,2,2,0,1,1,0,80,7,0,1,0,0
200700076031,7,12,22,1030,1,1,1,9,6,42,4716000,131000,410,3,2,2,0,2,1,0,58,7,0,1,0,1
200700076034,7,12,29,630,3,1,1,2,6,73,4790900,104600,410,3,2,1,0,1,1,0,51,2,0,3,0,1
200700076039,7,12,17,1530,1,1,1,1,6,146,4791100,385300,290,1,3,4,0,1,1,30,72,1,0,3,0,0
200700076041,7,12,28,1815,5,1,1,9,1,205,4579100,128800,870,3,2,0,0,1,1,0,107,2,5,1,0,0
200700076042,7,12,31,1815,3,1,1,1,5,205,4574400,128100,870,3,2,2,0,2,1,0,0,1,0,1,0,0
200700076044,7,12,15,930,3,1,1,1,1,283,4869700,738600,670,3,2,2,0,0,3,31,149,1,5,1,0,0
200700076045,7,12,10,745,2,1,1,2,6,473,4726500,506800,210,3,2,2,0,1,1,0,100,2,0,1,0,0
200700076046,7,12,13,845,1,1,1,1,3,40,4348200,554000,130,3,2,0,0,1,1,0,70,1,0,1,3,0
200700076047,7,12,18,530,3,1,1,1,2,40,4347900,552800,130,3,2,2,0,1,1,20,60,1,0,1,0,0
200700076048,7,12,19,1145,1,1,1,4,1,221,4409100,19100,470,3,2,2,0,0,2,60,0,7,0,1,0,0
200700076052,7,12,13,700,2,2,1,1,6,68,4319200,255600,110,3,2,3,0,1,1,0,90,1,5,1,0,0
200700076053,7,12,8,1745,3,1,1,3,1,257,4593600,206700,230,3,2,2,0,1,4,0,58,2,0,1,0,0
200700076059,7,12,11,1000,1,2,1,1,6,5,4474600,109800,330,3,2,2,0,0,1,0,96,1,5,1,0,0
200700076066,7,12,22,1015,1,1,1,1,6,270,4633000,481000,710,1,3,0,0,1,3,105,30,1,0,2,0,0
200700076070,7,12,26,1415,3,1,1,1,6,97,4364500,489000,130,1,1,0,0,1,1,40,100,1,0,1,0,0
200700076071,7,12,24,2045,3,1,1,1,2,118,4355600,524900,130,1,1,3,0,1,1,10,140,1,0,1,0,0
200700076072,7,12,2,445,3,1,1,1,6,49,4324800,608600,830,1,3,2,0,1,1,35,95,1,0,1,0,0
200700076073,7,12,20,1945,3,1,1,1,3,54,4315100,603400,830,1,3,2,0,1,1,15,60,1,0,2,0,0
200700076074,7,12,21,1415,1,1,1,1,6,57,4341400,617600,830,1,3,3,0,1,1,20,115,1,0,2,0,0
200700076078,7,12,18,1315,1,1,1,1,5,531,4944600,269700,600,1,3,3,0,1,1,30,135,1,0,1,0,0
200700076081,7,12,21,1830,3,1,9,1,4,64,4556700,537200,380,1,1,2,0,1,1,20,85,1,0,1,0,0
200700076082,7,12,2,30,3,1,1,3,6,194,4806000,96900,530,3,2,2,0,2,3,0,50,3,0,3,0,1
200700076086,7,12,12,1600,1,1,1,5,6,136,4773800,151300,410,1,3,3,0,0,0,6,105,0,0,0,0,0
200700076087,7,12,29,1600,1,1,1,2,6,114,4776300,155600,410,1,3,3,0,1,1,8,135,2,0,3,0,0
200700076093,7,12,18,1330,1,2,1,1,3,273,4739900,76300,370,3,2,2,0,1,1,0,0,1,0,1,0,0
200700076095,7,12,13,1815,3,1,1,1,1,140,4886400,803600,670,3,2,2,0,1,1,0,39,1,0,1,0,0
200700076097,7,12,27,1030,3,1,1,1,5,382,4524400,566200,380,1,3,3,0,1,0,0,0,1,0,1,0,0
200700076100,7,12,16,1100,1,1,1,1,7,27,4567400,474800,690,3,2,1,0,2,4,0,61,1,0,1,0,0
200700076101,7,12,14,1045,1,1,1,1,1,172,4357500,386500,340,1,3,0,0,1,1,0,0,1,0,1,0,0
200700076102,7,12,22,615,2,1,1,1,7,272,4574300,315000,630,1,1,2,0,1,1,0,0,1,3,3,0,0
200700076103,7,12,4,1915,3,1,1,1,1,52,4546700,325700,630,1,3,2,3,2,1,0,125,1,3,1,0,0
200700076104,7,12,31,830,1,1,1,1,2,545,4337100,168200,640,1,3,0,0,1,1,30,73,1,0,1,0,0
200700076105,7,12,10,900,1,1,1,8,4,85,4854800,221400,910,2,3,2,0,2,1,10,70,2,0,1,0,0
200700076110,7,12,8,1845,3,1,1,2,4,397,4523000,582200,380,1,3,2,0,1,1,0,80,2,3,2,0,0
200700076116,7,12,12,145,3,1,1,1,6,430,4329300,194500,110,1,3,2,0,1,1,50,100,1,2,3,0,1
200700076120,7,12,19,600,3,1,1,1,3,42,4450000,83600,330,1,1,2,0,1,1,100,75,7,0,1,0,0
200700076121,7,12,19,745,1,1,1,9,2,42,4450100,78800,330,1,1,2,0,0,0,15,0,7,0,0,0,0
200700076127,7,12,10,1730,5,2,1,2,6,229,4520800,576200,380,3,2,4,0,1,1,55,150,2,5,1,0,0
200700076128,7,12,11,700,2,2,1,2,1,431,4526000,584700,380,3,2,2,0,1,1,0,75,2,0,1,0,0
200700076129,7,12,13,1400,1,1,1,1,6,249,4521700,583000,380,4,2,0,0,1,1,0,50,1,0,1,0,0
200700076131,7,12,9,600,5,1,1,1,6,466,4892800,199700,780,3,1,22,0,1,3,20,72,2,0,1,0,0
200700076132,7,12,16,1915,5,2,1,1,6,466,4892400,197700,780,4,2,2,0,1,1,0,70,1,0,1,0,0
200700076135,7,12,12,830,1,1,1,8,4,91,4648000,6000,860,1,1,0,0,2,2,50,70,1,2,1,0,0
200700076136,7,12,20,1530,1,1,9,1,7,109,4609200,583300,740,1,0,2,0,1,3,15,110,1,0,4,0,0
200700076137,7,12,24,2000,3,1,1,1,6,77,4606900,590400,740,1,3,2,0,2,2,15,110,2,0,1,0,0
200700076139,7,12,16,15,5,2,1,1,4,279,4550600,424200,420,4,2,0,0,0,1,0,0,1,0,1,0,0
200700076140,7,12,1,1945,3,1,1,1,5,338,4916100,410100,510,3,2,2,0,3,1,0,54,1,0,1,0,0
200700076141,7,12,21,2145,3,2,1,1,6,450,4919600,411400,510,3,2,0,0,1,1,0,56,1,0,3,0,1
200700076142,7,12,11,915,1,1,1,7,3,152,4362600,702200,60,3,2,2,0,2,2,0,76,1,0,1,0,0
200700076143,7,12,17,845,1,2,1,1,6,18,4362600,710800,60,3,2,0,0,1,1,0,70,1,0,1,0,0
200700076147,7,12,7,2230,3,1,1,4,7,372,4974700,162500,760,1,1,2,0,1,1,10,70,7,0,1,0,0
200700076148,7,12,13,600,2,1,9,9,7,101,4992800,164000,760,1,1,1,0,2,3,0,42,2,3,1,0,1
200700076150,7,12,4,1745,3,1,3,1,3,243,4764000,272100,560,4,2,0,0,1,1,71,0,1,0,1,0,0
200700076151,7,12,8,130,3,1,1,1,1,248,4755900,265700,560,3,2,2,0,1,1,0,45,1,0,1,0,0
200700076158,7,12,28,800,1,2,1,1,6,159,4351100,379700,340,4,2,2,0,1,1,0,64,1,0,1,0,0
200700076160,7,12,3,1245,1,2,2,1,3,577,4928000,56300,140,3,2,0,0,1,1,0,60,1,5,1,0,0
200700076161,7,12,22,1500,1,1,1,2,2,277,4628600,304800,30,1,3,2,3,1,1,25,95,2,0,1,0,0
200700076164,7,12,23,845,1,1,1,1,6,84,4362400,694700,60,3,3,4,3,1,3,20,120,2,0,1,0,0
200700076165,7,12,14,1615,1,1,1,9,6,377,4752200,43000,490,1,1,1,0,4,2,25,80,7,3,1,0,0
200700076166,7,12,23,1845,3,1,1,5,1,296,4861700,771800,670,3,2,2,2,1,1,0,90,7,0,1,0,0
200700076168,7,12,10,1545,1,1,1,1,6,389,4310700,47800,650,1,3,2,0,1,1,20,70,1,0,2,0,0
200700076169,7,12,24,2145,3,1,1,5,5,417,4322100,11600,650,1,3,2,0,4,2,30,75,2,3,1,0,0
200700076172,7,12,30,1530,1,1,9,9,3,118,4548000,602000,730,1,1,0,0,1,2,0,96,2,3,2,0,0
200700076173,7,12,22,2200,3,1,1,2,6,517,4528800,552500,380,1,3,0,0,1,2,20,75,2,0,2,0,0
200700076176,7,12,24,1800,3,1,1,1,4,212,4878100,425900,510,1,3,2,0,1,1,10,0,1,0,1,0,0
200700076182,7,12,15,1545,5,2,1,2,6,189,4605500,648500,740,4,2,2,0,0,1,0,57,2,0,0,0,0
200700076190,7,12,23,230,3,1,1,9,6,275,4551900,230100,190,1,2,4,0,2,2,0,150,7,0,3,0,0
200700076191,7,12,2,800,2,1,1,2,6,356,4874800,205400,780,3,3,0,0,1,1,10,50,2,0,3,0,0
200700076194,7,12,10,815,2,1,1,2,3,119,4810500,4400,720,3,2,1,0,1,1,0,70,2,0,1,0,0
200700076195,7,12,13,500,3,1,1,5,1,320,4807300,15400,720,3,2,1,0,0,2,0,74,7,0,1,0,0
200700076196,7,12,19,1800,3,1,1,1,6,255,4816100,21600,720,4,2,1,0,1,2,0,46,1,0,0,0,0
200700076198,7,12,5,2100,5,2,1,2,3,375,4780700,723700,680,3,3,2,2,1,1,28,71,2,5,1,0,0
200700076199,7,12,17,1045,1,2,1,1,1,547,4350100,130300,310,3,2,2,0,1,1,0,0,1,0,1,0,0
200700076200,7,12,20,1645,1,1,1,1,5,547,4349500,131600,310,3,2,2,0,1,1,0,38,1,0,1,0,0
200700076203,7,12,1,1445,1,1,1,1,6,10,4390000,478000,130,3,2,2,0,1,1,0,80,1,0,1,0,1
200700076204,7,12,7,800,1,1,1,1,7,45,4388300,477600,130,3,2,3,0,1,1,0,0,1,2,3,0,0
200700076205,7,12,5,1330,1,2,1,2,1,711,5006100,137300,760,4,2,2,0,2,0,0,59,2,0,1,0,0
200700076206,7,12,11,830,1,1,1,1,7,638,5000400,143400,760,3,3,0,0,1,1,0,0,1,0,1,0,0
200700076207,7,12,21,1615,1,2,1,8,6,255,5004600,142200,760,3,2,2,0,1,1,0,79,1,6,4,0,0
200700076208,7,12,30,1930,5,2,1,1,1,422,4996100,147400,760,3,2,2,0,1,1,0,90,1,0,1,0,0
200700076209,7,12,29,1030,1,2,1,1,6,410,4337500,62200,640,3,2,3,3,2,1,0,90,1,0,1,0,0
200700076216,7,12,30,700,2,1,1,8,4,510,4906600,198900,950,3,3,4,0,0,1,5,215,2,0,1,0,0
200700076219,7,12,2,45,3,1,1,1,1,177,4777400,298200,560,3,2,2,0,2,2,0,0,1,0,1,0,0
200700076220,7,12,12,1830,4,1,1,1,2,94,4776800,329900,560,3,2,2,0,1,1,0,71,1,0,1,0,0
200700076223,7,12,17,915,1,1,1,1,2,98,4921800,52400,140,2,3,2,0,1,1,10,70,1,0,1,0,0
200700076224,7,12,22,2230,3,2,1,9,6,205,5071700,233700,620,4,2,0,0,1,1,0,37,7,0,1,0,0
200700076225,7,12,8,1045,1,1,1,1,6,118,4374400,390900,340,3,0,2,0,0,0,0,60,0,0,0,0,0
200700076226,7,12,25,845,1,2,1,1,6,309,4368600,392400,340,3,2,2,0,1,1,2,70,1,0,1,0,0
200700076227,7,12,27,745,1,1,1,1,3,77,4365200,388700,340,3,3,1,1,1,1,71,40,1,5,1,0,0
200700076230,7,12,1,1730,2,1,2,8,1,189,4266700,294000,660,3,2,2,0,1,1,0,66,1,0,1,0,0
200700076235,7,12,5,2315,3,1,1,1,1,95,4356700,380100,340,3,2,2,0,4,1,0,0,1,0,1,0,0
200700076236,7,12,18,245,3,1,1,1,2,12,4784300,169400,350,2,3,2,0,2,3,20,70,1,0,1,0,1
200700077113,7,12,2,1632,1,2,1,1,3,31,4516810,453819,190,4,2,2,0,1,1,0,0,1,0,1,0,0
200700077114,7,12,3,1000,1,2,1,2,6,31,4516228,453278,190,4,1,2,0,1,1,0,59,2,0,1,99,0
200700077115,7,12,5,1855,5,2,1,2,6,31,4516710,454838,190,4,2,2,0,1,1,0,118,2,0,1,99,0
200700077116,7,12,5,2026,5,2,3,1,3,31,4516121,450304,190,4,2,3,0,1,1,0,0,2,0,1,99,0
200700077117,7,12,6,1520,1,2,1,1,6,31,4516588,452225,190,4,2,2,0,1,1,0,0,1,0,1,99,0
200700077118,7,12,6,1720,1,2,1,1,6,31,4515918,453368,190,4,1,1,0,1,2,0,0,2,0,1,99,0
200700077119,7,12,6,1820,5,2,1,2,6,31,4515676,452751,190,4,2,2,0,1,1,0,47,2,0,1,3,0
200700077120,7,12,6,1800,5,2,1,2,3,31,4514932,451227,190,4,2,0,0,1,1,0,0,2,0,1,0,0
200700077121,7,12,7,1500,1,2,1,2,6,31,4515836,452363,190,4,2,2,0,1,1,0,0,2,0,1,3,0
200700077122,7,12,8,1520,1,2,3,3,3,31,4515499,453769,190,4,1,0,0,1,1,0,0,2,0,1,0,0
200700077123,7,12,11,1750,5,2,1,1,6,31,4515836,452363,190,4,2,2,0,1,1,0,0,1,0,2,3,0
200700077124,7,12,12,1415,1,2,2,1,6,31,4515645,450408,190,4,2,3,0,1,1,0,0,2,0,1,99,0
200700077125,7,12,14,1225,1,2,3,1,3,31,4515781,455164,190,4,2,2,0,1,1,0,0,1,0,1,99,0
200700077126,7,12,15,1800,5,2,1,1,6,31,4515602,454058,190,4,2,2,0,1,1,0,72,1,0,1,99,0
200700077127,7,12,16,1530,1,2,3,1,2,31,4516726,454848,190,4,2,3,0,1,1,0,0,1,0,1,99,0
200700077128,7,12,20,845,1,2,2,1,3,31,4516256,452279,190,4,2,3,0,1,1,0,0,1,1,1,99,0
200700077129,7,12,21,750,2,2,1,1,6,31,4513943,448482,190,3,2,2,0,0,0,0,70,0,0,1,0,0
200700077130,7,12,23,1705,1,2,1,1,6,31,4515458,448059,190,3,2,2,0,1,0,0,70,1,4,1,0,0
200700077131,7,12,23,1900,5,2,2,1,3,31,4515429,451207,190,3,2,2,0,1,1,0,70,2,0,0,0,0
200700077132,7,12,28,1410,1,2,2,1,3,31,4515907,454121,190,4,2,2,0,1,1,0,0,1,0,1,99,0
200700077133,7,12,9,2250,5,2,1,2,6,272,4525855,375737,190,4,2,2,0,1,1,0,75,2,0,1,99,0
200700077134,7,12,16,1750,2,1,1,1,1,272,4525810,378177,190,3,2,3,0,4,3,0,105,7,0,1,99,0
200700077135,7,12,20,1250,1,2,1,1,6,272,4525864,375234,190,4,2,2,0,1,1,0,102,1,0,1,99,0
200700077349,7,12,12,915,1,2,9,1,7,189,4382683,436118,300,4,1,2,0,1,1,0,98,1,0,1,3,0
200700077350,7,12,1,1000,1,2,1,1,6,189,4382237,435140,300,4,2,4,0,1,1,60,120,1,0,1,99,0
200700077351,7,12,1,1142,1,2,1,1,7,189,4382831,435972,300,4,2,2,0,1,1,0,60,1,0,1,99,0
200700077352,7,12,2,1151,1,2,1,1,4,189,4384736,437000,300,4,2,2,0,1,1,0,70,1,0,1,99,0
200700077354,7,12,3,1825,5,2,1,1,2,189,4385456,437969,300,4,2,3,0,1,1,0,100,1,0,1,99,0
200700077355,7,12,4,858,1,2,1,1,7,189,4384731,439554,300,4,2,9,0,1,1,0,90,1,0,1,0,0
200700077358,7,12,6,2135,5,2,1,1,7,189,4383940,436636,300,4,1,1,0,1,1,0,80,1,0,1,0,0
200700077359,7,12,7,1615,1,2,1,1,6,189,4383307,736532,300,4,2,4,3,1,1,0,180,1,0,1,3,0
200700077360,7,12,7,1843,5,2,1,1,6,189,4383424,436167,300,4,1,3,3,1,2,0,150,1,0,1,3,0
200700077361,7,12,8,1100,1,2,1,1,1,189,4381519,430427,300,3,2,2,0,1,3,0,60,1,0,1,99,0
200700077363,7,12,10,1410,1,2,1,1,6,189,4384047,436535,300,4,2,2,0,1,1,0,90,1,0,1,99,0
200700077364,7,12,11,1923,5,2,1,1,2,189,4381808,434806,300,4,2,6,0,1,1,0,150,1,0,1,99,0
200700077365,7,12,13,220,3,2,1,1,7,189,4384496,428653,300,4,1,2,0,1,1,0,63,1,0,3,99,0
200700077368,7,12,13,2221,5,2,1,1,6,189,4381152,436416,300,6,4,0,3,1,1,0,0,1,6,1,99,0
200700077370,7,12,14,929,1,2,1,1,6,189,4381514,430430,300,4,2,2,0,1,1,0,76,1,0,1,99,1
200700077371,7,12,14,1839,2,2,2,1,3,189,4380505,433669,300,4,2,2,0,1,1,0,110,1,0,1,99,0
200700077372,7,12,15,1931,5,2,1,1,6,189,4383663,433757,300,3,2,2,0,2,1,0,85,1,0,1,99,0
200700077373,7,12,17,843,1,2,1,1,6,189,4382552,436040,300,4,2,2,0,1,1,0,69,1,0,1,99,0
200700077374,7,12,17,1122,1,2,3,1,3,189,4383081,436110,300,4,1,1,0,1,1,0,80,1,0,1,99,0
200700077375,7,12,17,1527,1,2,1,1,6,189,4383889,435743,300,4,1,1,0,1,1,0,34,1,0,1,99,0
200700077376,7,12,17,1825,5,2,6,1,3,189,4383257,438026,300,4,2,2,0,1,2,0,60,1,0,1,99,0
200700077380,7,12,21,1030,1,2,1,1,6,189,4383467,436084,300,4,1,2,0,1,3,0,70,1,0,1,3,0
200700077381,7,12,21,2004,5,2,2,1,3,189,4383309,435480,300,4,3,2,0,1,1,0,134,1,5,1,0,0
200700077383,7,12,22,1305,1,2,1,2,2,189,4381285,436557,300,4,3,1,0,1,1,0,86,2,0,1,0,0
200700077384,7,12,23,929,1,1,1,1,7,189,4375654,434322,300,3,2,2,0,1,1,0,54,2,0,3,99,0
200700077385,7,12,23,1704,3,2,1,1,2,189,4383090,432288,300,4,3,1,0,1,1,0,115,1,0,1,0,0
200700077386,7,12,26,1929,5,2,1,1,6,189,4383503,435067,300,4,1,2,0,1,1,0,105,1,0,1,3,0
200700077388,7,12,27,1645,1,2,1,1,4,189,4381458,436384,300,4,2,4,0,1,1,0,98,1,0,1,99,0
200700077389,7,12,28,2009,3,1,1,1,7,189,4388290,441681,300,3,2,2,0,1,1,0,66,1,0,1,99,0
200700077390,7,12,29,530,5,2,1,1,6,189,4382702,436113,300,4,2,2,0,1,1,0,92,1,0,1,3,0
200700077391,7,12,30,1107,1,2,1,1,7,189,4387019,440815,300,4,2,2,0,1,1,0,40,1,0,1,99,0
200700077392,7,12,30,1440,1,2,1,1,2,189,4383113,435066,300,3,2,2,0,1,1,0,69,1,0,1,0,0
200700077646,7,12,8,2205,4,2,2,1,3,32,4334000,345699,340,4,2,2,0,2,1,0,60,1,5,1,0,0
200700077652,7,12,17,1012,1,1,1,1,7,73,4331700,345699,340,3,2,2,0,1,1,0,120,1,0,1,99,0
200700077666,7,12,3,1340,1,2,1,1,6,172,4360378,389220,340,4,2,5,0,3,1,0,150,1,5,1,3,1
200700077669,7,12,4,1410,1,2,1,1,6,172,4363908,381929,340,4,2,1,0,1,1,0,54,1,0,1,0,1
200700077670,7,12,5,730,5,2,1,1,7,172,4358171,389986,340,4,2,4,0,2,3,36,128,1,0,1,99,1
200700077677,7,12,6,1220,1,2,1,1,3,172,4361373,388268,340,4,2,3,0,1,1,0,95,1,0,1,3,0
200700077678,7,12,9,1810,5,2,1,1,6,172,4360349,389360,340,4,2,3,0,4,1,0,90,1,0,1,99,0
200700077681,7,12,10,825,1,1,1,1,3,129,4357041,389617,340,3,2,5,0,1,1,0,0,1,3,1,99,0
200700077691,7,12,13,2019,5,2,1,1,7,172,4359221,385845,340,4,2,4,0,2,1,0,121,1,0,1,99,0
200700077702,7,12,22,2130,5,2,1,9,6,129,4358538,389598,340,3,3,4,0,1,1,53,66,2,0,1,99,1
200700077706,7,12,26,1210,1,2,1,1,3,172,4360462,388988,340,4,2,3,0,2,1,0,101,1,0,1,99,0
200700077711,7,12,27,1950,5,2,1,1,1,172,4361780,383956,340,4,2,3,0,1,1,0,120,1,5,1,3,0
200700077713,7,12,28,1940,5,1,1,1,1,172,4367116,385973,340,3,2,2,0,1,1,0,90,1,0,1,99,0
200700077714,7,12,28,1900,5,2,1,1,2,172,4359603,386299,340,4,3,3,0,1,2,0,90,1,3,1,99,0
200700077716,7,12,31,1530,1,2,3,1,7,172,4361102,397190,340,4,2,3,0,2,1,0,97,1,5,1,99,0
200700077874,7,12,30,1525,1,1,1,8,6,95,4522325,418364,420,3,2,20,0,2,2,0,45,2,0,1,99,0
200700077875,7,12,30,1530,1,2,1,8,6,44,4523365,420018,420,3,2,2,0,2,4,0,0,2,0,0,0,0
200700077876,7,12,7,1830,3,1,1,3,2,183,4524476,422197,420,3,2,3,0,1,1,0,90,1,0,1,0,0
200700077877,7,12,20,1800,5,2,1,1,6,95,4522998,416928,420,4,1,1,0,1,1,0,35,1,0,0,99,0
200700077878,7,12,21,840,1,2,3,1,3,44,4547500,422596,420,4,2,2,0,1,1,0,0,1,0,1,99,0
200700077879,7,12,21,830,1,1,1,8,5,183,4524477,422597,420,3,1,2,0,1,1,0,740,2,0,1,0,0
200700077880,7,12,21,1150,1,2,1,1,6,44,4524477,422597,420,4,0,1,0,1,0,0,70,1,0,1,99,1
200700077881,7,12,21,1600,1,2,1,1,2,316,4524307,415423,420,4,2,2,0,1,1,0,61,1,0,1,3,0
200700077882,7,12,23,1200,1,2,1,1,6,95,4523048,416676,420,4,2,2,0,1,1,0,50,1,0,1,0,0
200700077883,7,12,23,1310,1,2,1,1,3,95,4523000,416970,420,4,0,0,0,1,0,0,50,1,0,1,99,0
200700077884,7,12,29,1700,5,2,1,2,6,95,4523379,416865,420,6,0,0,0,1,0,0,43,1,0,1,0,0
200600003774,6,1,4,1755,2,2,1,2,3,28,4878219,247355,940,2,0,2,0,0,0,0,80,2,0,1,0,0
200600003775,6,1,10,1820,5,2,1,1,6,28,4880180,246152,940,2,2,4,0,1,1,0,120,0,0,1,0,0
200600003776,6,1,11,1120,1,2,1,1,3,11,4876289,247978,940,3,1,2,0,0,0,0,60,0,0,1,0,0
200600003777,6,1,13,1410,1,2,9,1,2,11,4876290,247916,940,2,1,2,0,0,0,0,60,0,0,1,0,0
200600003778,6,1,13,2135,2,2,1,1,2,28,4878932,243892,940,2,0,2,0,0,0,0,60,0,0,1,0,0
200600003779,6,1,17,830,1,2,1,2,6,28,4880300,246089,940,4,2,2,0,0,0,0,60,0,0,1,3,0
200600003781,6,1,20,1215,1,2,1,1,6,28,4877583,245768,940,4,1,2,0,1,1,0,60,1,0,1,99,0
200600003782,6,1,25,1945,5,2,1,1,4,28,4878332,244704,940,2,3,6,3,1,1,10,180,1,0,1,0,0
200600003783,6,1,27,1230,1,2,1,1,3,28,4880282,246058,940,3,2,2,0,0,0,0,60,0,0,1,0,0
200600003784,6,1,27,1345,1,2,1,1,3,28,4877086,246513,940,3,2,2,0,0,0,0,60,0,0,1,0,0
200600003785,6,1,30,1740,1,2,1,1,3,28,4877149,246063,940,4,2,2,0,1,1,0,60,1,0,1,0,0
200600003786,6,1,31,950,1,2,1,1,6,28,4879924,246611,940,4,2,2,0,1,1,0,60,0,0,1,0,0
200600003787,6,1,31,1700,1,2,2,1,3,28,4878831,246188,940,4,2,2,0,1,1,0,60,1,0,1,0,0
200600004403,6,1,14,1015,1,2,1,7,6,11,5052900,293500,590,3,2,0,0,1,1,0,75,1,0,1,0,0
200600004404,6,1,20,2215,5,2,1,1,3,52,5051600,290000,590,3,2,2,0,1,1,0,62,1,0,1,0,1
200600004405,6,1,17,1400,1,1,2,8,3,303,5057700,286200,590,3,2,2,1,1,2,0,109,2,0,1,0,0
200600004406,6,1,24,1815,3,2,1,1,5,250,5058800,288500,590,3,2,2,0,1,1,0,65,1,0,1,0,0
200600004407,6,1,25,1615,1,2,1,1,6,524,5055700,291700,590,9,2,2,0,1,1,0,46,1,0,1,3,0
200600004409,6,1,22,1430,1,1,1,1,6,256,5058900,314900,590,3,3,1,0,0,2,53,36,1,0,1,0,0
200600004415,6,1,28,1200,1,1,1,1,1,663,5087400,248200,590,3,2,2,0,1,1,0,63,1,0,1,0,0