Num_Acc,an,mois,jour,hrmn,lum,agg,int,atm,col,com,lat,long,dep,catr,circ,nbv,vosp,prof,plan,lartpc,larrout,surf,infra,situ,env1,killed
200600004416,6,1,25,1645,1,1,1,2,1,237,5076600,264400,590,3,2,0,0,2,3,0,60,6,0,1,0,0
200600004417,6,1,14,1045,1,2,1,7,3,335,5047100,340200,590,3,2,2,1,1,3,0,60,1,0,0,0,0
200600004419,6,1,21,900,1,2,1,9,3,439,5016200,379700,590,3,2,2,0,1,4,0,0,7,0,1,0,1
200600004421,6,1,26,1930,3,1,9,1,6,422,5020900,332900,590,3,2,2,0,2,1,0,65,1,0,1,0,1
200600004424,6,1,15,1245,1,1,2,1,3,370,5031600,400000,590,3,2,2,0,1,1,54,0,1,0,1,0,0
200600004425,6,1,23,1115,1,2,1,7,6,53,5030200,379100,590,3,2,2,0,1,2,0,80,1,0,1,0,1
200600004436,6,1,17,830,2,2,1,2,6,318,5051900,164800,620,9,0,2,0,1,1,0,0,2,0,1,3,0
200600004438,6,1,29,223,3,1,1,1,7,752,5048600,169100,620,3,2,2,0,1,2,0,68,1,2,1,0,1
200600004441,6,1,15,115,5,2,1,1,6,78,5086000,193900,620,3,3,0,0,0,0,0,0,1,0,1,0,0
200600004442,6,1,27,1445,3,2,1,1,3,827,5080500,204200,620,3,2,2,0,1,3,0,59,1,0,1,0,0
200600004443,6,1,13,1945,3,1,1,1,6,598,5086000,214500,620,3,2,0,0,2,1,0,43,1,0,0,0,0
200600004444,6,1,17,1745,5,2,1,8,6,57,5088200,208000,620,4,1,0,0,0,1,0,76,2,0,1,3,0
200600004445,6,1,28,1000,1,2,1,8,6,57,5088200,208000,620,9,1,1,0,1,1,0,76,1,0,1,0,0
200600004446,6,1,19,1615,1,1,1,8,7,180,5041100,236800,620,2,2,2,0,1,3,0,0,2,0,1,0,0
200600004447,6,1,23,1245,1,2,1,1,6,647,5039500,209100,620,3,2,1,0,1,1,0,71,1,0,1,0,0
200600004449,6,1,14,1530,1,2,1,1,6,63,5028100,253100,620,4,1,1,0,1,1,0,47,1,0,1,0,0
200600004450,6,1,16,645,5,2,1,9,6,63,5028200,253400,620,3,2,2,0,1,1,0,70,7,0,1,0,0
200600004451,6,1,19,1630,1,2,1,1,1,63,5027900,252000,620,3,2,2,0,0,3,0,63,1,0,1,0,0
200600004452,6,1,21,845,1,1,1,1,6,199,5036900,265200,620,3,2,2,0,1,2,0,65,7,0,3,0,0
200600004455,6,1,3,1540,1,1,2,8,3,800,4988100,181900,800,3,2,2,0,1,1,0,50,1,0,1,0,0
200600004456,6,1,15,1815,3,1,1,1,7,62,4984200,177000,800,3,2,0,0,1,1,0,72,1,0,1,0,0
200600004457,6,1,7,1615,1,1,1,8,5,639,4994300,230900,800,2,4,3,0,1,1,0,0,2,0,1,0,1
200600004459,6,1,27,2015,5,2,2,1,1,488,5001400,200500,800,3,2,2,0,1,1,0,55,1,0,1,0,0
200600004460,6,1,12,915,1,1,1,1,3,308,5006600,162300,800,3,2,2,0,1,1,0,78,1,5,1,0,0
200600004462,6,1,31,1545,1,2,1,1,6,253,5015000,234000,800,4,2,2,0,1,1,0,0,1,0,1,0,0
200600004464,6,1,31,1645,1,2,1,1,6,310,5012200,223300,800,4,2,2,0,1,1,0,63,7,0,4,3,0
200600004469,6,1,23,1745,2,1,1,1,6,10,4976200,237100,800,3,2,0,0,1,1,0,55,1,0,1,0,0
200600004470,6,1,31,1715,1,2,1,9,6,740,4971300,239800,800,3,2,0,0,0,2,0,60,7,0,0,0,0
200600004471,6,1,7,1415,1,1,1,1,7,366,4998600,270500,800,4,2,2,0,1,0,0,27,6,0,1,0,1
200600004472,6,1,4,1145,1,2,1,1,6,621,4981400,285800,800,3,2,2,0,1,1,0,52,1,0,1,0,0
200600004473,6,1,3,1330,1,2,1,1,6,410,4975400,307100,800,3,2,2,0,0,3,0,70,1,0,0,3,0
200600004479,6,1,30,1345,1,1,9,1,2,755,4949300,355600,20,2,2,2,0,1,1,0,74,1,5,1,0,0
200600004480,6,1,1,200,3,1,1,9,6,697,4959300,373900,20,3,2,2,0,1,1,0,44,7,0,3,0,0
200600004486,6,1,14,1930,5,2,1,1,5,810,4925800,310000,20,3,2,1,0,1,3,0,45,1,5,1,0,0
200600004487,6,1,27,1845,3,1,1,1,5,810,4923200,310200,20,3,2,2,0,1,1,0,68,1,0,1,0,0
200600004489,6,1,14,2115,3,1,1,9,6,337,4994500,390500,20,2,2,2,0,0,1,0,77,1,0,3,0,0
200600004490,6,1,6,800,4,2,1,1,6,277,4943600,204500,600,4,2,2,0,1,1,0,35,1,6,1,0,0
200600004491,6,1,23,1845,3,1,3,1,3,290,4948300,213300,600,2,2,2,0,1,1,0,72,1,5,1,0,1
200600004492,6,1,24,445,3,1,1,1,7,251,4946600,222800,600,3,2,2,0,1,1,0,74,1,0,1,0,0
200600004493,6,1,6,1730,5,2,1,2,3,220,4944400,186800,600,2,2,2,0,1,2,0,70,2,0,1,0,0
200600004495,6,1,11,1800,5,2,1,1,5,333,4945200,190100,600,3,2,2,0,0,1,0,69,2,0,1,0,0
200600004502,6,1,17,1215,1,2,1,2,3,590,4953700,200500,600,4,2,2,0,2,3,0,45,2,0,1,0,0
200600004504,6,1,4,845,1,1,1,5,6,524,4932900,243600,600,2,3,0,0,1,1,0,100,1,3,1,0,0
200600004508,6,1,4,1100,1,1,1,1,7,468,4950600,234800,600,3,2,2,0,0,1,0,0,1,0,1,0,0
200600004509,6,1,21,2045,3,1,1,1,7,495,4953000,244100,600,3,2,2,0,4,3,0,54,1,0,1,0,1
200600004510,6,1,31,1600,1,1,3,1,3,150,4953900,294700,600,3,2,2,0,1,1,0,71,1,0,1,0,1
200600004511,6,1,31,845,1,1,1,9,7,166,4945000,279000,600,3,2,0,0,1,1,0,74,7,0,1,0,0
200600004517,6,1,21,445,5,2,1,1,6,282,4918000,245400,600,2,2,2,0,1,1,90,0,1,0,3,3,0
200600004521,6,1,2,1345,1,2,1,1,3,589,4923700,246800,600,9,2,2,0,1,1,0,70,1,0,1,0,0
200600004526,6,1,6,2130,3,1,1,1,6,624,4987800,120200,760,3,2,2,0,2,3,0,70,1,0,3,0,1
200600004527,6,1,7,1200,1,1,1,1,2,215,4994400,118500,760,3,2,0,0,1,1,0,110,1,0,1,0,1
200600004534,6,1,8,900,1,1,1,2,3,462,4974900,147400,760,3,2,2,0,2,2,0,80,2,0,1,0,0
200600004536,6,1,24,2000,5,2,2,1,3,286,4989500,142700,760,3,2,2,0,1,1,0,64,1,0,1,0,0
200600004538,6,1,25,900,1,2,1,1,6,758,4962000,74000,760,2,2,2,2,1,1,8,97,1,0,1,0,1
200600004546,6,1,15,1515,1,1,9,1,1,240,4972200,36400,760,4,2,0,0,1,1,0,79,1,0,1,0,0
200600004550,6,1,12,1315,1,2,1,1,1,507,4891200,127700,270,4,2,2,0,1,1,0,45,0,5,1,0,0
200600004551,6,1,14,45,3,1,1,5,7,350,4883100,124500,270,4,2,0,0,2,4,0,22,1,0,3,0,0
200600004552,6,1,1,115,5,2,2,1,3,69,4881700,74000,270,3,2,2,0,1,1,0,60,2,0,1,0,0
200600004553,6,1,12,1815,3,1,1,2,7,359,4884900,65400,270,4,2,0,0,1,1,37,37,2,0,3,0,0
200600004554,6,1,27,1415,1,1,1,1,2,182,4875200,100200,270,2,3,2,0,1,1,0,0,1,0,1,0,0
200600004558,6,1,5,1800,5,2,1,2,6,116,4919500,71100,270,2,3,2,0,0,1,30,67,2,0,1,0,0
200600004560,6,1,22,500,3,2,2,1,6,7,4898400,78300,270,3,2,2,0,0,1,0,83,1,0,4,0,0
200600004561,6,1,12,545,3,1,1,2,6,517,4915200,132200,270,3,2,2,0,2,3,0,0,2,0,1,0,0
200600004562,6,1,27,930,1,1,1,1,6,365,4929700,121300,270,3,2,1,0,1,2,0,64,0,0,3,0,0
200600004563,6,1,19,1200,1,1,1,1,3,354,4924400,95800,270,3,2,2,0,4,1,0,128,1,5,1,0,0
200600004565,6,1,12,45,3,1,1,1,6,89,4930400,78700,270,4,2,2,0,1,4,0,50,2,0,1,0,0
200600004568,6,1,26,715,2,1,1,1,3,39,4937600,84800,270,3,2,1,0,2,3,0,56,7,0,1,0,0
200600004569,6,1,21,1645,1,2,1,1,1,349,4932700,73000,270,4,2,2,0,2,2,0,0,1,0,1,0,0
200600004570,6,1,24,1215,1,1,3,1,3,218,4927800,45100,270,3,2,2,0,1,1,0,81,1,0,1,0,0
200600004583,6,1,27,1730,2,1,1,1,1,29,4848200,181400,350,3,2,0,0,0,2,0,44,1,0,1,0,0
200600004588,6,1,28,1015,1,1,1,4,6,264,4809100,135100,350,2,3,2,0,1,1,0,110,5,0,3,0,0
200600004589,6,1,7,2300,3,1,1,2,6,108,4795900,140600,350,3,2,2,0,4,3,0,53,2,0,3,0,0
200600004590,6,1,20,200,3,1,1,1,7,235,4790600,117800,350,3,0,2,0,0,3,0,63,2,2,3,0,1
200600004591,6,1,31,1345,1,2,1,1,4,125,4794300,123100,350,3,2,2,0,1,1,0,76,1,0,1,0,0
200600004593,6,1,27,2000,3,1,1,1,3,136,4818600,281300,220,2,2,2,0,1,1,0,71,2,5,1,0,0
200600004595,6,1,3,645,2,1,1,2,6,273,4858100,249900,220,3,2,0,0,0,3,0,63,0,0,3,0,0
200600004597,6,1,25,2030,3,1,1,9,5,287,4849400,284400,220,3,2,0,0,0,2,0,62,7,0,3,0,0
200600004598,6,1,21,1715,1,2,1,1,3,259,4845000,206000,220,2,2,3,3,2,2,0,0,1,5,1,0,0
200600004601,6,1,1,1300,1,2,1,8,6,77,4854500,243300,220,3,2,2,0,2,0,0,0,2,0,1,3,0
200600004602,6,1,12,1600,1,1,1,1,2,354,4857000,321300,220,2,3,4,0,1,1,0,0,1,0,1,0,0
200600004604,6,1,18,2000,5,2,1,1,6,207,4861000,346000,220,3,2,0,0,1,1,0,70,2,0,1,0,0
200600004608,6,1,24,1545,1,2,7,1,6,3,4802800,453700,290,3,1,2,0,1,1,0,65,1,0,1,0,0
200600004609,6,1,4,1430,1,1,1,1,6,46,4808800,429500,290,3,2,2,0,1,1,0,70,1,5,4,0,0
200600004610,6,1,12,1100,1,1,9,1,7,247,4798300,401000,290,3,1,1,0,4,2,0,71,1,3,1,0,0
200600004611,6,1,8,630,3,1,1,1,6,284,4780400,425300,290,4,2,2,0,1,3,7,80,2,0,1,0,1
200600004612,6,1,4,1330,1,1,1,1,3,160,4851700,441000,290,3,2,0,0,1,1,0,93,1,5,1,0,0
200600004613,6,1,11,1600,1,1,1,1,1,160,4850000,442900,290,3,2,0,0,2,1,0,0,1,0,1,0,0
200600004616,6,1,22,1830,1,1,1,1,1,53,4830000,416800,290,2,3,0,0,1,1,40,85,1,3,1,0,0
200600004633,6,1,13,1,1,1,1,1,1,122,4798100,237800,560,3,2,3,3,4,1,7,129,1,5,1,0,1
200600004634,6,1,28,1045,1,1,1,4,7,75,4791700,208500,560,3,2,2,0,1,3,0,65,5,0,1,0,0
200600004635,6,1,15,245,5,1,1,1,7,27,4792900,268200,560,3,2,2,0,1,1,0,60,1,0,3,0,0
200600004636,6,1,4,1515,1,2,1,1,6,178,4805600,295900,560,3,2,0,1,1,1,0,61,1,0,1,0,0
200600004637,6,1,12,1630,1,2,1,1,6,178,4806100,296200,560,3,2,2,0,1,1,0,75,1,0,1,0,0
200600004638,6,1,26,800,3,1,1,9,7,237,4801600,297000,560,3,2,2,0,2,3,0,74,1,0,3,0,0
200600004639,6,1,6,730,3,1,1,1,6,140,4794200,277600,560,3,2,0,0,1,1,0,45,7,0,1,0,0
200600004640,6,1,27,1645,1,2,1,1,6,10,4787900,301900,560,3,2,2,0,1,1,0,25,1,5,1,0,0
200600004647,6,1,24,1915,3,1,1,1,6,728,4929100,74400,140,3,0,2,0,2,1,0,0,1,0,1,0,1
200600004649,6,1,25,1145,1,1,1,1,4,162,4891100,47900,140,3,0,2,0,1,4,0,63,7,2,1,0,0
200600004651,6,1,13,730,5,1,1,1,1,654,4901500,4100,140,3,2,0,0,1,1,32,60,1,5,1,0,0
200600004653,6,1,26,815,2,1,1,9,6,645,4931000,4400,140,3,2,2,0,0,0,42,0,7,0,3,0,0
200600004657,6,1,6,1415,1,1,1,1,3,139,4905000,99200,500,3,2,0,0,1,1,0,103,1,5,1,0,0
200600004665,6,1,13,1930,5,2,1,1,1,497,4931200,142300,500,3,2,1,0,1,0,0,65,1,5,1,0,0
200600004683,6,1,12,630,3,1,3,5,3,142,4707500,139100,440,2,2,0,0,1,1,0,60,1,0,1,0,0
200600004689,6,1,23,1930,2,1,1,1,3,216,4698900,144300,440,3,2,2,0,1,1,0,69,1,0,1,0,0
200600004695,6,1,24,730,5,2,6,1,5,3,4737900,117900,440,4,1,1,0,1,3,110,80,1,5,1,3,1
200600004697,6,1,30,1400,1,2,1,1,1,180,4752900,118000,440,9,0,0,0,1,1,0,79,1,0,1,3,0
200600004698,6,1,1,300,3,1,1,1,6,84,4723600,140300,440,3,2,2,0,1,1,0,0,1,0,3,0,0
200600004701,6,1,6,1700,1,1,1,1,1,62,4751700,175000,440,3,2,0,0,1,3,61,0,1,0,1,0,1
200600004702,6,1,11,1530,1,1,1,2,1,57,4756600,199600,440,3,2,2,0,0,3,0,46,2,0,1,0,0
200600004703,6,1,1,145,3,1,1,1,6,110,4744100,154400,440,3,2,2,0,1,4,0,60,2,0,3,0,0
200600004704,6,1,10,2145,3,1,1,1,1,122,4739500,145500,440,3,2,2,0,1,3,0,60,1,0,1,0,1
200600004705,6,1,17,1515,1,1,1,1,7,179,4737200,145500,440,3,2,2,0,1,3,0,70,1,0,3,0,0
200600004707,6,1,14,1145,1,2,1,1,2,18,4714900,169200,440,3,2,0,0,1,1,0,60,1,0,1,0,0
200600004708,6,1,21,1545,1,2,9,1,3,21,4703300,189400,440,3,2,2,0,1,1,0,62,1,0,1,0,0
200600004711,6,1,8,2115,3,1,1,1,7,133,4713300,181700,440,3,2,2,0,0,2,0,60,0,0,3,0,0
200600004713,6,1,23,1500,3,1,1,1,2,186,4698700,177900,440,3,2,2,0,1,1,0,60,1,0,1,0,0
200600004714,6,1,16,1915,3,1,1,1,1,47,4724700,169200,440,3,2,0,0,1,1,0,61,1,0,1,0,1
200600004719,6,1,31,1415,1,1,1,1,3,13,4738700,209400,440,3,0,2,0,1,1,0,41,1,0,1,0,0
200600004721,6,1,3,715,3,1,1,1,1,308,4740300,51300,490,3,2,2,0,1,2,0,70,1,0,1,0,0
200600004722,6,1,4,1900,3,1,1,8,1,153,4721200,65600,490,3,2,2,0,0,3,0,55,2,0,1,0,0
200600004723,6,1,26,1700,1,1,1,1,3,222,4737400,55900,490,2,2,2,0,2,1,0,74,1,0,1,0,0
200600004725,6,1,13,1830,3,1,1,1,1,281,4716200,75700,490,2,2,2,0,3,1,0,83,1,0,1,0,0
200600004726,6,1,22,330,5,2,1,1,1,199,4718900,69400,490,3,2,0,0,1,1,0,61,1,5,1,0,0
200600004727,6,1,11,2200,3,1,1,1,7,381,4701000,69000,490,3,2,1,0,0,2,0,50,2,0,0,0,0
200600004730,6,1,7,1215,1,2,1,1,6,374,4725700,3100,490,4,2,2,0,0,1,0,0,1,0,1,0,0
200600004731,6,1,31,800,2,2,1,1,2,180,4738300,9500,490,4,2,2,0,1,1,0,0,1,5,1,0,0
200600004732,6,1,1,1215,1,1,1,1,1,61,4761700,103400,490,3,0,2,0,1,1,0,62,2,0,1,0,0
200600004734,6,1,15,1245,1,1,1,1,1,54,4756000,104100,490,3,2,0,0,1,1,0,70,1,5,0,0,0
200600004735,6,1,14,115,4,2,1,1,1,376,4747000,89300,490,3,2,2,0,2,1,0,72,1,0,1,0,0
200600004736,6,1,24,1815,3,1,1,1,6,26,4749900,76800,490,3,2,2,0,0,1,0,60,1,0,1,0,0
200600004737,6,1,12,1530,1,1,1,1,6,135,4760200,61100,490,3,2,2,0,0,2,0,53,2,0,0,0,1
200600004738,6,1,23,1650,1,2,1,1,1,255,4809900,35500,530,3,2,2,0,2,1,0,74,1,0,1,0,0
200600004739,6,1,19,730,2,1,1,8,5,51,4835800,48200,530,2,3,2,0,4,1,41,74,2,5,1,0,0
200600004740,6,1,7,1440,1,1,1,1,3,52,4843100,11000,530,3,2,2,0,0,4,0,55,1,0,1,0,0
200600004741,6,1,14,2215,3,1,1,1,6,185,4845700,21500,530,3,2,2,0,1,3,0,60,1,0,3,0,1
200600004742,6,1,9,1345,1,1,1,1,5,58,4798700,25800,720,4,2,0,0,0,2,0,60,1,0,0,0,0
200600004744,6,1,31,1715,1,2,1,1,6,8,4795400,18000,720,9,2,1,0,1,1,0,60,1,0,1,0,0
200600004746,6,1,31,1700,1,2,1,1,6,35,4783500,74800,720,4,2,2,0,0,1,0,80,1,0,1,3,0
200600004747,6,1,1,1800,2,1,1,2,1,300,4800600,40700,720,2,2,2,0,1,1,0,0,2,0,1,0,0
200600004748,6,1,7,1330,1,1,2,1,3,346,4789800,3200,720,3,2,2,0,1,1,10,84,1,5,1,0,0
200600004750,6,1,18,930,1,1,1,1,1,253,4789500,9600,720,3,2,2,0,1,3,0,49,2,0,1,0,1
200600004756,6,1,24,900,1,1,1,1,6,132,4817700,62800,720,3,2,2,0,1,1,0,60,1,0,3,0,1
200600004757,6,1,13,930,1,1,1,1,1,135,4652600,120800,850,3,2,2,0,1,1,0,75,1,0,1,0,0
200600004759,6,1,31,1430,1,2,1,1,7,146,4698300,130600,850,3,2,2,0,1,1,0,60,1,0,1,0,0
200600004763,6,1,25,1500,1,2,1,1,6,128,4646100,117000,850,3,0,1,0,0,0,0,0,1,5,1,0,0
200600004766,6,1,31,1745,2,1,1,1,1,289,4666600,74700,850,4,2,2,0,2,2,0,51,1,0,1,0,0
200600004767,6,1,11,1845,5,2,1,2,6,47,4684000,187500,850,3,2,3,0,0,0,0,112,2,0,1,0,0
200600004770,6,1,15,215,3,1,1,5,6,284,4678500,191800,850,3,2,0,0,1,1,0,60,2,0,1,0,1
200600004771,6,1,30,2345,3,1,1,5,7,436,4455000,61000,330,3,2,2,0,0,3,0,0,0,0,0,0,1
200600004777,6,1,19,1930,5,2,1,2,6,67,4504600,55900,330,3,2,2,0,1,1,0,75,2,0,1,0,0
200600004778,6,1,17,1815,3,1,4,3,3,101,4520800,58400,330,2,2,2,0,1,1,0,75,2,5,1,0,0
200600004779,6,1,17,630,3,1,1,1,6,434,4499000,52000,330,4,2,2,0,2,2,0,30,1,0,3,0,1
200600004785,6,1,15,1730,1,1,2,1,3,431,4477900,26800,330,3,2,2,0,1,1,0,45,1,0,1,0,0
200600004791,6,1,27,1630,1,2,1,1,6,227,4455900,25000,330,3,1,2,0,1,1,0,80,1,0,1,0,0
200600004796,6,1,8,1845,3,1,1,3,3,531,4482200,25200,330,3,2,0,0,1,1,0,110,2,5,1,0,0
200600004798,6,1,26,2000,5,1,2,1,3,393,4497200,22000,330,3,2,2,0,1,1,0,80,1,0,0,0,0
200600004801,6,1,6,830,2,1,2,1,3,302,4495400,19600,330,2,2,2,0,0,1,0,0,1,0,1,0,0
200600004802,6,1,7,100,3,1,1,1,1,222,4496300,18000,330,2,2,2,0,1,1,0,78,1,0,1,0,1
200600004803,6,1,15,1800,2,1,3,1,1,261,4495500,10100,330,4,2,0,0,0,1,0,48,1,0,1,0,0
200600004805,6,1,1,930,1,1,1,2,3,236,4519900,56300,240,4,2,2,0,1,3,0,46,2,0,1,0,0
200600004806,6,1,6,1845,5,2,1,2,2,164,4534100,105500,240,3,2,2,0,1,1,0,86,2,5,1,0,0
200600004808,6,1,4,1645,3,1,1,1,3,28,4478600,78900,240,3,2,2,0,1,3,0,0,1,0,1,0,0
200600004815,6,1,10,2000,3,1,1,5,3,294,4497000,16400,240,3,2,2,0,1,2,0,64,2,0,1,0,0
200600004816,6,1,30,1330,1,1,1,1,6,469,4512100,8000,240,3,2,2,0,1,1,0,39,1,0,3,0,1
200600004817,6,1,13,745,2,2,9,5,1,520,4488000,121000,240,3,2,2,0,0,1,0,95,1,0,1,0,0
200600004821,6,1,23,500,3,2,1,9,6,547,4513200,132100,240,3,2,2,0,1,1,0,75,1,0,3,0,0
200600004824,6,1,7,2015,3,1,1,1,5,334,4371600,101900,400,3,2,2,0,1,1,0,70,1,0,1,0,0
200600004826,6,1,8,445,3,1,1,1,1,326,4394800,130400,400,3,2,2,0,1,3,0,62,1,0,1,0,0
200600004829,6,1,28,1830,3,1,1,1,3,44,4355900,131400,400,2,2,0,0,1,1,0,80,1,0,3,0,0
200600004833,6,1,20,2330,3,1,1,5,6,307,4434800,61000,400,3,2,2,0,0,2,0,60,1,0,3,0,0
200600004839,6,1,26,1805,2,1,1,1,3,69,4422300,53800,470,2,2,1,0,1,1,0,95,1,0,1,0,1
200600004840,6,1,2,1000,1,1,1,1,7,75,4430600,70000,470,2,0,0,0,2,1,0,130,1,0,0,0,0
200600004841,6,1,16,1530,1,1,1,1,7,288,4426000,72700,470,3,2,2,0,1,1,0,54,1,0,1,0,0
200600004842,6,1,27,1145,1,1,1,1,7,281,4415700,81600,470,3,2,2,0,2,1,0,44,1,0,1,0,0
200600004843,6,1,5,1815,3,1,1,1,6,150,4446300,22500,470,2,2,2,0,1,1,0,70,1,0,1,0,0
200600004845,6,1,21,1100,1,1,1,2,7,326,4449800,24600,470,3,2,2,0,0,4,0,60,2,0,3,0,0
200600004848,6,1,29,245,1,1,1,4,6,226,4461700,35800,470,3,2,2,0,1,1,0,65,5,0,3,0,0
200600004852,6,1,24,900,1,1,1,1,6,310,4437300,32900,470,3,2,0,0,2,2,0,50,1,0,0,0,0
200600004854,6,1,1,330,3,1,1,5,7,146,4443800,66400,470,4,2,2,0,1,3,0,45,2,0,1,0,0
200600004857,6,1,8,1145,1,1,1,8,6,170,4454000,52000,470,3,2,0,0,0,1,0,67,2,0,3,0,1
200600004860,6,1,30,2215,3,1,1,1,6,256,4338600,133000,640,3,2,2,0,1,4,0,70,8,0,3,0,0
200600004861,6,1,11,1500,1,2,1,1,3,495,4336000,155000,640,3,2,2,0,1,1,0,61,1,0,1,3,0
200600004863,6,1,13,1900,5,2,1,1,1,547,4340000,145000,640,3,2,2,0,1,0,0,0,1,0,1,3,0
200600004864,6,1,19,1030,1,1,1,2,7,490,4319500,125400,640,3,2,2,0,1,3,0,85,2,0,1,0,0
200600004867,6,1,9,645,3,1,1,2,1,226,4656500,52800,860,2,2,2,0,1,1,0,73,2,0,1,0,0
200600004869,6,1,5,1615,1,2,1,1,1,139,4643900,12000,860,9,0,0,0,1,1,0,64,1,0,1,0,0
200600004870,6,1,18,315,3,1,1,1,6,188,4637300,20800,860,2,3,2,0,1,3,45,75,1,3,1,0,1
200600004872,6,1,12,1700,1,1,2,1,3,76,4664000,22400,860,2,2,2,0,0,1,0,71,1,0,1,0,1
200600004875,6,1,12,830,2,1,1,5,7,275,4687500,48200,860,3,2,0,0,2,1,0,65,1,0,1,0,0
200600004877,6,1,23,1230,1,2,9,1,1,165,4642600,86400,860,9,2,2,0,1,1,0,68,1,0,1,0,0
200600004878,6,1,17,1800,5,2,1,2,6,70,4657300,64900,860,2,2,2,0,1,1,0,71,2,0,1,0,0
200600004880,6,1,4,2250,3,1,1,1,7,362,4542700,18900,160,3,0,0,0,0,3,0,0,0,0,1,0,0
200600004892,6,1,14,620,3,1,1,1,6,142,4619300,107300,170,2,3,2,0,1,1,20,72,1,3,3,0,0
200600004896,6,1,27,1000,3,1,1,1,7,108,4549000,44400,170,3,2,2,0,1,3,0,65,1,0,3,0,0
200600004898,6,1,29,530,3,1,1,4,6,337,4600000,133200,170,9,0,0,0,0,2,0,0,2,0,5,0,0
200600004899,6,1,14,430,3,2,1,1,6,174,4601300,77700,170,4,2,2,0,4,1,0,35,6,0,3,0,1
200600004900,6,1,22,300,5,2,1,1,6,32,4606000,94900,170,3,2,0,0,1,2,0,0,1,0,1,0,0
200600004901,6,1,28,1745,2,1,1,4,7,359,4610700,71300,170,3,2,1,0,0,2,0,59,7,0,0,0,0
200600004903,6,1,21,100,3,1,1,1,6,141,4571500,49100,170,2,2,2,0,3,2,0,103,1,0,3,0,0
200600004905,6,1,29,2015,3,1,1,1,7,278,4571200,79300,170,3,2,0,0,1,1,0,31,1,0,1,0,0
200600004909,6,1,26,745,2,1,1,8,7,101,4598000,33800,170,3,2,0,0,1,1,0,58,1,0,3,0,0
200600004911,6,1,14,1645,1,2,1,1,3,100,4632700,58500,790,9,2,2,0,1,1,0,45,1,0,1,0,0
200600004912,6,1,29,1645,1,2,1,1,6,257,4626000,71000,790,3,2,2,0,1,3,120,120,1,0,1,0,1
200600004913,6,1,28,1800,3,1,1,4,1,298,4626000,48000,790,3,2,2,0,0,3,0,55,7,0,3,0,0
200600004917,6,1,18,1230,1,2,1,2,6,49,4684400,48900,790,9,2,2,0,1,1,0,70,2,0,1,0,0
200600004919,6,1,9,1630,1,2,1,8,7,264,4622900,13000,790,3,2,2,3,1,2,0,105,2,0,1,0,0
200600004924,6,1,22,1215,1,1,1,1,1,15,4577100,117800,870,3,2,2,0,2,2,0,52,0,0,1,0,0
200600004928,6,1,25,1000,1,2,1,1,6,89,4622200,116500,870,4,2,2,0,0,1,0,60,1,0,0,0,0
200600004929,6,1,11,1715,2,1,1,9,7,251,4540200,196100,190,3,2,2,0,2,2,0,80,7,0,3,0,0
200600004930,6,1,12,800,1,1,1,9,6,287,4537800,194300,190,3,2,2,0,2,2,53,0,7,2,1,0,0
200600004931,6,1,11,1545,1,1,1,9,6,181,4541800,183000,190,3,2,2,0,4,3,0,60,7,2,3,0,0
200600004932,6,1,6,1515,1,1,1,1,6,107,4510900,138600,190,3,2,0,0,2,1,0,62,1,0,3,0,1
200600004934,6,1,30,1930,3,1,1,9,4,43,4513400,167300,190,3,2,2,0,2,1,0,71,2,0,1,0,1
200600004937,6,1,20,100,3,2,1,5,6,182,4525300,139900,190,3,2,2,0,1,1,0,66,1,0,1,0,0
200600004938,6,1,6,1815,3,1,1,2,6,96,4615900,190300,230,3,2,2,0,0,1,0,68,2,0,0,0,1
200600004941,6,1,6,1630,1,1,1,1,7,97,4609500,218500,230,3,2,2,0,1,1,0,62,1,0,1,0,1
200600004942,6,1,3,1800,3,1,1,1,2,114,4619600,229600,230,3,2,2,0,1,1,0,56,1,0,1,0,0
200600004946,6,1,5,1,5,2,1,5,7,297,4367900,120700,310,2,2,2,1,1,1,0,61,1,0,1,0,1
200600004948,6,1,13,1815,5,2,1,1,3,424,4357000,128900,310,3,0,2,0,0,1,0,0,1,0,1,0,0
200600004949,6,1,17,1900,5,2,2,1,5,424,4357400,128800,310,3,2,0,0,0,1,0,0,1,0,1,0,0
200600004950,6,1,19,700,3,1,1,2,3,417,4363400,123900,310,3,2,2,0,4,1,0,60,2,0,1,0,0
200600004951,6,1,12,1615,1,2,1,7,6,446,4355400,147200,310,3,2,2,0,1,1,0,70,1,0,1,0,0
200600004952,6,1,10,630,5,1,1,8,1,182,4370000,137000,310,3,2,2,0,0,3,0,54,2,0,0,0,1
200600004955,6,1,25,1715,1,2,1,1,3,572,4342900,144400,310,3,2,2,0,2,1,0,70,1,0,1,0,0
200600004956,6,1,10,1000,1,2,6,1,6,324,4320300,100900,310,2,1,1,0,0,2,0,0,1,0,1,0,0
200600004959,6,1,8,1915,3,1,1,1,1,147,4311200,62500,310,2,2,2,0,0,0,0,90,1,0,1,0,0
200600004960,6,1,17,1930,5,2,1,2,3,535,4303700,67000,310,3,2,2,0,1,1,0,37,2,0,1,0,0
200600004961,6,1,6,2030,3,1,1,1,7,177,4292700,68600,310,2,2,2,0,0,1,0,0,1,0,3,0,0