Num_Acc,an,mois,jour,hrmn,lum,agg,int,atm,col,com,lat,long,dep,catr,circ,nbv,vosp,prof,plan,lartpc,larrout,surf,infra,situ,env1,killed
200600004965,6,1,12,1300,1,1,1,1,7,271,4355800,167700,310,3,2,2,0,1,1,0,60,1,0,1,0,0
200600004966,6,1,29,1845,3,1,1,2,1,106,4353900,176500,310,3,2,2,0,1,1,0,0,2,0,1,0,0
200600004969,6,1,2,1545,1,2,9,2,3,125,4288500,189000,90,3,2,2,0,1,3,0,50,2,0,1,3,0
200600004973,6,1,11,1815,5,2,1,1,3,268,4300400,113400,90,3,2,2,0,2,1,0,85,1,5,1,0,0
200600004974,6,1,6,1745,5,1,1,1,7,198,4307900,119300,90,3,2,0,0,0,1,0,47,1,0,3,0,0
200600004977,6,1,18,1400,1,2,1,8,5,208,4396000,289300,120,3,2,2,0,1,1,0,69,1,0,1,0,0
200600004982,6,1,21,620,3,2,1,5,7,75,4391200,34000,320,3,2,0,0,2,2,0,62,2,0,3,0,0
200600004984,6,1,7,545,3,1,1,1,6,437,4373100,500,320,3,2,2,0,1,3,0,55,1,0,3,0,0
200600004985,6,1,7,1900,3,1,1,1,6,211,4386900,8100,320,3,2,0,0,2,2,0,60,1,0,3,0,0
200600004989,6,1,21,2045,5,2,1,1,6,132,4385500,66600,320,2,2,2,0,1,1,0,80,2,0,1,0,1
200600004992,6,1,24,545,3,1,1,9,7,36,4355700,13600,320,3,2,2,0,1,1,0,60,0,0,1,0,0
200600004993,6,1,25,745,1,1,1,9,7,329,4434100,163500,460,3,2,2,0,0,3,0,65,7,0,3,0,0
200600004994,6,1,11,1945,3,1,1,1,6,231,4449600,112000,460,3,2,2,0,1,1,0,50,1,0,1,0,0
200600004995,6,1,10,1900,3,1,8,5,6,123,4492700,182100,460,4,2,2,0,0,1,0,50,2,4,1,0,1
200600005002,6,1,31,1200,1,2,1,1,1,130,4360500,1900,650,3,2,2,0,1,1,0,54,1,0,1,0,0
200600005003,6,1,24,1115,1,2,1,1,6,69,4308300,38300,650,3,2,0,0,1,1,0,70,1,0,1,0,1
200600005005,6,1,23,2140,3,1,1,1,6,266,4365000,200700,810,3,2,0,0,1,1,0,68,1,0,3,0,1
200600005007,6,1,11,1630,1,1,1,8,6,42,4363100,238300,810,3,2,0,0,0,2,0,0,2,0,0,0,0
200600005014,6,1,21,2315,3,1,1,1,1,120,4352800,229400,810,2,2,2,0,2,1,0,67,1,0,1,0,0
200600005015,6,1,12,745,2,1,1,1,7,184,4404000,156200,820,3,3,2,0,1,1,0,57,1,0,1,0,0
200600005016,6,1,27,1500,1,1,1,1,1,48,4388200,129800,820,2,2,2,0,1,3,0,72,1,0,1,0,0
200600005017,6,1,30,1415,1,1,1,1,6,167,4394000,146000,820,3,2,1,0,1,1,0,77,2,0,3,0,1
200600005022,6,1,6,1245,1,2,1,1,6,76,4584600,472200,690,3,2,0,0,2,1,0,56,2,0,3,0,1
200600005028,6,1,18,1545,1,1,1,8,3,299,4571900,515600,690,3,2,2,0,1,1,0,60,1,0,1,0,0
200600005029,6,1,26,1500,1,1,1,1,3,287,4572100,502400,690,3,2,1,0,1,1,0,0,1,5,1,0,0
200600005042,6,1,15,1000,1,2,1,1,6,77,4615900,476600,690,3,2,0,0,1,1,0,70,1,0,1,3,0
200600005043,6,1,17,1030,1,2,1,1,6,19,4611500,473600,690,3,0,2,0,1,1,0,70,1,5,1,0,0
200600005044,6,1,18,745,2,2,1,1,6,19,4611400,474300,690,3,2,2,0,1,1,8,90,1,5,1,3,0
200600005045,6,1,22,200,3,1,1,1,5,36,4612200,465200,690,3,2,2,0,1,1,0,67,1,0,1,0,1
200600005046,6,1,26,1915,5,2,1,1,6,206,4606600,471900,690,3,2,0,0,1,1,0,0,1,6,1,3,0
200600005051,6,1,19,1945,3,1,1,2,3,57,4641000,492000,10,3,2,0,0,1,1,0,60,2,5,1,0,0
200600005052,6,1,12,510,3,1,1,9,3,320,4630800,485200,10,2,2,2,0,3,1,0,74,7,2,1,0,0
200600005065,6,1,11,2015,3,1,1,1,1,192,4623100,555700,10,3,2,2,0,2,1,0,62,1,0,1,0,0
200600005066,6,1,23,1500,1,2,1,7,2,265,4618200,556200,10,3,2,2,0,1,1,0,70,1,0,1,0,0
200600005068,6,1,12,1845,5,2,1,1,3,399,4630400,607100,10,2,3,2,0,1,1,0,120,1,0,1,0,0
200600005070,6,1,10,1900,5,2,1,1,1,158,4616800,590300,10,4,2,0,0,2,0,0,40,1,0,1,0,0
200600005072,6,1,27,900,1,2,1,9,6,209,4610200,588100,10,2,2,2,0,1,2,0,0,9,0,3,0,0
200600005074,6,1,1,400,3,1,1,5,6,383,4608300,510200,10,2,2,0,0,1,1,0,88,2,0,3,0,0
200600005079,6,1,11,700,3,1,1,5,3,348,4619100,482400,10,3,2,2,0,0,1,28,62,7,0,0,0,1
200600005081,6,1,21,1645,1,2,1,1,1,420,4615000,487500,10,3,2,0,0,1,3,0,58,1,0,1,0,0
200600005082,6,1,25,2100,3,1,1,1,6,259,4428800,461600,70,2,2,2,0,1,2,0,73,1,0,3,0,0
200600005085,6,1,1,900,1,1,1,8,3,22,4472200,473400,70,3,3,0,0,0,0,0,69,2,5,0,0,0
200600005086,6,1,4,2130,3,1,1,1,6,198,4476000,472000,70,2,2,2,0,1,3,0,72,1,0,1,0,0
200600005089,6,1,30,730,2,1,1,5,7,40,4503600,470700,70,3,2,2,0,2,3,0,60,7,0,3,0,0
200600005094,6,1,19,830,1,1,1,1,2,165,4476600,487600,260,3,2,0,0,1,1,0,60,1,0,1,0,0
200600005095,6,1,19,1630,1,1,1,1,2,196,4489300,492000,260,3,2,2,0,2,1,0,62,1,0,1,0,1
200600005102,6,1,5,1700,1,2,9,1,4,547,4526700,590300,380,3,2,0,0,1,1,70,0,1,0,1,0,0
200600005104,6,1,17,1330,1,2,1,8,6,545,4505800,567500,380,4,2,2,0,0,2,0,0,2,0,1,0,0
200600005109,6,1,13,1045,3,2,1,1,1,511,4535400,594600,380,2,2,2,0,1,1,0,70,1,0,1,0,0
200600005113,6,1,21,1230,1,2,1,1,1,181,4534600,597700,380,3,2,2,0,1,1,0,69,1,0,1,0,0
200600005114,6,1,24,2300,5,1,1,1,7,501,4530700,595300,380,3,2,2,0,1,1,18,69,1,0,1,0,0
200600005119,6,1,17,1000,1,1,1,1,1,219,4532800,508200,380,3,2,2,1,1,1,0,71,1,0,1,0,1
200600005120,6,1,15,1130,1,2,1,1,6,517,4531000,549200,380,2,2,0,0,1,2,0,90,1,0,3,0,1
200600005121,6,1,22,700,3,1,1,5,6,467,4567200,533300,380,3,2,0,0,1,2,0,0,7,0,1,0,1
200600005123,6,1,4,500,5,2,1,9,6,54,4579700,540800,380,4,2,2,0,2,2,0,45,7,0,4,0,0
200600005124,6,1,13,1015,1,1,1,1,6,135,4572900,539900,380,3,2,0,0,0,3,0,45,1,0,1,0,0
200600005125,6,1,16,1830,5,2,1,9,6,135,4573100,540900,380,2,2,2,0,0,2,10,70,7,0,1,0,0
200600005126,6,1,21,2300,3,2,1,1,6,320,4583200,539300,380,3,2,1,0,0,4,0,50,1,0,1,0,0
200600005137,6,1,17,1645,2,2,1,2,6,298,4538300,479700,380,6,0,0,0,1,0,0,0,2,0,0,0,0
200600005138,6,1,24,1600,1,2,1,1,7,344,4537400,481200,380,9,1,2,0,1,0,0,0,1,0,1,0,1
200600005140,6,1,5,1400,1,1,1,1,3,224,4535600,442500,420,3,2,2,0,1,1,0,61,2,0,1,0,0
200600005141,6,1,30,1100,1,1,1,5,5,285,4556700,414200,420,3,0,2,0,1,1,0,71,2,0,1,0,0
200600005142,6,1,30,1115,1,1,1,5,6,285,4556700,414100,420,3,2,2,0,1,1,0,106,2,0,3,0,0
200600005145,6,1,11,1900,5,1,1,1,6,202,4571700,432200,420,4,2,2,0,1,1,0,40,7,0,1,0,0
200600005147,6,1,19,1315,1,2,1,1,6,214,4568300,430100,420,3,2,2,0,1,2,0,65,1,0,3,0,0
200600005148,6,1,27,2345,3,1,1,4,1,251,4570300,422900,420,2,2,2,0,1,1,0,80,5,0,1,0,0
200600005151,6,1,15,1345,1,1,1,1,7,327,4545700,475400,420,2,2,2,0,1,1,0,91,1,0,0,0,0
200600005153,6,1,21,1800,5,1,1,1,1,166,4600900,409800,420,3,2,3,0,1,3,0,108,1,0,1,0,0
200600005158,6,1,30,830,1,1,1,9,6,3,4609900,391700,420,3,2,2,0,1,1,0,58,2,0,3,0,0
200600005163,6,1,23,1045,1,1,1,1,2,241,4560300,629600,730,3,2,0,0,1,1,0,64,1,0,1,0,1
200600005170,6,1,5,1800,2,2,1,2,4,143,4589800,678700,740,4,2,2,0,1,1,0,70,2,0,1,0,0
200600005171,6,1,16,2030,5,2,1,4,5,169,4606800,652600,740,4,2,2,1,2,1,0,0,5,0,1,0,0
200600005172,6,1,31,1145,1,2,1,1,1,81,4607300,656500,740,4,2,3,0,1,1,0,0,1,0,1,0,0
200600005173,6,1,31,1215,1,2,1,1,3,81,4606500,657400,740,9,1,1,0,1,1,0,58,1,0,1,0,0
200600005183,6,1,9,1815,1,1,1,1,5,40,4617900,631000,740,3,3,4,0,0,1,10,140,1,3,1,0,0
200600005184,6,1,30,2030,3,1,1,1,5,229,4624900,632600,740,2,2,2,0,1,1,0,113,1,0,1,0,0
200600005186,6,1,19,1200,1,2,1,1,1,5,4633900,647900,740,3,2,2,0,1,1,0,70,1,0,1,0,0
200600005187,6,1,19,545,3,1,1,1,1,37,4621200,641300,740,3,2,2,0,2,3,0,61,7,0,1,0,0
200600005188,6,1,27,800,1,2,1,1,1,37,4621200,640500,740,3,2,2,0,1,0,0,90,1,0,1,3,0
200600005190,6,1,21,1600,1,1,1,1,7,48,4566700,257100,630,3,2,2,0,2,1,56,0,2,0,1,0,0
200600005191,6,1,28,1200,1,1,1,2,7,370,4565100,271100,630,3,2,2,0,2,2,0,50,2,0,3,0,0
200600005192,6,1,25,1545,1,1,2,1,3,263,4577700,301100,630,3,2,2,0,1,1,0,90,1,5,1,0,0
200600005194,6,1,5,745,2,1,3,1,5,214,4569300,320100,630,3,2,0,0,0,1,0,73,1,0,1,0,0
200600005195,6,1,14,100,3,1,1,9,7,350,4572700,327700,630,3,2,2,0,1,2,0,85,7,0,1,0,0
200600005196,6,1,24,730,2,2,2,9,1,214,4569000,319000,630,4,2,2,0,1,1,0,0,9,0,0,3,0
200600005200,6,1,9,1525,1,1,1,1,3,148,4589000,322000,630,3,2,2,0,1,1,0,75,1,0,1,0,0
200600005202,6,1,6,1800,5,2,1,1,6,382,4606100,301700,630,2,2,2,0,1,1,0,75,1,0,1,0,0
200600005204,6,1,20,2115,3,1,1,1,6,195,4581900,339600,630,3,2,1,0,1,1,0,63,2,0,3,0,0
200600005205,6,1,5,1700,2,1,1,4,6,271,4591500,351700,630,3,2,2,0,1,1,0,60,5,0,3,0,0
200600005210,6,1,7,300,3,1,1,2,3,212,4632700,250100,30,2,2,0,0,2,1,79,0,2,0,1,0,0
200600005213,6,1,22,2030,3,1,1,1,7,314,4627000,263000,30,3,2,0,0,0,1,0,0,1,0,1,0,0
200600005214,6,1,19,900,1,1,1,5,5,270,4633700,297700,30,2,2,1,0,0,1,0,75,2,2,1,0,0
200600005215,6,1,19,1000,1,1,1,5,2,270,4637000,302400,30,2,3,4,0,2,1,22,72,2,0,1,0,0
200600005216,6,1,24,200,3,1,1,1,6,186,4633100,293100,30,3,2,2,0,0,1,0,148,9,0,1,0,1
200600005217,6,1,18,1215,1,2,1,2,6,44,4609200,338500,30,3,2,2,0,1,3,0,0,2,0,3,0,0
200600005218,6,1,21,100,3,1,1,2,6,44,4608600,338400,30,3,2,2,0,1,2,0,73,2,0,3,0,0
200600005219,6,1,3,2115,3,1,1,1,7,29,4622700,343400,30,2,2,1,0,3,2,0,77,2,0,3,0,1
200600005223,6,1,1,245,3,1,1,9,1,77,4490300,385200,430,2,2,2,0,1,1,0,77,7,0,1,0,0
200600005224,6,1,14,1200,1,2,7,8,6,111,4484800,383200,430,6,0,0,0,2,0,0,500,2,6,1,0,0
200600005225,6,1,8,1600,1,2,1,1,6,190,4503000,402100,430,3,2,2,0,1,4,0,76,1,0,1,0,1
200600005234,6,1,9,2030,5,2,1,1,3,443,4920800,609900,570,3,2,2,0,1,1,0,72,1,0,1,0,0
200600005238,6,1,14,1830,3,2,1,1,6,559,4889600,636600,570,3,2,2,0,3,3,8,105,1,0,1,0,0
200600005239,6,1,14,2215,3,1,1,1,6,558,4884400,655500,570,3,2,2,0,0,1,0,63,1,0,3,0,0
200600005240,6,1,26,815,2,1,1,4,6,126,4878100,646700,570,2,2,2,0,2,2,0,75,5,0,3,0,0
200600005241,6,1,5,1400,3,2,1,9,6,669,4912900,689500,570,3,2,2,0,1,1,0,68,9,0,4,0,0
200600005242,6,1,21,1200,1,1,1,1,2,418,4884900,684900,570,3,2,0,0,3,1,0,62,1,0,1,0,0
200600005249,6,1,10,2145,3,1,1,4,7,561,4898400,724100,570,3,2,2,0,1,1,0,0,5,0,1,0,1
200600005255,6,1,3,1555,1,1,1,9,3,115,4869900,608800,540,3,2,2,0,4,1,0,100,7,0,1,0,0
200600005260,6,1,3,1600,1,2,1,1,1,109,4853000,617000,540,3,2,2,0,4,3,0,70,1,0,1,0,0
200600005262,6,1,8,1430,1,1,1,1,6,266,4850500,608500,540,4,2,0,0,2,1,0,37,1,0,1,0,0
200600005269,6,1,1,430,3,1,1,2,6,392,4861100,589200,540,3,2,0,0,1,1,0,78,2,0,3,0,0
200600005272,6,1,23,1345,1,1,1,1,1,312,4893800,552800,550,3,2,2,0,0,1,0,60,1,0,1,0,0
200600005273,6,1,3,745,2,1,1,5,6,324,4946700,539300,550,3,2,2,0,1,1,0,70,2,0,3,0,0
200600005282,6,1,4,1445,1,1,4,1,1,124,4809000,603600,880,3,2,2,0,1,3,0,40,1,5,1,0,0
200600005283,6,1,11,800,1,2,1,8,6,465,4825400,642000,880,9,2,2,0,4,1,0,68,1,0,1,0,0
200600005284,6,1,24,1500,1,1,1,1,6,465,4824200,641600,880,2,3,4,0,1,1,10,196,1,0,3,0,0
200600005286,6,1,30,1618,1,2,1,1,6,401,4831200,578000,880,3,2,2,0,2,1,0,54,1,0,1,0,0
200600005287,6,1,14,1015,1,2,1,1,3,470,4808900,675100,880,4,1,1,0,1,1,0,64,7,0,1,0,0
200600005288,6,1,16,730,4,1,1,1,6,75,4801200,688300,880,3,2,2,0,1,1,0,75,7,0,1,0,0
200600005289,6,1,14,800,1,1,1,1,1,408,4791700,668400,880,2,2,0,0,2,1,0,71,7,0,1,0,0
200600005292,6,1,22,1300,1,2,1,1,3,319,4838000,690000,880,3,2,2,0,1,1,0,90,1,0,1,0,0
200600005293,6,1,6,815,1,2,1,1,6,28,4837400,759500,670,9,1,1,0,1,1,0,61,1,0,1,0,0
200600005294,6,1,20,1630,1,2,1,1,3,137,4849400,769500,670,3,2,2,0,1,1,0,0,1,0,1,0,0
200600005295,6,1,6,1845,5,2,9,1,6,87,4884200,768200,670,4,2,1,0,1,1,0,0,1,0,1,0,0
200600005297,6,1,3,1530,1,2,1,1,1,101,4852900,749600,670,6,0,0,0,0,1,0,0,1,0,1,0,0
200600005298,6,1,9,1020,1,1,3,8,3,128,4857500,756800,670,3,2,2,0,1,1,0,182,2,5,3,0,0
200600005299,6,1,20,1845,3,1,1,1,1,473,4857400,749200,670,3,2,2,0,2,2,0,60,2,0,1,0,0
200600005300,6,1,16,815,2,1,1,1,6,411,4849000,746000,670,3,2,2,0,2,1,0,64,1,0,3,0,1
200600005302,6,1,10,1330,1,2,1,1,7,377,4842100,714000,670,3,3,2,0,1,0,0,0,1,0,1,0,0
200600005303,6,1,5,1930,3,1,1,4,6,442,4859600,748300,670,3,2,0,0,1,1,0,0,7,0,1,0,0
200600005307,6,1,3,1345,1,2,1,1,6,434,4894000,708000,670,2,2,0,0,1,1,0,0,1,0,1,0,0
200600005308,6,1,17,1500,1,1,1,8,7,381,4892000,732000,670,3,2,2,0,0,2,0,60,7,0,1,0,0
200600005310,6,1,28,1930,3,1,1,1,6,234,4897800,703300,670,2,2,0,0,1,1,72,0,2,0,3,0,0
200600005311,6,1,11,1830,5,2,1,1,6,67,4873300,771100,670,2,2,2,0,1,2,0,60,1,0,1,0,0
200600005314,6,1,7,1315,1,1,1,8,1,150,4861600,755300,670,2,2,3,3,1,1,0,72,1,0,1,0,0
200600005315,6,1,23,1630,1,1,1,1,1,374,4866000,765900,670,3,2,2,0,1,1,0,99,1,0,1,0,1
200600005316,6,1,13,1830,5,2,1,1,2,118,4858700,768700,670,3,2,3,0,1,1,0,90,1,0,1,0,0
200600005317,6,1,27,1315,1,1,1,1,4,350,4860800,763400,670,2,0,0,3,0,0,0,0,0,0,0,0,0
200600005318,6,1,14,930,1,1,1,5,6,486,4827500,764400,670,3,2,2,0,1,1,0,65,7,0,3,0,0
200600005319,6,1,13,1745,5,2,1,1,2,474,4894300,788200,670,3,2,1,0,1,1,0,50,1,0,1,0,0
200600005320,6,1,14,2230,3,1,1,1,6,303,4890100,774600,670,3,2,2,0,1,1,60,60,1,0,1,0,0
200600005322,6,1,17,1015,1,1,1,5,1,97,4816100,721000,680,3,2,2,0,1,2,0,70,7,0,1,0,0
200600005323,6,1,22,1715,2,1,1,8,6,227,4811200,747300,680,3,2,2,0,1,3,0,135,1,3,3,0,0
200600005324,6,1,13,1330,1,2,1,9,1,162,4815000,725000,680,4,2,2,0,1,3,0,0,7,0,1,3,0
200600005325,6,1,29,230,3,1,1,1,6,252,4817000,736000,680,3,2,2,0,2,1,0,68,1,2,1,0,0
200600005326,6,1,3,1800,5,2,1,1,6,374,4807500,729700,680,3,2,2,0,1,0,0,80,1,0,1,0,0
200600005327,6,1,3,1700,1,1,1,1,1,305,4755300,717800,680,3,2,2,0,1,1,0,61,1,0,1,0,0
200600005328,6,1,20,1245,1,2,6,1,2,87,4754100,726400,680,3,2,1,0,1,1,0,58,1,0,1,0,0
200600005329,6,1,21,2115,3,1,1,9,7,90,4750100,732100,680,3,2,2,0,2,2,0,70,7,0,1,0,0
200600005330,6,1,30,1015,1,1,1,8,7,306,4753800,719000,680,3,2,0,0,2,4,0,61,7,0,3,0,0
200600005331,6,1,13,1515,1,1,3,1,3,235,4799400,739300,680,3,2,2,0,1,2,0,72,1,5,1,0,0
200600005332,6,1,30,1600,1,2,3,1,3,82,4786900,735100,680,4,0,0,0,1,0,0,0,1,5,1,0,0
200600005333,6,1,29,515,5,2,1,1,1,300,4778000,739000,680,9,3,2,0,1,1,11,171,1,0,1,0,0
200600005334,6,1,17,1000,1,1,1,2,7,129,4773000,720200,680,2,2,2,0,1,2,0,78,7,0,3,0,0
200600005335,6,1,29,15,3,1,1,1,7,267,4776200,719100,680,3,2,2,0,1,2,0,60,1,0,3,0,0
200600005337,6,1,17,1000,1,2,1,9,7,61,4756200,750700,680,3,2,0,0,1,1,0,70,7,0,4,0,0
200600005338,6,1,28,1115,1,1,1,1,7,263,4759100,745600,680,3,2,2,0,1,1,70,0,1,0,3,0,0
200600005339,6,1,29,700,2,1,1,8,6,135,4758000,747900,680,3,2,2,0,4,2,0,71,1,0,3,0,1
200600005342,6,1,5,750,2,2,1,1,6,372,4784700,707500,680,4,2,1,0,1,1,0,116,1,0,1,0,0
200600005343,6,1,16,745,1,1,1,9,1,146,4888500,420800,510,3,2,2,0,1,1,76,76,7,0,1,0,1
200600005344,6,1,8,1930,3,1,1,1,7,78,4907900,434700,510,3,2,2,0,1,1,0,70,1,0,1,0,0
200600005346,6,1,30,915,1,2,3,1,3,559,4913400,453400,510,3,2,2,0,1,1,0,63,1,0,1,0,0
200600005347,6,1,28,1415,1,1,1,1,3,153,4903300,400600,510,3,2,2,0,1,1,0,75,1,0,1,0,0
200600005348,6,1,5,1930,3,1,1,1,6,165,4873800,392500,510,2,3,4,0,1,1,20,160,1,0,1,0,0
200600005350,6,1,4,1100,1,1,1,5,2,345,4896400,374900,510,3,2,1,0,1,1,0,62,1,0,1,0,0
200600005351,6,1,17,1130,1,1,1,2,1,264,4882600,358400,510,3,2,2,0,0,2,0,70,2,0,0,0,0
200600005352,6,1,22,900,1,1,1,4,7,264,4881300,362400,510,3,2,2,0,2,1,0,62,7,0,3,0,0
200600005354,6,1,31,1745,2,1,1,1,7,625,4877000,344800,510,3,2,2,0,1,1,0,45,8,0,3,0,1
200600005355,6,1,3,2000,5,2,1,5,3,250,4931400,367900,510,3,2,2,0,1,1,0,0,1,5,1,0,0
200600005356,6,1,19,930,1,1,1,2,5,250,4931500,364400,510,2,2,2,0,0,1,0,0,2,0,1,0,0
200600005358,6,1,28,530,3,1,9,9,6,532,4915800,401400,510,2,2,2,0,1,3,0,69,5,0,3,0,0
200600005362,6,1,5,1615,1,1,1,8,1,52,4927400,413100,510,3,2,2,0,0,2,63,0,2,0,1,0,0
200600005363,6,1,24,1500,1,1,1,1,7,472,4883400,460500,510,9,0,1,0,2,1,0,0,7,0,0,0,0
200600005364,6,1,7,2345,5,2,1,1,6,531,4878900,491400,510,3,2,2,0,1,1,0,70,1,0,4,0,0
200600005366,6,1,9,1900,5,2,1,2,6,328,4981700,474500,80,3,2,2,0,2,1,0,58,0,0,1,0,0
200600005369,6,1,9,1800,5,2,1,1,7,486,5009200,472500,80,2,2,2,0,1,1,0,70,1,0,1,0,0
200600005370,6,1,5,1730,5,2,1,2,6,311,4961100,507700,80,4,2,0,0,0,0,0,0,2,0,0,0,0
200600005371,6,1,15,315,3,1,1,9,7,159,4962300,513200,80,3,2,2,0,0,4,0,74,7,0,3,0,0
200600005372,6,1,3,730,5,1,2,1,3,67,4823400,412900,100,2,2,2,0,1,1,0,60,1,0,1,0,0
200600005374,6,1,3,930,1,1,3,1,3,209,4826500,424700,100,2,2,2,3,1,3,0,76,1,5,1,0,0
200600005375,6,1,15,930,1,1,1,9,7,55,4813400,434200,100,2,2,1,0,1,1,0,70,7,0,1,0,0
200600005380,6,1,12,800,1,2,1,1,1,323,4852100,372200,100,9,2,2,0,0,1,0,57,1,5,1,0,0
200600005381,6,1,26,1745,3,1,1,4,1,368,4840500,394300,100,2,2,3,0,1,1,0,100,5,0,1,0,0
200600005385,6,1,16,1415,1,2,1,1,3,548,4824600,512000,520,3,2,0,0,1,2,55,0,1,2,1,0,0
200600005388,6,1,14,2145,3,1,1,1,7,116,4785000,544700,520,2,2,2,0,1,2,0,76,1,0,3,0,0
200600005390,6,1,10,800,1,2,1,1,6,250,4844600,513800,520,4,2,0,0,1,1,0,60,1,0,1,0,0
200600005391,6,1,17,1330,1,2,1,3,6,38,4719800,539500,210,4,2,0,0,1,2,50,0,2,5,4,0,0
200600005392,6,1,21,1645,1,2,1,1,6,353,4719700,515300,210,4,2,2,0,1,2,0,52,1,0,4,0,0
200600005397,6,1,6,1845,3,1,1,8,3,606,4707200,487100,210,2,2,2,0,0,1,0,68,5,0,1,0,0
200600005398,6,1,21,720,3,1,1,1,2,347,4699300,487500,210,3,2,2,0,1,1,0,100,2,0,1,0,0
200600005399,6,1,25,1645,1,1,1,1,6,88,4714300,497600,210,3,2,2,0,1,1,0,56,1,0,1,0,1
200600005400,6,1,21,1930,5,2,1,1,1,607,4700500,514900,210,4,2,0,0,1,1,0,58,1,5,1,0,0
200600005401,6,1,31,345,5,2,1,1,6,154,4786300,455900,210,3,2,2,0,1,1,0,73,1,0,3,0,0
200600005402,6,1,22,515,3,1,1,1,6,505,4738700,429500,210,3,2,2,0,0,3,0,75,1,0,3,0,0
200600005408,6,1,15,330,3,1,1,9,7,104,4673100,337400,580,3,2,1,0,1,1,0,0,7,0,1,0,0
200600005409,6,1,24,1725,1,1,1,1,3,178,4694900,366500,580,3,2,2,0,1,1,0,58,1,0,1,0,0
200600005410,6,1,12,730,3,1,1,1,7,74,4686000,390800,580,4,2,0,0,0,0,0,0,7,0,1,0,0
200600005411,6,1,27,645,5,2,1,4,6,282,4748600,352200,580,3,2,0,0,2,3,0,64,5,0,3,0,0
200600005413,6,1,17,1715,3,1,1,2,7,227,4754900,310800,580,3,2,0,0,2,3,0,56,2,0,1,0,0
200600005414,6,1,6,1700,2,1,1,4,7,181,4646100,472400,710,3,2,2,0,0,0,40,0,5,0,1,0,0
200600005421,6,1,9,1700,1,1,1,1,3,443,4696400,490500,710,3,2,0,0,0,1,0,0,2,0,1,0,0
200600005422,6,1,27,1930,3,1,1,4,6,86,4641100,425300,710,3,0,2,0,0,2,0,65,5,0,3,0,0
200600005425,6,1,10,1430,1,1,1,1,5,590,4649200,419600,710,2,2,2,0,1,1,0,80,1,0,1,0,1
200600005432,6,1,11,800,2,1,1,9,6,276,4805500,378200,890,3,2,2,0,1,3,0,48,7,0,3,0,0
200600005433,6,1,31,1745,2,1,1,1,3,439,4793400,366200,890,3,2,2,0,3,1,0,53,1,0,1,0,0
200600005435,6,1,11,1615,1,2,1,1,6,333,4748700,406100,890,3,2,2,0,1,1,0,60,1,0,4,0,0
200600005442,6,1,28,2230,3,1,1,4,6,239,4815500,334700,890,3,2,2,0,2,1,0,50,7,0,3,0,0
200600005444,6,1,14,1145,1,1,1,1,7,126,4813400,311900,890,3,2,0,0,1,1,0,73,1,0,0,0,0
200600005452,6,1,24,830,1,1,1,8,1,395,4724100,610500,250,3,2,2,0,0,2,0,81,7,0,1,0,0
200600005456,6,1,24,730,2,1,1,1,1,148,4712000,669600,250,3,2,2,0,1,1,0,66,1,0,1,0,1
200600005461,6,1,15,1530,1,2,1,1,3,334,4695900,611000,250,4,2,2,0,1,1,0,64,1,5,1,0,0
200600005462,6,1,3,1845,5,1,1,1,1,170,4667900,548800,390,2,2,2,0,1,1,0,77,1,0,1,0,1
200600005463,6,1,13,1930,5,2,1,1,3,56,4675100,545600,390,3,2,2,0,1,1,0,80,1,0,1,0,0
200600005464,6,1,13,1230,1,1,1,1,1,108,4677700,599100,390,3,2,2,0,2,3,0,75,2,0,1,0,0
200600005465,6,1,7,1730,3,1,1,1,6,354,4688700,566200,390,2,2,2,0,1,1,0,72,2,0,1,0,1
200600005466,6,1,25,1430,1,1,1,1,1,81,4687400,571700,390,2,2,2,0,2,3,0,73,1,0,1,0,1
200600005471,6,1,30,1345,1,1,1,4,1,36,4736800,611400,700,3,2,2,0,1,1,0,57,7,0,1,0,0
200600005472,6,1,26,1245,1,2,1,8,1,447,4742600,607400,700,4,2,2,0,2,1,0,0,5,0,1,0,0
200600005473,6,1,28,900,1,1,1,8,7,120,4770500,666300,700,3,2,2,0,1,2,0,67,1,0,3,0,0
200600005474,6,1,31,1830,5,2,1,1,1,120,4770700,667900,700,3,2,2,0,1,1,64,0,1,0,1,0,0
200600005475,6,1,9,1700,2,2,1,1,1,55,4778200,634900,700,3,2,2,0,1,4,0,80,1,0,1,0,0
200600005478,6,1,16,1600,1,2,1,1,1,169,4767400,587600,700,4,2,2,0,1,3,0,60,0,0,1,0,0
200600005479,6,1,4,715,2,1,1,5,6,30,4738000,563200,700,3,2,2,0,1,2,0,0,1,0,3,0,0
200600005483,6,1,21,1900,5,2,1,1,6,9,4749000,692600,900,3,2,2,0,1,1,0,70,2,0,1,0,0
200600005488,6,1,30,530,3,1,1,1,2,74,4365000,556200,130,2,2,0,0,0,1,0,98,1,0,1,0,0
200600005495,6,1,26,830,1,1,2,1,4,27,4389300,482800,130,3,4,3,3,1,1,0,100,1,5,1,0,0
200600005501,6,1,28,1300,1,1,1,3,1,92,4353000,511000,130,3,2,2,0,2,3,0,80,2,2,1,0,0