Num_Acc,an,mois,jour,hrmn,lum,agg,int,atm,col,com,lat,long,dep,catr,circ,nbv,vosp,prof,plan,lartpc,larrout,surf,infra,situ,env1,killed
200600005502,6,1,19,800,2,1,1,1,2,81,4349600,523100,130,3,3,2,0,1,1,0,80,1,0,1,0,0
200600005503,6,1,23,1355,1,1,1,1,3,110,4405100,613700,40,2,2,2,3,1,1,0,0,1,5,1,0,0
200600005504,6,1,4,1630,1,1,9,1,1,94,4375000,584800,40,3,2,2,0,1,3,0,70,1,0,1,0,0
200600005507,6,1,1,130,3,1,1,2,7,203,4436000,632000,40,3,2,2,0,1,3,0,65,7,0,3,0,0
200600005508,6,1,11,1015,1,1,1,1,3,198,4445000,639500,40,3,2,2,0,2,2,0,0,2,0,1,0,1
200600005509,6,1,28,830,1,1,1,8,1,161,4440200,648600,40,3,2,2,0,1,2,0,74,5,0,1,0,1
200600005510,6,1,23,1915,3,1,1,1,2,242,4388900,586300,40,2,2,2,0,0,1,0,0,1,0,1,0,0
200600005512,6,1,9,845,1,1,1,9,1,104,4470000,605900,50,2,2,2,0,1,3,0,72,7,0,1,0,0
200600005513,6,1,31,1645,2,1,9,1,1,95,4473900,600500,50,2,2,0,0,1,2,0,79,1,2,1,0,0
200600005514,6,1,23,1830,5,2,1,1,6,170,4446700,605400,50,3,2,2,0,1,1,0,52,1,0,4,0,0
200600005518,6,1,5,1900,5,2,1,4,6,124,4458200,612600,50,2,3,0,0,1,1,0,70,5,0,3,0,1
200600005520,6,1,14,1100,1,2,1,1,3,48,4379300,733400,60,3,2,2,0,0,1,0,90,1,0,1,0,0
200600005525,6,1,16,730,2,2,1,1,3,95,4364000,687000,60,3,2,2,0,1,1,0,73,1,0,1,0,0
200600005528,6,1,19,845,1,2,1,1,1,33,4379900,718700,60,4,2,1,0,1,0,81,70,1,0,1,0,0
200600005530,6,1,2,1630,2,1,1,1,5,153,4405000,713000,60,3,2,2,0,1,4,0,70,1,0,1,0,0
200600005531,6,1,27,1300,1,1,1,1,6,129,4409000,711000,60,3,2,2,0,1,1,0,70,2,0,3,0,0
200600005535,6,1,1,2015,3,1,1,9,7,46,4356200,612400,830,3,2,2,0,1,1,0,70,7,0,1,0,0
200600005538,6,1,14,1600,1,1,1,1,6,100,4330000,612300,830,3,2,0,0,0,4,0,0,1,0,1,0,0
200600005539,6,1,17,1000,3,1,1,1,6,33,4324700,609700,830,3,0,0,0,0,0,0,0,0,0,0,0,0
200600005550,6,1,30,1930,3,1,1,1,6,68,4326500,653100,830,3,2,2,0,0,1,0,60,2,0,1,0,1
200600005555,6,1,29,1830,5,1,1,2,3,47,4313300,607600,830,2,2,3,2,2,1,0,155,2,0,1,0,0
200600005560,6,1,6,800,1,2,6,1,6,54,4392000,505000,840,4,2,2,0,2,1,0,0,1,0,1,0,0
200600005563,6,1,2,900,1,1,1,1,1,3,4388800,534800,840,3,2,2,2,1,1,0,92,7,0,1,0,0
200600005565,6,1,2,845,1,1,1,8,6,2,4373800,548500,840,3,2,2,0,2,3,0,52,7,0,3,0,0
200600005567,6,1,23,1200,1,1,1,1,1,69,4418100,513900,840,3,2,2,0,1,2,0,57,1,0,1,0,0
200600005569,6,1,22,200,3,1,2,1,3,88,4402200,503200,840,3,2,0,0,1,1,0,80,1,0,1,3,0
200600005571,6,1,19,745,1,1,1,1,6,19,4430500,475000,840,3,2,2,0,1,2,0,0,0,0,1,0,0
200600005575,6,1,13,1115,1,1,1,1,5,145,4369800,413700,340,3,2,0,0,1,3,0,0,1,0,1,0,0
200600005576,6,1,28,1315,1,1,1,6,1,151,4362300,411900,340,3,2,1,0,1,1,0,80,2,0,1,0,0
200600005578,6,1,25,1600,1,2,1,1,3,211,4358400,306200,340,3,2,0,0,0,1,0,62,1,5,1,0,0
200600005580,6,1,31,530,3,1,1,1,6,52,4332600,302100,340,3,2,2,0,4,3,0,75,1,0,3,0,1
200600005585,6,1,11,1100,1,1,1,2,1,175,4360900,336100,340,3,2,2,0,1,1,0,76,7,0,1,0,0
200600005586,6,1,26,1145,1,1,1,1,3,197,4357500,341600,340,3,2,0,0,1,1,0,47,1,0,1,0,0
200600005587,6,1,23,2000,3,1,1,1,6,114,4362400,350800,340,3,0,2,0,1,1,0,64,1,0,1,0,1
200600005589,6,1,25,1350,1,1,2,1,1,101,4336600,348800,340,3,2,0,0,1,1,0,45,1,5,1,0,0
200600005591,6,1,6,900,1,1,1,3,6,213,4351500,365600,340,3,2,0,0,2,3,0,70,2,0,1,0,0
200600005592,6,1,25,1400,1,1,1,1,6,213,4348700,369900,340,2,2,3,0,1,1,0,106,1,0,3,0,0
200600005593,6,1,31,2200,3,1,1,1,7,143,4344900,363600,340,2,2,2,0,3,3,0,94,1,0,0,0,0
200600005595,6,1,11,1500,1,2,1,1,2,396,4331700,255800,110,3,2,2,0,1,1,0,59,1,0,1,0,0
200600005596,6,1,18,845,1,1,1,8,5,243,4336000,180000,110,2,2,1,0,1,2,0,67,2,0,1,0,0
200600005599,6,1,10,1830,3,1,1,1,1,85,4317700,232600,110,3,2,2,0,1,1,0,0,1,0,3,0,0
200600005607,6,1,31,1630,1,2,9,1,6,133,4354300,413700,300,4,1,0,0,1,1,0,0,1,0,1,0,0
200600005610,6,1,13,1800,5,2,9,1,7,344,4374900,421900,300,6,0,0,0,1,0,0,0,1,0,0,0,0
200600005612,6,1,1,845,1,1,1,1,6,269,4412500,386400,300,3,2,2,0,2,3,0,60,0,0,0,0,0
200600005615,6,1,5,1830,3,1,1,4,1,161,4403100,412500,300,3,2,0,0,0,1,0,70,5,0,1,0,0
200600005617,6,1,31,915,1,2,1,1,2,259,4408500,412200,300,3,2,0,0,1,1,0,60,1,0,1,0,0
200600005622,6,1,21,600,3,2,1,1,7,179,4388400,459600,300,3,2,2,0,1,2,0,60,1,0,3,0,0
200600005629,6,1,7,645,3,1,1,8,6,229,4400500,366000,300,3,2,2,0,1,4,0,75,2,0,1,0,0
200600005632,6,1,5,945,1,1,1,4,1,111,4458000,363000,480,2,2,2,0,0,3,0,64,7,0,1,0,0
200600005634,6,1,20,2015,3,1,1,1,6,119,4452000,391000,480,3,2,0,0,1,4,0,60,2,0,1,0,0
200600005637,6,1,13,1500,1,1,9,1,1,56,4448900,336400,480,2,2,2,0,1,1,0,70,1,0,1,0,0
200600005638,6,1,26,1745,2,1,1,1,1,87,4471100,314900,480,3,2,2,0,0,1,0,69,1,0,1,0,0
200600005639,6,1,3,1115,1,1,1,6,2,189,4265600,296000,660,3,2,0,2,2,1,0,62,1,0,1,0,0
200600005640,6,1,19,915,1,2,1,1,3,37,4269100,303100,660,3,2,1,0,0,1,96,0,1,5,1,0,0
200600005643,6,1,23,1845,2,1,1,1,7,210,4266000,278700,660,4,2,0,0,1,1,0,35,1,0,1,0,0
200600005647,6,1,31,2100,3,1,1,1,1,148,4250300,312300,660,3,2,2,0,2,3,0,61,1,0,1,0,0
200600005651,6,1,5,1130,1,1,1,1,1,85,4190800,883800,201,4,2,0,0,2,3,0,29,1,0,1,0,0
200600005657,6,1,25,630,5,2,3,1,3,168,4262100,895700,202,3,2,1,0,3,2,0,70,1,0,1,0,0
200600005658,6,1,18,500,3,1,1,1,6,96,4229300,919900,202,3,2,2,0,1,2,0,43,1,2,3,0,0
200600005659,6,1,26,530,5,2,1,8,6,96,4230500,915300,202,4,2,2,0,1,1,0,40,7,0,4,0,0
200600005662,6,1,19,730,2,1,1,1,1,303,4230900,954500,202,2,2,2,0,0,0,0,60,1,5,3,0,0
200600005666,6,1,2,1330,1,2,1,1,6,531,4900200,164700,780,4,2,2,0,2,2,60,0,1,0,1,0,0
200600005667,6,1,5,830,1,2,1,1,6,531,4900300,163200,780,4,2,2,0,1,1,0,51,1,0,1,3,0
200600005668,6,1,11,2230,5,1,1,1,2,89,4902000,161000,780,2,2,0,0,4,1,0,0,1,0,1,0,0
200600005672,6,1,9,815,1,2,1,1,1,321,4878500,189300,780,3,2,2,0,2,1,0,0,2,0,1,0,0
200600005673,6,1,14,2045,3,1,1,1,6,321,4879200,191900,780,3,2,0,0,2,1,0,60,1,0,1,0,0
200600005679,6,1,12,645,5,2,1,5,6,35,4845600,195700,910,3,3,2,0,1,2,10,80,2,0,3,0,0
200600005680,6,1,10,1245,1,1,1,5,3,200,4855900,202700,910,3,2,0,0,0,1,0,60,1,0,1,0,0
200600005681,6,1,13,1730,3,1,1,2,7,200,4852100,201800,910,3,2,0,0,1,1,0,71,2,0,1,0,0
200600005686,6,1,19,1155,1,2,1,1,6,494,4861400,235700,910,9,2,1,0,1,1,0,0,1,0,1,0,0
200600005687,6,1,20,1745,1,1,1,2,1,24,4910000,179000,950,3,2,2,0,1,1,0,75,2,0,1,0,0
200600005694,6,1,10,2330,3,1,1,1,6,103,4854900,279400,770,3,2,2,0,1,1,0,82,1,0,3,0,0
200600005695,6,1,18,1830,3,1,1,2,1,107,4866600,284100,770,3,2,2,0,0,2,0,76,2,0,1,0,0
200600005697,6,1,3,1945,2,2,1,1,1,183,4894900,311300,770,2,3,3,0,0,1,30,0,1,5,1,0,0
200600005698,6,1,14,1115,1,2,1,1,6,388,4896000,314500,770,3,0,0,0,0,1,103,0,0,0,0,0,0
200600005699,6,1,27,1330,1,2,1,1,3,398,4888200,329400,770,3,2,2,0,1,1,0,58,1,0,1,0,0
200600005700,6,1,5,1800,3,1,1,8,5,31,4869700,291200,770,2,3,4,0,1,1,15,70,2,0,1,0,1
200600005701,6,1,23,715,3,1,1,1,3,192,4872400,284600,770,3,2,2,0,1,1,0,0,0,5,1,0,0
200600005703,6,1,14,1730,1,1,1,1,3,99,4815700,269200,770,3,2,2,0,1,1,0,0,1,5,1,0,0
200600005704,6,1,7,1130,1,1,1,8,7,329,4824200,282400,770,3,2,2,0,0,1,0,70,2,0,3,0,0
200600005705,6,1,19,745,2,2,1,1,3,323,4905000,262400,770,4,2,2,0,1,1,0,0,1,5,1,0,0
200600005706,6,1,2,1745,2,2,1,1,3,315,4889200,282900,770,4,2,2,0,1,1,0,72,1,0,1,0,0
200600005709,6,1,17,1230,1,1,1,3,5,383,4856800,305600,770,2,2,2,0,1,1,0,90,2,0,1,0,0
200600005711,6,1,19,1115,5,2,1,1,3,89,4790100,202600,450,3,2,2,0,1,1,0,62,1,5,1,0,0
200600005712,6,1,25,1700,1,2,1,1,1,282,4787200,183600,450,4,2,1,0,1,1,0,48,1,5,1,0,0
200600005713,6,1,14,930,1,1,1,1,7,335,4775600,213400,450,3,2,2,0,1,2,0,58,1,0,3,0,1
200600005714,6,1,23,1615,1,2,1,1,1,123,4785800,208100,450,3,2,2,0,1,3,0,70,1,0,1,0,0
200600005715,6,1,4,1545,1,2,1,1,3,28,4779100,162600,450,4,2,2,0,1,1,0,45,2,5,1,3,0
200600005716,6,1,16,1030,1,1,1,1,4,134,4794200,163200,450,2,2,0,0,1,1,70,0,1,0,1,0,0
200600005717,6,1,2,1530,1,1,1,1,3,224,4809500,203900,450,3,2,2,0,1,1,0,60,1,0,1,0,0
200600005718,6,1,14,1845,3,1,1,1,6,87,4755700,272700,450,3,2,2,0,1,2,0,54,1,0,3,0,1
200600005719,6,1,2,1915,3,1,1,1,1,42,4781200,241500,450,3,2,2,0,1,1,0,86,1,0,0,0,0
200600005721,6,1,6,2015,3,2,1,1,6,104,4804500,271600,450,4,2,2,0,1,3,0,52,2,0,3,0,1
200600005722,6,1,13,830,1,2,1,1,6,77,4787000,286400,450,3,2,2,0,1,1,0,55,1,0,1,3,0
200600005725,6,1,25,1430,1,1,9,1,3,348,4817200,234600,450,3,2,0,0,1,1,0,30,1,0,1,0,0
200600005726,6,1,21,1700,1,1,1,1,1,139,4819300,233000,450,3,2,0,0,1,0,0,66,1,0,1,0,0
200600005728,6,1,20,1500,1,1,1,1,7,240,4717400,290500,180,3,2,2,0,1,1,0,42,1,0,3,0,0
200600005730,6,1,13,745,2,1,1,9,1,180,4703000,244200,180,3,2,2,0,0,1,60,0,7,0,1,0,0
200600005734,6,1,31,1645,1,2,6,1,6,15,4749300,244000,180,9,2,2,0,1,2,0,86,1,6,1,0,0
200600005736,6,1,1,300,3,1,1,8,7,122,4834500,150200,280,3,2,0,0,0,1,0,0,2,0,3,0,1
200600005737,6,1,14,1745,3,1,1,1,3,253,4836000,144400,280,2,2,0,0,0,1,0,0,1,0,1,0,0
200600005738,6,1,1,1000,1,1,1,2,6,160,4841100,164600,280,3,2,2,0,1,1,0,68,2,0,3,0,0
200600005742,6,1,20,1915,3,1,1,2,6,285,4846000,169000,280,3,2,1,0,1,0,0,0,2,0,1,0,0
200600005743,6,1,23,815,2,1,2,1,3,129,4841200,180300,280,3,2,2,0,1,1,0,61,1,5,1,0,0
200600005745,6,1,10,1600,1,2,1,8,1,422,4827800,166900,280,3,2,2,0,1,1,0,62,2,5,1,0,1
200600005746,6,1,13,1700,1,1,2,1,3,243,4831800,192100,280,3,2,2,0,1,1,60,0,1,0,1,0,0
200600005747,6,1,6,530,3,1,9,1,1,61,4827500,121700,280,3,2,0,0,0,2,0,0,1,0,1,0,0
200600005749,6,1,14,1045,1,1,2,1,3,251,4872900,144900,280,3,2,2,0,1,1,0,63,1,0,0,0,0
200600005751,6,1,31,1945,3,1,1,1,6,171,4870400,134700,280,3,2,0,0,1,1,38,44,1,0,1,0,0
200600005752,6,1,2,1000,1,2,1,7,3,347,4882100,154100,280,3,2,1,0,1,1,0,55,2,0,1,0,0
200600005754,6,1,24,2000,3,1,1,1,7,64,4880400,145300,280,3,2,0,0,1,3,0,37,1,0,1,0,0
200600005757,6,1,1,1230,1,1,1,1,6,341,4862600,125800,280,3,2,2,0,1,1,0,75,2,0,3,0,1
200600005762,6,1,26,1230,1,1,1,1,7,9,4667900,170000,360,3,2,0,0,1,1,0,43,2,0,3,0,0
200600005763,6,1,8,1900,3,1,1,3,2,6,4652900,147400,360,3,2,2,0,1,1,0,58,2,0,1,0,1
200600005764,6,1,19,1530,1,2,1,1,6,6,4659200,152000,360,3,2,1,0,1,1,0,54,1,0,1,0,0
200600005766,6,1,28,1700,1,1,1,4,3,31,4688200,141400,360,3,2,2,0,0,2,0,74,5,3,1,0,0
200600005767,6,1,8,1200,1,1,1,2,6,18,4661000,113300,360,3,2,2,0,2,3,0,60,2,0,3,0,0
200600005770,6,1,28,145,4,2,1,1,6,43,4747000,106000,370,3,2,2,0,1,1,0,60,1,0,1,0,0
200600005771,6,1,20,1830,3,1,1,8,4,109,4738900,59000,370,2,2,2,0,1,2,0,68,2,0,1,0,0
200600005774,6,1,10,1715,1,1,1,1,3,278,4720900,62700,370,3,2,2,0,1,1,0,51,2,0,1,0,0
200600005775,6,1,22,1100,1,1,1,1,1,176,4710300,54900,370,3,2,0,0,2,1,0,70,1,0,1,0,0
200600005776,6,1,29,1730,1,1,1,1,6,178,4714500,43200,370,3,0,0,0,0,3,0,0,1,0,1,0,0
200600005777,6,1,31,1615,1,1,1,1,1,226,4711100,61100,370,3,2,0,0,4,4,0,63,1,0,1,0,0
200600005778,6,1,25,815,1,1,1,1,1,132,4711600,98100,370,2,2,2,0,2,3,0,70,1,2,1,0,1
200600005779,6,1,24,1940,2,1,1,1,7,133,4709400,123700,370,3,2,2,0,1,1,0,58,1,0,1,0,0
200600005780,6,1,26,915,1,1,1,1,3,98,4705800,61500,370,2,2,2,0,1,1,0,143,1,5,1,0,0
200600005781,6,1,29,2000,3,1,1,9,6,104,4729000,77800,370,3,2,2,0,1,1,0,70,7,0,3,0,0
200600005786,6,1,2,1930,3,1,1,1,6,100,4771100,76300,410,4,2,2,0,2,1,0,40,1,0,3,0,0
200600005787,6,1,28,1645,1,1,1,4,1,259,4779000,96700,410,3,2,2,0,1,3,55,0,7,0,1,0,0
200600005789,6,1,22,1,1,1,1,1,1,203,4519800,97400,330,3,2,2,0,1,1,0,55,1,0,1,0,0
200600005790,6,1,26,1345,1,2,1,1,3,203,4519100,106400,330,4,2,2,0,1,3,0,59,1,0,1,0,0
200600005792,6,1,2,2000,3,1,1,1,6,146,4792200,384100,290,4,2,2,0,2,1,0,68,1,0,3,0,1
200600005793,6,1,8,200,3,1,1,2,6,236,4789200,370400,290,1,3,4,0,0,1,10,150,2,3,2,0,0
200600005794,6,1,17,2015,3,1,1,2,5,272,4797700,398900,290,3,2,2,0,0,1,0,72,2,0,1,0,0
200600005795,6,1,22,2030,3,1,1,1,6,274,4804900,367500,290,3,2,0,0,1,1,0,80,1,0,3,0,1
200600005796,6,1,10,245,3,1,1,1,6,144,4907000,246200,950,3,2,2,0,2,4,0,58,7,0,3,0,0
200600005797,6,1,21,2030,3,1,9,1,3,365,4909600,241600,950,2,3,4,0,1,0,0,71,1,3,1,0,0
200600005798,6,1,27,2045,3,1,1,8,7,365,4908100,241000,950,3,2,3,0,1,1,0,100,2,0,1,0,0
200600005805,6,1,10,1930,3,1,1,5,5,473,4725300,509000,210,3,2,0,0,0,1,0,77,2,0,1,0,0
200600005806,6,1,27,830,1,1,1,4,1,40,4346000,554700,130,3,2,0,0,4,1,0,77,5,0,1,0,0
200600005807,6,1,30,1030,1,1,1,1,1,40,4346800,561300,130,3,2,0,1,0,2,0,60,1,5,0,0,0
200600005814,6,1,19,1745,3,1,1,1,2,537,4856000,193600,780,1,3,4,0,1,1,24,340,1,0,1,0,0
200600005817,6,1,28,1715,1,1,1,2,7,363,4840700,189500,280,1,3,0,0,1,1,24,270,7,0,1,0,0
200600005818,6,1,28,2030,3,1,1,9,6,92,4835700,187700,280,1,3,0,0,1,1,24,270,7,0,3,0,0
200600005822,6,1,3,2015,5,2,1,2,6,43,4836500,425900,290,4,2,2,0,1,1,0,60,2,5,1,0,0
200600005823,6,1,8,1415,1,1,1,1,3,80,4833900,422700,290,3,2,4,0,1,1,0,70,1,0,1,0,0
200600005824,6,1,29,430,3,1,1,1,6,43,4836400,425000,290,2,3,4,0,4,3,30,90,2,2,2,0,1
200600005833,6,1,8,1900,3,1,1,1,1,100,4326900,614100,830,1,3,2,0,0,1,5,95,1,0,1,0,0
200600005834,6,1,27,1745,3,1,1,2,4,86,4346100,654300,830,1,3,3,0,1,1,20,130,2,0,1,0,0
200600005837,6,1,16,700,2,1,1,1,1,142,4751900,472600,210,2,2,2,0,1,1,0,0,0,0,1,0,0
200600005845,6,1,4,1600,1,2,1,1,2,186,4368500,144100,310,4,2,2,0,1,1,0,0,1,0,1,0,0
200600005846,6,1,10,1830,1,2,1,1,1,467,4369400,141400,310,4,2,0,0,1,1,0,51,1,0,1,3,0
200600005847,6,1,24,1800,2,2,1,1,3,467,4369700,141400,310,3,2,0,0,1,1,10,60,1,0,1,3,0
200600005848,6,1,31,1815,2,2,1,1,6,410,4370700,146900,310,3,2,2,0,1,1,0,83,1,0,1,0,0
200600005857,6,1,10,845,2,2,6,1,5,273,4739600,77000,370,3,0,0,0,0,0,0,0,0,0,0,0,0
200600005858,6,1,13,1845,5,2,1,1,3,91,4734100,99000,370,3,2,2,0,3,1,0,69,1,4,1,0,0
200600005862,6,1,23,430,3,1,1,1,6,269,4788000,173000,450,1,3,3,0,1,1,15,270,1,0,1,0,0
200600005864,6,1,1,800,1,1,1,1,6,347,4702200,487100,210,1,3,4,3,1,1,10,140,1,0,2,0,1
200600005865,6,1,19,1200,1,1,1,1,6,2,4582800,602500,740,1,3,4,0,1,1,25,70,1,0,1,0,0
200600005868,6,1,5,345,3,1,1,1,1,86,4746400,152400,410,3,2,2,0,1,1,0,63,2,0,1,0,1
200600005869,6,1,19,1930,5,2,1,1,6,147,4750200,130000,410,3,2,2,0,1,1,0,60,1,0,1,0,0
200600005876,6,1,7,130,3,1,1,1,1,291,4367600,131700,400,1,1,2,0,1,1,0,70,1,0,1,0,0
200600005878,6,1,18,1300,1,1,1,2,2,172,4922800,406700,510,1,3,3,0,1,1,0,0,2,0,1,0,0
200600005881,6,1,21,1130,1,2,1,1,3,486,4516000,569500,380,3,2,2,1,2,1,0,0,1,0,1,0,0
200600005895,6,1,23,1400,1,1,1,1,1,1,4351800,543600,130,1,0,3,0,1,1,0,0,1,0,1,0,0
200600005899,6,1,28,1515,1,1,1,4,1,69,4319000,230000,110,1,2,2,0,2,2,0,80,5,3,1,0,0
200600005901,6,1,8,1000,1,1,1,1,6,518,4734400,623100,250,1,3,0,0,1,1,35,70,1,0,3,0,0
200600005902,6,1,9,815,1,1,1,1,7,119,4726000,591000,250,1,3,2,3,1,1,30,100,1,0,1,0,0
200600005903,6,1,9,2115,3,1,1,1,2,56,4730700,603500,250,1,3,2,3,1,1,30,100,1,0,1,0,0
200600005907,6,1,26,845,1,1,1,1,6,161,4348500,154100,310,1,1,3,0,1,1,20,135,1,0,0,0,1
200600005908,6,1,7,715,3,1,1,1,4,284,4463200,89500,330,1,0,2,0,1,1,32,75,1,0,1,0,0
200600005909,6,1,12,1845,3,1,1,1,4,527,4461600,101500,330,1,3,0,0,1,1,25,132,1,0,1,0,0
200600005910,6,1,15,700,3,1,6,1,7,199,4462100,110100,330,1,1,2,0,1,3,0,140,1,5,3,0,0
200600005911,6,1,22,2345,3,1,1,1,2,284,4466000,83000,330,1,1,2,0,1,1,45,104,1,0,1,0,0
200600005920,6,1,29,45,3,1,1,1,6,300,4778400,740200,680,1,3,0,0,0,1,30,70,9,0,1,0,0
200600005925,6,1,5,1300,1,2,1,1,3,229,4521400,579300,380,4,2,0,0,1,2,0,80,1,5,1,0,0
200600005926,6,1,12,945,1,2,2,1,1,229,4521600,578200,380,9,2,0,0,0,2,0,0,1,0,1,0,0
200600005928,6,1,8,1500,1,1,1,8,6,122,4469000,71000,330,2,2,1,0,1,1,0,66,2,0,3,0,0
200600005932,6,1,24,1100,1,2,1,1,6,362,4170300,935200,201,3,2,2,0,3,1,0,62,1,0,1,3,0
200600005934,6,1,4,930,1,1,1,8,7,244,4590500,522800,10,1,1,0,0,1,1,10,0,2,0,1,0,0
200600005935,6,1,4,1100,1,1,1,1,6,49,4584100,503600,10,1,0,2,0,2,1,30,148,1,0,2,0,0
200600005936,6,1,24,1245,1,1,1,1,2,562,4920600,412500,510,3,0,2,0,1,1,0,57,1,0,1,0,0
200600005938,6,1,31,1730,1,1,1,1,3,571,4919500,425000,510,3,2,2,0,1,1,67,0,1,0,1,0,0
200600005940,6,1,17,1100,1,1,9,1,7,794,5072800,216700,620,1,3,0,0,1,1,0,0,1,7,1,0,0
200600005941,6,1,20,1415,1,2,1,1,3,157,4354200,134600,310,4,2,0,0,1,1,0,0,1,0,1,0,0
200600005942,6,1,13,955,1,1,2,1,3,152,4361000,705000,60,3,1,2,0,2,2,0,151,1,5,1,0,1
200600005943,6,1,21,915,1,1,1,1,5,152,4363900,700300,60,3,2,0,0,0,0,0,79,2,0,1,0,0
200600005944,6,1,28,1400,1,1,1,1,1,378,4542800,477400,380,3,2,2,0,1,1,0,60,5,0,1,0,0
200600005949,6,1,29,45,3,1,1,1,2,445,4910300,228600,950,3,3,0,0,2,1,0,150,1,0,1,0,0
200600005950,6,1,8,915,1,1,1,1,7,251,4764000,269000,560,1,3,4,0,1,1,46,136,2,0,1,0,1
200600005954,6,1,21,2310,3,1,1,1,5,46,4766500,198100,410,1,3,0,0,0,1,30,180,1,0,1,0,0
200600005955,6,1,23,845,1,1,1,1,7,141,4711700,220000,180,1,3,0,0,1,1,20,190,1,0,3,0,0
200600005960,6,1,25,745,1,1,1,1,3,87,4617300,569100,10,1,3,2,0,2,1,20,0,1,0,1,0,0
200600005961,6,1,7,1515,1,1,1,9,2,69,4361000,514000,130,3,2,2,0,1,1,0,80,2,0,1,0,0
200600005964,6,1,18,730,2,1,1,1,5,51,4357100,515500,130,2,2,4,0,2,2,0,150,1,0,1,0,0
200600005967,6,1,25,1620,1,2,1,8,7,309,4864000,772000,670,3,2,2,0,1,2,0,109,1,0,1,0,0
200600005971,6,1,13,1430,1,1,1,1,7,665,4768400,518100,210,1,3,0,0,2,1,26,70,1,0,1,0,0
200600005972,6,1,17,1900,3,1,1,8,3,113,4358600,546700,130,4,2,2,0,1,1,0,0,2,5,1,0,0
200600005973,6,1,28,1030,1,1,1,8,4,34,4508000,521000,260,1,1,0,0,1,1,14,70,2,0,1,0,0
200600005981,6,1,6,200,3,1,1,1,7,399,4338500,128100,310,1,3,4,0,1,1,0,0,1,0,3,0,0
200600005984,6,1,23,1230,1,1,1,1,7,791,4989000,228000,800,1,1,1,0,1,3,0,35,1,3,3,0,0
200600005992,6,1,8,930,1,2,1,1,3,65,4803700,16300,720,4,2,2,0,1,1,0,70,1,0,1,0,0
200600006000,6,1,13,1545,1,2,1,1,1,32,4369000,132600,310,3,2,2,0,1,1,0,71,1,0,1,0,0
200600006002,6,1,10,2145,5,1,1,8,6,101,4786500,309200,560,3,2,2,0,1,1,0,68,1,0,3,0,1
200600006003,6,1,12,715,3,1,1,8,5,101,4786200,309200,560,2,3,4,0,2,2,30,73,2,0,1,0,1
200600006004,6,1,28,1500,1,1,1,4,1,175,4770600,290000,560,4,2,2,0,1,1,0,49,5,0,1,0,0
200600006006,6,1,21,1600,1,1,1,1,5,173,4822000,170200,350,3,2,0,0,0,1,0,0,1,5,1,0,0
200600006012,6,1,21,515,5,1,1,9,3,22,4845800,262200,770,2,3,2,0,1,1,0,140,2,0,1,0,0
200600006014,6,1,29,500,3,1,1,1,2,78,4831200,419200,290,2,3,2,0,1,1,0,0,1,0,0,0,0
200600006015,6,1,28,2300,3,1,1,2,7,289,4895400,46100,270,1,1,2,3,1,1,7,55,7,0,3,0,0
200600006053,6,2,13,1130,1,1,1,1,1,184,5073400,242800,590,2,2,2,0,1,3,0,75,1,0,1,0,0
200600006054,6,2,3,1300,1,2,6,1,6,258,5053400,322400,590,3,2,0,0,1,1,0,62,1,5,4,0,0
200600006056,6,2,3,2320,5,1,1,8,7,252,5070300,297200,590,3,2,2,0,1,1,0,70,2,0,1,0,1
200600006057,6,2,1,1045,1,1,1,7,6,61,5006900,379000,590,3,2,2,0,0,1,0,49,1,0,3,0,0
200600006059,6,2,10,1200,3,1,1,1,7,12,5000600,413800,590,9,2,0,0,1,2,0,45,7,0,1,0,0
200600006061,6,2,22,1800,1,2,1,9,1,136,5011300,352000,590,2,0,0,0,4,1,0,0,1,0,1,0,0
200600006063,6,2,22,1145,1,1,1,8,1,171,5004900,334600,590,3,2,2,0,0,3,0,65,2,0,1,0,0
200600006067,6,2,3,1930,5,2,2,8,3,609,5036300,274700,620,3,2,2,0,1,1,0,110,2,0,1,0,0
200600006069,6,2,7,745,1,1,1,1,1,405,5029200,297000,620,3,2,2,0,1,2,0,59,1,0,1,0,1
200600006070,6,2,8,1200,1,2,1,1,6,559,5021600,308500,620,3,2,2,0,1,1,0,64,1,0,4,0,0
200600006071,6,2,19,715,1,2,1,2,6,331,5029600,285000,620,3,2,2,0,1,3,0,69,2,0,1,0,0
200600006073,6,2,19,1045,1,2,1,2,1,736,5065000,276000,620,3,2,0,0,0,2,0,69,2,0,1,0,0
200600006077,6,2,1,645,2,2,1,5,7,432,5077200,191400,620,3,2,0,0,4,3,0,37,7,0,3,0,0
200600006078,6,2,23,2015,3,2,1,1,7,314,5040500,260700,620,3,2,2,0,2,2,0,50,1,0,1,0,0
200600006079,6,2,4,1015,1,2,1,1,1,177,5044700,183200,620,3,2,2,0,1,3,0,67,2,0,1,0,0
200600006080,6,2,7,1400,1,1,1,1,7,743,5036700,205000,620,3,2,2,0,2,2,0,64,1,2,1,0,0
200600006083,6,2,13,1830,5,2,1,8,6,763,5038300,235300,620,3,0,0,0,1,1,0,71,9,0,1,0,0
200600006084,6,2,15,1530,1,1,1,6,1,767,5039200,235000,620,2,2,2,0,1,1,0,79,2,0,1,0,0