Num_Acc,an,mois,jour,hrmn,lum,agg,int,atm,col,com,lat,long,dep,catr,circ,nbv,vosp,prof,plan,lartpc,larrout,surf,infra,situ,env1,killed
200600006085,6,2,2,1245,1,1,1,1,3,118,5037500,255100,620,3,2,0,0,1,1,0,59,1,0,1,0,0
200600006086,6,2,17,1130,1,1,2,2,3,198,5039300,262400,620,3,2,2,0,1,1,0,60,2,0,0,0,0
200600006087,6,2,27,1830,5,2,1,2,3,362,5040100,252400,620,3,2,2,0,1,1,0,50,2,0,1,0,0
200600006089,6,2,13,1630,1,1,1,2,5,107,4987400,244400,800,2,2,2,0,4,1,0,82,2,0,1,0,0
200600006091,6,2,10,1300,1,2,1,1,7,22,4989700,178700,800,3,2,2,0,1,1,0,57,1,0,1,0,1
200600006092,6,2,10,1215,1,2,1,1,2,627,4982000,222200,800,3,2,2,0,2,3,0,50,1,0,1,0,0
200600006095,6,2,5,1415,1,2,1,1,7,529,4997600,184700,800,3,2,0,0,1,1,0,60,1,0,3,0,0
200600006096,6,2,3,1400,1,1,1,1,3,362,4998700,163100,800,3,2,2,0,1,1,0,66,1,5,1,0,0
200600006097,6,2,18,1230,1,2,1,1,3,333,5034300,156800,800,3,2,2,0,1,1,0,64,1,0,1,0,0
200600006098,6,2,5,915,1,2,1,5,1,618,5016200,159100,800,3,2,2,0,1,3,0,65,2,0,1,0,0
200600006099,6,2,25,1815,2,1,1,1,6,110,5015900,167600,800,4,0,0,0,1,3,0,35,1,0,3,0,0
200600006101,6,2,10,730,2,1,2,1,3,530,4994800,254100,800,3,2,2,0,1,1,0,53,1,0,1,0,0
200600006102,6,2,19,530,3,1,1,2,6,417,4985200,267800,800,3,2,2,0,1,1,0,60,2,0,1,0,1
200600006104,6,2,12,1730,1,1,1,4,7,468,4976300,375500,20,3,2,2,0,2,1,0,60,5,0,1,0,0
200600006105,6,2,13,1700,1,2,1,1,3,237,4969800,362400,20,3,2,2,0,1,1,0,70,1,0,1,0,0
200600006106,6,2,24,415,3,1,1,1,7,80,4961800,356400,20,3,2,2,0,1,1,0,56,1,0,3,0,0
200600006113,6,2,27,1745,2,1,2,8,1,421,4931600,349800,20,3,2,2,0,1,1,0,70,2,5,1,0,0
200600006115,6,2,1,600,3,1,1,1,2,810,4920900,310900,20,3,2,0,0,1,1,0,68,1,0,3,0,0
200600006116,6,2,2,900,1,2,1,9,3,410,4926400,304500,20,3,2,1,0,1,2,0,58,7,0,1,0,0
200600006117,6,2,10,1645,1,1,3,1,3,810,4925900,306500,20,3,2,2,0,3,3,0,75,1,0,1,0,0
200600006127,6,2,2,2230,5,2,1,1,6,17,4956700,239500,600,3,2,2,0,1,3,0,53,1,0,1,0,0
200600006132,6,2,16,1200,1,2,1,1,1,368,4946600,285800,600,2,2,0,1,2,3,0,70,1,0,1,0,0
200600006133,6,2,17,1300,1,1,1,1,7,125,4939700,270900,600,3,2,2,0,1,2,0,60,1,0,1,0,0
200600006141,6,2,25,1815,2,2,1,1,3,141,4919000,245900,600,4,2,2,1,1,3,80,60,1,0,1,0,0
200600006147,6,2,1,1415,1,2,1,1,6,684,4947900,46100,760,3,2,2,0,1,1,0,75,1,0,1,0,0
200600006150,6,2,5,600,3,1,1,1,5,67,4947800,165000,760,2,2,0,0,0,1,0,0,1,0,1,0,0
200600006151,6,2,3,1700,1,2,1,1,3,312,4948800,171500,760,2,2,0,0,0,1,0,0,1,0,1,0,0
200600006154,6,2,19,530,3,1,1,3,7,228,4965000,82000,760,3,2,2,0,1,4,0,45,3,0,1,0,0
200600006160,6,2,20,1930,3,1,1,2,3,160,4918300,156900,270,3,2,2,0,1,1,0,0,2,5,1,0,0
200600006162,6,2,10,1515,1,1,1,1,1,148,4897600,45400,270,3,2,2,0,0,2,0,62,1,0,1,0,0
200600006163,6,2,18,915,1,2,1,9,3,516,4906300,60500,270,3,0,2,0,1,1,0,0,2,0,1,0,1
200600006167,6,2,15,1845,3,2,1,3,6,630,4914900,79500,270,3,2,2,0,1,1,0,0,2,0,1,0,1
200600006169,6,2,10,1830,5,2,1,1,3,339,4914900,113100,270,4,2,2,0,1,1,0,44,1,0,1,0,0
200600006174,6,2,22,800,2,2,1,2,1,103,4935900,81500,270,3,0,0,0,1,1,0,50,2,0,1,0,0
200600006175,6,2,3,2000,3,1,1,8,7,269,4920100,48300,270,3,2,2,0,1,3,0,57,1,0,3,0,0
200600006184,6,2,8,1315,1,1,1,8,5,33,4792000,170000,350,3,2,2,0,1,3,0,50,1,0,0,0,0
200600006189,6,2,7,1730,1,2,1,1,6,248,4855700,158000,350,4,2,1,0,2,1,0,60,1,0,1,0,0
200600006191,6,2,10,1845,2,1,1,1,5,85,4843700,179200,350,3,2,0,0,3,1,0,60,1,0,1,0,0
200600006198,6,2,9,1645,1,1,1,1,3,232,4861600,287900,220,3,2,2,0,1,1,0,0,1,0,1,0,0
200600006202,6,2,25,1645,1,1,1,3,5,45,4848600,294600,220,3,2,0,0,1,2,0,70,8,0,1,0,1
200600006203,6,2,22,630,3,1,1,8,1,259,4848000,209000,220,3,2,0,0,2,1,0,45,2,0,1,0,1
200600006204,6,2,4,2100,3,1,1,1,6,48,4852800,211000,220,3,2,0,0,1,1,0,50,1,0,1,0,0
200600006205,6,2,3,2015,5,2,2,1,6,70,4856300,315600,220,4,2,2,0,1,1,0,78,1,0,1,0,0
200600006207,6,2,18,1945,3,1,1,2,6,156,4851600,324400,220,3,2,2,0,2,2,0,66,2,0,3,0,1
200600006209,6,2,6,1715,1,1,1,1,1,226,4808900,439400,290,3,2,2,0,0,1,0,60,1,0,1,0,0
200600006210,6,2,3,1930,3,1,2,1,3,263,4824100,408200,290,3,2,2,0,0,1,0,97,1,0,1,0,0
200600006211,6,2,10,1100,1,1,1,1,2,172,4817500,423100,290,3,2,0,0,2,1,0,70,1,0,1,0,0
200600006212,6,2,13,730,3,1,1,1,6,26,4820400,411200,290,4,2,2,0,2,2,0,60,1,0,3,0,0
200600006219,6,2,19,1700,1,1,1,8,2,154,4771800,219000,560,3,3,1,0,1,1,0,66,1,0,1,0,0
200600006222,6,2,27,1130,1,1,8,1,1,23,4773000,303700,560,4,2,2,0,2,2,0,60,1,4,1,0,1
200600006227,6,2,7,2215,5,2,6,1,6,178,4807800,296100,560,3,2,2,0,1,3,0,66,1,0,4,0,0
200600006228,6,2,8,1800,1,1,1,1,1,237,4802600,294800,560,4,2,2,0,2,3,0,52,1,0,1,0,0
200600006229,6,2,16,1500,1,2,9,2,6,178,4805700,295800,560,5,1,1,0,1,1,0,42,2,0,1,0,0
200600006234,6,2,10,1530,1,2,1,1,7,277,4910200,34600,140,4,2,2,0,2,3,0,69,1,0,1,0,0
200600006236,6,2,10,1930,3,1,1,1,1,106,4922800,22700,140,3,2,0,0,4,1,0,60,1,0,1,0,1
200600006237,6,2,6,1900,3,1,1,1,1,250,4927700,64200,140,3,2,2,0,1,3,0,65,1,0,1,0,0
200600006241,6,2,6,630,3,1,1,5,6,308,4920900,12100,140,2,2,0,0,1,1,0,0,1,0,3,0,0
200600006243,6,2,4,115,3,1,1,1,6,61,4894100,80200,140,3,4,3,0,2,1,0,105,0,0,3,0,0
200600006244,6,2,6,1715,1,1,1,8,3,27,4901700,62300,140,3,2,0,0,1,3,0,71,2,0,1,0,0
200600006246,6,2,1,1045,1,1,2,8,3,534,4930300,118900,500,2,2,2,0,1,1,0,0,1,0,1,0,1
200600006247,6,2,16,1745,1,1,1,1,6,248,4915600,119700,500,3,2,2,0,1,3,0,40,1,0,1,0,0
200600006253,6,2,1,745,3,1,1,1,1,376,4903000,142300,500,3,2,2,0,1,1,0,60,1,0,1,0,0
200600006254,6,2,8,1415,1,1,1,1,7,84,4904100,147300,500,3,2,2,0,1,1,0,0,6,0,3,0,0
200600006256,6,2,20,800,2,1,1,2,2,81,4886900,154300,500,3,2,2,0,1,1,0,70,2,0,1,0,0
200600006258,6,2,21,1100,1,1,1,1,1,381,4858800,92300,500,3,2,2,0,2,2,0,54,2,0,1,0,0
200600006259,6,2,25,1700,1,1,1,2,7,462,4858400,84500,500,3,2,2,0,1,2,0,54,2,0,1,0,0
200600006262,6,2,5,2115,3,1,1,1,1,310,4870900,22700,610,2,2,2,0,2,4,0,72,1,4,1,0,0
200600006269,6,2,28,1345,1,2,1,2,3,26,4727200,148400,440,2,3,4,0,1,1,0,0,2,5,1,0,0
200600006271,6,2,2,1915,5,1,1,1,7,156,4692900,152900,440,3,2,2,0,1,1,0,58,1,0,1,0,0
200600006275,6,2,11,1130,1,1,1,1,1,3,4739900,117900,440,9,2,2,0,2,2,0,32,1,0,1,0,0
200600006278,6,2,16,1800,2,1,1,8,1,82,4739000,138900,440,3,2,2,0,1,1,0,62,2,0,1,0,1
200600006279,6,2,23,1245,1,1,1,1,6,148,4776000,147000,440,3,2,2,0,1,1,0,73,1,5,1,0,0
200600006281,6,2,19,1745,3,1,1,2,6,7,4762900,194900,440,3,2,0,0,1,1,0,57,2,0,3,0,0
200600006282,6,2,3,730,5,2,1,1,6,1,4756000,153000,440,3,2,0,0,1,1,0,60,1,5,1,0,0
200600006283,6,2,1,1910,5,2,9,1,7,73,4742000,165000,440,6,0,0,0,0,1,0,0,1,0,0,0,0
200600006287,6,2,16,1545,1,1,1,8,3,131,4711600,202000,440,3,2,2,0,1,1,0,0,1,0,1,0,0
200600006288,6,2,17,1415,1,1,1,1,6,178,4712700,170500,440,3,2,0,0,1,2,0,0,2,0,1,0,0
200600006292,6,2,28,1145,1,1,1,2,6,194,4727800,170700,440,3,2,2,0,1,1,0,60,2,0,3,0,0
200600006295,6,2,10,1030,1,2,6,1,6,21,4744100,22100,490,4,2,0,0,1,1,0,84,1,0,1,0,0
200600006296,6,2,6,830,1,1,1,5,5,222,4737600,57500,490,3,2,2,0,1,1,0,68,1,0,1,0,0
200600006297,6,2,11,400,3,1,1,1,7,50,4736000,45000,490,3,3,2,0,2,3,20,70,1,0,3,0,0
200600006298,6,2,11,2300,3,1,1,1,6,4,4747000,37000,490,2,2,0,0,1,1,0,70,1,0,1,0,0
200600006299,6,2,13,630,3,1,1,1,1,4,4747400,37100,490,2,2,2,0,1,1,0,72,1,0,1,0,0
200600006300,6,2,28,1845,2,1,1,1,5,377,4753000,42000,490,2,4,3,0,1,1,0,107,1,0,1,0,1
200600006301,6,2,1,1045,1,1,1,5,4,162,4720500,92200,490,3,2,2,0,0,1,0,90,1,0,1,0,0
200600006302,6,2,3,1130,1,2,1,1,1,239,4725700,89700,490,6,1,0,0,2,1,0,90,1,0,0,0,0
200600006303,6,2,4,445,5,2,1,1,6,199,4718900,69400,490,3,2,0,0,1,1,0,59,1,0,1,0,0
200600006304,6,2,27,545,3,1,1,8,6,162,4720700,83600,490,3,2,2,1,2,1,0,90,1,0,1,0,0
200600006308,6,2,27,1230,1,1,2,1,3,380,4758400,2000,490,3,2,2,0,2,1,0,49,1,0,1,0,0
200600006311,6,2,23,815,1,1,1,1,6,180,4740000,13200,490,2,2,2,0,1,1,0,70,1,0,1,0,1
200600006312,6,2,27,1730,1,1,1,1,1,311,4738600,5700,490,4,2,1,0,1,0,0,28,1,0,1,0,0
200600006316,6,2,8,1145,1,2,1,1,6,176,4763100,71300,490,4,0,0,0,1,0,0,82,1,0,0,0,0
200600006317,6,2,26,600,3,1,1,1,6,298,4748000,70900,490,3,2,0,0,1,1,0,0,1,0,1,0,0
200600006318,6,2,9,930,1,1,1,1,1,347,4760400,48100,490,3,2,0,0,1,1,0,63,1,0,1,0,1
200600006319,6,2,23,1730,1,1,1,1,6,96,4770300,53600,490,3,2,0,0,0,1,0,60,1,0,1,0,0
200600006321,6,2,16,530,3,1,1,2,1,9,4797700,59400,530,3,2,2,0,1,1,0,75,2,0,1,0,1
200600006323,6,2,15,1545,1,1,2,8,3,200,4829300,65300,530,3,2,2,0,1,1,0,55,2,5,1,0,0
200600006324,6,2,27,1445,1,1,1,1,2,8,4828200,52600,530,3,2,2,0,1,1,0,63,1,0,1,0,0
200600006328,6,2,19,2145,3,1,6,1,6,54,4801600,31900,720,2,0,0,0,3,3,0,0,2,3,1,0,1
200600006329,6,2,9,1145,1,2,1,1,5,329,4808100,29900,720,3,2,2,0,1,1,0,71,1,0,1,0,0
200600006331,6,2,14,1215,1,1,1,2,5,127,4796100,9100,720,4,2,1,0,1,1,0,0,2,0,1,0,0
200600006332,6,2,14,745,2,1,1,1,1,113,4803800,7700,720,3,2,2,0,1,3,0,0,1,0,1,0,0
200600006336,6,2,13,2030,3,1,1,1,5,331,4810000,57000,720,2,2,3,0,1,1,0,93,1,0,1,0,0
200600006337,6,2,17,900,1,1,1,1,6,93,4814000,69000,720,3,2,2,0,4,1,0,0,2,0,3,0,0
200600006338,6,2,14,1400,1,1,1,1,6,11,4834000,600,720,3,2,0,0,1,3,0,50,1,0,1,0,0
200600006341,6,2,9,745,1,1,1,5,1,186,4687800,125800,850,3,2,2,0,1,1,0,50,7,0,1,0,0
200600006342,6,2,10,2345,3,1,1,1,1,51,4666400,111500,850,3,2,0,0,2,1,0,0,1,0,1,0,0
200600006351,6,2,21,2145,3,1,1,1,6,303,4637200,87300,850,3,2,2,0,1,1,0,76,1,0,2,0,0
200600006352,6,2,1,1015,1,1,9,5,3,59,4664400,73700,850,3,2,2,0,1,1,0,68,2,5,1,0,1
200600006364,6,2,25,210,3,1,1,1,6,280,4517400,59300,330,2,2,1,0,1,1,0,76,1,0,3,0,0
200600006365,6,2,28,1320,1,1,1,1,3,458,4515700,59800,330,2,2,2,0,1,1,0,63,1,0,1,0,0
200600006366,6,2,9,1145,1,1,1,1,7,49,4488300,38500,330,2,3,0,0,2,1,0,190,1,0,1,0,0
200600006367,6,2,14,845,1,1,1,1,6,93,4471600,32500,330,3,2,0,0,0,2,0,0,0,0,0,0,0
200600006368,6,2,10,1600,1,2,1,1,3,165,4483100,44300,330,6,0,0,0,1,0,0,0,0,0,1,0,0
200600006369,6,2,9,2115,3,1,1,1,6,366,4500400,45900,330,3,2,2,0,0,1,62,0,1,0,3,0,0
200600006370,6,2,10,745,1,2,6,1,3,227,4455400,24400,330,2,2,2,0,0,0,0,0,1,5,1,0,0
200600006372,6,2,1,1900,2,1,1,5,7,125,4521700,87500,330,3,2,2,0,0,2,0,60,1,0,3,0,0
200600006374,6,2,2,315,3,1,1,1,6,14,4497400,14500,330,3,2,2,0,1,4,0,50,1,0,3,0,1
200600006375,6,2,27,715,2,1,1,1,7,385,4510400,400,330,3,2,2,0,0,0,0,0,0,0,0,0,0
200600006382,6,2,11,1100,1,1,1,1,6,489,4554000,102000,240,3,2,2,0,2,1,0,53,0,0,3,0,0
200600006383,6,2,10,1630,1,2,2,7,3,294,4502900,16100,240,3,2,2,0,1,1,0,0,1,5,1,0,0
200600006386,6,2,3,1030,1,2,1,2,7,291,4506700,116500,240,3,2,0,0,2,3,0,70,2,0,1,0,0
200600006391,6,2,8,1730,1,2,1,1,3,224,4354800,110100,400,2,2,3,0,1,1,0,0,1,0,1,0,0
200600006392,6,2,10,1145,1,1,1,1,6,120,4351100,112000,400,4,0,1,0,1,1,0,50,1,0,1,0,0
200600006393,6,2,11,1,3,1,1,1,6,118,4354200,93200,400,2,2,2,0,1,1,0,74,1,0,3,0,1
200600006395,6,2,27,500,5,2,1,1,6,304,4366200,143800,400,4,0,2,0,0,0,0,0,0,0,0,0,0
200600006396,6,2,8,1430,1,1,1,1,3,312,4352500,142200,400,2,2,2,0,0,2,0,80,1,0,1,0,0
200600006400,6,2,20,1200,1,1,1,1,3,137,4397100,31200,400,3,2,2,0,2,1,0,70,1,0,1,0,0
200600006403,6,2,22,1530,1,2,1,1,3,145,4413800,65700,470,4,2,2,0,1,1,0,37,1,0,0,0,0
200600006405,6,2,10,900,1,1,1,7,4,22,4425200,41100,470,3,2,2,0,1,3,0,76,1,0,1,0,0
200600006406,6,2,15,730,1,1,1,5,1,62,4429000,81300,470,3,2,2,0,1,1,0,58,1,0,1,0,0
200600006407,6,2,3,1315,1,2,3,8,3,94,4444500,25000,470,2,2,2,0,1,2,0,75,1,0,1,0,0
200600006408,6,2,11,245,3,1,1,1,7,150,4447200,20700,470,2,2,2,0,0,1,0,70,1,0,3,0,0
200600006409,6,2,24,2030,3,1,1,1,1,150,4446600,21900,470,2,2,0,0,1,1,0,75,1,0,1,0,0
200600006413,6,2,13,2030,3,1,1,1,4,160,4440300,105400,470,3,2,2,0,1,1,0,58,1,5,1,0,0
200600006414,6,2,3,600,3,1,1,1,7,173,4443800,53800,470,3,3,0,0,2,1,0,60,1,0,3,0,0
200600006422,6,2,8,2000,5,2,1,9,1,546,4349900,129800,640,3,2,2,0,1,3,57,0,7,0,1,0,0
200600006429,6,2,11,2100,5,2,1,1,6,31,4661300,60400,860,3,2,0,0,0,1,0,59,1,0,1,0,0
200600006430,6,2,25,1700,1,1,1,1,2,114,4656900,59100,860,2,2,0,0,1,1,0,70,1,0,1,0,0
200600006444,6,2,18,1630,1,1,1,2,7,61,4575000,30800,160,9,2,2,0,4,2,0,49,2,0,1,0,0
200600006448,6,2,24,1345,1,2,2,1,1,315,4613100,98300,170,3,2,0,0,1,1,0,60,1,5,1,0,0
200600006450,6,2,9,745,2,1,1,5,1,351,4582800,106300,170,3,2,2,0,1,1,0,70,2,0,1,0,0
200600006457,6,2,22,1400,1,2,1,1,3,102,4569100,67200,170,3,2,2,0,1,1,0,60,1,0,1,0,0
200600006461,6,2,2,1900,3,2,3,1,1,48,4587600,35000,170,3,2,2,0,1,2,0,61,1,0,0,0,0
200600006462,6,2,25,1245,1,1,1,1,1,70,4580600,46700,170,9,2,0,0,1,1,0,30,1,0,1,0,0
200600006463,6,2,9,1400,1,1,1,1,7,35,4660400,49300,790,3,2,0,0,1,3,0,40,1,0,0,0,0
200600006465,6,2,14,1730,1,2,1,1,3,48,4636900,30500,790,3,2,2,0,2,1,0,55,1,0,1,0,0
200600006466,6,2,25,1315,1,2,1,1,2,270,4641600,19800,790,3,2,2,0,1,1,0,60,1,0,1,0,0
200600006473,6,2,22,730,5,2,6,2,6,202,4665000,24800,790,4,1,0,0,2,2,70,32,2,5,1,0,0
200600006474,6,2,18,1630,1,2,1,1,6,21,4577900,121400,870,3,2,2,0,2,1,0,65,1,0,1,0,0
200600006475,6,2,26,1445,1,1,1,1,3,183,4599100,132900,870,3,2,2,0,1,1,0,80,1,0,1,0,0
200600006476,6,2,9,2100,3,1,1,1,7,170,4567200,156100,870,3,2,2,0,0,2,0,0,0,0,3,0,0
200600006477,6,2,1,1445,1,1,1,1,6,22,4604700,112300,870,2,2,2,0,0,1,0,76,1,0,1,0,0
200600006478,6,2,3,730,2,1,1,1,7,33,4599500,115400,870,2,2,2,0,1,1,0,78,1,0,3,0,1
200600006483,6,2,23,1600,1,1,2,1,2,91,4509800,199400,190,3,2,0,0,2,1,0,70,1,0,1,0,0
200600006484,6,2,24,1500,1,1,1,1,6,81,4533900,191200,190,2,2,2,0,0,0,0,40,0,0,1,0,0
200600006488,6,2,16,1300,1,1,1,2,6,190,4551600,243800,190,3,2,2,0,1,2,0,400,2,0,3,0,1
200600006489,6,2,25,2130,3,1,1,1,6,2,4621700,202100,230,3,2,2,0,1,1,0,56,1,0,3,0,0
200600006490,6,2,12,1615,1,2,9,1,3,176,4624000,149000,230,3,2,2,0,2,1,0,60,1,5,1,0,0
200600006491,6,2,22,845,1,1,1,1,6,48,4603600,226700,230,3,0,0,0,0,0,0,42,0,0,0,0,0
200600006492,6,2,6,2000,3,1,1,8,7,178,4581400,235400,230,3,2,1,0,1,1,0,60,2,0,3,0,0
200600006493,6,2,14,1615,1,1,1,1,2,9,4624000,232000,230,2,2,2,0,3,1,0,80,1,0,1,0,0
200600006494,6,2,28,2315,3,1,9,4,2,145,4628400,239500,230,2,2,2,0,1,1,0,115,7,3,1,0,1
200600006497,6,2,10,730,2,1,3,1,3,163,4359300,158300,310,2,2,3,3,2,1,12,97,1,5,1,0,0
200600006498,6,2,15,2030,5,1,1,3,6,118,4378800,134700,310,5,2,2,0,1,1,0,76,2,0,1,0,1
200600006500,6,2,16,830,1,1,1,2,7,592,4371900,123500,310,3,2,2,0,1,1,0,49,2,0,1,0,0
200600006501,6,2,13,1405,1,1,1,1,6,417,4360100,127800,310,3,2,0,0,1,1,0,58,1,2,3,0,0
200600006502,6,2,26,1900,3,1,3,1,3,417,4363800,123500,310,3,2,2,0,3,1,0,55,1,5,1,0,0
200600006504,6,2,3,1145,1,2,1,1,5,230,4373000,141000,310,3,2,2,0,1,2,0,70,1,0,1,0,0
200600006509,6,2,5,2300,3,1,1,1,6,111,4323900,137400,310,3,0,2,0,0,1,0,62,1,0,1,0,0
200600006510,6,2,11,445,3,1,1,1,6,303,4336800,120200,310,3,2,0,0,1,1,0,46,1,0,1,0,0
200600006511,6,2,19,400,5,2,1,1,6,324,4320600,101700,310,2,2,2,0,1,3,0,58,1,0,1,0,1
200600006513,6,2,25,1500,1,1,1,1,3,524,4284500,60600,310,3,2,3,0,2,2,0,134,1,0,1,0,0
200600006515,6,2,9,945,1,1,1,1,6,208,4305000,83000,310,3,2,1,0,1,2,0,59,1,0,3,3,0
200600006516,6,2,2,1530,1,1,1,1,1,284,4356100,157300,310,3,2,2,0,1,1,0,52,1,0,1,0,0
200600006517,6,2,7,1645,1,2,3,1,3,381,4346800,156800,310,2,2,2,0,0,1,0,70,1,5,1,0,0
200600006518,6,2,11,1400,1,2,1,7,3,192,4350600,161800,310,3,2,2,0,1,1,0,90,1,5,1,0,0
200600006519,6,2,26,215,5,1,2,1,3,4,4345200,159700,310,2,2,2,0,1,2,0,60,1,5,1,0,0
200600006521,6,2,8,1845,5,2,2,1,3,253,4310500,139100,90,3,2,0,0,1,1,0,80,1,5,1,0,0
200600006522,6,2,14,1100,1,1,3,1,1,124,4317000,141700,90,3,2,2,0,1,1,0,60,1,0,1,0,0
200600006524,6,2,10,1630,1,2,1,7,1,161,4299200,190800,90,3,2,2,0,0,1,0,62,1,0,1,0,0
200600006526,6,2,18,1730,1,2,1,1,6,157,4297200,187300,90,3,2,0,0,0,3,0,60,1,0,1,0,0
200600006528,6,2,18,50,3,1,1,8,6,271,4437000,287200,120,2,2,2,0,1,1,0,75,2,0,1,0,1
200600006529,6,2,28,1945,3,1,1,2,1,33,4444700,270700,120,3,2,2,0,4,3,0,76,2,0,1,0,0
200600006533,6,2,20,2045,3,1,1,2,5,123,4435000,298500,120,2,2,2,0,2,2,0,76,2,0,3,0,1
200600006539,6,2,9,745,2,1,9,2,3,107,4395900,38800,320,3,2,2,0,3,1,0,63,2,0,1,0,0
200600006541,6,2,15,1315,1,1,1,2,7,110,4385100,24000,320,3,2,2,0,1,3,0,62,1,0,3,0,0
200600006542,6,2,28,1600,1,2,1,1,7,296,4376100,3600,320,2,2,2,0,1,1,0,64,1,0,4,0,0
200600006545,6,2,9,1830,2,1,1,1,6,254,4355200,47200,320,2,2,0,0,1,3,0,70,2,0,3,0,0
200600006546,6,2,26,1545,1,1,2,1,3,260,4338300,71300,320,3,2,2,0,1,1,0,60,1,0,1,0,0
200600006548,6,2,10,1615,1,1,1,1,7,287,4427800,144700,460,4,2,1,0,2,2,0,0,9,0,1,0,0
200600006552,6,2,6,2000,5,1,1,1,1,223,4319700,9100,650,3,2,2,0,0,1,0,57,1,0,1,0,0
200600006554,6,2,25,1700,1,1,1,1,1,900,4294000,20000,650,3,2,2,0,2,3,0,61,1,1,1,0,0
200600006557,6,2,12,1515,1,1,1,1,6,140,4367700,180700,810,3,2,2,0,2,2,0,56,1,0,3,0,0
200600006559,6,2,14,1100,1,1,1,1,3,41,4396400,187100,810,3,2,2,0,1,3,0,63,1,5,1,0,0
200600006560,6,2,25,1030,1,1,1,1,3,276,4391900,169300,810,3,2,3,0,0,1,0,101,1,5,0,0,1
200600006561,6,2,5,530,3,1,1,1,1,2,4351700,232500,810,2,2,1,0,1,1,0,70,1,0,1,0,0
200600006562,6,2,5,540,3,1,1,1,1,2,4351700,232800,810,2,2,1,0,1,1,0,70,1,0,1,0,0
200600006563,6,2,18,1615,1,1,1,1,5,2,4352200,230800,810,2,2,2,0,1,1,0,70,1,0,1,0,0
200600006566,6,2,5,415,3,1,1,1,6,151,4433300,95600,820,3,2,2,0,1,1,0,0,1,0,3,0,0
200600006568,6,2,10,1800,1,2,1,1,1,125,4396500,124200,820,3,2,2,0,1,1,0,76,1,0,1,0,0
200600006569,6,2,16,615,3,1,2,1,3,62,4393100,122200,820,2,2,2,0,0,1,70,0,1,0,1,0,0
200600006576,6,2,3,1530,1,1,1,1,3,299,4571900,515600,690,3,2,2,0,1,1,0,60,1,0,1,0,0
200600006586,6,2,15,1545,1,2,1,2,3,19,4611200,475100,690,3,2,0,0,1,1,0,0,2,0,1,0,0
200600006587,6,2,24,1900,5,2,1,1,6,206,4606500,472700,690,3,2,0,0,0,1,0,60,1,0,1,0,0
200600006588,6,2,6,1930,3,1,1,1,1,17,4592000,461600,690,3,2,2,0,1,2,0,0,1,0,1,0,0
200600006600,6,2,1,1830,3,1,1,1,1,160,4625500,611400,10,3,2,2,0,1,1,0,71,1,0,1,0,0
200600006605,6,2,10,2045,3,1,1,9,5,157,4601000,475200,10,3,2,0,0,1,1,0,0,7,0,1,0,0
200600006606,6,2,22,45,5,2,1,1,1,268,4430500,457200,70,4,0,2,0,1,2,0,60,1,0,1,0,0
200600006610,6,2,2,1230,1,2,1,1,3,334,4440900,412900,70,3,2,2,0,1,1,0,190,2,5,1,0,0
200600006612,6,2,10,1815,3,1,1,1,1,97,4501000,483000,70,2,2,2,0,1,2,0,97,1,0,1,0,0
200600006615,6,2,15,930,1,1,1,2,6,309,4516200,463000,70,3,2,2,0,1,3,0,72,8,0,3,0,0
200600006618,6,2,11,1715,2,1,2,1,3,196,4486000,492200,260,3,2,2,0,1,1,0,56,1,0,1,0,0
200600006623,6,2,21,1430,1,1,1,1,3,155,4533000,498500,260,3,2,2,0,1,1,0,74,1,0,1,0,0
200600006624,6,2,7,830,1,1,1,8,2,320,4506000,524000,260,2,2,0,0,1,3,0,71,1,0,1,0,0
200600006628,6,2,14,1715,1,2,1,1,1,317,4512800,570100,380,2,2,2,0,1,1,0,200,1,5,1,3,0
200600006632,6,2,11,545,5,2,1,9,3,416,4516000,532400,380,9,2,2,0,2,1,0,62,0,0,1,0,0
200600006633,6,2,6,700,1,1,1,9,1,332,4534100,548400,380,3,2,2,0,2,3,0,70,7,0,3,0,0
200600006634,6,2,11,1845,3,2,1,1,6,194,4534500,543100,380,3,2,2,0,1,1,0,60,1,0,3,0,0
200600006635,6,2,25,15,3,1,1,1,6,105,4541800,554200,380,4,2,1,0,0,0,0,33,1,0,3,0,0
200600006638,6,2,17,1700,1,1,1,1,7,392,4569000,528600,380,3,2,2,0,1,2,0,68,1,0,3,0,1
200600006639,6,2,16,1345,1,1,1,2,1,26,4583600,532300,380,3,2,2,0,1,3,0,67,2,0,1,0,0
200600006640,6,2,21,1915,3,1,1,1,5,539,4586800,538500,380,2,2,2,0,0,1,0,70,1,0,1,0,0
200600006641,6,2,23,1700,1,2,6,1,6,247,4581200,540300,380,2,2,0,0,0,0,0,0,0,0,3,0,0
200600006642,6,2,7,1600,1,1,1,2,3,465,4570000,550400,380,3,2,2,0,3,4,60,0,2,0,0,0,0
200600006643,6,2,8,1930,3,1,1,2,2,12,4559300,561100,380,3,2,2,0,1,1,0,0,2,0,1,0,0
200600006645,6,2,15,745,1,2,3,1,3,199,4550900,491200,380,3,2,2,0,3,1,0,0,1,0,1,0,0
200600006652,6,2,9,1100,1,1,1,2,7,556,4538900,486900,380,4,2,0,0,1,1,0,62,2,0,0,0,1
200600006653,6,2,20,945,1,1,1,1,1,72,4531600,481000,380,2,2,3,0,1,1,0,0,2,0,1,0,1