Num_Acc,an,mois,jour,hrmn,lum,agg,int,atm,col,com,lat,long,dep,catr,circ,nbv,vosp,prof,plan,lartpc,larrout,surf,infra,situ,env1,killed
200600006654,6,2,1,1200,1,1,9,1,5,449,4564400,508900,380,3,2,2,0,0,2,0,70,1,0,1,0,0
200600006656,6,2,27,1900,3,1,1,1,1,449,4565100,511200,380,3,2,2,0,1,1,0,100,1,0,1,0,0
200600006657,6,2,27,1200,1,1,1,1,1,224,4534000,440100,420,3,2,2,0,0,1,0,55,1,0,1,0,0
200600006660,6,2,12,100,5,2,1,1,1,304,4554700,417800,420,3,2,2,0,1,2,0,74,1,0,1,0,0
200600006663,6,2,18,1230,1,1,1,1,7,192,4538400,411100,420,3,2,2,0,1,1,0,61,1,0,1,0,0
200600006664,6,2,24,1545,1,1,1,8,7,91,4543400,399200,420,3,2,2,0,0,0,0,60,0,0,0,0,0
200600006666,6,2,4,1845,5,2,1,1,3,271,4549000,457600,420,3,2,1,0,1,1,0,90,1,0,1,0,0
200600006674,6,2,1,2030,3,1,1,1,7,254,4560500,571300,730,3,2,2,0,2,4,0,67,1,0,1,0,0
200600006675,6,2,20,1600,1,1,1,1,1,282,4552300,585400,730,2,2,2,0,1,0,0,73,1,0,1,0,0
200600006676,6,2,22,1515,1,2,1,1,1,105,4544200,575700,730,2,2,2,0,0,1,0,70,1,0,1,0,0
200600006677,6,2,3,1300,1,2,1,1,3,303,4575500,641300,730,4,2,2,0,2,1,0,71,1,0,1,0,0
200600006686,6,2,8,1815,3,1,1,2,1,3,4590200,622000,740,3,2,3,0,1,1,27,71,2,0,1,0,0
200600006690,6,2,10,1630,1,2,1,1,2,81,4607700,656800,740,3,2,2,1,1,1,0,0,1,0,1,0,0
200600006691,6,2,17,2300,5,1,1,4,4,14,4604900,662300,740,3,2,2,0,2,2,0,64,5,0,1,0,0
200600006695,6,2,16,1700,1,2,2,8,3,224,4607600,630700,740,4,1,1,0,1,1,0,80,2,5,1,0,0
200600006699,6,2,15,1045,1,2,1,1,6,288,4611200,597000,740,2,2,2,0,1,1,0,65,1,5,4,3,1
200600006700,6,2,5,1645,1,1,1,1,3,293,4628600,625600,740,2,2,2,0,0,3,0,74,1,0,1,0,0
200600006709,6,2,17,1800,1,2,1,2,7,222,4555300,316300,630,3,2,2,0,1,3,0,0,2,0,3,0,1
200600006710,6,2,19,1700,1,2,3,2,3,178,4555300,325100,630,9,2,2,0,1,1,0,65,2,0,1,0,0
200600006711,6,2,27,1645,1,1,1,1,1,98,4552500,277200,630,3,0,2,0,2,4,0,80,1,0,1,0,0
200600006713,6,2,28,1900,3,2,1,4,1,12,4601300,317200,630,3,2,2,0,1,3,0,62,5,0,1,0,0
200600006714,6,2,5,2015,5,2,1,1,6,195,4583000,336800,630,2,2,2,0,1,1,0,75,1,0,3,0,0
200600006715,6,2,19,2000,3,1,9,1,7,131,4586000,334700,630,3,2,0,0,1,2,0,56,1,0,3,0,0
200600006716,6,2,19,410,3,1,1,1,1,210,4592500,334200,630,3,2,2,0,1,1,0,50,9,0,1,0,0
200600006718,6,2,17,2030,5,2,1,2,1,128,4638400,247700,30,3,2,2,0,1,2,0,56,2,0,1,0,0
200600006720,6,2,8,1630,1,1,1,2,1,126,4608200,344200,30,3,2,2,0,0,2,0,0,2,0,1,0,0
200600006721,6,2,4,30,3,2,1,1,7,61,4608000,325700,30,3,2,0,0,1,3,0,0,1,0,1,0,0
200600006722,6,2,17,730,1,1,1,1,1,107,4611000,310000,30,3,2,2,0,1,1,0,60,1,0,1,0,0
200600006725,6,2,12,545,3,1,1,1,6,147,4484800,213900,150,3,2,2,0,1,2,0,50,1,0,0,0,1
200600006727,6,2,21,1745,1,1,1,1,7,84,4499800,386900,430,2,2,1,0,2,1,0,78,1,5,3,0,0
200600006728,6,2,10,1900,3,1,1,9,6,111,4483000,386000,430,2,2,2,0,1,1,0,73,5,0,3,0,0
200600006729,6,2,10,2130,3,1,1,6,6,111,4483400,386600,430,2,2,2,0,0,1,0,60,5,0,1,0,0
200600006731,6,2,21,1100,1,1,1,1,7,111,4485000,385000,430,3,2,0,0,0,3,0,55,5,0,0,0,1
200600006733,6,2,24,1515,1,1,1,1,1,165,4512800,400100,430,3,2,2,0,2,3,0,56,1,0,1,0,1
200600006736,6,2,16,1545,1,2,1,7,6,80,4533500,384700,430,3,2,2,0,1,2,0,70,1,6,1,0,0
200600006737,6,2,2,1100,1,2,2,1,3,239,4509000,363000,430,3,2,2,0,0,1,0,0,1,0,0,0,0
200600006738,6,2,8,815,1,1,1,1,1,120,4537700,329200,430,2,0,2,0,1,1,0,71,1,0,1,0,1
200600006739,6,2,14,1530,1,1,1,1,1,258,4537700,334900,430,3,2,2,0,1,4,0,64,8,0,1,0,0
200600006740,6,2,25,1700,1,1,1,1,7,258,4536400,335500,430,3,2,2,0,1,1,0,0,1,0,3,0,0
200600006744,6,2,9,1300,1,1,1,4,3,481,4923400,602100,570,3,2,1,0,1,4,0,0,2,4,1,0,0
200600006754,6,2,2,745,2,1,1,5,1,493,4881200,668500,570,3,2,2,0,1,1,0,65,1,0,1,0,1
200600006767,6,2,9,45,3,1,1,9,7,38,4850800,671000,540,3,2,2,0,2,3,0,0,7,0,1,0,0
200600006772,6,2,19,615,3,1,1,1,6,263,4887900,544400,550,3,2,2,0,2,4,0,54,2,0,0,0,1
200600006773,6,2,17,330,3,1,1,2,7,8,4926000,566600,550,2,2,2,0,0,1,0,72,2,0,3,0,0
200600006781,6,2,22,1945,3,1,1,1,3,385,4821900,602200,880,3,0,2,0,2,1,0,64,1,0,1,0,1
200600006782,6,2,4,715,1,1,1,1,6,37,4799100,672300,880,3,2,2,0,0,1,0,70,1,0,1,0,0
200600006784,6,2,2,1615,1,1,1,1,6,408,4793500,669800,880,4,2,0,0,2,4,0,25,9,0,1,0,0
200600006785,6,2,20,945,1,2,7,2,6,81,4788800,685400,880,6,0,1,0,1,0,0,80,2,0,1,0,0
200600006789,6,2,9,1430,1,2,1,8,2,137,4850100,768900,670,2,3,2,0,0,1,15,84,1,0,1,0,0
200600006792,6,2,6,1115,1,2,1,1,3,46,4876800,785300,670,3,2,3,0,1,1,0,106,1,5,1,0,0
200600006793,6,2,7,1745,3,1,1,2,1,101,4853500,745500,670,2,3,0,0,1,1,0,70,2,0,1,0,0
200600006797,6,2,2,915,1,1,3,2,3,535,4891700,741200,670,3,2,2,0,1,1,0,65,2,5,1,3,0
200600006798,6,2,10,1515,3,1,1,9,7,467,4884800,719900,670,3,2,0,0,0,1,0,61,7,0,3,0,0
200600006800,6,2,9,600,3,1,1,9,7,145,4870300,748100,670,3,2,0,0,1,4,0,60,7,0,3,0,0
200600006802,6,2,1,1215,1,2,1,8,1,548,4864400,760600,670,3,2,0,0,2,1,0,40,1,0,1,0,0
200600006804,6,2,24,2145,3,1,1,1,1,150,4861600,755400,670,2,2,3,3,1,1,0,105,1,0,1,0,0
200600006805,6,2,5,1630,1,1,1,1,1,529,4872900,780300,670,3,2,0,0,0,1,0,0,2,0,1,0,0
200600006807,6,2,18,1545,1,2,1,1,1,311,4827100,753600,670,3,2,2,0,1,0,0,73,1,0,1,0,0
200600006808,6,2,25,1200,1,1,1,1,3,11,4820000,757000,670,3,2,2,0,1,4,0,62,1,0,1,0,0
200600006809,6,2,27,1415,1,1,1,7,6,11,4822400,759000,670,3,2,2,0,1,1,0,60,1,0,3,0,0
200600006810,6,2,8,2300,3,1,1,9,1,463,4890200,805000,670,3,2,2,0,1,2,0,65,7,0,1,0,1
200600006811,6,2,22,1800,3,2,9,1,7,147,4894000,772000,670,3,2,2,0,1,1,60,0,9,0,1,0,0
200600006812,6,2,23,2100,3,1,1,1,5,175,4814600,718000,680,3,2,0,0,0,1,0,0,1,0,0,0,0
200600006813,6,2,3,615,3,1,1,5,3,1,4800700,753800,680,3,2,2,0,1,1,0,0,7,0,1,0,0
200600006814,6,2,19,515,3,1,1,1,7,379,4802700,751300,680,2,2,2,0,2,1,0,0,1,2,1,0,0
200600006815,6,2,23,2300,5,2,1,1,1,345,4808800,748700,680,3,2,2,0,1,3,0,62,1,0,1,0,1
200600006816,6,2,24,1330,1,1,1,1,1,269,4818800,733900,680,3,2,2,0,1,3,0,61,1,0,1,0,0
200600006817,6,2,2,1730,2,2,9,5,1,911,4809000,731500,680,4,2,2,0,0,1,0,80,0,0,1,0,0
200600006818,6,2,11,1530,1,1,1,1,1,385,4807900,724300,680,3,2,2,0,1,1,0,62,1,0,1,0,0
200600006820,6,2,3,1645,1,1,1,8,1,332,4765500,726500,680,3,2,2,0,1,1,0,96,1,0,1,0,0
200600006821,6,2,17,1900,5,2,1,3,6,332,4766000,727600,680,3,2,2,0,2,1,0,86,2,5,1,0,0
200600006823,6,2,24,1300,1,1,1,8,6,248,4750700,742900,680,3,2,2,0,2,2,0,58,2,0,1,0,0
200600006824,6,2,1,715,2,1,1,5,6,82,4787600,737400,680,3,2,2,0,1,2,0,70,2,0,1,0,0
200600006825,6,2,24,645,2,1,1,1,2,242,4796800,737200,680,3,2,2,0,1,1,0,70,1,0,1,0,0
200600006826,6,2,28,1015,1,2,1,9,3,82,4787200,734400,680,9,2,2,0,1,1,0,72,2,0,1,0,0
200600006827,6,2,23,1430,1,1,1,5,1,251,4800900,721100,680,3,2,0,0,2,3,0,51,2,0,0,0,0
200600006828,6,2,16,745,1,2,1,1,3,154,4777600,736200,680,3,4,3,2,1,1,0,130,2,0,1,0,0
200600006830,6,2,3,1700,1,1,1,1,1,349,4762500,755400,680,3,2,2,0,1,4,0,60,2,0,1,0,0
200600006832,6,2,24,1230,1,2,1,1,1,334,4781500,710200,680,4,2,1,0,1,1,0,86,1,0,1,3,0
200600006834,6,2,15,1500,2,2,1,3,1,357,4899500,424500,510,3,2,2,0,1,1,72,0,2,0,1,0,1
200600006835,6,2,3,1445,1,1,1,1,3,165,4873000,390500,510,3,2,2,0,1,1,0,78,1,0,1,0,0
200600006836,6,2,5,1500,1,1,1,1,1,594,4874400,414900,510,2,2,2,0,1,1,0,74,1,0,1,0,1
200600006837,6,2,24,2030,5,2,2,2,3,380,4887700,353900,510,3,2,2,0,2,2,0,0,2,5,1,0,0
200600006838,6,2,2,730,2,1,1,8,7,360,4870100,365000,510,3,2,2,0,1,1,0,45,7,0,1,0,0
200600006839,6,2,6,800,2,1,2,1,3,56,4862100,360800,510,3,2,2,0,1,1,0,121,1,5,1,0,0
200600006840,6,2,13,1500,1,1,1,2,3,234,4857300,365500,510,3,2,2,0,3,1,0,60,2,0,1,0,0
200600006841,6,2,23,1315,1,2,1,1,6,526,4868500,371600,510,3,2,2,0,2,1,0,70,1,0,1,0,0
200600006847,6,2,7,1715,2,1,1,8,7,317,4915100,469300,510,3,2,2,0,1,1,0,60,1,0,3,0,0
200600006848,6,2,20,1345,1,1,1,1,7,500,4891900,482300,510,3,2,1,0,4,1,63,60,1,0,3,0,0
200600006849,6,2,24,1815,1,1,1,1,1,385,4976300,478200,80,3,2,2,0,2,1,0,49,1,0,1,0,1
200600006851,6,2,9,1145,1,2,1,4,6,363,4995300,465000,80,3,2,2,0,1,2,0,80,5,0,1,0,0
200600006854,6,2,2,830,1,2,1,5,1,320,4935300,437500,80,3,2,2,0,1,3,0,64,7,0,1,0,0
200600006855,6,2,12,5,3,1,1,1,7,368,4944200,417300,80,3,2,2,0,1,2,0,53,1,0,3,0,1
200600006856,6,2,11,1545,1,1,1,1,1,107,4953100,429800,80,3,2,0,0,1,1,0,60,1,0,1,0,0
200600006857,6,2,21,2055,5,2,1,1,2,262,4953000,447700,80,3,2,2,0,1,1,0,77,1,0,1,0,0
200600006858,6,2,20,2215,5,2,1,2,6,216,4866600,422000,100,3,2,0,0,0,2,0,0,2,0,0,0,1
200600006860,6,2,1,700,3,1,1,9,3,401,4824000,444000,100,2,2,0,0,1,1,0,76,1,0,1,0,0
200600006862,6,2,15,930,1,1,1,3,3,339,4840600,375100,100,3,2,2,0,1,1,64,64,2,0,1,0,1
200600006863,6,2,17,1915,5,2,1,1,3,420,4859000,354700,100,3,2,0,3,1,1,65,35,1,5,1,0,0
200600006865,6,2,9,1000,1,1,1,4,6,205,4803800,521200,520,3,2,2,0,2,2,0,43,5,0,1,0,0
200600006866,6,2,11,300,3,2,1,9,6,69,4810400,494600,520,3,2,0,0,1,1,59,0,7,0,3,0,0
200600006867,6,2,5,2230,3,1,1,1,6,225,4824500,560900,520,3,0,2,0,0,1,0,68,2,0,3,0,0
200600006869,6,2,19,315,3,1,1,1,7,548,4824600,511900,520,2,3,4,0,0,1,74,0,1,0,3,0,0
200600006872,6,2,10,1830,3,1,1,1,5,182,4854800,483200,520,3,2,2,0,3,1,0,69,1,0,1,0,0
200600006873,6,2,11,500,5,2,1,2,6,182,4859400,486500,520,3,2,2,0,1,3,0,62,2,0,4,0,0
200600006876,6,2,21,1500,1,1,1,4,4,30,4708300,476400,210,1,2,2,0,2,2,20,80,5,0,1,0,0
200600006877,6,2,13,930,1,1,1,4,3,213,4727000,513200,210,3,2,2,0,1,1,0,75,2,2,1,0,1
200600006878,6,2,17,1600,1,1,3,1,3,388,4721900,517900,210,3,2,2,0,0,1,0,0,2,0,1,0,0
200600006880,6,2,20,245,3,1,1,2,6,624,4730500,528800,210,3,2,2,0,1,1,0,0,2,0,1,0,1
200600006881,6,2,14,715,2,1,1,5,7,361,4749700,520900,210,3,2,2,0,1,1,0,61,2,0,3,0,0
200600006882,6,2,12,700,2,2,1,1,3,80,4737400,473900,210,3,2,2,0,1,1,0,95,1,0,4,0,0
200600006883,6,2,24,850,1,1,1,1,3,534,4704500,490700,210,3,2,0,0,0,0,0,100,1,5,0,0,0
200600006884,6,2,11,1915,5,2,3,1,1,577,4711100,525900,210,3,2,2,0,1,1,0,60,1,5,1,0,1
200600006885,6,2,9,545,3,1,1,8,7,700,4792900,452800,210,3,2,2,0,1,3,0,52,7,2,3,0,1
200600006887,6,2,23,1145,1,1,1,1,1,603,4749900,435700,210,3,2,2,0,1,1,0,64,1,0,1,0,1
200600006890,6,2,18,1745,2,1,1,2,1,152,4689600,315500,580,2,2,0,0,1,1,0,70,2,0,1,0,0
200600006891,6,2,21,1830,1,1,1,1,3,152,4690300,315700,580,2,2,3,0,2,1,0,110,1,0,1,0,0
200600006892,6,2,10,1,5,2,1,9,7,79,4746400,352400,580,2,2,2,0,1,1,0,60,7,2,1,0,0
200600006898,6,2,11,2140,3,1,1,1,7,42,4726200,305000,580,3,2,2,0,1,3,0,44,1,0,3,0,0
200600006899,6,2,10,2030,3,1,1,1,7,94,4749700,314500,580,3,2,2,0,2,3,0,60,1,0,1,0,0
200600006900,6,2,26,1745,2,2,1,1,7,137,4644000,466000,710,3,2,2,0,1,3,0,61,1,0,1,0,0
200600006901,6,2,12,1615,1,1,1,1,6,10,4690500,445400,710,4,2,0,0,1,1,0,47,1,0,1,0,0
200600006905,6,2,18,2045,3,2,1,2,7,456,4681900,506800,710,3,2,0,0,1,3,0,0,2,0,1,0,0
200600006907,6,2,17,1830,5,1,1,1,3,106,4644400,430300,710,3,2,2,0,1,1,0,65,1,3,1,0,0
200600006909,6,2,13,1000,1,1,1,4,3,325,4654600,396400,710,3,2,2,0,1,1,0,58,5,0,1,0,0
200600006914,6,2,16,915,2,2,1,1,6,13,4788100,353100,890,3,2,2,0,1,1,0,60,1,0,1,0,1
200600006918,6,2,11,1730,1,2,1,1,2,331,4752600,326100,890,9,2,2,0,1,1,0,42,1,0,1,0,0
200600006919,6,2,16,1600,1,1,1,2,7,173,4771200,326500,890,3,2,2,0,1,2,0,63,2,0,3,0,1
200600006920,6,2,17,1130,1,1,1,1,1,173,4768500,325600,890,3,0,2,0,2,2,0,67,1,0,1,0,0
200600006921,6,2,5,1830,3,1,1,1,2,152,4795000,347000,890,2,2,2,0,1,1,0,104,1,0,1,0,0
200600006922,6,2,2,1830,3,1,1,1,1,313,4798100,323600,890,3,0,0,0,1,1,0,0,1,0,1,0,0
200600006924,6,2,2,630,2,1,4,5,1,425,4710300,665800,250,3,2,2,0,1,2,0,55,1,0,1,0,0
200600006928,6,2,20,200,3,1,1,9,6,39,4714000,643000,250,3,3,2,0,2,2,0,0,7,0,1,0,0
200600006929,6,2,8,1545,1,1,1,4,5,534,4672500,621100,250,3,2,2,0,1,1,0,59,5,0,1,0,1
200600006930,6,2,21,1330,1,1,1,1,1,321,4704800,670400,250,3,2,2,0,2,3,0,46,7,0,1,0,0
200600006933,6,2,25,1500,1,1,1,1,3,188,4726100,556000,390,3,2,0,0,1,1,0,73,1,5,1,0,0
200600006934,6,2,26,1,3,1,4,1,1,328,4649000,572000,390,3,2,2,0,3,1,0,87,1,0,0,0,0
200600006936,6,2,20,1815,3,1,1,9,7,297,4645000,597000,390,3,2,1,0,2,1,0,60,7,0,1,0,0
200600006937,6,2,12,915,1,1,1,1,1,275,4639800,597500,390,3,2,2,0,1,1,0,60,1,0,1,0,0
200600006938,6,2,28,1030,1,2,1,4,1,49,4786900,584800,700,3,2,2,0,0,2,0,45,7,0,0,0,0
200600006939,6,2,12,1630,1,1,9,1,3,275,4752200,600500,700,3,0,0,0,1,0,0,0,0,0,0,0,0
200600006944,6,2,12,500,3,1,1,1,6,23,4773200,683300,900,3,2,2,0,1,1,0,70,1,0,1,0,1
200600006948,6,2,14,925,1,2,1,1,3,74,4364000,559000,130,4,2,1,0,1,1,0,69,1,0,1,0,0
200600006949,6,2,27,1645,1,2,1,1,1,19,4344700,537800,130,4,2,0,0,1,1,0,55,1,0,1,0,0
200600006950,6,2,15,430,3,1,1,1,6,4,4365000,469600,130,2,3,2,0,1,1,20,74,0,0,3,0,1
200600006952,6,2,13,1600,1,1,1,1,3,66,4388400,491600,130,2,2,2,0,1,1,0,70,1,0,1,0,0
200600006959,6,2,15,1745,2,1,1,2,7,7,4336400,566100,130,3,2,2,0,1,1,0,46,2,0,3,0,1
200600006966,6,2,25,1015,1,1,1,1,2,81,4349400,521900,130,2,3,1,0,1,1,118,92,1,5,1,0,0
200600006969,6,2,5,530,3,1,1,1,6,94,4378600,582300,40,3,2,0,0,4,3,0,69,1,0,0,0,0
200600006970,6,2,25,1445,1,1,1,1,1,91,4402600,593100,40,2,2,2,0,1,1,0,71,1,0,1,0,1
200600006971,6,2,12,1545,1,1,1,1,6,22,4396400,638100,40,2,2,2,0,1,1,0,62,1,0,1,0,0
200600006974,6,2,4,1540,1,1,1,1,2,242,4388600,585500,40,2,2,2,0,4,1,0,100,1,0,1,0,0
200600006975,6,2,8,910,1,2,6,1,3,242,4389800,587100,40,4,2,2,0,2,1,0,65,1,5,1,0,0
200600006976,6,2,9,845,1,1,1,1,2,242,4390100,587900,40,2,2,2,0,1,1,0,70,1,0,1,0,0
200600006977,6,2,9,1530,1,1,1,6,3,160,4388300,566700,40,3,2,2,0,2,1,0,55,1,0,1,0,0
200600006981,6,2,17,1015,1,1,1,4,3,93,4501400,666000,50,3,2,2,0,1,3,0,57,5,0,1,0,0
200600006982,6,2,25,1415,1,1,1,1,4,63,4504800,628800,50,2,2,2,0,2,3,0,71,1,0,1,0,0
200600006984,6,2,24,145,5,2,1,1,6,60,4375300,727700,60,4,2,0,0,0,3,0,56,1,0,1,0,0
200600006985,6,2,23,700,1,1,1,1,1,31,4377200,733300,60,3,2,2,0,1,1,0,124,1,0,1,0,0
200600006987,6,2,4,1145,1,1,1,1,7,130,4371000,685000,60,3,2,2,0,2,1,0,45,1,0,3,0,0
200600006988,6,2,14,1315,1,1,1,4,3,3,4376800,677700,60,4,2,0,0,4,2,0,50,5,0,1,0,0
200600006989,6,2,18,1545,1,1,1,1,3,3,4377800,684000,60,3,2,2,0,1,4,0,60,2,0,1,0,0
200600006991,6,2,11,1845,5,1,1,1,1,128,4369300,712700,60,3,2,2,0,2,1,0,110,1,0,1,3,0
200600006995,6,2,7,800,1,1,1,1,3,59,4373600,738400,60,3,2,2,0,2,1,0,70,1,0,1,0,0
200600006997,6,2,16,1130,1,1,1,2,7,144,4395700,716000,60,3,2,2,0,1,3,0,71,0,0,1,0,1
200600007003,6,2,4,1315,1,1,1,1,6,100,4326300,610900,830,2,0,0,0,0,0,0,0,0,0,0,0,0
200600007009,6,2,10,2230,5,1,1,1,6,65,4326700,660700,830,2,2,2,0,1,4,0,77,1,0,3,0,1
200600007010,6,2,23,900,1,1,1,1,1,65,4324300,660200,830,3,2,0,0,1,1,0,64,1,0,1,0,0
200600007012,6,2,5,1430,1,1,1,1,6,49,4325400,606900,830,3,2,0,0,0,2,0,74,1,0,3,0,1
200600007013,6,2,13,1400,1,1,1,1,5,49,4324000,610400,830,3,3,0,0,1,1,0,53,1,5,1,0,0
200600007015,6,2,9,2200,3,2,1,1,1,47,4312600,607400,830,3,2,0,2,1,1,0,70,1,0,1,0,0
200600007018,6,2,4,230,5,1,1,1,6,54,4316000,604500,830,4,2,0,0,1,3,0,63,1,0,3,0,0
200600007019,6,2,18,1545,1,1,1,1,3,54,4317700,604100,830,3,3,2,0,1,1,10,70,1,0,1,0,0
200600007020,6,2,24,1615,1,2,1,1,1,132,4318200,604700,830,2,2,0,0,0,1,0,75,1,0,1,0,0
200600007022,6,2,8,1115,1,2,6,1,2,54,4393200,505300,840,4,1,1,1,1,2,150,67,1,0,1,3,0
200600007024,6,2,16,830,1,1,1,2,7,24,4377400,550000,840,3,2,0,0,1,1,0,52,2,0,3,0,1
200600007025,6,2,21,1400,1,1,1,1,6,2,4373000,549700,840,3,2,0,0,2,1,0,63,1,0,3,0,0
200600007029,6,2,9,830,2,1,1,1,1,79,4408100,536400,840,4,2,0,0,2,3,0,28,1,0,1,0,0
200600007030,6,2,14,1715,1,1,1,1,6,123,4408200,545100,840,3,2,2,0,2,2,0,56,1,0,3,0,0
200600007032,6,2,12,530,5,2,1,1,6,19,4428100,476200,840,3,2,2,0,1,2,0,0,1,0,4,0,1
200600007033,6,2,23,1230,1,1,1,1,3,78,4423100,471400,840,2,2,0,0,1,3,0,80,1,0,1,0,0
200600007035,6,2,4,1100,1,2,1,1,7,97,4436300,491300,840,4,0,0,0,1,1,40,0,1,0,1,0,0
200600007040,6,2,3,1300,1,2,1,1,3,145,4367900,413500,340,9,0,2,0,1,1,0,0,1,0,1,3,0
200600007042,6,2,8,1445,1,1,1,1,3,272,4365700,411200,340,3,2,2,0,1,1,1,61,1,0,1,0,0
200600007048,6,2,18,1100,1,1,1,1,1,185,4379300,376000,340,3,2,0,0,0,1,60,60,1,0,1,0,0
200600007050,6,2,27,1900,2,1,1,1,1,329,4323700,325100,340,3,2,2,0,1,2,0,70,1,0,1,0,0
200600007051,6,2,2,1230,1,2,2,1,3,204,4356000,352700,340,3,2,2,0,1,1,0,47,1,5,1,0,0
200600007052,6,2,22,1600,1,1,1,1,6,197,4357600,341600,340,3,2,2,0,1,1,0,45,1,0,3,0,0
200600007055,6,2,5,2045,3,1,1,1,1,150,4332700,354100,340,3,2,0,0,0,3,0,63,1,0,1,0,0
200600007057,6,2,21,1700,1,1,1,1,3,113,4352800,373600,340,2,2,2,0,1,1,57,141,1,5,1,0,0
200600007061,6,2,21,1445,1,1,1,1,7,430,4329100,190900,110,3,2,2,0,2,4,0,0,1,0,1,0,0
200600007066,6,2,24,1700,1,1,1,1,1,369,4326300,295900,110,4,2,2,0,1,1,0,45,1,0,1,0,0
200600007070,6,2,19,30,3,1,1,1,6,23,4379500,412400,300,3,2,0,0,0,1,20,150,1,0,1,0,0
200600007071,6,2,25,2030,3,1,1,1,6,155,4381400,449300,300,3,2,2,0,0,3,37,0,1,0,0,0,1
200600007075,6,2,19,530,3,1,1,1,6,333,4377100,425100,300,3,2,1,0,1,2,0,50,1,0,3,0,0
200600007077,6,2,1,800,5,1,1,1,6,305,4418200,415300,300,3,2,2,0,1,1,0,60,0,0,0,0,1
200600007078,6,2,3,745,2,1,1,9,3,223,4419300,413000,300,3,2,0,3,1,1,0,108,7,5,1,0,0
200600007081,6,2,6,945,1,2,1,1,6,146,4399100,410600,300,2,2,2,0,1,1,0,69,1,0,3,0,0
200600007082,6,2,11,1000,1,1,1,1,3,2,4396100,410000,300,2,2,0,0,0,1,0,65,1,0,1,0,0
200600007083,6,2,14,1630,1,1,1,1,3,167,4426700,416100,300,3,2,2,0,1,3,47,86,1,0,1,0,1
200600007088,6,2,28,1815,2,2,9,1,6,202,4426200,464900,300,2,2,0,0,1,1,0,0,1,6,1,0,0
200600007091,6,2,16,715,1,1,1,1,2,349,4387800,407700,300,3,2,2,0,0,1,0,0,0,0,1,0,0
200600007092,6,2,15,945,1,1,1,1,3,210,4391800,401100,300,3,2,0,0,1,1,0,0,1,0,1,0,0
200600007093,6,2,19,200,3,1,1,9,7,137,4445900,346700,480,3,2,0,0,0,0,0,0,7,0,1,0,0
200600007095,6,2,17,1115,1,1,1,1,1,146,4435400,340200,480,3,2,0,0,2,3,0,73,1,0,1,0,0
200600007096,6,2,2,1745,2,1,1,7,1,183,4465900,329000,480,3,2,2,0,1,1,0,51,1,0,1,0,0
200600007108,6,2,1,915,1,1,1,1,1,72,4246500,202600,660,3,2,2,0,1,4,0,70,0,0,1,0,0
200600007110,6,2,4,1730,1,1,1,1,1,20,4250200,205600,660,3,2,2,0,0,2,0,55,1,0,1,0,0
200600007115,6,2,16,1400,1,2,1,1,1,134,4263600,894100,202,2,2,2,0,1,1,0,60,1,0,1,0,0
200600007117,6,2,28,900,1,1,1,1,1,337,4247900,926000,202,2,2,2,0,1,1,0,70,1,0,1,0,0
200600007119,6,2,15,1400,1,2,1,1,3,87,4233400,949700,202,3,0,0,0,0,4,0,65,1,0,1,0,0
200600007120,6,2,11,1800,1,1,1,1,1,343,4248900,945500,202,3,2,2,0,2,1,0,43,1,0,1,0,0
200600007122,6,2,23,815,1,1,1,8,7,202,4904700,175300,780,3,2,2,0,1,1,0,63,2,0,3,0,0
200600007123,6,2,5,1700,1,1,1,1,1,9,4846400,190000,780,2,2,2,0,1,1,0,71,1,0,1,0,0
200600007126,6,2,28,1215,1,2,1,8,1,235,4864000,237000,910,9,2,0,0,1,1,0,0,2,0,1,0,0
200600007128,6,2,6,1200,1,2,1,1,6,226,4849800,219600,910,4,1,1,0,1,1,0,60,1,5,1,0,0
200600007133,6,2,6,845,1,1,1,8,1,675,4907400,252800,950,3,2,3,0,0,3,0,0,1,0,1,0,0
200600007134,6,2,28,1615,1,1,1,1,7,222,4862700,282900,770,2,2,2,0,1,2,0,79,1,0,1,0,0
200600007136,6,2,11,1230,1,1,1,1,3,470,4873800,278200,770,2,3,2,0,1,1,6,72,1,0,1,0,0
200600007137,6,2,3,2130,5,2,1,1,6,413,4888200,284900,770,3,3,0,0,1,1,21,68,1,5,4,0,0
200600007140,6,2,5,1600,1,1,1,8,7,423,4880400,333900,770,3,2,0,0,1,3,0,0,2,0,3,0,0
200600007142,6,2,11,2315,3,1,1,1,7,318,4879300,287700,770,3,2,2,0,0,1,0,72,1,0,0,0,0
200600007143,6,2,7,1600,1,2,1,1,3,492,4887900,336600,770,4,2,0,0,1,2,0,0,1,0,1,0,0
200600007145,6,2,28,2130,3,2,1,4,6,406,4884000,320000,770,4,2,0,0,2,3,0,0,7,0,3,0,0
200600007146,6,2,25,1930,3,1,1,1,2,192,4872300,284600,770,2,2,2,0,1,1,0,120,1,5,1,0,0
200600007147,6,2,27,1445,1,1,1,2,3,153,4907700,212900,770,3,2,2,0,1,1,0,0,2,0,1,0,0
200600007148,6,2,8,830,1,2,1,1,6,171,4849700,235300,770,4,2,2,0,2,1,25,60,1,0,1,0,0
200600007153,6,2,6,1030,1,1,1,1,6,182,4772400,179800,450,3,2,0,0,0,1,0,60,1,0,3,0,0