Num_Acc,an,mois,jour,hrmn,lum,agg,int,atm,col,com,lat,long,dep,catr,circ,nbv,vosp,prof,plan,lartpc,larrout,surf,infra,situ,env1,killed
200600007157,6,2,17,1600,1,2,3,1,3,317,4777000,161000,450,2,2,2,0,1,1,0,77,1,0,1,0,0
200600007158,6,2,14,930,1,2,1,1,6,28,4778200,163200,450,4,2,0,0,1,1,0,60,1,6,1,3,0
200600007159,6,2,2,830,1,1,1,5,6,44,4805800,201100,450,3,2,2,0,1,1,0,0,7,0,0,0,0
200600007160,6,2,16,2215,5,2,1,1,3,188,4800300,208800,450,2,0,0,0,1,1,0,70,1,5,1,0,0
200600007161,6,2,27,1515,1,1,1,1,3,188,4802100,211200,450,2,2,1,0,0,1,0,76,1,0,1,0,0
200600007163,6,2,18,1130,1,1,6,1,2,155,4768400,264500,450,3,2,2,0,1,3,0,61,1,5,1,0,0
200600007165,6,2,4,1900,5,1,1,1,3,40,4757400,283000,450,2,2,2,3,2,3,0,70,1,5,1,0,0
200600007166,6,2,14,730,1,1,1,9,7,122,4776600,255000,450,3,2,2,0,1,2,0,53,7,0,1,0,0
200600007170,6,2,23,1515,1,1,1,1,3,250,4813300,290400,450,3,2,2,0,4,1,0,52,1,0,3,0,0
200600007172,6,2,2,1945,5,2,7,1,1,252,4818000,225800,450,6,2,2,0,0,0,0,0,1,0,1,0,0
200600007175,6,2,4,2310,3,1,1,1,7,141,4713400,221200,180,3,2,2,0,1,2,0,55,1,0,3,0,0
200600007178,6,2,11,1215,1,2,1,1,1,122,4834000,149000,280,4,2,2,0,1,1,0,55,1,0,1,0,1
200600007179,6,2,12,1530,1,2,1,1,6,6,4844700,139800,280,3,2,2,0,1,1,0,28,1,0,3,0,0
200600007181,6,2,17,1630,1,2,1,1,1,227,4859000,158000,280,3,2,2,0,2,1,0,63,1,0,1,0,0
200600007182,6,2,27,830,1,2,1,1,7,168,4853000,168000,280,3,2,2,0,0,0,0,60,7,0,3,0,0
200600007183,6,2,10,2130,3,1,1,1,3,424,4820200,119800,280,3,2,2,0,2,1,0,82,1,0,1,0,1
200600007185,6,2,16,745,2,1,1,2,1,355,4885500,152200,280,3,2,2,0,2,2,0,0,2,0,1,0,0
200600007186,6,2,11,100,3,1,1,1,3,280,4831000,80700,280,2,2,3,0,0,3,0,0,2,0,1,0,0
200600007188,6,2,22,1015,1,1,1,5,1,71,4840800,108100,280,2,2,0,0,1,3,0,73,2,0,1,0,0
200600007189,6,2,18,2030,5,2,1,1,6,69,4708800,134600,360,3,2,2,0,1,1,0,70,1,0,1,0,0
200600007190,6,2,22,1715,1,2,1,1,6,31,4689600,142200,360,3,2,2,0,4,1,0,50,1,0,1,0,0
200600007191,6,2,12,1130,1,1,1,1,2,107,4722000,148000,360,9,2,2,0,2,1,0,42,1,0,1,0,0
200600007192,6,2,23,1345,1,2,1,1,6,18,4663500,105800,360,3,2,2,0,2,1,0,100,1,0,4,0,0
200600007194,6,2,27,845,1,2,7,1,6,46,4658600,198800,360,4,1,1,0,1,1,0,50,1,0,1,0,0
200600007196,6,2,9,1530,1,2,2,1,3,163,4742900,96900,370,9,2,2,0,0,1,0,56,1,0,1,0,0
200600007198,6,2,22,1530,1,1,1,8,4,92,4752100,81400,370,2,2,2,0,1,1,0,78,1,0,1,0,1
200600007199,6,2,3,1945,3,2,1,1,6,22,4720000,18000,370,3,0,2,0,0,1,0,67,1,0,1,0,0
200600007209,6,2,25,1615,1,1,2,1,3,275,4789700,108400,410,2,2,1,0,1,1,0,72,1,5,1,0,0
200600007213,6,2,23,1930,3,1,1,1,3,123,4782900,140300,410,3,2,0,0,1,1,0,62,1,0,1,0,0
200600007214,6,2,11,30,3,1,1,1,1,203,4520500,107200,330,3,2,2,0,1,1,0,62,1,0,1,0,1
200600007215,6,2,24,2015,3,1,1,1,2,333,4482900,112800,330,3,2,2,0,0,1,0,62,1,0,1,0,0
200600007217,6,2,11,945,1,2,6,7,3,153,4783000,379600,290,3,0,2,0,1,2,100,59,1,5,1,0,0
200600007218,6,2,5,400,3,1,1,1,6,281,4801400,382200,290,3,2,0,0,1,1,0,60,1,0,0,0,1
200600007219,6,2,11,1230,1,1,1,1,6,281,4804500,383200,290,4,2,2,0,1,1,0,65,1,0,3,0,0
200600007222,6,2,4,1945,5,1,1,1,7,527,4462900,100200,330,3,2,2,1,1,1,0,69,1,0,3,0,1
200600007224,6,2,13,645,2,1,1,1,2,25,4349200,560100,130,2,2,2,0,1,1,0,70,1,0,1,0,0
200600007225,6,2,19,15,3,1,1,1,6,25,4349400,553900,130,2,2,2,0,1,1,0,80,1,0,0,0,1
200600007226,6,2,13,1245,1,1,1,2,1,498,4931300,601100,570,3,2,2,0,2,3,0,66,2,0,1,0,0
200600007227,6,2,17,1715,1,1,1,2,5,498,4931200,600900,570,3,2,2,0,2,3,0,67,2,0,1,0,0
200600007230,6,2,19,600,3,1,1,9,6,202,4358200,376900,340,3,2,2,0,2,2,25,50,2,0,1,0,0
200600007231,6,2,3,915,1,1,1,8,5,435,4850000,251400,770,1,3,3,0,1,1,10,210,1,0,1,0,0
200600007243,6,2,10,1330,1,1,1,1,6,530,4563100,517400,380,1,3,0,0,1,1,0,0,1,0,3,0,0
200600007244,6,2,11,1215,1,1,1,1,7,48,4823100,90100,530,4,2,1,0,1,2,0,0,0,0,1,0,0
200600007245,6,2,20,1030,1,2,1,2,1,103,4810100,88600,530,3,2,2,0,1,1,0,61,2,4,1,0,0
200600007246,6,2,4,1000,1,1,1,1,6,252,4767600,139600,410,1,3,3,0,1,1,8,105,1,0,3,0,0
200600007252,6,2,3,1445,1,2,1,1,3,267,4735700,80400,370,3,2,2,0,0,1,0,65,1,5,1,0,0
200600007260,6,2,18,545,3,1,1,2,3,61,4584600,605500,740,1,3,4,0,4,1,12,72,2,2,1,0,0
200600007269,6,2,15,300,3,1,1,1,2,32,4330800,322700,340,1,3,3,0,1,1,40,105,1,0,1,0,1
200600007270,6,2,20,1715,1,1,1,1,6,172,4359200,389500,340,1,3,4,0,1,1,10,85,1,0,2,0,0
200600007272,6,2,12,130,3,1,1,1,1,113,4578300,314100,630,1,3,0,0,1,1,20,140,1,3,1,0,0
200600007273,6,2,25,1915,5,1,9,1,1,573,4925900,397300,510,1,1,2,0,1,3,0,0,1,3,1,0,0
200600007275,6,2,10,2315,3,1,1,1,3,212,4512000,596800,380,2,2,2,0,1,4,0,66,2,0,1,0,0
200600007277,6,2,1,1915,3,1,1,1,3,113,4379700,751000,60,1,3,2,0,1,1,0,0,1,2,1,0,0
200600007279,6,2,18,1215,1,1,1,1,2,88,4371400,721300,60,1,3,2,0,2,3,100,90,1,0,1,0,0
200600007283,6,2,18,1220,1,1,1,4,4,7,4691500,52600,860,1,3,2,0,2,1,15,100,9,0,1,0,1
200600007288,6,2,24,1745,1,1,1,1,6,61,4339000,59200,640,1,2,3,0,0,2,0,0,1,3,2,0,0
200600007294,6,2,1,300,3,1,1,1,1,215,4734000,624000,250,1,3,2,3,1,1,35,70,1,2,1,0,0
200600007295,6,2,7,1715,3,1,1,1,2,212,4728500,599400,250,1,3,2,0,1,1,30,100,1,0,1,0,0
200600007298,6,2,14,1345,1,1,1,1,7,527,4461600,102000,330,1,3,2,0,1,1,15,0,1,0,1,0,0
200600007310,6,2,11,1315,1,1,2,1,3,229,4520700,576200,380,1,3,3,0,1,1,150,0,1,5,1,0,0
200600007312,6,2,18,645,3,1,1,2,6,351,4524600,53300,330,1,3,0,0,1,1,0,0,2,0,1,0,0
200600007313,6,2,19,1015,2,1,1,1,7,92,4179600,939600,201,2,2,1,0,4,1,0,65,1,0,1,0,0
200600007314,6,2,27,1645,1,1,1,3,2,362,4170800,936300,201,2,2,2,0,1,1,60,0,2,0,1,0,0
200600007316,6,2,1,1315,1,1,1,5,6,290,4586900,518900,10,1,0,2,0,1,1,20,100,1,0,1,0,0
200600007317,6,2,5,715,2,1,1,1,7,89,4597500,530900,10,1,1,2,0,1,1,20,85,1,0,1,0,0
200600007318,6,2,12,2000,1,1,1,1,7,288,4567900,505200,690,1,0,0,0,1,1,5,73,1,0,2,0,0
200600007320,6,2,19,1230,1,1,1,1,1,290,4591000,523600,10,1,1,2,0,1,1,20,142,2,0,1,0,0
200600007321,6,2,2,1730,3,1,1,1,3,493,4923200,410100,510,2,3,0,0,0,1,20,75,2,5,1,0,0
200600007322,6,2,3,1345,1,1,1,1,1,614,4916400,420300,510,2,2,0,0,1,1,0,144,1,0,1,0,0
200600007323,6,2,10,2030,3,1,1,1,3,629,4915800,401300,510,2,0,0,0,1,1,0,78,2,0,1,0,1
200600007324,6,2,24,1445,1,1,1,1,3,44,4918600,416600,510,2,2,0,0,1,1,0,0,1,0,1,0,0
200600007327,6,2,15,1745,2,1,1,1,1,152,4362900,701600,60,9,2,0,0,0,2,0,60,1,0,3,0,0
200600007329,6,2,24,1,5,2,1,1,6,88,4582300,486400,690,3,2,0,0,2,1,0,60,1,0,1,0,0
200600007330,6,2,14,2345,3,1,1,1,7,17,4970000,344000,20,1,1,2,0,1,1,10,70,2,0,1,0,0
200600007331,6,2,6,1940,5,1,1,1,3,571,4885900,202500,780,3,2,2,0,1,1,60,160,1,5,1,0,0
200600007332,6,2,12,630,3,1,1,2,6,353,4910100,230800,950,3,2,2,0,2,3,0,70,2,0,3,0,0
200600007334,6,2,13,1830,1,2,1,1,1,251,4763300,264900,560,3,2,2,0,2,1,0,59,1,0,1,0,0
200600007335,6,2,17,1830,2,2,1,1,6,243,4765600,271900,560,4,2,1,0,1,1,0,64,1,0,1,0,1
200600007336,6,2,20,1100,1,2,1,8,2,5,4755400,289300,560,4,2,2,0,0,1,0,56,1,0,1,0,0
200600007341,6,2,26,100,3,1,1,1,7,357,4617400,574600,10,1,3,2,3,2,3,100,95,1,0,3,0,0
200600007344,6,2,17,1530,1,1,1,4,4,339,4796900,3700,720,1,1,2,3,1,1,30,90,2,0,1,0,0
200600007345,6,2,24,800,1,1,1,1,2,339,4797800,4700,720,1,3,2,0,1,1,10,70,1,0,1,0,0
200600007350,6,2,6,1245,1,2,1,1,6,113,4359500,548100,130,2,3,1,0,1,1,39,36,1,0,1,0,0
200600007354,6,2,24,1835,2,1,1,1,5,50,4366500,525300,130,2,2,2,0,2,3,0,70,1,0,1,0,0
200600007361,6,2,18,545,3,1,1,8,6,276,4541100,153400,190,1,3,4,0,2,1,15,140,2,0,2,0,0
200600007362,6,2,24,235,3,1,1,1,6,234,4532000,157500,190,1,3,4,0,3,1,15,140,1,3,1,0,1
200600007363,6,2,4,715,2,1,1,1,6,134,4642200,147000,360,1,1,2,0,1,1,15,100,1,2,3,0,0
200600007373,6,2,7,815,1,2,1,1,1,356,4872900,209000,780,3,2,2,0,0,1,0,61,1,0,1,0,0
200600007374,6,2,22,1900,4,1,1,1,1,561,4874100,201500,780,3,2,2,0,0,1,0,0,1,0,1,0,1
200600007377,6,2,1,730,2,1,1,1,1,47,4382000,441700,300,3,2,0,2,1,3,0,100,1,0,1,0,1
200600007380,6,2,16,600,3,1,1,2,6,395,4970000,468500,80,1,3,2,0,1,2,10,90,2,0,3,0,0
200600007387,6,2,7,2015,3,1,1,1,6,111,4946700,123500,760,2,2,2,0,3,1,0,70,1,0,3,0,0
200600007388,6,2,28,1745,2,2,1,7,6,146,4958900,135700,760,3,2,2,0,1,1,0,70,2,0,1,0,0
200600007391,6,2,25,530,3,1,1,1,6,94,4775300,329400,560,3,2,0,0,1,1,0,0,1,0,1,0,0
200600007396,6,2,12,2200,5,1,1,2,6,22,4845800,262100,770,2,2,4,0,1,3,16,154,2,0,1,0,0
200600007397,6,2,10,925,1,1,1,1,1,260,4563000,480000,690,3,2,2,0,2,4,0,82,9,0,1,0,1
200600007398,6,2,28,215,5,2,1,1,6,189,4265900,295200,660,4,2,1,0,0,0,0,0,1,0,4,0,0
200600008602,6,2,19,1145,1,1,1,2,2,284,4792455,500000,450,2,2,4,0,1,4,0,70,2,0,1,99,0
200600010497,6,2,2,1700,1,2,1,1,2,28,4877912,244309,940,3,1,1,0,0,0,0,30,0,0,1,0,0
200600010498,6,2,5,1705,1,2,1,1,6,11,4877077,246472,940,6,0,2,0,0,0,0,60,0,0,1,0,0
200600010499,6,2,3,1900,4,2,1,1,3,28,4880188,245897,940,4,2,2,0,1,1,0,60,1,0,1,0,0
200600010500,6,2,3,1700,1,2,1,1,3,28,4877077,248678,940,4,2,2,0,1,1,0,60,1,0,1,0,0
200600010501,6,2,8,730,2,2,1,2,6,28,4879874,245186,940,4,0,2,0,1,1,0,60,1,0,1,99,0
200600010503,6,2,11,505,5,2,9,1,3,11,4876421,249287,940,2,3,4,0,1,1,10,120,1,0,1,99,0
200600010504,6,2,11,1720,2,2,1,1,2,28,4877074,246872,940,4,2,2,0,1,1,0,60,1,0,1,0,0
200600010505,6,2,13,1720,1,2,1,2,4,11,4876577,248137,940,3,3,6,0,1,1,150,180,2,0,1,0,0
200600010506,6,2,13,1045,1,2,1,1,2,28,4877996,243784,940,2,3,6,0,1,1,10,180,0,0,1,0,0
200600010509,6,2,19,1945,2,2,1,1,6,28,4878785,246203,940,4,0,1,0,1,2,0,30,1,0,1,99,0
200600010510,6,2,21,1500,1,2,1,1,6,28,4878782,246200,940,6,1,1,0,1,1,0,60,1,0,1,0,0
200600010511,6,2,23,750,2,2,1,1,6,28,4879612,245787,940,2,2,4,0,1,1,0,120,0,0,1,0,0
200600010512,6,2,23,1505,1,2,1,1,6,28,4878137,246419,940,4,2,2,0,1,1,0,60,0,0,1,0,0
200600010513,6,2,23,1715,1,2,1,1,4,28,4878916,244458,940,3,3,6,0,1,1,90,180,0,0,1,0,0
200600010514,6,2,28,700,2,2,1,2,6,28,4879385,246148,940,4,0,2,0,1,1,0,60,2,0,1,0,0
200600011018,6,2,12,920,1,1,9,1,7,71,4399142,532674,130,1,1,2,0,2,1,0,70,1,0,1,99,0
200600011852,6,3,18,1210,1,2,2,1,3,278,4847823,934567,220,4,2,2,0,1,4,0,60,1,0,1,0,0
200600011853,6,3,19,1650,1,2,1,1,2,278,4847823,934567,220,4,2,2,1,1,1,0,96,1,0,1,0,0
200600014593,6,3,17,845,1,2,9,1,2,64,4123456,500000,920,3,1,2,0,4,2,0,75,1,5,1,99,0
200600014836,6,3,4,1530,1,2,1,1,3,28,4878917,246160,940,4,0,4,0,1,0,0,60,1,0,1,0,0
200600014837,6,3,4,1730,1,2,1,1,6,28,4878012,243793,940,4,0,2,0,1,0,0,60,1,0,1,0,0
200600014838,6,3,4,2300,3,2,1,1,3,28,4877767,246027,940,4,3,4,0,1,1,20,120,1,0,1,0,0
200600014839,6,3,8,1135,1,2,1,2,6,28,4879261,246167,940,4,3,4,0,1,1,10,120,2,0,1,0,0
200600014840,6,3,9,1710,1,1,1,2,6,28,4878468,246562,940,4,2,2,0,1,0,0,60,2,0,1,99,0
200600014841,6,3,13,820,1,2,2,1,6,28,4878015,243799,940,4,2,2,0,1,1,0,60,1,5,4,3,1
200600014842,6,3,10,1430,1,2,1,1,6,28,4879305,244644,940,3,0,2,0,1,1,0,60,1,0,1,99,0
200600014843,6,3,14,800,1,2,1,1,6,28,4877783,246286,940,4,2,4,0,1,1,20,120,1,0,1,0,0
200600014844,6,3,13,1015,1,2,1,1,6,28,4879218,246613,940,4,2,2,0,1,1,0,60,1,0,1,0,0
200600014847,6,3,17,1350,1,2,1,1,6,11,4876847,248768,940,4,0,2,0,1,1,0,60,1,0,1,0,0
200600014848,6,3,20,2310,5,2,6,1,3,28,4877470,243928,940,2,1,2,0,3,1,0,60,0,0,1,0,0
200600014850,6,3,23,927,1,2,1,1,6,11,4877376,248228,940,3,0,2,0,1,1,0,60,1,0,1,99,0
200600014851,6,3,24,1620,1,2,1,2,2,28,4879607,244781,940,3,2,2,0,0,0,0,60,2,0,1,0,0
200600014852,6,3,25,1400,1,2,1,2,6,28,4876853,246536,940,4,1,2,0,1,1,0,60,2,0,1,99,0
200600014853,6,3,25,1435,1,2,1,2,3,28,4877475,243935,940,4,1,3,0,1,0,40,120,2,0,1,0,0
200600014855,6,3,30,840,1,1,6,1,3,28,4878751,243591,940,3,2,2,0,1,0,0,30,1,0,1,99,0
200600014928,6,3,3,1415,1,2,2,2,5,81,4846648,223789,940,2,2,4,0,1,1,0,144,2,0,1,99,1
200600015011,6,3,14,845,1,1,1,1,4,121,4883225,500000,770,1,3,6,0,1,1,15,210,1,0,1,0,0
200600015392,6,3,5,1830,2,1,1,1,1,388,5056700,286500,590,3,2,2,0,1,1,0,63,1,0,1,0,0
200600015393,6,3,15,740,1,2,1,1,5,398,5051600,311300,590,3,2,0,1,0,1,0,57,1,0,1,0,0
200600015394,6,3,30,730,1,2,1,8,1,647,5082200,221600,590,3,2,2,0,1,3,0,69,2,0,1,0,0
200600015396,6,3,4,200,3,2,1,1,6,663,5088500,247800,590,4,2,2,0,1,2,0,30,7,0,1,0,0
200600015397,6,3,18,920,1,2,1,1,6,469,5073500,261200,590,2,2,2,0,1,1,0,70,1,0,1,0,1
200600015400,6,3,6,1915,2,2,9,1,1,580,5081400,260200,590,3,2,2,0,1,0,0,0,1,2,1,0,1
200600015401,6,3,4,1830,1,2,1,1,1,92,5029300,331900,590,4,2,2,0,1,1,0,50,1,0,1,0,0
200600015407,6,3,7,1730,1,1,1,1,3,817,5030000,282900,620,3,2,2,0,1,1,0,65,1,0,1,0,0
200600015409,6,3,17,1830,1,1,9,1,1,284,5026400,305600,620,3,2,0,0,0,1,0,60,1,0,1,0,0
200600015410,6,3,23,930,1,1,2,1,3,502,5060400,267800,620,3,2,2,0,1,1,0,46,1,0,1,0,0
200600015411,6,3,25,2300,5,2,1,2,6,190,5059100,251600,620,3,2,2,0,1,3,0,70,2,0,4,3,0
200600015412,6,3,1,100,3,1,1,1,6,300,5069300,157800,620,3,2,2,0,1,1,0,70,1,0,1,0,0
200600015413,6,3,1,1600,1,1,1,1,2,264,5059700,161300,620,3,2,2,1,1,1,0,73,1,0,1,0,0
200600015414,6,3,3,1615,1,1,1,1,5,170,5043900,267800,620,3,2,2,0,1,1,0,67,1,0,1,0,1
200600015415,6,3,8,2100,5,2,1,2,1,176,5050300,169700,620,2,2,2,0,1,1,0,65,2,0,1,0,0
200600015418,6,3,24,2015,3,1,1,2,6,229,5066200,218500,620,3,2,2,0,1,1,0,68,2,0,3,0,1
200600015420,6,3,19,930,1,1,1,5,4,717,5036700,238300,620,2,1,2,0,2,1,0,0,0,0,1,0,0
200600015422,6,3,8,1045,1,1,1,3,6,629,5030200,258500,620,3,2,2,0,1,3,0,60,2,0,3,0,0
200600015423,6,3,4,1545,1,2,1,1,1,881,5022500,216300,620,3,2,0,0,0,2,63,0,1,0,1,0,0
200600015424,6,3,5,510,3,1,1,9,6,361,5026100,227900,620,3,2,2,0,1,2,0,62,7,0,3,0,1
200600015429,6,3,5,130,3,1,1,1,6,600,5019800,173100,800,3,2,0,0,0,1,0,58,1,0,3,0,0
200600015431,6,3,9,1000,1,2,1,2,6,71,5012000,234000,800,2,3,2,0,1,1,19,80,2,0,4,0,0
200600015432,6,3,1,1115,1,1,1,9,1,64,4980200,260600,800,3,2,2,0,1,1,0,57,7,0,3,0,0
200600015434,6,3,26,1515,1,1,2,1,1,647,4980800,281200,800,2,2,0,0,0,1,0,0,1,5,1,0,0
200600015435,6,3,3,1715,1,2,1,1,3,617,4968800,359100,20,3,0,2,0,1,1,0,70,1,0,1,0,0
200600015436,6,3,6,715,2,2,9,8,3,128,4953300,366000,20,3,2,0,0,1,1,0,70,2,0,1,0,0
200600015440,6,3,30,745,1,1,1,2,6,335,4963300,341900,20,3,2,0,0,1,1,0,0,2,0,3,0,0
200600015442,6,3,3,1115,1,1,1,4,1,778,4942600,366700,20,3,2,0,0,1,3,0,0,5,0,1,0,0
200600015444,6,3,19,600,2,1,1,1,7,218,4955400,380100,20,3,2,2,0,0,1,0,60,1,0,3,0,0
200600015445,6,3,29,2100,3,1,1,1,7,543,4916600,328100,20,3,2,2,0,1,2,0,65,1,0,1,0,0
200600015449,6,3,13,1415,1,1,1,7,3,775,4972500,334800,20,2,2,2,0,0,3,0,149,1,5,1,0,0
200600015452,6,3,26,115,5,2,1,1,6,487,4939000,341000,20,3,2,2,0,1,1,0,49,1,0,4,0,0
200600015454,6,3,1,2145,3,1,1,4,6,302,4923800,319000,20,3,2,1,0,1,2,0,60,5,5,1,0,0
200600015455,6,3,9,1800,1,2,1,1,6,368,4927900,306400,20,3,2,1,0,2,1,0,61,1,0,1,0,0
200600015458,6,3,18,1230,1,2,2,1,3,381,4991500,407900,20,2,2,0,0,1,1,94,0,1,0,1,0,0
200600015460,6,3,1,1900,3,1,1,4,6,639,4947300,211500,600,2,2,2,0,1,1,0,70,5,0,3,0,0
200600015461,6,3,3,2000,3,1,1,1,1,277,4943300,203600,600,2,2,2,0,0,3,0,65,1,0,1,0,0
200600015471,6,3,15,800,1,2,9,1,1,701,4955400,236600,600,3,2,2,0,1,1,0,60,1,0,1,0,0
200600015474,6,3,3,1200,1,1,8,4,1,531,4943400,266200,600,3,2,0,0,0,2,0,64,5,4,0,0,1
200600015475,6,3,19,745,1,1,1,1,7,318,4933400,264600,600,3,3,2,0,1,1,0,0,1,0,1,0,1
200600015483,6,3,1,2100,3,2,1,2,6,346,4916000,242700,600,3,2,2,0,0,1,0,70,2,0,1,0,0
200600015484,6,3,7,1700,1,1,1,3,1,346,4916700,244800,600,2,2,2,0,2,1,0,100,2,0,1,0,0
200600015486,6,3,20,1300,1,2,1,2,7,176,4924000,289000,600,3,0,0,0,0,0,0,0,2,5,1,0,0
200600015488,6,3,12,1500,1,1,1,1,6,79,4916800,285700,600,2,1,2,0,1,1,0,76,1,0,3,0,1
200600015497,6,3,10,1445,1,2,1,1,2,351,4950000,15000,760,4,2,2,0,1,1,0,64,1,0,1,0,0
200600015499,6,3,19,100,3,1,6,1,6,715,4960000,59600,760,2,2,2,0,1,0,0,0,1,5,4,0,0
200600015500,6,3,19,1730,1,1,1,8,7,92,4956300,52500,760,4,2,0,0,1,1,0,0,1,0,1,0,0
200600015501,6,3,27,1730,1,2,1,1,7,494,4959100,39500,760,4,2,0,0,4,1,0,0,3,0,1,0,0
200600015502,6,3,1,1245,1,1,1,4,6,714,4955900,40200,760,3,2,2,0,1,2,0,48,5,0,1,0,0
200600015504,6,3,30,1645,1,1,1,2,3,263,4946600,154100,760,2,2,2,0,0,1,0,79,2,0,1,0,1
200600015505,6,3,3,645,2,2,1,4,6,467,4982700,70300,760,3,2,2,0,1,3,0,60,2,5,1,0,0
200600015506,6,3,28,1330,1,1,2,1,3,241,4981500,78900,760,3,2,2,0,1,1,0,60,1,5,1,0,0
200600015507,6,3,11,2115,3,1,1,1,7,187,4972300,42400,760,3,2,2,0,1,2,0,50,1,0,1,0,1
200600015510,6,3,17,1600,1,1,1,1,2,165,4895600,93800,270,3,2,1,0,1,1,0,0,1,0,3,0,0
200600015511,6,3,17,2215,5,2,1,1,6,20,4899700,110800,270,4,2,1,0,1,0,0,0,1,0,1,0,0
200600015513,6,3,3,1245,1,1,1,2,3,478,4895600,122400,270,3,2,2,0,2,1,0,55,2,0,1,0,0
200600015516,6,3,11,1230,1,1,2,8,3,278,4892200,140600,270,3,2,2,0,1,1,0,45,1,0,1,0,1
200600015519,6,3,14,1745,1,1,1,1,6,104,4939600,129900,270,3,2,2,0,1,1,0,60,1,0,1,0,0
200600015521,6,3,6,1030,1,2,7,1,6,629,4914200,45500,270,4,2,0,0,0,0,0,93,1,0,1,0,0
200600015523,6,3,26,1900,1,1,1,1,6,547,4904400,39300,270,3,2,2,0,2,2,0,105,2,0,3,0,0
200600015524,6,3,8,1700,1,1,1,2,1,221,4899000,64200,270,3,2,0,0,1,3,0,65,2,0,1,0,1
200600015529,6,3,8,1200,1,2,6,1,7,275,4916600,134000,270,4,2,2,0,1,1,15,50,2,5,1,0,0
200600015530,6,3,16,100,5,2,1,1,6,651,4928000,126100,270,3,2,2,0,1,1,0,46,1,0,1,0,0
200600015531,6,3,3,1245,1,2,1,1,3,467,4936000,51600,270,5,2,2,0,1,1,0,0,1,0,1,0,0
200600015532,6,3,17,830,1,1,1,1,6,102,4936100,75500,270,2,2,2,0,1,1,0,0,1,0,1,0,0
200600015534,6,3,9,845,1,1,1,1,7,110,4934900,68400,270,3,2,2,0,0,1,0,50,1,0,3,0,0
200600015537,6,3,30,1430,1,1,9,2,6,3,4828200,160500,350,3,2,2,0,1,1,0,45,2,2,3,0,0
200600015543,6,3,31,1900,1,2,1,1,1,162,4848600,112400,350,4,2,0,0,0,1,0,60,1,0,1,0,0
200600015544,6,3,15,1145,1,1,1,1,6,19,4843000,155700,350,3,2,0,0,2,3,0,0,1,0,3,0,0
200600015548,6,3,4,815,1,1,1,4,1,219,4783800,194700,350,3,2,0,0,1,1,0,58,5,0,1,0,0
200600015550,6,3,13,1215,1,1,1,1,1,123,4800500,183300,350,4,2,2,0,1,3,0,38,1,0,1,0,0
200600015554,6,3,1,915,1,2,1,1,6,228,4858000,205900,350,3,2,2,0,1,1,0,60,1,5,1,0,0
200600015557,6,3,2,1815,5,1,1,2,6,207,4811500,153400,350,2,1,1,0,0,3,0,45,2,3,0,0,0
200600015561,6,3,3,345,3,1,1,3,1,112,4865000,300500,220,3,2,2,0,1,1,0,70,2,0,1,0,0
200600015568,6,3,2,915,1,1,8,4,6,207,4863000,347000,220,4,0,0,0,0,0,0,0,0,0,0,0,0
200600015569,6,3,11,2330,5,2,1,1,6,343,4877500,355900,220,3,2,2,0,1,1,0,60,2,0,1,0,0
200600015570,6,3,26,1930,1,1,1,1,1,245,4865100,340100,220,3,0,2,0,1,2,0,54,1,0,1,0,0
200600015571,6,3,29,2230,3,1,1,3,6,90,4878500,338500,220,3,2,2,0,1,1,0,72,2,0,1,0,1
200600015572,6,3,10,830,1,2,1,1,6,362,4879000,322300,220,3,2,2,0,0,1,0,0,2,0,1,0,0
200600015574,6,3,4,1730,1,1,1,1,3,215,4799000,440100,290,3,2,2,0,2,1,0,70,1,0,1,0,0
200600015575,6,3,31,1415,1,1,1,1,6,215,4799900,437800,290,3,2,2,0,1,3,0,60,1,0,1,0,0
200600015576,6,3,2,2030,5,1,1,2,3,46,4807100,429000,290,3,2,2,3,2,1,0,0,2,5,1,0,0
200600015577,6,3,5,2000,3,1,2,1,1,169,4805700,413300,290,3,2,2,0,1,1,0,68,2,5,1,0,0
200600015578,6,3,7,1545,1,1,2,3,3,46,4807100,429000,290,3,2,3,3,2,1,10,90,2,5,1,0,0
200600015579,6,3,7,1500,1,1,1,2,3,171,4782300,429300,290,3,2,0,0,1,1,0,66,2,0,1,0,0
200600015580,6,3,25,215,3,1,1,2,7,171,4783700,428600,290,3,2,2,0,1,2,0,60,2,0,3,0,0
200600015581,6,3,26,15,5,2,1,3,6,135,4783600,417300,290,4,1,0,0,0,3,0,35,2,0,1,0,0
200600015582,6,3,2,430,3,1,1,4,4,268,4848100,431200,290,2,1,4,0,1,1,30,70,7,0,1,0,0
200600015585,6,3,16,1500,1,1,1,1,3,15,4849200,449900,290,3,2,2,0,0,1,0,63,1,5,1,0,0
200600015586,6,3,14,2215,3,1,1,1,6,208,4849900,468500,290,3,2,2,0,1,1,0,72,1,0,1,0,0
200600015588,6,3,5,730,2,1,1,9,6,302,4823800,410100,290,2,3,2,0,2,1,0,0,7,0,1,0,0
200600015592,6,3,24,1615,1,1,2,1,5,280,4824100,435900,290,3,2,2,0,1,1,0,70,1,0,1,0,0
200600015603,6,3,14,1945,3,1,1,1,6,54,4765900,313000,560,4,2,2,0,0,3,0,44,1,0,1,0,1