Num_Acc,an,mois,jour,hrmn,lum,agg,int,atm,col,com,lat,long,dep,catr,circ,nbv,vosp,prof,plan,lartpc,larrout,surf,infra,situ,env1,killed
200600015606,6,3,22,1830,1,1,1,8,1,146,4811600,298400,560,3,2,2,0,1,1,0,40,2,0,1,0,0
200600015607,6,3,24,1830,1,2,1,1,4,178,4806200,296500,560,3,2,2,1,1,1,0,44,1,0,1,0,0
200600015610,6,3,1,1830,2,2,1,1,6,20,4913200,16500,140,4,2,2,0,1,1,0,0,2,0,1,0,0
200600015611,6,3,13,200,3,1,1,1,6,68,4923700,37200,140,3,3,4,2,1,2,0,168,0,0,3,0,1
200600015614,6,3,11,545,3,1,1,1,6,236,4923800,66900,140,3,2,2,0,0,1,0,70,1,0,1,0,1
200600015615,6,3,9,915,1,1,1,1,6,332,4887300,18600,140,2,2,2,0,1,1,0,55,1,0,3,0,0
200600015616,6,3,2,830,1,2,1,1,1,689,4899200,47500,140,3,2,2,0,4,1,0,0,2,5,1,0,0
200600015617,6,3,22,700,2,1,1,4,6,603,4904400,40800,140,3,2,2,0,1,2,0,80,5,0,3,0,0
200600015622,6,3,23,1430,1,2,2,1,1,477,4900000,68500,140,3,2,0,0,1,1,50,0,1,5,1,0,0
200600015627,6,3,12,215,3,1,1,1,6,448,4854900,125500,500,3,2,2,0,2,1,0,66,1,0,3,0,0
200600015628,6,3,17,2000,3,1,1,1,1,155,4858200,137500,500,3,2,2,0,1,1,0,65,1,0,1,0,0
200600015629,6,3,11,1430,1,1,1,1,3,74,4873500,116700,500,3,2,2,0,1,1,62,0,1,0,1,0,0
200600015630,6,3,10,800,1,2,1,2,3,220,4967000,181000,500,3,2,2,0,1,1,0,76,2,0,1,0,0
200600015636,6,3,4,1445,1,1,1,1,5,85,4892700,149800,500,3,2,0,0,4,1,0,0,1,0,1,0,1
200600015637,6,3,5,530,5,2,1,1,6,143,4888800,152700,500,3,2,2,0,2,1,30,70,1,0,4,0,0
200600015638,6,3,13,1530,1,1,1,1,3,388,4900300,145300,500,3,2,2,0,1,1,0,54,1,0,1,0,0
200600015639,6,3,26,15,3,1,1,8,6,109,4890900,148200,500,3,2,1,0,1,1,0,46,2,0,1,0,0
200600015640,6,3,26,630,5,2,1,8,6,81,4886700,155200,500,3,2,0,0,2,4,0,64,2,0,3,0,0
200600015645,6,3,26,30,5,2,2,2,3,484,4857300,107600,500,3,2,0,0,0,1,0,0,2,0,1,0,0
200600015646,6,3,31,1530,1,1,1,1,3,234,4845300,5100,610,2,2,0,0,0,1,0,155,1,5,1,0,0
200600015647,6,3,16,1100,1,1,1,1,3,150,4874200,39400,610,3,2,2,0,1,1,0,62,1,0,1,0,0
200600015653,6,3,25,745,1,1,1,2,7,426,4836000,52800,610,3,2,2,0,0,1,0,0,2,0,3,0,0
200600015659,6,3,18,1,4,1,1,1,7,88,4710900,139900,440,3,2,2,0,1,1,0,60,1,0,1,0,0
200600015661,6,3,2,745,1,1,1,8,1,156,4696500,157900,440,3,2,2,0,1,4,0,64,7,0,1,0,0
200600015664,6,3,9,1215,1,1,3,8,3,4,4738600,111200,440,2,2,0,0,1,1,0,105,2,0,1,0,0
200600015665,6,3,18,2330,3,1,1,1,6,163,4742100,111700,440,3,2,1,0,0,1,0,53,1,0,3,0,1
200600015668,6,3,11,1345,1,1,1,1,1,107,4743500,132400,440,3,2,2,0,0,0,0,103,1,0,1,0,0
200600015669,6,3,5,900,1,1,1,1,1,7,4764400,201300,440,3,2,3,0,1,1,95,95,1,5,1,0,0
200600015670,6,3,23,2000,3,1,1,1,5,128,4759300,181200,440,3,2,2,0,1,1,0,60,2,0,1,0,0
200600015672,6,3,11,1515,1,1,1,1,6,149,4752000,153000,440,4,2,2,0,3,3,0,54,1,0,3,0,0
200600015675,6,3,17,445,3,1,1,1,4,120,4718900,177100,440,3,2,2,0,2,1,0,78,1,0,1,0,0
200600015677,6,3,4,330,3,1,1,3,6,154,4725600,214700,440,3,2,2,0,1,1,7,0,2,5,1,0,0
200600015678,6,3,4,345,3,1,1,3,7,154,4725600,214700,440,3,2,2,0,1,1,0,45,2,0,1,0,0
200600015680,6,3,24,2215,5,2,1,2,6,182,4718300,215000,440,4,2,2,0,1,1,0,66,2,0,1,0,0
200600015681,6,3,3,2100,3,1,1,1,6,90,4700000,175100,440,3,2,2,0,0,3,0,72,1,0,3,0,1
200600015682,6,3,2,1315,1,1,1,1,2,87,4699700,177500,440,3,2,1,0,0,1,0,60,1,0,1,0,0
200600015683,6,3,6,945,1,1,1,1,6,186,4708500,180500,440,3,2,2,0,1,2,0,58,2,0,3,0,0
200600015684,6,3,9,1700,1,2,1,1,6,47,4721700,173400,440,4,2,2,0,1,1,0,55,1,0,1,3,0
200600015685,6,3,24,2200,5,1,2,2,3,47,4724900,169000,440,3,2,2,0,0,1,66,0,2,5,1,0,0
200600015689,6,3,21,2000,3,1,1,8,3,158,4728500,173200,440,3,2,0,0,1,4,0,60,2,0,1,0,1
200600015694,6,3,21,1630,1,2,1,1,3,194,4746000,26900,490,4,2,0,0,0,1,0,50,1,0,1,0,0
200600015695,6,3,9,130,3,2,1,1,6,345,4727100,49900,490,3,2,2,0,1,1,0,48,1,0,4,0,0
200600015696,6,3,10,1330,1,1,1,1,2,78,4733100,41800,490,3,2,2,0,1,1,64,80,1,5,1,0,0
200600015697,6,3,21,645,2,2,1,1,2,50,4736000,45000,490,4,2,2,0,1,1,0,60,1,0,1,0,0
200600015700,6,3,26,815,1,1,1,1,7,63,4735000,72400,490,4,2,2,0,2,1,0,0,1,0,3,0,0
200600015701,6,3,4,1145,1,1,1,4,2,151,4718400,115000,490,3,2,0,0,2,1,0,64,2,5,1,0,0
200600015703,6,3,6,1845,2,1,2,1,3,195,4704600,82100,490,3,2,2,0,4,1,0,171,1,5,1,0,0
200600015705,6,3,30,1715,1,1,1,2,1,350,4703400,108200,490,2,2,0,0,2,1,0,64,2,0,1,0,0
200600015709,6,3,12,145,5,2,1,1,5,191,4723700,42900,490,3,2,0,0,0,1,0,55,1,0,0,0,0
200600015710,6,3,17,2300,4,1,1,1,6,3,4725200,32500,490,3,3,2,0,4,2,10,140,1,0,3,0,0
200600015711,6,3,24,1630,1,1,1,2,7,373,4714600,59200,490,3,2,0,0,1,1,0,0,2,0,3,0,0
200600015712,6,3,30,1630,1,2,1,2,3,125,4720100,30200,490,4,2,0,0,1,3,0,58,2,5,1,0,0
200600015713,6,3,31,2300,3,2,1,1,6,356,4715700,44200,490,3,2,2,0,4,3,0,60,1,0,4,0,0
200600015714,6,3,3,1645,1,1,2,3,3,115,4735800,30400,490,3,2,2,0,0,1,0,53,2,5,1,0,0
200600015715,6,3,8,1515,1,2,3,3,3,261,4735500,22500,490,3,2,2,0,1,1,0,0,2,5,1,0,0
200600015716,6,3,9,1915,3,1,2,1,3,261,4738600,22100,490,3,2,2,0,1,1,0,64,1,0,1,0,0
200600015717,6,3,26,115,4,1,1,2,1,361,4725100,5300,490,3,2,0,0,1,1,0,60,2,0,1,0,0
200600015723,6,3,31,1715,1,1,1,1,1,155,4757100,72000,490,3,2,2,0,1,1,0,58,1,0,1,0,0
200600015724,6,3,20,1700,1,1,1,1,1,337,4756700,42000,490,3,2,0,0,0,1,0,50,1,2,1,0,0
200600015725,6,3,27,815,1,1,1,1,1,62,4785700,76600,530,4,2,0,0,1,0,0,38,1,0,1,0,0
200600015726,6,3,31,440,3,1,1,2,1,14,4784300,66000,530,3,2,2,0,1,1,0,60,2,0,1,0,0
200600015727,6,3,4,30,3,1,1,1,6,245,4831000,99400,530,2,2,2,0,1,1,0,72,1,0,1,0,1
200600015728,6,3,12,1900,1,1,1,1,2,71,4838200,84100,530,3,2,2,0,1,1,0,80,1,0,1,0,0
200600015729,6,3,26,1845,1,2,2,1,3,64,4834100,74300,530,3,2,2,0,4,3,0,51,1,0,1,0,1
200600015730,6,3,15,1415,1,2,1,1,6,3,4842700,60700,530,3,2,1,0,1,2,0,0,1,0,1,0,0
200600015731,6,3,5,1500,1,1,1,1,7,299,4786100,34000,720,3,2,0,0,1,1,0,45,1,0,1,0,1
200600015735,6,3,16,1645,1,2,1,1,7,257,4800000,14000,720,4,2,2,0,2,0,0,0,1,0,1,0,0
200600015737,6,3,24,1630,1,1,1,8,7,75,4793200,3500,720,3,2,0,0,3,3,0,50,2,0,3,0,0
200600015738,6,3,2,2330,3,1,1,1,6,191,4777800,27700,720,3,2,0,0,1,1,0,62,1,0,1,0,0
200600015739,6,3,28,2015,1,1,1,1,7,264,4783300,34300,720,4,0,0,0,1,1,0,40,1,0,1,0,0
200600015741,6,3,15,1730,1,1,1,1,3,132,4817400,62800,720,3,2,2,0,2,1,0,110,1,5,1,0,0
200600015743,6,3,5,230,3,1,1,1,5,186,4821000,13000,720,2,2,0,0,1,1,0,65,1,0,0,0,0
200600015752,6,3,1,1330,1,2,6,1,1,92,4646800,79200,850,4,0,0,0,1,2,0,0,1,5,1,0,0
200600015753,6,3,18,1245,1,2,2,1,3,128,4645000,116000,850,3,2,0,0,1,3,0,78,1,0,1,0,0
200600015757,6,3,11,1045,1,1,1,1,6,86,4686400,169200,850,3,0,2,0,1,1,0,40,1,0,3,0,1
200600015761,6,3,19,215,3,1,1,1,6,29,4457200,71400,330,3,2,2,0,1,1,0,60,1,0,3,0,1
200600015762,6,3,15,1815,1,2,2,1,3,51,4465300,97100,330,4,2,2,0,1,1,0,58,1,0,1,0,0
200600015765,6,3,5,100,3,1,9,4,7,49,4488000,37000,330,2,3,0,0,1,3,20,80,2,3,3,0,0
200600015766,6,3,22,1915,1,2,6,1,3,397,4491200,48600,330,3,2,2,0,1,1,0,50,1,5,1,0,0
200600015767,6,3,23,2130,5,2,1,2,3,397,4491300,48300,330,3,2,3,0,1,1,0,105,2,0,1,0,0
200600015768,6,3,28,1615,1,2,1,1,6,96,4489700,50100,330,3,2,0,0,1,3,0,0,1,5,1,0,0
200600015772,6,3,14,1630,1,1,1,1,6,535,4483000,47000,330,3,2,2,0,2,1,0,90,1,0,3,0,0
200600015774,6,3,31,1215,1,2,1,1,5,13,4485000,50000,330,9,0,0,0,4,1,0,45,1,0,0,0,0
200600015779,6,3,26,1815,1,1,1,1,6,321,4503900,42700,330,4,2,2,0,0,2,0,70,1,0,1,0,0
200600015781,6,3,14,1845,1,1,2,1,3,297,4505700,78200,330,3,2,2,0,1,1,0,77,1,0,1,0,0
200600015783,6,3,14,1145,1,2,1,1,7,10,4507800,72500,330,3,2,2,0,1,1,0,60,1,0,1,0,0
200600015787,6,3,25,1430,1,2,1,1,6,393,4499000,20700,330,3,2,2,0,1,2,0,63,1,0,1,0,1
200600015793,6,3,18,1315,1,2,1,2,3,164,4534000,105200,240,3,2,2,0,0,1,0,40,2,0,1,0,0
200600015798,6,3,12,730,2,1,1,1,7,271,4550100,81500,240,3,2,2,0,1,1,0,30,9,0,1,0,0
200600015806,6,3,23,830,1,1,1,1,5,178,4387000,44800,400,3,2,2,0,1,1,0,62,1,0,1,0,1
200600015809,6,3,11,545,3,1,1,3,6,254,4354200,100900,400,3,2,0,0,2,1,0,35,2,2,1,0,0
200600015810,6,3,27,730,2,2,1,1,4,254,4353800,101000,400,3,2,2,0,1,2,0,60,1,0,3,0,0
200600015811,6,3,20,230,5,2,1,1,6,296,4370800,143200,400,4,1,1,0,0,1,0,68,1,0,1,0,0
200600015815,6,3,8,1045,1,2,6,8,2,46,4439800,116400,400,9,1,1,0,1,2,0,0,2,5,1,0,0
200600015816,6,3,10,2045,3,1,1,3,1,46,4445900,123000,400,3,2,2,0,1,1,0,63,2,0,1,0,0
200600015823,6,3,26,245,5,2,6,1,7,100,4425000,64400,470,2,0,0,0,1,2,78,0,1,0,1,0,0
200600015824,6,3,25,1045,1,1,3,1,1,171,4431400,73900,470,3,2,2,0,1,1,0,66,1,0,1,0,0
200600015825,6,3,8,745,1,1,1,2,2,233,4453500,13000,470,4,2,2,0,1,1,0,62,2,0,1,0,0
200600015826,6,3,31,445,3,1,1,2,6,204,4457300,32300,470,3,2,0,0,1,3,0,72,1,0,3,0,0
200600015829,6,3,24,1830,1,2,9,1,6,310,4439900,30300,470,2,2,2,0,1,1,0,80,1,6,1,0,0
200600015830,6,3,26,415,3,1,1,1,6,112,4444600,38800,470,3,2,0,0,0,2,0,60,1,0,3,0,1
200600015834,6,3,2,2245,3,1,1,1,6,230,4324000,38000,640,2,2,2,0,1,2,0,72,1,0,3,0,1
200600015836,6,3,23,1600,1,2,1,1,6,67,4325700,29500,640,3,2,0,0,1,1,0,50,1,0,1,0,0
200600015839,6,3,3,1615,1,2,1,1,6,233,4356400,26900,640,3,2,2,0,2,1,0,72,1,0,1,3,0
200600015841,6,3,14,2100,3,1,1,1,6,303,4310400,85200,640,4,2,1,0,1,2,0,30,1,0,0,0,0
200600015849,6,3,9,830,1,1,1,1,1,301,4336900,63900,640,3,2,2,0,2,2,0,78,2,0,1,0,1
200600015851,6,3,15,830,1,2,1,9,6,499,4347800,92500,640,3,2,2,0,1,1,0,50,1,6,1,0,0
200600015853,6,3,9,845,1,1,1,2,1,297,4659200,27800,860,3,2,2,0,1,1,0,60,2,0,1,0,0
200600015856,6,3,16,1700,1,1,1,1,3,113,4648800,27200,860,2,3,0,0,0,1,0,0,1,3,3,0,0
200600015857,6,3,22,930,1,2,1,1,3,235,4638700,41300,860,3,2,2,0,1,1,0,50,1,5,1,0,0
200600015859,6,3,6,1330,1,1,1,2,1,265,4685400,38400,860,3,2,2,0,1,1,0,45,2,0,1,0,0
200600015861,6,3,16,730,1,1,1,1,1,137,4700500,7400,860,2,2,2,0,1,1,0,145,1,5,1,0,0
200600015862,6,3,29,715,2,1,1,2,1,36,4705500,4100,860,2,2,2,0,1,2,0,82,2,0,1,0,0
200600015864,6,3,16,1300,1,2,1,1,1,13,4691000,8800,860,3,2,2,0,1,1,0,50,1,0,1,0,0
200600015865,6,3,24,715,1,1,1,2,6,266,4607400,37300,860,3,2,2,0,0,2,0,65,2,0,3,0,0
200600015870,6,3,19,615,2,1,1,8,6,379,4579400,41700,160,2,3,4,0,1,2,10,150,2,3,3,0,1
200600015873,6,3,24,1945,3,2,1,2,1,142,4619300,106900,170,3,2,2,0,2,1,0,58,2,0,1,0,0
200600015877,6,3,25,1945,5,2,1,1,7,360,4616000,133100,170,4,2,2,0,1,0,0,35,1,0,1,0,0
200600015878,6,3,21,1945,3,1,1,1,6,355,4554500,34100,170,3,2,2,0,1,1,0,62,1,0,3,0,0
200600015879,6,3,30,1600,1,1,3,2,3,240,4530000,36400,170,3,2,1,0,1,3,0,49,2,0,1,0,0
200600015880,6,3,3,1800,1,1,1,2,2,219,4583400,110100,170,3,2,2,0,1,1,0,0,2,0,1,0,0
200600015881,6,3,8,1030,1,1,1,1,1,146,4591600,96600,170,3,2,2,0,1,2,15,135,1,0,1,0,0
200600015882,6,3,5,2215,3,1,1,1,6,409,4568000,97000,170,3,2,0,0,1,3,0,0,1,0,3,0,0
200600015883,6,3,2,715,2,1,1,9,5,462,4578100,55200,170,3,2,2,0,1,2,0,64,7,0,1,0,0
200600015884,6,3,4,515,3,1,1,3,1,462,4578000,56000,170,3,2,2,0,1,2,0,61,3,0,3,0,0
200600015890,6,3,18,1945,3,1,3,2,3,130,4628300,52400,790,2,2,2,0,1,2,0,70,2,0,1,0,0
200600015891,6,3,25,2130,3,1,1,1,6,184,4635500,13100,790,3,2,0,0,2,2,0,67,1,0,3,0,1
200600015892,6,3,31,1240,1,1,1,1,2,93,4682000,55000,790,3,2,2,0,1,3,0,0,1,0,1,0,0
200600015898,6,3,26,1645,1,1,1,1,1,178,4591500,137500,870,3,2,2,0,1,2,0,70,1,0,1,0,0
200600015900,6,3,17,2315,5,2,1,1,1,97,4611300,91300,870,3,2,2,0,1,3,0,85,1,0,1,0,0
200600015903,6,3,25,1130,1,1,1,2,1,131,4555000,167000,190,4,2,2,0,2,3,0,31,2,0,1,0,0
200600015904,6,3,21,1500,1,1,1,1,6,28,4536600,247200,190,3,2,2,0,1,1,0,77,1,0,1,0,0
200600015905,6,3,4,500,5,1,1,3,6,33,4560600,192100,190,4,2,2,0,2,1,0,70,2,0,3,0,0
200600015906,6,3,13,715,1,1,1,1,5,193,4618400,191100,230,2,3,4,0,1,1,7,207,1,0,1,0,0
200600015907,6,3,26,1630,1,1,1,1,6,1,4610400,200600,230,3,2,2,0,2,1,0,73,1,0,1,0,0
200600015908,6,3,10,2245,3,1,2,1,3,213,4640500,219300,230,3,2,0,0,1,1,0,57,1,0,1,0,0
200600015909,6,3,6,730,1,1,1,9,5,93,4620200,220400,230,2,2,0,0,0,3,0,67,2,0,1,0,1
200600015910,6,3,13,1600,1,1,1,1,7,176,4620000,149000,230,3,2,2,0,4,2,0,56,1,0,1,0,0
200600015911,6,3,23,1845,2,2,1,2,5,176,4625000,149000,230,3,2,0,0,3,1,0,100,2,0,1,0,0
200600015912,6,3,9,2230,3,1,1,1,7,60,4597300,197100,230,3,2,2,0,0,2,0,50,1,0,3,0,0
200600015914,6,3,4,2045,3,1,1,2,1,418,4361300,151700,310,3,2,2,0,0,2,0,60,2,0,1,0,0
200600015915,6,3,6,2100,5,1,1,1,3,44,4362900,149700,310,3,2,2,0,2,1,30,52,2,5,1,0,1
200600015916,6,3,4,1100,1,1,1,1,6,587,4379900,145300,310,3,2,2,0,1,1,0,60,1,0,1,0,0
200600015919,6,3,11,200,3,1,1,3,6,160,4372200,125000,310,3,2,2,0,1,1,0,60,2,0,3,0,0
200600015920,6,3,17,2100,5,2,1,1,1,424,4356900,130200,310,9,2,2,0,1,3,0,60,1,0,1,0,0
200600015921,6,3,19,2130,5,2,1,1,1,424,4356400,128200,310,3,2,0,0,1,1,0,62,1,0,3,0,0
200600015922,6,3,16,1945,5,2,1,1,6,433,4354800,141700,310,3,2,4,0,1,1,0,140,1,0,1,0,1
200600015923,6,3,21,1500,1,2,1,1,6,433,4354600,141500,310,3,3,0,0,0,1,0,150,1,5,1,0,0
200600015925,6,3,28,1215,1,2,1,1,3,446,4354000,147000,310,3,2,2,0,2,1,0,0,1,0,1,0,0
200600015926,6,3,17,100,5,2,1,1,3,182,4369200,140800,310,3,2,2,0,0,3,0,60,1,0,1,0,0
200600015928,6,3,20,2100,5,2,1,1,3,282,4366200,145600,310,3,3,2,0,1,1,0,70,1,0,1,0,0
200600015930,6,3,6,2245,3,1,1,2,6,345,4339300,142200,310,3,2,2,0,1,1,60,60,2,0,3,0,0
200600015931,6,3,12,615,2,1,1,1,6,33,4337400,147200,310,3,2,2,0,1,1,0,70,1,0,1,0,0
200600015932,6,3,14,2015,2,1,1,1,1,231,4331400,146300,310,3,2,2,0,1,2,0,55,1,0,1,0,1
200600015933,6,3,22,1600,1,1,1,1,3,145,4329300,153700,310,2,2,2,0,1,1,0,75,1,0,1,0,0
200600015934,6,3,31,800,1,2,1,1,5,33,4335700,147000,310,2,2,2,0,1,1,0,100,1,0,1,0,0
200600015936,6,3,4,2230,5,2,1,1,7,193,4329300,106900,310,3,2,0,0,1,1,0,0,1,0,3,0,0
200600015937,6,3,22,2015,3,1,1,1,6,229,4333700,112400,310,3,2,2,0,1,2,0,0,1,0,0,0,0
200600015938,6,3,25,1515,1,1,1,1,2,135,4322600,111600,310,3,2,0,0,1,1,0,60,1,0,1,0,0
200600015940,6,3,4,2015,5,2,3,1,3,224,4308400,57700,310,4,2,0,0,1,2,0,70,1,5,1,0,0
200600015941,6,3,6,1730,1,1,1,1,3,585,4312100,67500,310,3,2,2,0,1,1,0,68,1,0,1,0,0
200600015942,6,3,14,1445,1,1,6,1,6,31,4309500,57900,310,2,2,0,0,1,0,0,30,1,0,1,0,0
200600015943,6,3,14,1745,1,1,1,1,3,524,4283200,60100,310,3,2,2,0,1,1,0,84,1,0,1,0,0
200600015944,6,3,17,1730,1,1,6,1,7,139,4294400,65100,310,3,2,2,0,1,3,10,70,1,0,1,0,0
200600015947,6,3,16,1930,5,2,2,1,3,582,4340000,171800,310,3,1,1,0,1,1,0,76,1,0,1,0,0
200600015948,6,3,3,2100,3,1,1,1,5,451,4348800,202400,310,3,2,2,0,3,1,0,70,1,0,1,0,0
200600015949,6,3,4,1800,1,1,1,1,1,262,4292000,188000,90,3,0,2,0,2,3,0,70,1,0,1,0,0
200600015950,6,3,14,1030,1,2,2,1,3,160,4292000,184000,90,4,2,2,0,1,1,0,60,1,5,1,3,0
200600015953,6,3,3,1630,1,1,1,1,6,342,4321300,135600,90,4,2,0,0,1,1,0,33,9,0,3,0,0
200600015954,6,3,5,2245,3,1,1,1,6,79,4315700,136300,90,3,2,2,0,1,4,0,58,0,0,0,0,0
200600015955,6,3,26,715,1,1,1,1,6,86,4303700,107900,90,3,2,2,0,0,2,0,73,1,0,1,0,0
200600015957,6,3,6,1345,1,1,1,1,3,90,4435000,248400,120,3,2,2,0,1,1,0,0,0,0,1,0,0
200600015958,6,3,17,645,1,1,1,1,6,33,4443700,268000,120,3,2,0,0,1,1,0,77,1,0,3,0,1
200600015959,6,3,25,2200,3,1,1,1,1,33,4444600,268800,120,3,2,2,0,4,3,77,0,1,0,1,0,1
200600015961,6,3,24,1745,1,1,2,8,3,148,4446500,222400,120,3,2,2,0,1,1,0,124,2,0,1,0,0
200600015964,6,3,24,545,2,1,1,8,1,225,4407500,298900,120,3,2,0,3,1,1,32,101,2,5,1,0,0
200600015970,6,3,28,1900,1,1,1,7,6,217,4442500,200300,120,3,2,2,0,1,1,0,51,1,0,3,0,0
200600015972,6,3,11,1545,1,1,1,1,1,268,4361000,98000,320,2,2,2,0,3,1,0,79,1,0,1,0,0
200600015973,6,3,31,1215,1,2,1,1,3,160,4361700,107600,320,3,4,0,0,1,1,0,0,1,5,1,0,0
200600015975,6,3,4,1200,1,1,1,1,6,64,4387700,14000,320,3,2,2,0,1,1,0,84,1,0,3,0,0
200600015979,6,3,19,1330,1,2,1,1,7,457,4386600,69700,320,9,0,0,0,0,1,0,0,1,0,1,0,0
200600015981,6,3,4,1200,1,2,2,1,3,319,4360900,4900,320,3,2,2,0,1,1,0,60,1,0,1,0,0
200600015982,6,3,12,1445,1,1,1,1,1,136,4451600,125600,460,3,2,2,0,1,2,0,67,1,0,1,0,1
200600015983,6,3,5,2000,3,1,1,2,6,120,4462300,126900,460,3,2,0,0,1,1,0,35,2,0,1,0,0
200600015986,6,3,18,1715,1,1,1,2,7,34,4471700,191100,460,3,2,2,0,1,3,0,65,2,0,1,0,0
200600015987,6,3,22,1345,1,1,1,1,5,34,4471000,190800,460,2,2,2,0,2,1,93,75,1,0,1,0,0
200600015988,6,3,3,1300,1,1,1,1,6,138,4464000,155000,460,3,2,2,0,1,3,0,59,0,0,3,0,0
200600015993,6,3,17,1900,1,2,1,1,6,222,4378400,218500,810,3,2,2,0,2,1,0,36,1,0,1,0,0
200600015995,6,3,12,315,3,1,1,1,6,109,4368100,215700,810,3,2,2,0,2,3,0,0,1,0,1,0,0
200600015996,6,3,4,915,1,2,1,1,1,271,4377900,168700,810,3,2,2,0,1,1,0,75,1,0,1,0,0
200600015997,6,3,16,2330,3,1,1,1,7,116,4370000,183000,810,3,2,2,0,1,1,0,76,1,0,3,0,0
200600015998,6,3,4,645,2,1,1,1,3,177,4369000,221000,810,2,2,0,0,4,1,0,60,2,0,1,0,0
200600015999,6,3,25,1445,1,2,9,1,3,115,4348100,266000,810,3,2,0,0,1,1,0,70,1,0,1,0,1
200600016000,6,3,31,1345,1,1,1,1,2,36,4349800,244100,810,3,2,2,0,1,1,0,105,1,0,1,0,0
200600016001,6,3,9,315,3,1,1,1,6,120,4352700,229600,810,2,2,2,0,1,1,0,75,1,0,3,0,0
200600016003,6,3,24,530,3,1,1,1,5,50,4358700,182800,810,2,2,2,0,1,1,0,77,1,0,1,0,1
200600016004,6,3,11,1530,1,1,1,1,6,131,4427300,148500,820,3,2,0,0,1,1,0,36,9,2,1,0,1
200600016007,6,3,25,2030,5,2,1,1,7,37,4416000,153300,820,3,2,2,0,1,1,0,60,1,0,1,0,0
200600016012,6,3,16,815,1,1,2,1,3,114,4388700,123700,820,4,2,0,0,1,1,0,39,1,0,1,0,0
200600016014,6,3,29,1753,1,2,1,1,1,75,4383100,129800,820,3,2,0,0,1,1,0,60,1,0,1,0,0
200600016017,6,3,24,2115,3,1,1,8,1,117,4436400,96400,820,3,2,2,0,3,1,0,62,2,0,1,0,1
200600016018,6,3,30,1015,1,1,1,1,6,22,4427500,94900,820,3,2,2,0,2,3,0,62,1,0,3,0,1
200600016020,6,3,30,115,5,1,1,1,6,31,4403500,103700,820,3,2,2,0,1,1,0,63,1,5,3,0,0
200600016021,6,3,25,300,5,1,9,2,6,125,4395300,123400,820,3,2,0,0,0,3,0,0,1,0,1,0,0
200600016026,6,3,15,2015,5,2,2,1,3,204,4570700,480500,690,4,1,1,0,1,1,0,30,1,5,1,0,0
200600016034,6,3,8,1800,2,1,1,1,6,62,4563400,446700,690,3,2,2,0,1,4,0,70,1,0,3,0,0
200600016035,6,3,31,2030,3,1,1,1,6,227,4566600,457200,690,3,2,2,0,2,2,0,75,1,0,1,0,0
200600016037,6,3,21,1830,2,2,1,2,1,9,4593800,472300,690,4,2,2,0,0,0,0,71,2,0,1,0,0
200600016038,6,3,14,1800,1,1,1,1,3,162,4614700,460200,690,3,3,2,0,2,1,38,77,1,5,1,0,0
200600016039,6,3,26,1515,1,1,1,1,6,267,4616800,469100,690,4,2,2,0,1,1,0,30,1,0,1,0,0
200600016040,6,3,3,1830,1,2,1,1,3,19,4611100,475100,690,3,2,0,0,1,1,0,0,1,0,1,0,0
200600016041,6,3,19,130,3,1,1,1,7,45,4609600,467200,690,3,2,2,0,2,4,0,50,2,0,3,0,0
200600016042,6,3,19,1630,1,2,1,1,2,206,4606900,473300,690,3,2,2,0,1,1,0,65,1,0,1,0,0
200600016043,6,3,26,1145,1,1,2,1,3,145,4611000,464400,690,3,2,2,0,3,1,0,55,1,0,1,0,0
200600016044,6,3,28,715,1,2,1,2,3,206,4606400,471200,690,3,2,0,0,0,3,0,66,2,0,1,3,0
200600016045,6,3,29,1245,1,1,1,1,1,206,4605700,469100,690,3,2,1,0,1,1,0,62,1,0,1,0,0
200600016046,6,3,4,1100,1,1,1,2,1,50,4587000,465000,690,3,2,2,1,1,1,0,0,2,5,1,0,0
200600016050,6,3,7,2145,3,1,1,2,3,254,4616000,527000,10,2,2,0,0,1,1,0,140,2,0,1,0,1
200600016052,6,3,1,145,5,1,1,1,7,337,4645500,494900,10,3,2,2,0,1,1,0,61,7,0,3,0,0
200600016058,6,3,23,1145,1,1,1,2,1,66,4589600,553000,10,2,2,0,0,1,3,0,65,8,2,1,0,0
200600016059,6,3,26,1515,1,1,1,1,1,100,4582000,562600,10,3,2,2,0,2,4,0,70,1,0,1,0,0
200600016061,6,3,19,1515,1,2,1,1,1,4,4596200,534600,10,4,2,0,0,0,2,0,55,1,0,1,0,1
200600016071,6,3,19,400,3,1,1,2,1,225,4607100,477300,10,3,2,2,0,1,1,0,70,2,0,3,0,0
200600016072,6,3,23,1830,1,1,1,1,1,263,4607800,476500,10,3,2,2,0,1,1,0,59,1,0,1,0,0
200600016075,6,3,2,1530,1,2,1,1,1,264,4432900,461800,70,3,2,2,0,1,1,0,61,1,0,1,0,0
200600016076,6,3,13,1700,1,1,1,6,6,268,4430700,458300,70,3,2,0,0,1,2,0,45,1,0,3,0,0
200600016077,6,3,18,1800,1,1,1,1,6,42,4438000,464000,70,3,2,0,0,2,3,0,60,1,0,1,0,0
200600016082,6,3,26,1600,1,1,1,1,6,18,4469000,406500,70,3,2,2,0,2,2,0,72,1,0,3,0,0