Num_Acc,an,mois,jour,hrmn,lum,agg,int,atm,col,com,lat,long,dep,catr,circ,nbv,vosp,prof,plan,lartpc,larrout,surf,infra,situ,env1,killed
200600016086,6,3,5,1015,1,2,1,1,6,338,4490100,464600,70,9,0,0,0,0,0,0,0,0,0,0,0,0
200600016087,6,3,11,500,3,1,1,2,7,338,4491000,469100,70,3,2,2,0,1,3,0,30,2,0,1,0,0
200600016088,6,3,3,1600,1,2,1,2,6,236,4509100,462900,70,3,2,2,0,2,2,0,41,2,0,1,3,0
200600016092,6,3,18,330,3,1,1,1,6,124,4485400,485300,260,2,2,3,0,1,1,0,110,1,0,3,0,1
200600016097,6,3,25,445,3,1,1,1,6,339,4464000,479000,260,3,2,2,0,4,2,0,100,2,0,3,0,1
200600016103,6,3,3,1345,1,2,1,1,1,325,4530200,481700,260,4,2,1,0,1,0,0,62,1,0,1,0,0
200600016104,6,3,14,730,1,2,1,1,1,325,4529600,481500,260,3,2,2,0,2,1,0,76,1,0,1,0,0
200600016108,6,3,7,1700,1,2,1,1,7,317,4512900,571200,380,4,2,2,0,2,2,0,70,1,0,3,0,0
200600016110,6,3,18,1900,5,1,1,1,1,439,4538900,606100,380,3,2,2,0,1,1,0,70,1,0,1,0,0
200600016111,6,3,2,1830,5,2,1,1,1,474,4520600,567500,380,4,2,2,0,1,3,0,0,1,0,1,0,0
200600016113,6,3,20,800,1,2,9,2,6,194,4533100,543500,380,3,2,2,0,1,2,9,70,2,0,1,0,0
200600016114,6,3,7,1315,1,2,1,1,6,450,4528500,554600,380,6,0,0,0,1,1,0,0,1,0,0,3,0
200600016115,6,3,19,1815,1,1,1,1,3,517,4527900,547700,380,2,2,2,0,1,1,0,63,1,0,1,0,0
200600016119,6,3,12,1430,1,2,1,2,2,247,4582000,540000,380,3,2,2,0,1,1,0,66,2,0,1,0,0
200600016121,6,3,31,1730,1,2,1,1,6,320,4582800,539500,380,3,2,0,0,1,1,0,60,1,0,1,0,0
200600016123,6,3,29,1030,1,1,1,3,1,297,4569300,538500,380,3,2,0,0,0,2,0,0,2,0,1,0,0
200600016124,6,3,9,2015,3,2,1,3,6,369,4556000,544000,380,3,2,1,0,1,1,0,64,2,0,3,0,0
200600016125,6,3,21,1830,2,2,6,1,2,381,4555000,548000,380,2,1,1,0,1,2,0,63,1,5,1,3,0
200600016129,6,3,28,1630,1,2,1,1,1,363,4535100,508800,380,3,2,2,0,1,1,0,60,1,0,1,0,0
200600016130,6,3,31,1830,1,2,1,1,2,363,4535000,507800,380,3,2,2,0,1,1,0,60,1,0,1,0,0
200600016134,6,3,21,930,1,1,1,2,1,344,4540300,480900,380,2,2,1,0,1,0,0,0,2,5,1,0,0
200600016139,6,3,25,1645,1,1,2,1,3,174,4572700,416900,420,3,2,2,0,1,1,0,53,1,0,1,0,0
200600016147,6,3,8,1615,1,1,1,1,1,267,4615900,416400,420,3,2,0,0,1,1,0,75,1,0,1,0,0
200600016153,6,3,31,1015,1,1,1,1,1,18,4551800,609000,730,2,2,2,0,1,1,0,76,1,0,0,0,0
200600016154,6,3,2,1345,1,1,1,1,1,282,4550500,584300,730,2,2,2,0,0,4,0,73,1,0,1,0,0
200600016155,6,3,9,1715,1,1,1,2,1,39,4556000,567600,730,3,2,2,0,0,1,0,71,2,0,1,0,0
200600016156,6,3,14,1015,1,2,1,1,6,191,4559900,577200,730,3,2,2,0,0,2,0,65,1,0,4,0,0
200600016157,6,3,26,1615,1,1,1,1,1,1,4554600,581700,730,3,2,2,0,1,1,0,60,1,0,1,0,0
200600016158,6,3,31,1645,1,1,1,1,3,191,4560400,576500,730,3,2,2,0,2,1,0,60,1,0,1,0,0
200600016160,6,3,20,630,2,1,1,2,1,162,4559500,627300,730,2,2,2,0,1,1,0,0,2,0,1,0,0
200600016161,6,3,6,1630,1,1,1,8,1,186,4578200,654000,730,3,2,2,0,0,2,0,70,5,0,1,0,0
200600016163,6,3,6,1715,1,2,1,1,3,117,4519700,663600,730,2,2,2,0,1,1,0,70,1,5,1,0,0
200600016164,6,3,18,845,1,1,1,1,6,157,4521100,667400,730,3,2,2,0,2,3,0,61,1,0,1,0,0
200600016169,6,3,10,1900,3,1,1,4,1,302,4592100,637900,740,3,2,2,0,2,1,0,71,5,0,1,0,0
200600016170,6,3,24,1000,1,2,1,2,1,280,4588700,632200,740,3,2,0,0,1,1,0,0,2,0,4,0,0
200600016177,6,3,7,1145,3,1,1,1,1,220,4614900,626500,740,3,2,2,0,1,3,0,72,2,0,1,0,0
200600016180,6,3,8,1700,1,1,1,1,1,184,4606300,598500,740,3,2,2,0,2,3,0,60,2,0,1,0,1
200600016187,6,3,11,600,2,1,1,1,1,238,4621600,667200,740,3,2,2,0,1,1,0,0,5,0,1,0,0
200600016188,6,3,3,1130,1,1,1,6,6,126,4568000,314000,630,3,2,2,0,2,2,0,0,1,0,1,0,0
200600016189,6,3,30,1445,1,1,1,1,3,10,4541100,372500,630,3,0,0,0,1,1,0,66,0,0,1,0,1
200600016194,6,3,26,1530,1,1,1,1,4,383,4554600,298300,630,3,2,2,0,2,3,0,65,1,0,1,0,0
200600016196,6,3,19,1800,1,2,1,1,7,352,4546200,324100,630,4,2,2,0,0,0,0,40,0,0,1,0,0
200600016199,6,3,1,1430,1,1,1,1,7,362,4592400,329600,630,3,2,2,0,0,2,0,50,1,0,3,0,0
200600016200,6,3,20,1715,1,1,1,1,2,89,4588600,321900,630,3,2,2,0,1,1,0,69,1,0,1,0,0
200600016202,6,3,12,1145,1,1,1,1,7,101,4613600,257000,630,9,0,1,0,0,3,30,0,9,0,0,0,0
200600016207,6,3,2,1745,2,1,1,1,6,102,4651000,367000,30,3,2,2,0,1,1,0,66,1,0,1,0,0
200600016211,6,3,26,2100,5,2,1,1,6,74,4661700,355400,30,3,2,2,0,1,1,0,80,1,0,0,0,0
200600016213,6,3,2,1800,1,1,2,1,3,227,4625000,334000,30,3,2,2,0,2,1,0,56,1,0,1,0,0
200600016214,6,3,12,2200,5,2,1,1,7,254,4631000,329000,30,9,2,2,0,1,1,0,60,1,0,4,0,0
200600016216,6,3,19,430,3,2,1,2,6,314,4627300,264400,30,3,2,2,0,1,1,0,50,2,0,3,0,0
200600016218,6,3,16,1500,2,1,1,1,1,272,4628400,358800,30,3,2,1,0,1,1,0,58,1,0,1,0,0
200600016219,6,3,23,1530,1,2,9,1,6,138,4625200,363500,30,2,2,2,0,1,1,0,60,1,0,1,0,0
200600016221,6,3,10,1500,1,1,2,4,3,77,4494300,287700,150,3,2,0,3,1,1,0,98,2,5,1,0,1
200600016223,6,3,9,1545,1,1,1,2,1,189,4528600,389600,430,3,2,0,0,2,3,0,61,2,0,1,0,0
200600016224,6,3,19,200,3,1,2,2,3,189,4529800,388500,430,3,2,2,0,0,2,0,71,2,5,1,0,0
200600016226,6,3,11,1915,5,2,1,1,6,232,4521300,349800,430,2,2,2,0,1,1,0,93,1,0,1,0,0
200600016230,6,3,29,1030,1,1,1,1,1,224,4526000,421800,430,4,2,2,0,1,1,0,33,1,0,1,0,0
200600016242,6,3,10,745,1,2,1,1,3,160,4921000,669600,570,9,2,1,0,1,1,0,78,1,0,1,0,0
200600016245,6,3,19,1545,1,1,1,1,1,360,4915900,697700,570,3,2,2,0,1,1,0,60,1,0,1,0,0
200600016246,6,3,24,1700,1,1,1,1,2,360,4916200,697000,570,3,2,2,0,1,1,0,60,1,0,1,0,0
200600016247,6,3,28,1915,2,1,1,2,6,466,4909200,695600,570,3,2,2,0,1,1,0,51,2,0,3,0,0
200600016253,6,3,13,1915,5,2,4,1,1,115,4874700,615500,540,2,2,2,1,0,1,0,0,1,3,1,0,0
200600016262,6,3,3,1430,1,1,1,1,1,237,4911500,555900,550,3,2,0,0,1,1,0,56,2,0,1,0,0
200600016264,6,3,10,1215,1,1,1,1,2,173,4836700,626000,880,3,2,2,0,1,1,0,68,1,0,1,0,0
200600016266,6,3,3,1300,1,2,1,1,2,465,4825400,641900,880,9,0,0,0,1,0,0,0,1,5,1,0,0
200600016267,6,3,8,1945,5,2,1,2,3,99,4824000,643000,880,4,2,2,0,1,1,0,0,2,0,1,0,0
200600016268,6,3,6,1800,2,1,1,8,3,95,4830700,581800,880,3,2,2,0,2,2,0,101,2,0,1,0,1
200600016269,6,3,19,1845,5,2,1,1,1,408,4793000,666000,880,2,2,2,0,1,1,0,76,1,5,1,0,0
200600016271,6,3,27,1800,1,1,1,3,3,451,4839000,697000,880,3,2,2,0,0,2,0,78,2,0,1,0,0
200600016272,6,3,26,1800,1,2,1,1,1,319,4838500,690600,880,4,2,1,0,2,2,0,40,1,0,1,0,0
200600016273,6,3,1,735,1,2,9,4,1,192,4835100,763200,670,3,2,0,0,1,3,0,60,5,2,1,0,0
200600016275,6,3,23,1030,1,2,1,1,6,348,4846700,748300,670,4,0,0,0,0,1,0,40,1,0,1,0,1
200600016276,6,3,28,2015,3,2,1,8,6,348,4846800,748800,670,4,1,1,0,1,0,90,0,2,0,1,0,0
200600016277,6,3,31,1430,5,2,1,1,1,300,4854100,749300,670,4,2,2,0,1,1,0,60,0,0,1,0,0
200600016280,6,3,13,2115,5,2,1,1,6,66,4846900,720800,670,4,2,2,0,1,1,0,0,1,0,3,0,0
200600016287,6,3,9,1400,1,1,1,8,6,136,4888100,714000,670,3,2,2,0,1,1,0,57,2,0,3,0,0
200600016289,6,3,11,845,1,2,1,1,1,220,4874000,752000,670,3,2,0,0,1,3,0,0,1,0,1,0,0
200600016293,6,3,29,1915,1,2,1,1,1,445,4829100,741500,670,4,2,2,0,1,3,0,55,1,0,1,0,0
200600016296,6,3,13,755,1,2,1,1,4,290,4894400,782500,670,3,2,2,0,1,1,0,66,1,0,1,0,0
200600016298,6,3,14,1200,1,2,1,1,6,298,4825400,718900,680,2,2,2,0,1,1,0,0,1,6,1,0,0
200600016299,6,3,29,800,1,2,2,2,6,374,4807200,731100,680,2,4,0,0,1,0,0,0,2,5,1,0,0
200600016300,6,3,16,1400,1,1,1,1,6,139,4758300,721100,680,3,2,0,0,1,2,0,80,1,0,3,0,0
200600016301,6,3,8,845,1,1,1,8,1,99,4770200,728000,680,3,2,0,0,1,1,0,70,2,0,1,0,0
200600016305,6,3,25,2330,5,2,1,8,3,154,4777000,736100,680,3,2,0,2,1,1,0,0,2,5,1,0,1
200600016306,6,3,18,2330,3,1,1,1,7,263,4759200,745400,680,3,2,2,0,2,2,0,72,1,0,3,0,0
200600016308,6,3,2,1645,1,2,1,1,6,63,4781500,717200,680,3,0,0,0,0,1,0,0,1,0,1,3,0
200600016309,6,3,12,2015,3,1,1,1,6,357,4898600,425300,510,4,2,2,0,1,2,0,46,2,0,1,0,1
200600016311,6,3,9,2315,5,2,1,1,6,78,4909200,434800,510,3,2,2,0,1,2,0,58,1,0,4,0,0
200600016312,6,3,20,1400,1,1,1,1,7,651,4889600,406100,510,3,2,2,0,1,1,0,72,1,0,1,0,0
200600016313,6,3,23,2315,3,1,1,1,7,35,4880100,390300,510,3,2,2,0,1,1,0,63,1,0,0,0,0
200600016314,6,3,27,1930,1,1,1,1,1,167,4874800,443300,510,2,2,0,0,0,1,0,72,1,0,1,0,1
200600016315,6,3,28,1845,1,1,1,1,4,555,4873900,428400,510,2,2,0,0,2,1,0,72,1,0,1,0,0
200600016316,6,3,1,1000,1,1,1,1,7,380,4887700,356400,510,3,2,2,0,1,1,0,75,1,0,3,0,0
200600016317,6,3,10,2045,3,1,1,1,1,237,4873000,356100,510,2,3,3,0,2,3,0,106,1,0,1,0,1
200600016318,6,3,16,1845,1,1,1,1,6,625,4876000,342300,510,2,2,2,0,1,1,0,65,1,0,3,0,0
200600016319,6,3,19,130,3,1,1,1,7,495,4872900,383300,510,2,2,2,0,1,1,0,71,1,0,3,0,0
200600016320,6,3,25,915,1,1,2,1,3,514,4870300,376700,510,3,2,2,0,1,1,0,62,1,0,1,0,0
200600016323,6,3,18,30,5,2,1,1,6,391,4928000,389300,510,3,2,2,0,1,3,0,0,1,0,1,0,1
200600016326,6,3,8,545,5,2,1,2,6,649,4873100,458700,510,2,3,0,0,1,1,0,70,2,5,1,3,0
200600016328,6,3,19,1730,1,1,9,1,3,417,4867900,476600,510,2,3,2,0,1,1,0,0,1,5,1,0,0
200600016331,6,3,29,630,5,2,1,1,6,328,4982200,474100,80,3,4,0,0,0,1,0,100,1,5,1,3,0
200600016332,6,3,14,1900,5,2,1,1,1,363,4994000,464100,80,3,2,0,0,1,1,0,92,1,0,1,0,1
200600016333,6,3,17,1530,1,2,1,1,6,185,4999800,470800,80,4,2,2,0,1,1,0,57,1,0,1,3,0
200600016338,6,3,8,1745,2,1,1,1,3,191,4970900,497400,80,3,2,2,0,4,3,0,0,1,0,1,0,0
200600016344,6,3,2,1745,1,1,1,1,7,287,4835900,434300,100,3,2,2,0,1,2,0,58,1,2,1,0,1
200600016347,6,3,2,2200,3,1,1,1,6,389,4834000,456000,100,3,2,2,0,1,1,0,65,1,0,3,0,1
200600016349,6,3,15,2000,5,2,1,1,1,426,4812700,479100,100,3,2,2,0,1,1,0,69,1,0,0,0,0
200600016355,6,3,2,1215,1,1,1,8,1,128,4821000,527000,520,2,2,2,0,1,1,0,130,2,5,0,0,0
200600016356,6,3,16,1200,1,1,1,1,7,412,4814200,528500,520,3,2,2,0,1,2,0,60,1,0,1,0,0
200600016357,6,3,22,1245,1,2,1,2,3,58,4820800,514100,520,3,2,2,0,1,1,0,82,2,0,1,3,0
200600016360,6,3,31,1815,1,1,1,1,1,269,4784000,537400,520,3,2,0,0,1,4,0,100,1,2,1,0,1
200600016363,6,3,11,1600,1,1,1,1,7,182,4860400,483100,520,3,2,0,0,0,2,0,0,1,0,3,0,0
200600016364,6,3,30,1700,1,1,1,1,3,356,4843800,509100,520,3,2,2,0,0,2,0,80,1,0,1,0,0
200600016368,6,3,17,1740,1,2,1,1,2,38,4718800,538700,210,3,2,2,0,1,1,0,100,1,0,1,0,0
200600016369,6,3,1,2115,3,1,1,1,1,261,4726800,513600,210,3,2,2,0,1,1,0,80,1,0,1,0,0
200600016371,6,3,31,1330,1,1,1,1,1,337,4726200,538800,210,3,2,2,0,0,1,0,65,1,0,1,0,0
200600016373,6,3,22,815,1,1,1,5,1,121,4734700,473200,210,3,2,2,0,1,0,0,52,2,0,1,0,0
200600016374,6,3,4,1545,1,1,1,4,1,86,4700300,482500,210,3,2,2,0,1,3,0,0,5,0,1,0,0
200600016375,6,3,24,1300,1,1,1,1,1,527,4696700,469200,210,3,2,2,0,1,1,0,71,1,0,1,0,0
200600016376,6,3,27,1500,1,1,2,1,3,173,4704500,489300,210,3,2,2,0,1,1,0,60,1,5,1,0,1
200600016377,6,3,17,1730,1,1,1,1,3,517,4712000,497600,210,3,0,0,0,0,1,0,96,1,5,1,0,0
200600016378,6,3,21,2015,5,1,1,1,1,297,4718400,496700,210,3,3,3,0,0,1,0,114,1,0,1,0,0
200600016379,6,3,2,800,1,1,1,8,6,547,4746700,437700,210,3,2,2,0,1,1,0,75,5,0,3,0,0
200600016380,6,3,27,700,2,1,1,1,1,584,4729800,425600,210,3,2,2,0,1,1,0,45,1,0,1,0,0
200600016384,6,3,16,1730,1,1,1,1,3,294,4672600,324900,580,3,2,2,0,1,1,0,52,1,0,1,0,0
200600016385,6,3,11,2030,5,2,1,3,6,149,4679100,396200,580,3,2,2,0,2,2,0,0,2,0,1,0,0
200600016386,6,3,4,1745,1,1,1,4,1,304,4734800,337900,580,3,2,2,0,1,1,0,73,5,0,1,0,0
200600016389,6,3,17,2115,3,1,1,1,7,12,4756500,298900,580,3,0,0,0,1,1,0,60,1,0,1,0,0
200600016390,6,3,9,715,1,1,1,1,1,481,4618000,477000,710,3,2,2,0,2,2,0,60,2,0,1,0,0
200600016391,6,3,18,1830,2,1,1,1,6,280,4674600,393300,710,3,2,2,0,1,2,0,0,1,2,1,0,0
200600016396,6,3,26,1630,1,2,1,1,1,120,4621200,433800,710,3,0,2,0,0,1,0,0,1,0,1,0,0
200600016401,6,3,10,1200,1,1,1,4,1,255,4664100,373200,710,3,2,2,0,4,2,0,72,5,0,1,0,1
200600016403,6,3,23,1045,1,1,1,1,2,395,4652500,425400,710,3,2,2,0,2,1,0,65,1,0,1,0,1
200600016404,6,3,14,1715,1,2,2,1,3,158,4656100,499800,710,3,2,2,0,0,1,0,60,1,5,0,3,0
200600016405,6,3,9,1700,1,2,1,8,2,310,4675800,447600,710,3,2,0,0,1,1,0,54,2,6,1,3,0
200600016407,6,3,11,700,2,1,1,2,7,15,4760600,376400,890,2,2,2,0,1,1,0,69,2,0,3,0,1
200600016412,6,3,26,115,3,1,1,1,6,227,4789300,372000,890,3,2,2,0,4,2,0,60,2,0,1,0,0
200600016413,6,3,11,1230,1,1,1,1,7,324,4775200,292300,890,3,2,2,0,1,1,0,0,1,0,0,0,0
200600016414,6,3,29,630,3,1,1,2,1,254,4768900,314800,890,3,2,2,0,4,1,0,68,2,0,1,0,1
200600016415,6,3,1,745,2,1,1,4,7,25,4747800,391700,890,3,2,0,0,2,2,0,60,5,0,3,0,0
200600016416,6,3,18,2230,5,2,1,1,6,206,4798400,342300,890,3,2,0,0,1,1,0,68,1,0,4,0,1
200600016417,6,3,4,1030,1,2,1,2,6,218,4796800,348600,890,3,2,2,0,1,1,0,70,2,0,1,0,0
200600016418,6,3,3,430,5,2,1,2,3,257,4797300,353400,890,3,2,0,0,1,1,0,63,2,0,1,0,0
200600016421,6,3,8,1700,1,2,1,1,3,380,4808000,309400,890,3,2,0,0,0,0,0,0,0,0,1,0,0
200600016423,6,3,29,115,3,2,1,1,6,151,4813200,315800,890,2,2,0,0,1,1,0,74,1,0,3,0,0
200600016438,6,3,24,1045,1,1,1,1,7,222,4714500,623100,250,3,2,2,0,2,3,0,71,1,0,3,0,0
200600016441,6,3,16,1915,2,1,1,1,5,539,4692000,570000,390,3,2,0,0,1,1,0,61,1,0,1,0,0
200600016442,6,3,25,2130,5,2,1,1,6,434,4684300,571200,390,4,1,1,0,1,2,0,35,1,0,4,0,0
200600016446,6,3,31,2200,3,1,9,1,2,350,4701300,565400,390,3,2,2,0,0,3,0,51,1,0,1,0,0
200600016447,6,3,10,1230,1,1,1,4,6,335,4719700,551700,390,3,2,2,0,2,1,0,67,5,0,3,0,0
200600016450,6,3,15,1930,3,1,1,1,2,566,4771800,611000,700,3,2,2,0,1,1,0,65,1,0,1,0,0
200600016461,6,3,6,1200,1,2,1,1,3,99,4369100,571000,130,4,2,2,0,0,0,0,0,1,0,1,0,0
200600016465,6,3,24,1500,1,1,1,1,1,110,4348700,568800,130,2,0,2,0,2,1,0,92,1,0,1,0,0
200600016467,6,3,19,300,3,1,1,1,6,4,4366000,458000,130,3,2,0,0,0,1,0,63,1,0,0,0,0
200600016468,6,3,22,1630,1,1,1,1,3,4,4367000,459000,130,4,2,0,0,0,4,0,50,1,0,1,0,0
200600016469,6,3,2,1915,5,1,8,1,6,27,4389200,482900,130,3,2,2,0,0,1,0,0,1,4,3,0,0
200600016471,6,3,27,1300,1,1,1,1,3,987,4383000,489000,130,3,2,2,0,1,1,0,0,1,0,1,0,0
200600016472,6,3,6,1515,1,1,1,6,3,4,4354800,473100,130,3,2,2,0,1,1,0,70,1,0,1,0,1
200600016473,6,3,13,1530,1,1,1,6,6,4,4357200,471300,130,3,2,2,0,1,1,0,70,1,0,3,0,0
200600016482,6,3,4,1245,1,1,1,1,1,86,4336000,561000,130,2,2,2,0,1,1,0,70,1,0,1,0,1
200600016484,6,3,26,315,3,1,1,1,1,122,4403000,609000,40,2,2,2,0,1,3,0,70,1,0,1,0,1
200600016489,6,3,12,2300,3,1,1,1,1,192,4389500,572200,40,2,2,2,0,1,3,0,77,1,0,1,0,0
200600016490,6,3,31,700,2,1,1,1,7,141,4401800,571700,40,3,2,2,0,1,2,0,70,1,0,1,0,0
200600016495,6,3,7,915,1,1,1,6,6,123,4456800,593000,50,3,2,0,0,1,1,0,60,1,0,1,0,0
200600016497,6,3,20,1630,1,2,1,1,6,170,4446600,605400,50,3,2,2,0,0,1,0,60,1,0,1,0,0
200600016498,6,3,26,2045,3,2,1,1,1,123,4456500,595600,50,3,2,2,0,1,1,0,66,1,0,1,0,0
200600016500,6,3,22,1700,1,1,1,1,3,11,4454000,619000,50,3,3,2,0,1,1,0,70,1,0,3,0,0
200600016510,6,3,24,1500,1,1,1,8,1,33,4377300,719000,60,3,2,2,0,2,1,0,73,2,0,1,0,0
200600016512,6,3,17,815,1,1,1,1,3,136,4384500,745800,60,3,2,2,0,0,1,0,71,1,0,1,0,0
200600016515,6,3,5,1100,1,1,1,8,1,153,4405000,713000,60,3,2,0,0,2,3,0,70,2,0,1,0,0
200600016542,6,3,14,1945,2,1,1,1,6,132,4318100,604700,830,2,2,0,0,1,1,0,79,1,0,1,0,0
200600016543,6,3,25,1615,1,1,1,1,1,54,4315600,603500,830,2,2,2,0,1,1,0,74,1,0,1,0,0
200600016544,6,3,17,900,1,2,1,1,2,119,4396200,493500,840,3,2,2,0,1,1,0,0,1,0,1,0,0
200600016547,6,3,13,1715,1,1,1,1,3,92,4398500,487500,840,9,1,0,0,1,3,0,45,1,0,1,0,0
200600016549,6,3,4,1945,2,1,1,1,1,147,4371700,543600,840,9,2,2,0,2,1,0,64,1,0,1,0,0
200600016550,6,3,30,130,3,1,1,1,6,147,4369300,544900,840,5,2,1,0,1,4,0,0,9,0,1,0,0
200600016551,6,3,29,1545,1,1,1,1,3,51,4386200,523900,840,2,2,0,0,1,1,0,80,1,0,1,0,0
200600016552,6,3,13,745,1,2,1,1,2,122,4408000,497000,840,3,2,0,0,1,1,0,80,1,0,1,0,0
200600016555,6,3,21,1115,1,1,1,1,6,148,4406800,524700,840,3,2,1,0,2,4,0,71,1,0,1,0,0
200600016556,6,3,29,930,1,2,1,1,6,70,4402600,516200,840,3,2,2,0,1,1,0,0,1,0,1,0,0
200600016559,6,3,11,1115,1,1,1,6,7,37,4408600,483200,840,3,2,0,0,2,2,0,0,1,0,3,0,0
200600016565,6,3,10,830,1,1,1,1,5,111,4395200,368500,340,3,2,2,0,1,3,0,76,2,0,1,0,0
200600016567,6,3,9,1845,3,2,1,1,5,145,4367700,414700,340,3,2,0,0,0,1,0,0,1,5,1,0,0
200600016573,6,3,28,1740,1,1,1,1,3,199,4346900,340100,340,3,2,0,0,1,1,0,60,1,0,1,0,0
200600016574,6,3,6,1515,1,1,1,2,1,229,4347400,281900,340,3,3,4,0,2,2,0,80,2,0,1,0,0
200600016575,6,3,26,1030,1,1,1,1,7,293,4359200,270400,340,3,2,2,0,2,3,0,64,6,0,1,0,0
200600016576,6,3,3,1630,1,2,1,1,6,147,4347600,322200,340,4,2,2,0,2,1,0,38,1,0,1,0,0
200600016577,6,3,14,1415,1,1,1,1,1,139,4342400,322700,340,3,2,2,0,0,1,0,75,1,0,1,0,0
200600016578,6,3,16,1515,1,1,1,1,3,300,4340000,332800,340,2,2,3,0,1,1,0,108,1,0,1,0,1
200600016579,6,3,20,1600,1,1,1,2,6,300,4340900,323600,340,3,2,2,0,1,3,0,81,2,2,1,0,1
200600016580,6,3,31,900,1,1,1,1,6,237,4350600,331000,340,3,2,2,0,0,0,40,0,1,0,0,0,1
200600016583,6,3,23,1730,1,1,1,1,7,281,4354100,356000,340,3,2,2,0,0,2,70,0,1,0,0,0,0
200600016585,6,3,15,2000,3,1,1,1,2,114,4365500,351000,340,2,2,2,0,1,1,0,74,1,0,1,0,0
200600016592,6,3,2,2315,5,2,1,1,3,341,4350400,360500,340,3,2,2,0,1,1,0,77,1,0,1,0,0
200600016594,6,3,16,1100,1,1,1,1,6,351,4308000,268900,110,3,2,2,0,1,3,0,58,1,0,3,0,0
200600016596,6,3,23,1015,1,1,1,1,6,286,4327000,257000,110,3,2,2,0,1,1,0,65,1,0,1,0,0
200600016597,6,3,28,1830,1,1,1,1,1,434,4327700,207800,110,3,2,1,0,2,2,0,44,1,0,1,0,0
200600016600,6,3,4,2045,3,1,1,1,6,263,4288000,214000,110,3,2,2,0,1,1,0,61,1,0,1,0,0
200600016601,6,3,5,15,5,2,1,1,6,129,4294000,222000,110,4,2,2,0,0,0,0,0,0,0,0,0,0
200600016602,6,3,5,2015,3,1,1,1,1,15,4295000,237000,110,3,2,2,0,1,1,0,0,1,0,1,0,0
200600016603,6,3,11,2200,3,1,1,1,1,209,4296400,226400,110,3,2,0,0,1,4,0,72,1,0,1,0,0
200600016605,6,3,20,930,1,1,1,1,5,106,4324100,305800,110,2,2,2,0,0,1,0,0,2,0,1,0,0
200600016607,6,3,19,1015,1,1,1,2,4,269,4332100,298400,110,3,2,1,0,1,1,0,72,2,0,1,0,0
200600016608,6,3,5,2245,5,2,1,1,2,133,4353500,414500,300,4,2,0,0,1,1,0,67,1,0,1,0,0
200600016613,6,3,29,1600,1,1,3,1,3,214,4405500,409700,300,2,2,2,0,1,1,0,0,1,0,1,0,0
200600016614,6,3,7,830,1,1,1,1,3,284,4417100,410200,300,3,2,2,0,1,1,0,60,1,0,1,0,0
200600016617,6,3,27,2345,3,1,1,1,6,109,4407400,422500,300,3,2,2,0,4,3,0,70,1,0,1,0,0
200600016619,6,3,9,1715,1,1,1,1,7,201,4440600,396300,300,3,2,2,0,3,2,0,36,1,0,3,0,0
200600016625,6,3,23,1615,1,2,9,1,6,202,4426400,464800,300,2,2,2,0,1,1,0,0,1,6,1,0,0
200600016626,6,3,12,700,1,1,1,1,3,116,4394400,460600,300,2,2,2,0,1,1,37,92,1,0,0,0,0
200600016627,6,3,23,1330,1,1,1,1,1,73,4396300,457000,300,2,2,2,0,1,1,0,0,1,0,1,0,0
200600016628,6,3,23,1700,1,2,1,1,3,212,4394300,457200,300,2,2,2,0,1,1,0,60,1,0,1,0,0
200600016629,6,3,5,1715,3,1,1,1,3,141,4408800,470700,300,2,2,0,0,2,2,0,70,1,0,1,0,1
200600016630,6,3,5,700,2,2,1,1,6,241,4397200,427900,300,3,2,0,0,1,1,0,70,1,0,3,0,0
200600016636,6,3,17,1500,1,1,1,1,7,229,4400500,365900,300,3,2,0,0,1,2,0,0,1,0,0,0,0
200600016637,6,3,24,900,1,1,1,1,1,26,4399200,361000,300,3,2,0,0,1,0,0,0,1,5,1,0,0
200600016640,6,3,18,930,1,1,1,1,6,92,4455200,329000,480,3,2,0,0,1,2,0,71,1,0,3,0,0
200600016645,6,3,12,530,3,1,1,1,7,44,4264900,271800,660,3,2,0,0,1,1,0,60,1,0,3,0,0
200600016654,6,3,27,630,3,1,1,8,6,103,4264700,250200,660,2,2,2,0,1,1,0,74,2,0,3,0,0
200600016655,6,3,18,315,3,1,1,1,1,324,4208000,901100,201,2,2,2,0,2,2,0,76,2,0,1,0,0
200600016660,6,3,18,1600,1,2,1,1,3,249,4168000,889000,201,4,2,0,0,1,3,0,0,1,0,1,0,0
200600016662,6,3,1,1015,1,1,1,1,7,49,4252500,884800,202,3,2,2,0,2,1,0,0,1,0,3,0,0
200600016665,6,3,3,2015,3,1,1,1,6,199,4265700,907100,202,2,2,2,0,1,1,0,82,1,0,1,0,0
200600016666,6,3,4,1930,3,2,1,1,7,93,4262700,889300,202,5,2,2,0,0,2,0,60,9,0,3,0,0
200600016667,6,3,16,1030,1,1,1,1,1,337,4247800,925800,202,2,2,2,0,1,4,0,68,9,0,1,0,0
200600016668,6,3,16,2125,5,2,1,1,1,87,4232400,954000,202,3,2,2,0,1,1,32,60,1,5,3,0,0
200600016669,6,3,20,30,5,2,1,9,6,313,4238000,953100,202,2,2,2,0,1,2,0,60,1,2,1,0,0
200600016670,6,3,28,1745,1,2,1,1,1,528,4902200,160800,780,4,2,2,0,1,3,0,0,1,0,1,0,0