Num_Acc,an,mois,jour,hrmn,lum,agg,int,atm,col,com,lat,long,dep,catr,circ,nbv,vosp,prof,plan,lartpc,larrout,surf,infra,situ,env1,killed
200600016675,6,3,27,700,3,1,6,2,6,9,4846200,190500,780,2,2,2,0,2,1,0,70,1,5,0,0,0
200600016676,6,3,7,1500,1,1,1,3,6,590,4868500,199700,780,3,2,2,0,1,2,0,59,2,0,3,0,0
200600016683,6,3,9,2100,3,1,1,2,7,159,4853400,242900,910,3,2,0,0,1,1,0,0,1,0,1,0,0
200600016684,6,3,28,745,1,2,1,1,7,386,4855800,241500,910,2,3,2,0,0,1,11,70,9,0,1,0,0
200600016686,6,3,16,1400,1,2,9,1,6,86,4861800,237500,910,6,1,1,0,1,1,0,41,1,0,1,0,0
200600016693,6,3,20,1430,1,1,9,1,7,41,4857600,223400,910,2,1,1,0,1,3,0,35,8,3,1,0,0
200600016694,6,3,21,2230,5,1,1,1,2,41,4857400,223400,910,2,3,2,0,1,1,10,132,1,3,1,0,1
200600016695,6,3,24,1415,1,1,1,1,3,207,4858100,223600,910,2,3,0,0,1,1,10,152,1,0,1,0,0
200600016697,6,3,11,500,3,1,1,1,6,338,4864000,205000,910,3,2,2,0,1,1,70,0,1,0,3,0,0
200600016704,6,3,7,1005,1,1,1,1,1,453,4853600,273800,770,2,2,2,0,1,1,0,77,1,0,1,0,1
200600016705,6,3,27,1845,1,2,2,1,3,352,4866300,277100,770,3,2,2,0,1,1,0,52,1,0,1,0,0
200600016707,6,3,24,1130,1,2,1,1,2,191,4856100,295500,770,3,2,1,0,1,1,0,60,2,0,1,0,0
200600016708,6,3,5,1930,5,1,1,1,1,142,4886100,292300,770,3,2,2,0,4,0,0,80,1,0,1,0,0
200600016709,6,3,31,1630,1,2,1,1,3,128,4889300,285500,770,3,2,2,0,2,1,0,68,1,5,1,0,1
200600016711,6,3,18,1915,3,1,1,1,7,93,4879000,337000,770,3,2,2,0,1,1,0,52,1,0,3,0,0
200600016712,6,3,22,1730,2,1,1,2,6,97,4876000,327000,770,3,2,0,0,1,3,0,62,2,0,1,0,0
200600016714,6,3,4,1700,1,2,1,2,6,45,4820100,268600,770,9,2,0,0,0,1,0,60,2,5,1,0,0
200600016715,6,3,18,2145,3,1,1,1,6,184,4832000,292400,770,3,2,2,0,1,1,0,65,1,0,3,0,0
200600016716,6,3,23,1145,1,1,2,1,3,465,4827800,293400,770,3,2,2,0,1,1,0,57,1,5,1,0,0
200600016717,6,3,29,2245,3,2,1,1,2,171,4849500,235700,770,4,2,2,0,1,1,0,60,1,0,1,0,0
200600016718,6,3,8,1745,1,1,1,2,1,203,4863100,260500,770,3,2,0,0,2,4,0,68,2,0,1,0,1
200600016719,6,3,6,1845,3,1,1,1,3,273,4908600,229700,770,3,2,0,0,1,1,0,62,1,0,1,0,0
200600016720,6,3,21,515,5,2,1,1,6,32,4870300,324100,770,2,2,1,0,1,1,0,70,1,0,3,0,0
200600016721,6,3,23,1845,1,1,1,1,6,246,4856200,338300,770,3,2,0,0,1,2,0,60,1,0,3,0,0
200600016725,6,3,12,2100,3,2,1,1,6,194,4789200,205600,450,4,0,2,0,1,2,0,40,1,0,3,0,0
200600016731,6,3,30,1500,1,2,1,2,3,247,4800000,267000,450,9,2,2,0,1,0,0,49,2,0,1,0,0
200600016732,6,3,25,230,3,1,1,2,1,322,4803200,288500,450,3,2,0,0,1,4,0,60,2,0,1,0,0
200600016735,6,3,31,1830,1,1,1,2,1,303,4811100,259100,450,4,2,2,0,1,2,0,38,2,0,1,0,0
200600016736,6,3,6,1245,1,2,1,1,1,252,4818000,225600,450,3,2,2,0,1,1,0,86,1,0,1,0,0
200600016737,6,3,20,1600,1,2,1,1,6,252,4817800,225300,450,9,1,0,0,1,1,0,0,1,0,1,3,0
200600016738,6,3,28,1245,1,2,1,3,6,252,4818100,226100,450,9,2,2,3,1,1,0,70,2,5,1,0,0
200600016741,6,3,24,2345,5,2,2,1,3,258,4820700,248800,450,3,2,2,0,1,1,0,72,1,0,1,0,0
200600016744,6,3,21,745,2,1,1,8,1,215,4701900,290600,180,3,2,2,0,4,3,0,56,2,0,1,0,0
200600016746,6,3,13,1945,5,2,9,1,3,197,4672000,250000,180,2,2,3,3,1,1,0,104,1,5,1,0,0
200600016753,6,3,27,445,5,2,1,2,6,97,4714300,243400,180,3,2,2,0,1,3,0,57,2,0,3,0,0
200600016754,6,3,28,1800,1,1,1,1,1,158,4842000,143700,280,3,2,2,0,1,3,0,60,1,0,1,0,0
200600016755,6,3,28,815,1,1,6,1,3,220,4842200,144700,280,2,3,2,0,1,2,70,90,1,5,1,0,0
200600016758,6,3,10,1430,1,1,2,1,3,391,4819800,193500,280,2,2,2,0,1,1,100,180,1,5,1,0,0
200600016762,6,3,18,430,5,2,1,1,6,103,4800100,123700,280,3,2,0,0,1,1,0,0,1,0,1,0,0
200600016764,6,3,1,2315,5,2,1,9,6,377,4883800,136600,280,3,2,2,0,1,1,0,62,7,0,1,0,0
200600016765,6,3,3,145,3,1,2,1,3,187,4891800,146100,280,3,2,0,0,1,1,0,70,2,0,1,0,1
200600016766,6,3,8,1630,1,2,1,1,3,1,4877600,143100,280,3,2,2,0,1,1,0,61,2,0,1,0,0
200600016771,6,3,4,1245,1,1,1,4,2,247,4693500,163400,360,3,2,2,0,4,1,0,75,2,0,1,0,0
200600016779,6,3,28,1215,1,2,1,3,6,31,4689100,141700,360,3,2,2,0,1,1,0,71,2,6,1,0,0
200600016780,6,3,17,1545,1,1,1,1,1,162,4715500,166100,360,3,0,0,0,2,1,0,60,1,0,1,0,0
200600016782,6,3,24,745,2,2,1,2,2,18,4664000,106500,360,3,2,2,0,2,1,0,70,2,0,1,0,0
200600016784,6,3,12,1545,1,2,1,7,1,146,4647000,167000,360,3,2,2,0,2,1,0,62,1,5,1,0,0
200600016785,6,3,26,1115,1,1,1,1,6,207,4645500,165000,360,3,2,0,0,0,1,0,60,1,0,3,0,0
200600016787,6,3,18,2315,3,2,1,1,7,109,4739900,61400,370,4,2,0,0,2,2,0,0,1,0,1,0,0
200600016788,6,3,17,515,3,1,1,1,6,245,4750400,60100,370,2,2,0,0,0,2,0,0,1,0,3,0,0
200600016792,6,3,26,1510,1,2,1,1,6,77,4735600,47400,370,2,2,2,0,1,1,0,35,1,0,4,0,0
200600016794,6,3,8,2145,5,1,1,2,6,180,4710700,47600,370,4,2,0,0,1,1,0,40,2,0,1,0,0
200600016797,6,3,14,845,1,1,1,1,6,6,4727300,58300,370,3,2,2,0,1,1,0,60,1,6,1,0,0
200600016798,6,3,18,1810,1,2,1,1,7,159,4728200,62300,370,3,0,2,0,1,1,0,60,1,0,1,0,0
200600016805,6,3,9,1915,2,1,1,6,3,10,4784200,99200,410,3,4,0,0,0,1,0,103,2,5,1,0,1
200600016811,6,3,6,2030,3,1,9,1,1,56,4909200,235900,950,3,2,2,0,3,1,0,68,1,0,1,0,0
200600016814,6,3,13,1615,1,1,1,1,2,40,4348200,556000,130,3,2,0,0,3,1,0,60,1,0,1,0,0
200600016815,6,3,17,2255,5,2,6,1,3,40,4345900,555900,130,3,2,2,0,1,3,0,40,1,0,1,0,1
200600016816,6,3,9,1100,1,1,1,2,3,318,4421100,33700,470,3,2,2,0,2,3,0,72,2,0,1,0,0
200600016819,6,3,1,1315,1,1,1,1,1,270,4359200,383600,340,3,2,2,0,2,2,73,0,8,0,1,0,0
200600016820,6,3,21,1700,1,2,1,1,6,123,4361800,381700,340,4,2,0,0,4,1,73,0,1,2,1,0,0
200600016826,6,3,29,2045,3,2,1,1,1,43,4936800,416300,510,3,2,2,0,1,1,0,70,2,0,1,0,0
200600016827,6,3,2,2235,3,1,1,1,3,18,4731800,60500,370,3,2,0,0,2,3,0,0,2,0,1,0,0
200600016829,6,3,3,1515,1,1,1,1,1,45,4839500,424600,290,3,2,2,0,1,3,0,65,1,0,1,0,0
200600016830,6,3,13,1745,1,2,1,1,3,78,4833300,415400,290,3,2,0,0,1,1,0,0,1,0,1,0,0
200600016831,6,3,2,2215,5,2,1,1,3,5,4474200,108100,330,9,2,2,0,1,1,0,59,2,0,1,0,0
200600016845,6,3,4,730,1,1,1,1,6,99,4346000,667000,830,1,3,3,0,1,1,25,105,1,0,3,0,0
200600016853,6,3,12,1900,2,1,1,1,1,137,4807600,94900,530,2,2,2,0,1,1,0,76,1,0,1,0,1
200600016854,6,3,14,1745,1,2,1,7,6,209,4803900,102700,530,3,2,2,0,1,1,0,53,1,0,1,0,1
200600016855,6,3,2,2245,3,1,1,1,3,604,4911300,253300,950,2,2,2,0,0,1,0,70,1,0,1,0,0
200600016857,6,3,16,600,2,1,1,1,6,547,4956000,125900,760,1,3,0,0,0,1,20,72,1,0,3,0,0
200600016858,6,3,1,745,1,2,1,1,3,22,4368200,142400,310,3,2,2,0,1,1,9,84,1,0,1,0,0
200600016870,6,3,18,245,5,2,1,1,1,142,4880600,805500,670,4,2,2,0,1,1,0,52,1,0,1,0,0
200600016891,6,3,9,1645,1,1,1,1,2,88,4372700,722900,60,1,3,3,0,0,1,0,0,1,2,1,0,0
200600016893,6,3,29,1015,1,1,1,1,2,113,4379400,747200,60,1,3,0,0,1,1,0,70,1,2,1,0,0
200600016894,6,3,31,930,1,1,1,1,3,83,4379800,750500,60,1,3,2,0,1,1,0,100,1,3,1,0,0
200600016897,6,3,4,1700,1,2,9,4,6,269,4786600,533800,520,9,2,1,1,2,1,0,50,5,0,3,0,0
200600016913,6,3,1,745,1,1,1,4,2,266,4789000,735000,680,1,3,0,0,1,1,0,0,5,0,1,0,0
200600016914,6,3,1,1115,1,1,1,1,3,82,4787000,739000,680,1,3,2,0,1,1,0,0,1,0,1,0,0
200600016916,6,3,22,2000,3,1,1,1,7,2,4409500,145400,820,1,3,2,0,1,1,30,70,1,0,1,0,0
200600016921,6,3,20,745,1,1,1,1,5,182,4859500,294100,220,3,2,1,0,0,1,0,65,1,0,1,0,0
200600016922,6,3,26,1430,1,1,1,1,6,187,4855000,279200,220,2,3,2,0,1,1,25,60,1,0,3,0,0
200600016923,6,3,30,1100,1,1,1,1,1,362,4169000,935000,201,3,2,2,0,2,4,0,74,1,0,1,0,0
200600016931,6,3,4,1545,1,2,9,1,6,375,4919400,404500,510,4,2,2,0,2,2,0,60,1,0,3,0,0
200600016932,6,3,20,1545,1,1,1,1,6,904,5081800,207400,620,1,3,4,0,1,1,10,150,1,3,3,0,0
200600016934,6,3,17,1230,1,1,1,1,2,152,4361300,705600,60,3,3,4,0,1,1,0,0,1,0,1,0,0
200600016943,6,3,9,1700,1,1,1,1,1,337,4353900,382300,340,2,3,0,0,1,1,70,0,0,0,1,0,0
200600016948,6,3,6,2030,3,2,1,1,1,51,4359900,514200,130,4,2,2,0,3,3,0,0,1,0,1,0,0
200600016949,6,3,11,1130,1,1,1,1,1,44,4360600,505100,130,3,2,2,0,2,1,0,47,1,0,1,0,0
200600016950,6,3,19,2130,3,1,1,1,6,51,4356800,515700,130,3,2,4,0,3,1,0,140,1,0,3,0,0
200600016951,6,3,28,1815,1,1,1,4,7,290,4588900,290800,630,1,3,0,0,0,0,0,0,0,0,0,0,0
200600016955,6,3,30,1945,5,1,1,1,1,152,4853900,768500,670,3,2,2,0,1,1,0,65,1,0,1,0,0
200600016957,6,3,23,1830,1,2,1,1,3,112,4367900,702300,60,3,2,0,0,0,3,0,70,1,0,1,0,0
200600016959,6,3,30,800,1,1,1,2,2,530,4562500,518000,380,2,2,0,0,1,1,0,0,2,0,1,0,0
200600016969,6,3,27,1355,1,1,1,1,5,50,4366000,525000,130,2,2,2,0,1,1,0,70,1,0,1,0,0
200600016976,6,3,28,15,3,1,1,1,6,178,4528200,156400,190,1,3,4,0,1,1,20,140,1,0,2,0,0
200600016980,6,3,9,1430,1,1,1,2,1,356,4875200,202500,780,3,2,2,0,1,1,24,90,2,5,1,0,0
200600016981,6,3,21,900,1,1,1,1,3,356,4874500,204100,780,3,2,2,0,1,1,0,47,1,0,1,0,0
200600016982,6,3,20,1600,1,1,1,1,1,24,4808100,16300,720,2,2,2,0,1,1,0,137,1,5,1,0,0
200600016984,6,3,15,1015,1,2,3,1,3,388,4893400,767100,670,3,2,2,0,1,1,0,60,1,0,1,0,0
200600016992,6,3,1,945,1,1,1,8,5,269,4676000,486100,710,2,2,2,0,1,3,0,78,2,0,1,0,1
200600016993,6,3,6,1115,1,2,1,1,2,150,4365900,132200,310,3,2,2,0,1,1,0,57,1,0,1,0,0
200600016994,6,3,14,1845,1,2,1,1,7,56,4366900,137300,310,3,2,2,0,0,1,0,70,1,0,1,0,0
200600016995,6,3,18,545,3,1,1,1,5,56,4366600,136100,310,3,2,2,0,1,3,0,73,1,0,1,0,0
200600016996,6,3,19,315,3,2,1,6,6,150,4363600,135700,310,4,2,2,0,1,2,0,70,1,0,3,0,0
200600017000,6,3,14,630,2,1,1,1,3,525,4921800,52500,140,2,3,2,0,1,2,10,70,1,3,3,0,0
200600017002,6,3,26,30,3,1,1,3,6,31,4820000,142400,350,3,2,2,0,4,2,0,66,2,2,1,0,1
200600017004,6,3,17,1745,1,1,1,1,3,14,4368200,390300,340,3,2,2,0,1,1,0,60,1,0,1,0,0
200600017056,6,4,23,2245,5,2,5,2,3,51,5053500,280400,590,3,2,2,0,1,3,0,70,2,5,1,0,0
200600017058,6,4,28,1600,1,1,1,7,3,256,5058100,312100,590,3,2,2,0,1,1,35,105,1,0,1,0,0
200600017062,6,4,16,1515,1,2,1,1,1,358,5092200,226700,590,3,2,2,0,0,0,0,65,1,0,1,0,0
200600017065,6,4,29,1930,1,1,1,1,3,308,5075700,252700,590,3,2,2,0,1,1,0,57,1,0,1,0,0
200600017066,6,4,18,1215,1,2,1,1,7,135,5080500,247200,590,3,2,2,0,2,4,0,0,1,0,1,0,0
200600017067,6,4,27,1645,1,1,9,1,2,189,5078500,259500,590,3,2,2,0,1,2,0,60,1,0,1,0,0
200600017068,6,4,6,830,1,1,1,1,6,523,5059600,315300,590,3,2,0,2,1,1,0,0,1,0,1,0,0
200600017070,6,4,26,1930,1,1,1,1,7,638,5058600,326000,590,3,2,2,0,1,2,0,60,1,0,3,0,0
200600017071,6,4,20,845,1,1,1,1,5,610,5027700,343400,590,3,2,2,0,1,1,0,61,1,0,1,0,0
200600017076,6,4,14,1845,1,2,1,7,1,357,5029000,386700,590,4,2,2,0,1,1,0,65,1,0,1,0,0
200600017077,6,4,14,1645,1,1,1,1,1,322,5014400,246300,620,3,2,2,0,1,1,0,0,1,0,1,0,0
200600017078,6,4,7,2330,5,2,1,1,2,609,5036100,274900,620,3,2,2,0,1,1,0,71,1,0,1,0,0
200600017079,6,4,18,1530,1,2,1,1,4,320,5031000,269000,620,3,3,2,0,2,1,35,35,1,0,1,0,0
200600017082,6,4,13,800,1,1,1,1,1,473,5062800,245200,620,3,2,2,0,0,2,0,0,1,0,1,0,0
200600017086,6,4,8,615,3,1,1,1,1,752,5048500,165000,620,3,2,2,0,1,3,0,61,1,0,1,0,0
200600017087,6,4,29,1345,1,1,1,1,3,752,5048600,167000,620,3,0,2,0,1,1,0,60,1,0,1,0,0
200600017088,6,4,29,1545,1,2,1,1,1,543,5063800,232500,620,3,2,1,0,1,1,76,0,1,5,0,0,0
200600017089,6,4,9,645,2,2,1,1,7,229,5065600,217700,620,3,2,2,0,2,1,0,64,1,0,3,0,0
200600017090,6,4,16,1740,1,2,1,1,7,325,5060200,209300,620,3,2,2,0,1,2,0,0,1,0,1,0,0
200600017093,6,4,7,1515,1,2,1,1,3,767,5038500,233700,620,3,2,2,0,0,1,0,90,1,5,1,0,0
200600017095,6,4,15,1100,1,2,1,1,3,677,5033900,205300,620,3,2,2,0,1,1,0,57,1,0,1,0,0
200600017096,6,4,10,1100,1,1,2,1,3,86,5022000,256800,620,2,2,0,0,1,1,0,136,1,0,1,0,0
200600017097,6,4,6,1400,1,1,1,1,6,513,5028400,226600,620,3,2,2,0,0,1,0,60,1,0,1,0,0
200600017098,6,4,22,415,3,1,1,1,6,60,5023900,211300,620,3,2,2,0,2,1,0,56,1,0,3,0,1
200600017099,6,4,23,815,1,2,6,1,7,513,5028300,227200,620,3,2,2,0,1,1,0,66,1,0,3,0,0
200600017103,6,4,2,1700,1,1,1,1,3,732,4989200,172300,800,3,2,2,0,1,1,0,56,1,0,1,0,1
200600017109,6,4,28,1600,1,2,1,1,1,11,4992700,220700,800,2,2,2,0,0,1,0,90,1,0,1,0,0
200600017110,6,4,9,1750,1,1,3,1,5,78,5008900,192800,800,2,2,1,0,1,1,0,0,1,0,1,0,0
200600017111,6,4,13,1330,1,1,1,6,2,308,5006200,162600,800,3,2,2,0,1,1,0,0,1,0,1,0,0
200600017112,6,4,4,1345,1,1,1,1,3,477,5029900,187300,800,3,2,2,0,1,1,0,44,1,0,1,0,1
200600017114,6,4,4,1830,1,1,1,1,3,545,4979300,257400,800,3,3,2,0,1,1,120,0,1,0,1,0,0
200600017117,6,4,14,530,5,2,1,2,2,10,4975800,235300,800,3,2,2,0,1,1,0,72,2,0,1,0,0
200600017121,6,4,20,1745,1,1,1,1,7,481,4981900,275200,800,3,2,2,0,0,2,0,58,1,0,0,0,0
200600017122,6,4,21,2000,1,1,1,1,1,186,4980800,279700,800,3,2,2,0,1,3,0,64,1,0,1,0,1
200600017124,6,4,5,645,2,2,1,1,6,498,4953800,382900,20,4,1,0,0,0,2,0,50,1,0,4,0,0
200600017130,6,4,25,1330,1,2,1,1,1,29,4986200,317300,20,3,0,2,0,1,2,0,60,1,0,1,0,0
200600017131,6,4,10,1300,1,2,1,1,1,95,4999400,345300,20,3,2,2,0,1,3,0,0,1,0,1,0,0
200600017132,6,4,6,1900,1,1,1,1,3,387,4979500,336600,20,3,2,0,0,0,1,0,60,1,0,1,0,0
200600017133,6,4,11,1230,1,1,1,1,7,648,4981900,348000,20,3,2,2,0,1,2,0,0,1,0,1,0,0
200600017136,6,4,25,2330,4,1,1,2,1,495,4998000,405100,20,3,2,0,0,1,3,0,60,2,0,3,0,0
200600017147,6,4,29,1600,1,2,1,1,6,581,4951300,243000,600,6,0,0,3,1,1,0,0,1,6,0,0,0
200600017148,6,4,16,1900,1,2,9,1,1,188,4939000,300900,600,3,2,2,0,0,0,0,50,1,0,1,0,0
200600017150,6,4,8,1815,1,1,1,2,1,392,4949300,286000,600,4,2,0,0,1,1,40,0,2,0,1,0,0
200600017152,6,4,7,800,1,1,3,1,3,386,4950900,272800,600,3,2,2,0,0,1,80,0,1,5,1,0,0
200600017155,6,4,2,2100,5,2,1,1,6,323,4940900,615800,570,2,2,2,0,1,1,0,0,1,0,1,0,0
200600017156,6,4,6,1100,1,1,1,1,5,557,4949100,628300,570,3,2,3,0,1,1,0,130,1,0,1,0,1
200600017157,6,4,24,1800,1,2,1,1,1,282,4950000,617000,570,4,0,0,0,2,0,0,0,1,0,0,0,0
200600017172,6,4,5,1830,1,1,1,1,1,659,4956000,73100,760,3,2,0,3,1,1,0,115,1,0,1,0,0
200600017174,6,4,18,815,1,1,1,1,7,401,4945000,78000,760,3,2,2,0,1,1,0,0,1,0,3,0,1
200600017179,6,4,29,45,3,1,1,1,6,627,4953100,45100,760,3,2,0,0,2,4,0,0,1,0,1,0,0
200600017182,6,4,24,1915,1,2,1,1,6,276,4961400,153900,760,3,2,2,0,2,0,0,0,1,0,1,0,0
200600017183,6,4,6,1215,1,1,1,1,3,263,4946400,150500,760,2,2,2,0,1,1,0,73,1,0,1,0,0
200600017184,6,4,12,1800,1,1,1,1,6,25,4954700,150900,760,3,2,0,0,0,2,0,60,1,0,3,0,0
200600017185,6,4,15,100,3,1,1,1,6,242,4946800,172400,760,3,2,2,0,1,1,0,75,1,0,3,0,1
200600017186,6,4,21,1215,1,2,3,1,3,312,4948300,171700,760,3,2,2,0,1,1,0,81,1,0,1,3,0
200600017187,6,4,23,1745,1,1,2,1,5,124,4944000,165100,760,3,2,2,0,1,2,0,60,1,0,1,0,0
200600017188,6,4,20,1115,1,1,1,1,7,223,4962500,82600,760,3,2,2,0,1,2,0,0,1,0,1,0,0
200600017190,6,4,30,515,3,1,6,1,7,718,4962000,71300,760,2,2,0,0,1,3,0,98,1,5,1,0,0
200600017193,6,4,1,1,1,2,1,7,6,165,4896400,93500,270,4,2,1,0,1,1,0,63,1,0,1,0,0
200600017196,6,4,24,1645,1,2,1,1,3,120,4898900,95000,270,3,2,2,0,2,1,60,0,1,0,1,0,0
200600017197,6,4,16,1715,1,1,1,1,7,391,4883600,133900,270,3,2,2,0,0,1,0,60,1,0,1,0,1
200600017198,6,4,1,1900,1,1,1,1,6,481,4873600,88300,270,4,2,2,0,1,3,0,54,1,0,0,0,0
200600017199,6,4,3,2330,3,1,1,1,6,481,4874600,87300,270,2,2,2,0,0,1,0,76,1,0,3,0,1
200600017200,6,4,11,1930,1,2,1,1,1,112,4884100,91700,270,3,2,0,0,1,1,0,73,1,0,1,0,0
200600017207,6,4,21,1115,1,1,1,1,3,127,4916900,108300,270,3,2,0,0,1,3,0,46,1,0,1,0,0
200600017210,6,4,9,1800,1,1,1,1,1,320,4924600,87700,270,3,2,2,0,1,1,0,62,1,0,1,0,0
200600017212,6,4,17,1615,1,1,1,1,3,233,4941800,31400,270,3,2,2,0,2,3,0,72,1,0,1,0,0
200600017218,6,4,27,2145,4,1,1,1,7,177,4820500,172900,350,2,3,4,0,1,1,10,180,1,0,2,0,0
200600017221,6,4,20,1630,1,1,1,1,4,261,4833700,142000,350,3,2,2,0,1,1,60,0,1,0,1,0,0
200600017225,6,4,14,1215,1,1,1,1,5,126,4797000,178000,350,3,2,2,0,1,3,0,60,1,0,1,0,0
200600017227,6,4,26,1415,1,1,1,8,1,10,4855800,169200,350,3,0,2,0,2,1,0,0,2,0,1,0,0
200600017231,6,4,1,1915,1,1,1,1,1,220,4801300,142300,350,3,2,2,0,1,1,0,56,1,0,1,0,0
200600017233,6,4,22,1745,1,1,1,1,2,125,4794100,122500,350,3,2,2,0,1,1,0,65,1,0,1,0,0
200600017234,6,4,23,2045,3,1,1,1,3,200,4797100,121300,350,3,2,2,0,1,1,5,125,1,5,1,0,0
200600017236,6,4,14,1600,1,1,1,1,2,93,4847100,254900,220,9,1,1,0,2,1,0,40,1,3,1,0,0
200600017239,6,4,1,330,3,1,1,2,6,176,4845800,275200,220,3,2,2,0,2,2,0,70,2,0,1,0,1
200600017240,6,4,21,1800,1,1,1,1,1,176,4844100,273200,220,4,2,0,0,2,1,0,70,1,0,1,0,1
200600017241,6,4,27,1645,1,1,1,1,1,73,4835000,298600,220,3,2,0,0,0,3,0,0,1,0,1,0,0
200600017246,6,4,23,1600,1,1,1,1,1,77,4851000,245900,220,3,2,2,0,2,1,0,66,2,0,1,0,0
200600017249,6,4,1,1615,1,1,1,1,7,211,4866800,344400,220,3,2,0,0,1,1,0,70,1,0,1,0,0
200600017250,6,4,14,315,3,1,1,2,7,166,4880700,330800,220,3,2,2,0,1,2,0,0,2,0,3,0,0
200600017252,6,4,2,2215,3,1,1,1,6,174,4789700,426300,290,3,2,0,0,0,1,0,75,1,0,3,0,0
200600017253,6,4,9,415,3,2,1,1,6,37,4787500,411900,290,9,2,0,0,1,3,0,42,1,0,3,0,0
200600017257,6,4,16,1500,1,2,1,1,4,75,4840100,442100,290,9,2,2,0,1,3,0,25,1,0,1,0,0
200600017259,6,4,30,2330,3,1,1,1,1,55,4857300,436400,290,3,3,2,0,1,1,0,60,1,0,1,0,0
200600017260,6,4,13,1730,1,1,1,1,3,15,4849900,446700,290,3,2,2,0,1,0,0,620,1,0,1,0,1
200600017261,6,4,11,1845,2,1,1,2,1,196,4855900,459000,290,3,2,2,0,2,2,0,62,2,0,1,0,0
200600017267,6,4,9,1815,1,1,1,1,3,8,4762500,290500,560,3,2,0,0,1,1,0,74,1,5,1,0,0
200600017269,6,4,16,1745,1,1,1,1,5,123,4769700,230600,560,3,2,0,0,1,3,0,65,1,0,1,0,1
200600017271,6,4,9,2030,2,1,1,1,7,7,4766200,298100,560,1,3,4,0,2,3,20,130,1,0,1,0,0
200600017272,6,4,17,1900,1,2,1,1,1,186,4748500,310900,560,4,2,2,0,1,1,0,81,1,0,1,0,0
200600017273,6,4,30,1615,1,1,1,1,1,166,4792000,335000,560,3,2,2,0,1,1,0,70,0,0,1,0,1
200600017274,6,4,8,1630,1,1,1,1,3,161,4766200,310200,560,4,2,2,0,0,1,0,53,1,0,1,0,0
200600017275,6,4,30,530,3,1,1,9,6,75,4792800,209600,560,3,2,0,0,1,2,50,0,1,0,3,0,0
200600017276,6,4,16,2100,3,1,1,1,6,82,4798800,248100,560,3,2,1,0,0,1,0,0,1,0,0,0,0
200600017277,6,4,22,1610,1,1,1,1,7,17,4786900,277700,560,3,2,2,0,1,1,0,46,1,0,1,0,1
200600017279,6,4,14,1330,1,1,9,1,1,163,4809500,325900,560,3,2,2,0,4,1,0,60,1,0,1,0,0
200600017280,6,4,21,2300,3,1,1,8,7,151,4805200,292800,560,3,2,2,0,0,0,0,61,0,0,1,0,0
200600017281,6,4,30,100,3,1,1,1,6,128,4801000,309500,560,3,2,2,0,1,4,0,47,1,0,3,0,0
200600017282,6,4,19,1500,1,1,6,1,4,81,4805300,363200,560,4,2,2,0,1,0,0,60,1,0,1,0,0
200600017287,6,4,20,1615,1,1,1,1,2,5,4909000,15300,140,3,2,2,0,0,1,0,63,1,0,1,0,0
200600017288,6,4,21,1415,1,2,1,1,1,294,4910000,29200,140,3,2,2,0,1,1,0,63,1,0,1,0,0
200600017291,6,4,20,600,2,2,1,1,3,558,4926700,28700,140,4,2,2,0,1,1,0,46,1,0,1,0,0
200600017292,6,4,29,1545,1,1,1,1,7,282,4915400,82300,140,3,2,0,0,1,2,0,40,1,0,3,0,0
200600017293,6,4,1,1215,1,1,1,1,7,346,4920200,66800,140,3,2,1,0,1,1,0,40,1,0,1,0,0
200600017294,6,4,8,510,3,1,1,1,1,609,4925300,73200,140,3,2,2,0,1,1,0,74,1,0,1,0,0
200600017295,6,4,29,1500,1,1,1,1,6,47,4928400,70400,140,9,2,1,0,1,1,0,0,1,0,1,0,0
200600017297,6,4,4,1245,1,1,1,1,1,588,4894000,31000,140,4,2,2,0,4,1,0,33,1,0,1,0,0
200600017298,6,4,22,1700,1,1,1,7,7,320,4903600,43600,140,3,2,2,0,1,3,0,40,1,0,1,0,0
200600017299,6,4,9,2100,2,1,1,1,3,208,4912600,9400,140,3,2,2,0,1,1,0,0,1,5,1,0,0
200600017300,6,4,11,1245,1,1,1,1,3,749,4906300,11800,140,3,2,2,0,2,1,0,80,1,0,1,0,0
200600017301,6,4,21,1800,1,1,2,1,3,293,4918900,38700,140,3,2,2,0,1,1,0,47,1,0,1,0,0
200600017302,6,4,20,200,5,1,1,1,7,474,4914500,800,140,3,2,2,0,1,3,13,40,1,5,1,0,1
200600017303,6,4,7,1615,1,1,1,1,3,629,4901300,87900,140,3,2,2,0,0,1,0,70,0,0,1,0,0
200600017306,6,4,11,830,1,1,1,1,3,347,4902200,73600,140,3,2,0,0,2,1,60,60,1,5,1,0,1
200600017307,6,4,24,1330,1,1,1,1,5,27,4903700,64300,140,3,2,0,0,0,1,62,0,1,0,3,0,1
200600017308,6,4,28,1715,1,1,1,1,2,650,4903400,78400,140,3,2,0,0,0,1,0,62,1,0,3,0,0
200600017316,6,4,28,2230,3,1,6,1,6,168,4862200,128100,500,3,2,2,0,1,1,0,70,1,0,1,0,0
200600017317,6,4,28,1330,1,1,1,1,1,74,4874900,115700,500,3,2,0,0,0,2,0,47,1,0,1,0,0
200600017319,6,4,14,1500,1,1,1,1,1,1,4961300,175000,500,3,2,2,0,1,3,0,35,3,0,1,0,0