Num_Acc,an,mois,jour,hrmn,lum,agg,int,atm,col,com,lat,long,dep,catr,circ,nbv,vosp,prof,plan,lartpc,larrout,surf,infra,situ,env1,killed
200600017326,6,4,6,1100,1,1,1,1,1,178,4969600,143900,500,3,0,0,0,1,1,0,72,1,0,0,0,0
200600017328,6,4,17,1730,1,1,1,1,7,243,4904400,149900,500,3,0,0,0,1,1,47,0,9,0,3,0,0
200600017331,6,4,4,1200,1,1,3,1,1,274,4854200,109100,500,3,2,0,0,1,1,0,80,1,0,1,0,0
200600017338,6,4,9,300,3,1,2,5,3,278,4870500,55900,610,3,0,0,0,0,0,60,0,0,0,0,0,0
200600017339,6,4,22,2030,3,1,1,1,7,124,4864400,46500,610,3,2,2,0,2,1,0,0,1,0,3,0,0
200600017348,6,4,15,1830,1,1,1,8,3,88,4713200,138800,440,3,2,2,0,1,1,0,65,1,0,1,0,0
200600017351,6,4,16,550,3,1,1,1,6,41,4712000,158000,440,3,2,2,0,1,1,0,56,1,0,1,0,1
200600017352,6,4,3,1725,1,1,1,1,6,96,4741200,126600,440,3,2,2,0,1,1,0,62,1,5,1,0,1
200600017353,6,4,12,1800,1,1,1,1,1,144,4752100,131000,440,3,2,2,0,1,1,0,59,1,0,1,0,0
200600017356,6,4,16,1445,1,2,1,1,6,123,4769100,173400,440,3,2,2,0,3,3,0,60,1,0,3,0,0
200600017357,6,4,19,1130,1,1,1,8,1,15,4748000,182300,440,4,2,2,0,1,2,0,43,1,0,1,0,0
200600017358,6,4,26,1445,1,1,1,1,3,185,4763000,204700,440,3,2,0,0,1,1,62,0,1,0,1,0,0
200600017359,6,4,29,1530,1,1,1,1,3,56,4740300,177500,440,3,2,2,0,1,1,0,60,1,0,1,0,0
200600017360,6,4,14,1815,1,1,2,1,5,73,4746200,169200,440,3,2,0,0,1,1,0,60,1,0,1,0,0
200600017363,6,4,5,1000,1,1,1,1,1,61,4723000,197500,440,3,2,0,0,1,2,0,43,1,0,1,0,0
200600017364,6,4,9,1545,1,1,1,1,3,5,4718800,196500,440,3,2,2,0,1,2,0,58,1,0,1,0,0
200600017365,6,4,17,2145,3,1,3,1,3,187,4722000,205300,440,3,2,1,0,1,1,0,74,1,0,1,0,0
200600017367,6,4,3,230,3,1,1,1,6,178,4712800,170300,440,3,2,1,0,1,1,0,65,1,0,3,0,1
200600017369,6,4,20,615,3,1,1,5,1,133,4713700,179200,440,3,2,2,0,0,0,0,58,1,0,1,0,1
200600017370,6,4,20,2330,3,1,1,1,7,87,4700900,182300,440,3,2,0,0,1,1,0,61,1,0,3,0,0
200600017371,6,4,30,1700,1,2,6,1,1,74,4720600,167400,440,3,2,0,0,1,1,0,0,1,0,1,0,0
200600017379,6,4,15,1015,1,2,1,3,6,161,4751400,204000,440,3,2,2,0,1,1,0,70,2,0,1,0,0
200600017381,6,4,23,1600,1,1,1,1,3,45,4729900,182700,440,3,2,2,0,1,1,0,64,1,0,1,0,0
200600017385,6,4,11,700,2,2,1,1,6,196,4752400,66700,490,4,2,2,0,1,3,0,94,1,0,1,0,0
200600017386,6,4,1,1230,1,1,9,2,2,194,4746000,28100,490,2,2,2,0,0,1,0,0,2,0,1,0,0
200600017387,6,4,28,1400,1,1,3,1,3,194,4745500,26200,490,2,2,2,0,1,1,0,122,1,5,1,0,0
200600017391,6,4,3,1425,1,1,2,1,3,284,4741600,83100,490,2,2,2,0,2,1,90,60,1,5,1,0,0
200600017392,6,4,19,1745,1,2,1,1,1,63,4735700,76500,490,4,2,2,0,2,1,0,59,1,0,1,0,0
200600017393,6,4,21,2015,1,1,1,1,2,283,4737900,75100,490,3,2,2,0,1,2,20,60,1,0,1,0,0
200600017395,6,4,10,1615,1,1,1,1,2,332,4706400,94600,490,3,2,2,0,2,1,0,76,1,0,1,0,0
200600017397,6,4,30,245,4,2,1,1,3,260,4706900,102200,490,3,2,1,0,0,2,0,100,1,0,1,0,0
200600017402,6,4,4,1215,1,2,1,1,6,125,4720000,27500,490,9,2,0,0,1,1,0,63,1,5,1,0,0
200600017403,6,4,2,1445,1,1,1,1,3,30,4738100,7700,490,3,2,2,0,1,1,0,51,1,5,1,0,0
200600017404,6,4,6,2145,5,2,1,1,6,91,4734400,35900,490,3,2,0,0,0,2,0,0,1,0,4,0,0
200600017405,6,4,8,1815,1,1,1,1,3,311,4738900,7800,490,3,2,2,0,1,2,0,59,1,0,1,0,0
200600017408,6,4,23,945,1,2,1,1,1,135,4757300,58900,490,3,2,2,0,4,1,0,75,1,0,1,0,0
200600017409,6,4,1,1045,1,1,1,1,2,104,4786300,58500,530,3,2,2,0,1,1,0,100,1,0,1,0,1
200600017411,6,4,25,1745,1,2,1,1,1,88,4797300,111800,530,3,2,2,0,1,1,0,64,1,0,1,0,0
200600017413,6,4,26,1245,1,1,1,1,4,51,4834600,53400,530,2,2,2,0,1,2,0,72,1,0,1,0,1
200600017414,6,4,29,1430,1,1,1,7,7,306,4785100,19100,720,3,2,2,0,0,3,0,58,1,0,2,99,1
200600017419,6,4,21,1715,1,1,1,1,6,217,4809500,21000,720,3,2,2,0,1,2,55,0,1,0,3,0,0
200600017424,6,4,17,415,3,1,1,1,7,10,4788500,22100,720,3,2,2,0,2,3,0,60,1,0,0,0,1
200600017430,6,4,21,1200,1,1,1,1,5,284,4826700,4600,720,3,2,2,0,1,2,0,82,1,0,1,0,0
200600017431,6,4,30,1400,1,1,1,1,6,186,4821600,13800,720,4,2,2,0,1,3,0,40,1,0,1,0,0
200600017434,6,4,16,130,3,1,1,1,1,17,4691000,107000,850,4,2,2,0,1,1,0,35,1,0,1,0,1
200600017436,6,4,9,945,1,1,1,1,5,223,4655000,104000,850,3,2,2,0,1,1,0,56,1,0,1,0,0
200600017437,6,4,10,845,1,1,2,1,4,117,4647000,125000,850,3,2,2,0,1,1,0,64,1,5,1,0,1
200600017438,6,4,22,315,3,2,1,1,2,209,4652900,99500,850,2,2,0,0,1,1,0,60,1,0,1,0,0
200600017439,6,4,24,1705,1,1,1,1,1,42,4638000,101000,850,2,2,2,0,1,1,0,69,1,0,1,0,1
200600017441,6,4,15,15,3,1,1,1,6,112,4657100,176900,850,3,2,0,0,1,1,0,57,1,0,3,0,1
200600017450,6,4,9,145,5,1,1,1,6,3,4492800,52600,330,3,2,2,0,1,1,0,74,1,0,3,0,0
200600017453,6,4,2,830,1,2,1,1,1,140,4478100,35100,330,3,2,2,0,0,3,0,0,1,0,1,0,0
200600017456,6,4,7,1950,2,2,3,1,5,366,4499000,43000,330,3,2,3,0,1,1,0,93,1,0,1,0,0
200600017458,6,4,2,2015,2,1,1,1,7,465,4455700,21000,330,3,2,2,0,4,3,0,0,1,0,3,0,0
200600017459,6,4,2,1800,1,1,1,1,6,26,4451000,43000,330,3,2,2,0,1,1,0,62,1,0,1,0,0
200600017460,6,4,21,630,2,2,6,1,6,484,4443300,48500,330,3,1,0,0,1,2,0,65,1,5,3,0,0
200600017461,6,4,10,1445,1,1,1,1,3,57,4475300,11300,330,3,2,0,0,1,1,0,70,1,0,1,0,0
200600017462,6,4,15,930,1,1,2,1,3,258,4476500,14800,330,3,2,2,0,0,3,0,52,1,0,1,0,0
200600017464,6,4,16,1415,1,1,1,1,3,193,4543000,109000,330,3,2,2,0,1,1,0,59,1,0,1,0,0
200600017465,6,4,22,1845,1,2,1,1,6,208,4541000,94000,330,4,2,2,0,1,3,0,25,1,0,3,0,1
200600017466,6,4,29,1145,1,1,1,1,5,222,4498200,15200,330,2,0,0,0,1,1,0,0,1,0,1,0,1
200600017467,6,4,4,1220,1,1,1,1,1,421,4481200,14300,330,3,2,2,0,2,3,0,68,1,0,1,0,1
200600017468,6,4,14,715,2,2,1,5,5,466,4483100,29000,330,3,2,2,0,2,1,0,70,1,5,1,0,1
200600017473,6,4,22,2015,1,1,1,1,7,393,4501100,17000,330,3,2,2,0,1,1,0,70,1,0,1,0,0
200600017474,6,4,24,2000,2,1,1,1,2,393,4499400,18000,330,3,2,2,0,1,1,0,75,1,0,1,0,1
200600017476,6,4,18,2000,1,1,2,1,3,179,4500200,25900,330,3,2,2,0,1,1,0,67,1,5,1,0,1
200600017477,6,4,3,2000,1,1,1,1,3,160,4509200,71900,240,3,2,2,0,1,1,0,53,1,0,1,0,0
200600017482,6,4,9,545,3,1,1,8,6,69,4526100,61600,240,3,2,2,0,1,2,0,53,2,0,3,0,0
200600017483,6,4,11,1245,1,1,1,1,6,236,4519100,56200,240,4,2,2,0,4,2,0,35,9,0,3,0,0
200600017485,6,4,14,2330,3,1,1,1,7,540,4532100,87400,240,2,2,2,0,1,2,0,77,1,0,3,0,0
200600017491,6,4,20,1800,1,1,1,1,5,501,4483200,6100,240,4,2,0,0,1,4,0,48,1,0,1,0,0
200600017492,6,4,14,1300,1,1,3,1,5,1,4557900,80200,240,3,2,2,0,0,1,0,60,1,0,0,0,0
200600017493,6,4,15,30,5,2,1,1,7,311,4552500,65700,240,4,2,2,0,2,3,0,60,1,0,1,0,0
200600017494,6,4,16,1100,1,1,1,1,3,567,4536300,87200,240,2,2,3,3,2,2,0,118,1,5,1,0,0
200600017496,6,4,13,1945,1,1,1,1,7,243,4529600,54200,240,3,2,2,0,1,3,0,57,1,0,1,0,1
200600017497,6,4,16,1545,1,1,1,1,6,243,4525700,57300,240,4,2,2,0,4,2,0,54,1,0,3,0,0
200600017500,6,4,9,1400,1,2,1,1,1,229,4513300,122600,240,3,2,2,0,1,1,0,50,1,0,1,0,0
200600017501,6,4,8,1,3,2,1,1,6,162,4397200,40400,400,4,2,2,0,1,1,0,50,1,0,1,0,0
200600017502,6,4,16,1815,1,1,1,1,6,234,4396100,34000,400,3,2,2,0,2,1,70,0,1,0,3,0,0
200600017504,6,4,1,1430,1,1,1,1,6,77,4354900,107000,400,2,2,0,0,3,2,0,0,1,0,1,0,0
200600017505,6,4,4,1210,1,1,1,1,1,132,4356600,100600,400,3,2,2,0,2,2,0,60,1,0,1,0,0
200600017506,6,4,13,1900,1,1,1,1,4,95,4361100,91200,400,3,2,2,0,1,1,0,58,1,5,1,0,0
200600017507,6,4,15,1200,1,2,1,1,1,224,4355400,111500,400,3,2,2,0,0,1,0,54,1,0,1,0,0
200600017508,6,4,15,1700,1,1,1,1,1,269,4363200,111000,400,3,2,2,0,1,1,0,60,1,0,1,0,0
200600017511,6,4,22,300,3,2,1,1,5,304,4369400,143600,400,4,2,2,0,1,2,0,62,2,0,1,0,0
200600017512,6,4,13,630,2,2,1,1,5,312,4354000,146000,400,2,2,2,0,1,1,0,200,1,0,1,0,0
200600017515,6,4,17,230,5,2,1,2,6,184,4421900,129500,400,3,1,1,0,1,0,0,0,2,0,4,0,0
200600017518,6,4,11,1445,1,1,1,1,6,100,4391900,24000,400,3,2,2,0,1,1,0,40,1,0,1,0,0
200600017519,6,4,24,1315,1,1,1,1,6,96,4401700,16600,400,3,2,2,0,1,1,0,0,1,0,1,0,0
200600017525,6,4,20,600,3,2,1,1,7,196,4434100,32400,470,2,2,2,0,0,2,60,60,1,2,1,0,1
200600017526,6,4,5,200,3,1,1,2,6,171,4432600,72400,470,2,2,0,0,1,2,0,72,2,0,1,0,0
200600017530,6,4,15,1230,1,1,2,1,3,277,4448100,300,470,4,2,0,0,1,1,0,40,1,0,1,0,0
200600017531,6,4,25,915,1,2,1,1,6,233,4453400,9600,470,9,2,2,0,1,0,35,0,1,0,1,0,0
200600017533,6,4,7,930,1,1,1,1,1,101,4444900,13900,470,3,0,2,0,1,1,70,0,1,0,0,0,1
200600017535,6,4,16,1215,1,1,1,1,5,310,4439100,30000,470,3,2,2,0,1,1,0,70,1,0,1,0,0
200600017538,6,4,2,2145,5,1,2,1,3,27,4441000,67000,470,4,2,2,0,1,1,0,60,1,5,1,0,1
200600017541,6,4,28,545,5,2,1,1,1,280,4440200,80400,470,3,2,2,0,1,1,11,65,1,0,1,0,0
200600017545,6,4,30,1830,1,2,1,1,3,309,4450000,45000,470,3,2,2,0,2,1,0,62,1,0,1,0,0
200600017546,6,4,8,2200,5,2,6,1,6,315,4331000,44000,640,3,2,2,2,1,1,20,110,1,0,1,0,0
200600017551,6,4,9,1500,1,1,1,1,6,504,4331900,156100,640,3,2,0,0,2,2,0,50,1,0,3,0,0
200600017553,6,4,21,1600,1,2,1,1,6,493,4333200,103300,640,3,1,0,0,1,3,0,76,1,0,1,0,0
200600017554,6,4,26,2215,3,1,1,1,6,150,4320900,107100,640,3,2,0,0,0,1,0,80,1,0,1,0,0
200600017555,6,4,13,545,3,1,1,1,7,127,4305600,43100,640,3,2,2,0,0,1,0,40,1,0,3,0,0
200600017556,6,4,24,1430,1,2,1,1,6,430,4349000,79000,640,2,2,2,0,1,1,0,77,1,0,4,0,1
200600017558,6,4,4,1645,1,1,1,1,1,30,4673700,21100,860,3,2,2,0,1,1,0,70,1,0,1,0,0
200600017565,6,4,25,1200,1,2,1,1,3,103,4638000,40400,860,3,2,2,0,4,3,0,65,1,0,1,0,1
200600017566,6,4,2,115,5,2,1,1,1,92,4694000,60400,860,9,2,2,0,1,4,0,0,1,0,1,0,0
200600017567,6,4,7,2300,3,1,1,1,6,221,4681300,34300,860,4,2,0,0,1,2,0,46,0,0,0,0,0
200600017570,6,4,14,2130,3,1,1,1,1,36,4704000,4000,860,2,2,2,0,1,1,0,78,1,0,1,0,1
200600017575,6,4,25,1815,1,2,1,1,3,190,4635000,70600,860,3,2,2,0,1,2,0,63,1,0,1,0,0
200600017577,6,4,13,700,1,1,3,1,5,60,4579000,27000,160,3,2,2,0,1,1,0,100,1,0,1,0,0
200600017579,6,4,27,1030,1,1,1,1,6,351,4563400,3700,160,3,2,2,0,1,1,0,49,1,0,1,0,0
200600017587,6,4,12,1715,1,2,1,1,7,407,4620000,102300,170,3,2,2,0,1,3,0,62,1,0,3,0,0
200600017592,6,4,7,1915,1,1,1,1,6,5,4539700,49000,170,4,2,0,0,1,1,0,47,1,5,1,0,0
200600017595,6,4,15,1115,1,1,1,1,3,118,4524000,40000,170,3,2,0,0,2,2,0,100,1,5,1,0,0
200600017596,6,4,13,45,3,1,1,1,6,55,4519700,5200,170,3,2,2,0,1,2,0,53,1,0,3,0,0
200600017597,6,4,2,1900,1,1,1,1,7,351,4582300,106600,170,3,2,2,0,1,0,0,50,1,0,1,0,0
200600017598,6,4,6,1915,1,1,2,1,3,406,4575800,94500,170,3,2,2,0,1,1,0,0,1,5,1,0,0
200600017599,6,4,8,1615,1,1,1,1,7,219,4583300,108000,170,9,0,0,0,1,0,0,0,1,0,0,0,0
200600017600,6,4,24,915,1,1,9,5,5,185,4574400,93200,170,3,2,2,0,1,1,0,64,2,0,3,0,0
200600017601,6,4,16,1515,1,1,1,1,7,308,4588300,96400,170,3,3,4,0,0,1,20,140,1,0,1,0,0
200600017605,6,4,12,1430,1,2,1,1,3,353,4598600,104100,170,4,2,0,0,1,0,0,66,1,0,1,3,0
200600017607,6,4,10,1830,1,1,2,1,1,482,4615400,80800,170,3,2,2,0,1,1,23,39,1,5,1,0,1
200600017612,6,4,2,1700,1,1,1,1,2,172,4555000,69800,170,3,2,2,0,2,1,0,57,1,0,1,0,0
200600017613,6,4,4,1645,1,2,1,1,7,172,4557100,67600,170,3,2,2,0,1,1,0,54,1,0,1,0,0
200600017614,6,4,8,1100,1,2,1,1,6,283,4558400,55200,170,4,2,1,0,2,0,0,120,1,0,1,3,0
200600017615,6,4,16,1500,1,1,1,7,7,56,4561000,49200,170,3,2,2,0,4,4,0,67,1,0,3,0,0
200600017616,6,4,23,1430,1,1,1,1,6,273,4561600,48400,170,3,2,0,0,0,1,0,60,1,0,3,0,0
200600017619,6,4,24,915,1,2,1,1,6,347,4595000,52500,170,3,1,1,0,1,3,0,40,1,0,4,0,0
200600017620,6,4,2,1845,1,1,2,1,3,320,4645000,46800,790,4,2,2,0,1,1,0,39,1,0,1,0,0
200600017621,6,4,21,1800,1,1,1,1,1,308,4636800,49100,790,3,2,2,0,1,1,0,70,1,0,1,0,0
200600017625,6,4,21,1200,1,1,1,1,5,137,4622100,46700,790,2,2,2,0,2,1,0,75,1,0,1,0,0
200600017626,6,4,21,1715,1,1,1,1,3,3,4628600,40600,790,3,2,0,0,1,1,0,62,1,0,1,0,1
200600017627,6,4,12,1015,1,1,2,1,3,128,4639500,33700,790,3,2,2,0,2,1,0,56,1,0,1,0,0
200600017629,6,4,3,745,1,1,1,1,3,158,4613800,15900,790,3,2,0,0,1,1,0,62,1,0,1,0,0
200600017630,6,4,15,1600,1,1,1,1,7,352,4610900,29200,790,3,2,2,0,1,1,0,53,1,0,1,0,0
200600017631,6,4,25,1430,1,1,1,7,5,230,4628200,13300,790,4,2,2,0,1,0,0,45,1,0,1,0,0
200600017634,6,4,12,1415,1,1,1,1,2,19,4674000,13100,790,3,2,2,0,0,1,0,49,1,0,1,0,0
200600017635,6,4,5,1715,1,2,1,1,6,2,4595600,139600,870,4,2,2,0,1,1,0,100,1,0,1,0,0
200600017636,6,4,21,1830,1,1,1,1,6,35,4584000,161400,870,3,2,2,0,0,3,0,65,1,0,0,0,1
200600017638,6,4,1,2145,3,1,1,1,6,11,4611100,108700,870,4,2,2,0,2,2,0,28,1,0,1,0,0
200600017643,6,4,7,1435,1,2,1,1,3,1,4552400,176600,190,4,2,2,0,0,3,0,0,1,0,1,0,0
200600017644,6,4,12,800,1,2,1,1,5,276,4542000,156000,190,3,2,2,0,2,2,0,56,1,0,1,0,0
200600017645,6,4,7,815,1,2,1,1,7,23,4512700,172600,190,3,2,2,0,1,1,0,57,1,0,3,3,0
200600017647,6,4,1,330,3,1,1,1,6,195,4526100,138700,190,3,2,0,0,1,1,0,50,2,0,1,0,0
200600017648,6,4,10,1400,1,1,1,2,3,114,4559600,229100,190,3,2,2,0,1,2,0,75,2,0,1,0,0
200600017649,6,4,19,300,3,1,1,1,6,18,4632900,152800,230,3,2,2,0,3,2,0,50,1,0,3,0,1
200600017650,6,4,11,1800,1,2,1,1,7,8,4595800,216700,230,2,3,0,0,1,1,0,60,1,0,1,0,0
200600017651,6,4,11,845,1,1,1,9,1,125,4573400,219900,230,3,2,2,0,1,2,0,78,7,0,1,0,0
200600017652,6,4,12,1615,1,2,1,1,1,67,4570500,226400,230,4,2,1,0,0,3,0,69,1,0,1,0,0
200600017653,6,4,8,1500,1,1,2,1,1,14,4609200,179600,230,3,2,2,0,1,3,0,38,1,0,1,0,1
200600017654,6,4,13,445,5,2,6,1,7,44,4361200,148800,310,3,2,4,0,1,2,0,140,1,5,1,0,0
200600017657,6,4,8,2245,5,2,1,1,6,424,4357000,132100,310,9,2,0,0,1,2,0,60,1,0,1,0,0
200600017658,6,4,14,830,1,2,1,1,6,291,4360400,123400,310,2,2,0,0,1,1,0,92,1,0,1,0,1
200600017659,6,4,29,630,2,1,1,1,6,438,4364300,114600,310,2,2,2,0,1,2,0,66,1,0,3,0,1
200600017660,6,4,7,800,1,1,3,1,3,433,4354400,137600,310,3,2,2,0,3,2,0,120,1,5,1,0,0
200600017661,6,4,11,500,3,2,3,1,1,433,4353700,138900,310,3,2,2,0,1,1,0,80,1,0,1,0,0
200600017662,6,4,27,1100,1,2,2,1,5,458,4351100,137100,310,4,2,2,0,1,1,0,68,1,5,1,0,0
200600017663,6,4,8,730,1,2,1,1,1,446,4354000,148000,310,2,3,2,0,1,1,80,0,1,0,1,0,0
200600017666,6,4,23,1130,1,2,1,1,2,91,4373400,141600,310,3,2,2,0,1,1,60,0,1,0,1,0,0
200600017670,6,4,26,1015,1,2,1,1,6,395,4346700,132600,310,2,2,2,0,1,1,0,80,1,0,1,0,0
200600017671,6,4,29,1100,1,1,1,1,6,263,4340200,140700,310,3,2,0,0,1,1,0,55,1,0,3,0,0
200600017672,6,4,3,2100,3,1,1,1,1,361,4334400,132300,310,3,2,2,0,1,1,0,60,1,0,1,0,1
200600017673,6,4,4,1800,1,2,1,1,2,574,4343700,142700,310,3,2,2,0,1,1,0,70,1,0,1,0,0
200600017674,6,4,22,1615,1,1,1,1,2,33,4334200,148100,310,2,2,0,0,1,1,73,0,1,0,1,0,0
200600017675,6,4,25,800,1,1,1,8,5,145,4333600,148800,310,2,2,2,0,1,2,0,70,1,0,1,0,1
200600017676,6,4,5,1415,1,2,1,1,6,107,4330200,122700,310,4,2,2,0,1,1,0,40,1,0,1,0,0
200600017677,6,4,19,800,1,2,6,1,6,324,4320400,101200,310,2,1,1,0,1,2,60,0,1,0,1,0,0
200600017680,6,4,17,115,3,1,1,1,7,43,4319900,56000,310,3,0,0,0,1,1,0,60,1,0,3,0,0
200600017681,6,4,21,1530,1,2,1,7,3,390,4309000,56200,310,2,2,2,3,1,3,0,0,1,5,1,0,0
200600017682,6,4,22,1810,1,1,1,2,3,207,4299400,63100,310,3,2,2,0,1,1,0,87,2,5,1,0,0
200600017683,6,4,7,15,3,1,1,1,1,142,4286000,60700,310,3,2,2,0,1,1,0,70,1,0,1,0,1
200600017684,6,4,18,730,2,1,1,2,3,144,4293200,65000,310,3,2,2,1,0,1,0,128,2,5,1,0,0
200600017686,6,4,5,1500,1,1,1,1,3,485,4347800,172200,310,3,2,2,0,1,1,70,70,1,0,1,0,0
200600017687,6,4,20,1715,1,1,1,7,1,546,4337200,167300,310,3,2,0,0,2,1,0,65,1,0,1,0,0
200600017688,6,4,1,45,3,1,1,1,6,29,4354200,169600,310,4,2,2,0,1,2,0,30,1,0,3,0,0
200600017689,6,4,2,415,5,1,5,1,3,4,4345200,159700,310,3,3,1,0,1,1,0,44,1,5,1,0,1
200600017690,6,4,24,915,1,2,1,1,6,303,4286600,157400,90,3,2,2,0,2,3,0,57,1,0,1,0,0
200600017692,6,4,30,1430,1,1,1,1,6,38,4316000,127000,90,3,2,0,0,1,1,0,64,1,0,3,0,0
200600017693,6,4,7,700,2,1,1,1,1,194,4308800,190500,90,3,2,2,0,0,1,0,64,1,0,1,0,1
200600017694,6,4,23,2215,5,2,1,1,3,268,4300600,113100,90,3,2,2,0,1,1,38,104,1,5,1,0,0
200600017695,6,4,29,130,3,1,1,1,7,149,4295600,117600,90,3,2,0,0,0,3,0,57,1,0,1,0,1
200600017696,6,4,16,30,3,1,1,2,3,32,4430900,239500,120,3,2,2,0,2,3,0,71,1,0,1,0,1
200600017697,6,4,30,945,1,2,1,1,1,202,4429000,260500,120,3,2,2,0,1,1,0,60,1,0,1,0,0
200600017702,6,4,29,1730,1,1,1,1,1,266,4426800,289200,120,3,2,2,0,1,2,0,70,1,0,1,0,0
200600017704,6,4,29,1430,1,2,1,1,1,300,4435000,202000,120,3,2,3,3,1,1,0,91,1,0,1,0,0
200600017705,6,4,5,1745,1,1,1,1,1,183,4366400,66500,320,2,2,2,0,2,1,0,70,1,0,1,0,1
200600017706,6,4,24,2010,1,1,1,1,1,29,4360300,43000,320,3,2,2,0,2,2,0,62,1,0,1,0,0
200600017707,6,4,26,1715,1,1,1,1,5,162,4376000,47800,320,3,2,0,3,1,1,0,90,1,5,1,0,0
200600017708,6,4,9,415,3,2,1,1,6,87,4386500,16700,320,3,2,2,0,2,4,0,57,1,0,3,0,0
200600017710,6,4,30,2030,2,1,1,1,7,79,4395300,9300,320,4,2,2,0,1,1,0,40,1,0,1,0,0
200600017711,6,4,3,915,1,2,1,1,6,132,4385000,66600,320,2,2,2,0,1,1,0,95,1,0,1,0,0
200600017713,6,4,28,1515,1,1,1,8,3,85,4398500,72000,320,3,2,2,0,1,1,0,52,1,0,1,0,0
200600017714,6,4,27,1815,1,1,1,8,5,254,4354800,47000,320,2,2,2,0,2,3,0,60,2,0,1,0,0
200600017715,6,4,3,630,2,2,1,1,6,28,4338400,39100,320,3,2,2,0,1,0,0,51,1,0,1,0,0
200600017717,6,4,13,1130,1,1,1,1,6,233,4353000,18000,320,3,2,2,0,1,2,0,50,1,0,1,0,0
200600017718,6,4,30,1915,1,2,1,1,1,265,4353000,34700,320,3,2,2,0,2,0,0,50,1,5,1,0,0
200600017721,6,4,15,1830,1,1,1,1,1,307,4449700,104400,460,3,2,2,0,1,1,0,62,1,0,1,0,1
200600017723,6,4,6,1415,1,2,1,1,6,271,4486500,184900,460,3,2,0,0,1,4,0,67,1,5,1,0,0
200600017729,6,4,1,915,1,1,1,1,5,7,4332000,7000,650,3,2,2,0,1,1,0,66,1,0,1,0,0
200600017730,6,4,14,1930,2,1,1,1,3,130,4357000,2000,650,3,2,0,0,1,2,0,71,1,0,1,0,0
200600017732,6,4,9,600,3,1,1,1,6,308,4402900,240300,810,3,2,2,0,2,3,0,55,1,0,1,0,1
200600017733,6,4,1,430,3,1,1,1,5,140,4370000,180000,810,3,2,0,0,1,1,0,68,1,0,1,0,1
200600017735,6,4,2,300,3,1,1,1,6,99,4388600,185700,810,3,2,2,0,1,1,70,70,1,0,3,0,0
200600017737,6,4,30,2015,1,2,1,7,1,204,4352600,236400,810,3,4,3,0,1,1,0,96,1,5,1,0,0
200600017744,6,4,5,745,1,1,1,2,6,13,4386800,103900,820,3,2,2,0,2,3,0,62,2,0,1,0,0
200600017745,6,4,19,1130,1,1,1,1,7,103,4384000,92000,820,3,2,2,0,1,1,0,65,1,0,3,0,0
200600017747,6,4,23,2130,3,1,1,1,6,53,4386900,106800,820,3,2,2,0,1,1,0,65,1,0,0,0,0
200600017750,6,4,21,2300,3,1,1,1,6,51,4417500,116500,820,3,2,2,0,1,3,0,55,1,0,3,0,0
200600017762,6,4,24,1045,1,2,1,1,3,238,4563600,445800,690,4,2,2,0,0,1,0,65,1,0,1,0,0
200600017763,6,4,5,1045,1,2,1,1,1,94,4573800,468800,690,4,2,0,0,1,1,0,0,1,0,1,0,0
200600017764,6,4,21,2330,3,1,1,1,6,249,4568000,466000,690,3,2,2,0,1,2,0,60,1,0,3,0,0
200600017770,6,4,27,1730,1,2,1,1,2,165,4614300,464200,690,3,2,2,0,2,1,0,43,1,0,1,0,0
200600017772,6,4,17,1600,1,1,1,1,5,19,4609700,473000,690,3,2,3,0,1,1,0,110,1,0,1,0,0
200600017774,6,4,19,1230,1,2,1,1,3,206,4606300,470700,690,3,2,0,0,1,2,0,0,1,0,1,0,0
200600017775,6,4,29,1145,2,2,1,1,1,77,4615900,476500,690,3,0,0,0,0,4,0,0,1,0,3,0,0
200600017780,6,4,14,545,3,1,1,1,6,264,4619400,512800,10,3,2,2,0,2,1,0,64,1,0,1,0,0
200600017781,6,4,21,1200,1,1,1,1,6,259,4621000,510000,10,3,2,0,0,0,3,0,50,1,0,1,0,0
200600017782,6,4,9,500,1,1,1,2,6,125,4621900,545000,10,3,1,0,0,1,1,0,35,2,0,1,0,0
200600017783,6,4,15,1330,1,2,1,1,3,266,4633700,513200,10,3,2,0,0,1,1,0,70,1,0,1,0,0
200600017786,6,4,30,1215,1,1,1,1,3,144,4632300,501000,10,3,2,2,0,1,1,0,60,1,0,1,0,0
200600017788,6,4,1,2200,3,1,1,1,1,116,4582500,561300,10,3,2,2,0,2,2,0,63,1,0,1,0,1
200600017791,6,4,23,2230,3,1,1,1,7,36,4590600,563600,10,3,2,2,0,2,2,0,65,1,0,0,0,0
200600017793,6,4,18,245,5,2,1,1,6,4,4596900,534700,10,4,2,2,0,1,1,0,60,1,0,1,3,1
200600017794,6,4,23,1715,1,1,1,1,3,345,4595400,532100,10,2,2,2,0,1,1,0,120,1,0,1,0,0
200600017799,6,4,2,615,1,1,1,1,1,153,4630500,604600,10,3,2,2,0,1,1,0,71,1,0,1,0,0
200600017800,6,4,5,815,1,1,1,2,3,173,4634600,608600,10,3,2,0,0,0,1,0,0,2,0,1,0,0
200600017801,6,4,12,1800,1,1,1,1,2,436,4635200,610300,10,3,2,2,0,1,1,0,70,1,0,1,0,0
200600017813,6,4,10,1700,1,1,1,1,3,348,4455600,440900,70,3,3,2,0,1,1,10,210,1,0,1,0,0