Num_Acc,an,mois,jour,hrmn,lum,agg,int,atm,col,com,lat,long,dep,catr,circ,nbv,vosp,prof,plan,lartpc,larrout,surf,infra,situ,env1,killed
200600017820,6,4,1,1345,1,1,1,8,6,101,4442000,430600,70,3,2,2,0,1,3,0,69,2,0,3,0,1
200600017821,6,4,16,1520,1,1,1,1,6,97,4500500,483900,70,2,2,1,0,1,1,0,70,1,0,1,0,1
200600017822,6,4,19,1330,1,1,3,1,3,40,4502000,466900,70,3,2,2,0,1,1,0,60,1,0,1,0,1
200600017823,6,4,21,545,1,1,1,1,1,52,4494500,477400,70,3,2,1,0,0,3,0,78,1,0,1,0,0
200600017825,6,4,14,1615,1,2,1,1,3,206,4483400,497900,260,3,2,3,0,0,1,0,110,1,0,1,3,0
200600017827,6,4,16,1630,1,1,1,1,7,56,4456300,511700,260,3,2,2,0,2,3,0,0,1,0,1,0,0
200600017830,6,4,24,1330,1,2,1,1,6,11,4472000,506100,260,4,0,0,0,1,1,0,200,1,0,1,0,0
200600017834,6,4,30,1915,1,1,1,1,6,336,4463800,507500,260,3,2,2,0,1,0,0,0,1,0,1,0,0
200600017835,6,4,19,1730,1,1,1,1,1,166,4475900,479000,260,2,0,0,0,4,1,54,92,1,5,1,0,0
200600017836,6,4,20,1900,1,2,1,7,3,124,4484100,489500,260,4,2,2,0,1,1,0,76,1,0,1,0,1
200600017838,6,4,11,830,1,1,1,9,1,40,4455800,558300,260,3,2,0,0,2,3,0,70,7,0,1,0,0
200600017839,6,4,17,215,3,1,3,1,3,85,4452000,474600,260,2,2,2,0,1,1,0,64,1,0,1,0,0
200600017846,6,4,19,2015,2,1,1,1,6,10,4528600,490400,260,4,2,0,0,1,1,0,30,1,0,1,0,1
200600017851,6,4,13,1630,1,1,1,1,6,262,4537200,601500,380,3,2,2,0,2,2,0,42,1,0,0,0,1
200600017853,6,4,15,300,3,1,1,1,7,140,4529700,589400,380,2,2,2,0,2,1,0,90,1,0,3,0,0
200600017856,6,4,23,2115,5,2,6,1,6,466,4538200,594900,380,3,2,1,0,1,0,0,0,1,5,1,0,0
200600017857,6,4,30,130,3,1,1,1,6,367,4535300,591400,380,3,2,2,0,1,4,0,45,1,0,3,0,0
200600017859,6,4,2,500,5,2,9,8,6,269,4490800,578700,380,4,2,2,0,1,1,83,83,2,0,1,0,1
200600017860,6,4,2,1845,1,1,1,1,1,113,4482700,562200,380,2,2,2,0,1,1,0,74,1,0,1,0,0
200600017862,6,4,28,1520,1,2,1,2,1,200,4510000,574000,380,4,0,0,0,2,1,0,50,2,0,1,0,0
200600017863,6,4,30,1745,1,2,1,1,6,71,4508000,573000,380,4,2,0,0,0,1,0,50,1,0,1,0,0
200600017864,6,4,5,1630,1,2,1,2,1,95,4514400,530800,380,4,2,0,0,0,1,0,30,2,0,1,0,0
200600017865,6,4,21,1645,1,2,6,1,3,416,4515100,531200,380,2,2,2,0,1,1,0,0,1,5,1,0,0
200600017866,6,4,22,1052,1,2,6,1,1,416,4515500,531800,380,2,2,2,0,1,1,0,0,1,0,1,0,0
200600017867,6,4,16,2030,3,1,1,1,1,566,4532600,553300,380,2,2,0,0,1,1,0,64,1,0,1,0,0
200600017868,6,4,3,1845,1,2,3,1,3,517,4530600,549100,380,3,1,1,0,1,2,0,70,1,5,1,0,0
200600017869,6,4,19,1315,1,1,1,1,1,526,4526100,540500,380,4,2,2,0,2,3,0,55,1,0,1,0,0
200600017872,6,4,17,1330,1,2,1,1,1,560,4548800,547600,380,3,2,0,0,2,4,0,0,1,0,1,0,0
200600017873,6,4,23,1800,1,2,1,1,6,65,4544800,542800,380,4,2,0,0,1,1,0,40,1,0,1,0,0
200600017874,6,4,3,745,1,1,1,1,1,26,4583200,531800,380,3,2,0,0,0,1,70,0,2,0,1,0,0
200600017877,6,4,15,400,5,2,1,1,6,28,4551400,559800,380,2,2,0,0,0,1,0,71,1,0,3,0,0
200600017878,6,4,24,1320,1,1,1,1,7,377,4558500,552300,380,3,2,2,0,2,1,0,60,1,0,1,0,0
200600017880,6,4,1,1600,1,2,1,1,6,87,4558100,480700,380,3,3,0,0,1,0,20,0,1,0,1,0,0
200600017881,6,4,23,1800,1,1,1,1,7,160,4547600,503700,380,3,2,0,0,1,3,0,40,1,0,1,0,0
200600017882,6,4,24,1100,1,1,1,1,7,131,4545100,485500,380,3,2,0,0,3,2,0,90,1,0,1,0,0
200600017883,6,4,22,1830,1,1,1,1,3,487,4556500,486100,380,2,2,2,0,1,1,0,90,1,5,1,0,0
200600017884,6,4,28,2030,2,1,1,2,4,336,4549000,483600,380,2,2,2,0,2,4,16,80,2,0,1,0,0
200600017886,6,4,19,2045,1,1,2,7,3,259,4544500,498100,380,3,2,2,0,1,1,105,67,1,5,1,0,0
200600017887,6,4,20,1715,1,1,1,1,1,134,4543600,501100,380,3,2,2,0,2,3,0,67,1,0,1,0,0
200600017888,6,4,23,845,1,1,1,1,3,406,4543000,508700,380,3,2,2,0,1,1,0,59,1,0,1,0,0
200600017889,6,4,29,1245,1,1,3,1,1,324,4542400,501500,380,3,2,0,0,0,1,0,63,1,5,1,0,0
200600017890,6,4,10,1515,1,1,2,2,1,346,4550300,508900,380,3,2,2,0,1,1,0,75,2,0,1,0,0
200600017898,6,4,22,1830,1,2,9,1,1,5,4553800,427200,420,6,2,2,0,0,1,0,60,1,0,1,0,0
200600017899,6,4,17,1315,1,1,1,1,7,238,4578300,380000,420,3,2,2,0,1,2,0,50,1,0,1,0,0
200600017900,6,4,2,2200,3,1,1,2,6,88,4578200,421400,420,2,2,2,0,1,1,0,80,2,0,1,0,1
200600017906,6,4,11,2030,3,1,1,1,7,129,4536700,471700,420,4,2,1,0,1,1,0,41,1,0,1,0,0
200600017907,6,4,16,1815,1,1,1,1,1,64,4545800,468800,420,3,2,2,0,2,1,0,51,1,0,1,0,0
200600017908,6,4,29,1300,1,1,1,1,7,265,4546200,475200,420,3,2,2,0,2,3,0,55,1,0,1,0,1
200600017912,6,4,16,2130,5,1,1,1,1,267,4615500,415400,420,3,2,2,0,1,1,0,75,1,0,1,0,0
200600017918,6,4,9,730,1,2,1,1,6,85,4580000,585000,730,3,2,2,0,2,3,0,60,2,0,1,0,1
200600017923,6,4,22,1215,1,1,1,1,3,297,4564900,632600,730,3,0,2,0,1,1,0,75,1,0,1,0,0
200600017938,6,4,20,1745,1,2,6,1,6,224,4607000,631400,740,4,1,1,0,1,2,60,0,1,5,1,0,0
200600017945,6,4,10,700,2,1,1,3,3,263,4633100,635900,740,2,2,0,0,1,1,0,77,2,5,1,0,0
200600017947,6,4,3,1345,1,1,1,1,6,127,4634800,654800,740,3,2,2,0,2,2,0,70,1,0,1,0,0
200600017954,6,4,2,910,1,2,1,1,1,454,4565600,371300,630,3,2,2,0,2,2,0,59,1,0,1,0,0
200600017957,6,4,15,1730,1,1,1,1,7,172,4558300,307400,630,3,2,2,0,2,2,0,65,1,0,3,0,0
200600017958,6,4,2,600,3,1,1,1,7,91,4542700,328300,630,3,2,2,0,2,1,0,40,1,0,1,0,0
200600017959,6,4,20,1700,1,2,1,1,3,322,4585700,318100,630,3,2,2,0,1,2,0,75,1,0,1,0,0
200600017961,6,4,8,1345,1,1,2,1,3,125,4578800,353200,630,3,2,2,0,0,1,0,72,1,0,1,0,0
200600017962,6,4,1,1715,1,1,1,1,6,291,4595400,346700,630,3,2,2,0,1,1,0,60,1,0,3,0,0
200600017963,6,4,8,2345,3,1,1,1,7,271,4593700,349700,630,3,2,2,0,0,1,0,60,1,0,1,0,0
200600017965,6,4,24,1600,1,1,1,1,6,271,4593300,346200,630,3,2,0,0,0,1,0,60,1,0,1,0,0
200600017966,6,4,3,1700,1,1,1,1,6,155,4676200,293700,30,3,2,2,0,1,1,0,60,1,0,3,0,0
200600017968,6,4,2,1700,1,1,1,1,3,119,4673100,362200,30,3,2,2,0,1,1,0,59,2,5,1,0,0
200600017969,6,4,5,715,2,1,1,2,3,59,4627700,322200,30,3,2,0,0,1,1,0,0,2,0,1,0,0
200600017970,6,4,16,2215,5,2,2,1,3,267,4632000,326000,30,3,2,2,0,1,1,0,62,1,5,1,0,0
200600017971,6,4,14,1130,1,1,1,1,6,217,4634600,265400,30,2,2,0,0,0,2,0,0,1,0,0,0,0
200600017974,6,4,16,2100,2,1,1,1,7,82,4628500,274700,30,4,2,2,0,1,1,0,50,1,0,3,0,0
200600017977,6,4,1,1915,1,1,1,1,6,181,4469400,222200,150,3,2,2,0,1,1,0,76,2,0,3,0,0
200600017978,6,4,28,1830,1,2,1,8,1,162,4529000,265900,150,9,2,2,0,1,0,0,0,1,0,1,0,0
200600017981,6,4,19,1600,1,1,1,1,7,225,4522800,281500,150,3,2,0,0,1,1,0,0,1,0,3,0,0
200600017982,6,4,9,145,3,2,1,1,6,142,4493100,299000,150,4,2,2,0,2,1,35,0,1,0,3,0,0
200600017983,6,4,30,1300,1,2,1,1,7,235,4500800,302100,150,4,0,0,0,2,1,0,0,1,0,3,0,1
200600017986,6,4,12,1345,1,1,1,8,6,111,4483300,387000,430,2,2,0,0,3,2,0,70,1,0,1,0,0
200600017987,6,4,15,30,5,1,1,1,6,111,4488000,384000,430,2,2,2,0,2,1,0,70,1,0,1,0,1
200600017988,6,4,27,1830,1,1,1,2,6,78,4500900,391100,430,3,2,2,0,2,4,0,70,2,0,3,0,0
200600017989,6,4,1,1200,1,2,1,2,7,32,4506500,397100,430,3,2,0,0,1,2,0,61,2,0,1,0,0
200600017991,6,4,15,1500,1,1,1,6,2,152,4509700,381200,430,2,2,2,0,1,1,0,80,1,0,3,0,0
200600017992,6,4,22,545,5,2,1,1,6,232,4521300,349900,430,2,2,0,0,1,2,0,76,1,0,3,0,1
200600017993,6,4,20,1500,1,2,2,1,3,99,4539300,330600,430,3,2,0,0,1,1,0,0,1,5,1,0,0
200600017994,6,4,17,1000,1,1,1,1,1,20,4529000,409000,430,4,4,1,0,1,2,0,45,0,0,0,0,0
200600018003,6,4,23,1200,1,1,1,1,6,575,4913700,631900,570,3,2,0,0,2,1,0,0,1,0,1,0,0
200600018006,6,4,18,1600,1,2,1,1,1,274,4919400,662700,570,3,2,0,0,1,1,0,60,1,0,1,0,0
200600018007,6,4,10,1915,1,1,1,1,6,217,4906500,655700,570,3,2,2,0,2,3,0,35,2,0,3,0,0
200600018010,6,4,22,315,5,2,9,1,6,222,4915900,691900,570,3,2,0,0,4,4,0,0,1,0,1,0,0
200600018011,6,4,28,1430,1,2,9,1,6,58,4916600,695200,570,6,0,0,0,1,0,0,0,1,0,0,0,0
200600018013,6,4,10,1400,1,1,1,1,1,71,4880700,701900,570,3,2,2,0,1,1,0,65,1,0,1,0,0
200600018017,6,4,9,1500,1,2,1,1,7,206,4931400,610800,570,4,2,3,0,1,1,0,60,1,0,4,0,0
200600018021,6,4,14,100,5,2,1,1,3,683,4931000,614500,570,3,2,1,0,1,1,0,60,1,0,1,3,0
200600018022,6,4,2,1615,1,1,1,2,1,215,4875900,614000,540,3,2,0,0,0,1,0,62,2,0,1,0,0
200600018023,6,4,11,615,2,2,1,1,1,115,4875800,614100,540,2,2,2,0,0,0,30,0,1,5,1,0,1
200600018024,6,4,21,1515,1,2,1,1,6,215,4876200,613700,540,2,2,2,0,0,0,70,0,1,0,1,0,0
200600018035,6,4,21,1445,1,1,1,1,6,57,4885300,577900,540,3,2,2,0,1,1,0,60,1,0,3,0,0
200600018037,6,4,24,1800,1,2,1,1,1,533,4860700,566600,550,4,2,2,0,1,1,0,0,1,5,1,0,0
200600018044,6,4,15,515,2,1,1,1,1,90,4837200,627600,880,3,2,2,0,1,1,0,0,1,0,1,0,1
200600018046,6,4,30,1800,1,1,1,1,5,530,4804400,636300,880,3,2,2,0,0,1,0,70,1,0,1,0,0
200600018048,6,4,27,2130,3,1,1,1,1,304,4830200,608200,880,3,2,2,0,0,1,0,46,1,0,1,0,0
200600018049,6,4,16,2130,3,1,1,2,7,3,4820900,578400,880,4,2,0,0,0,3,0,49,2,0,1,0,0
200600018050,6,4,19,815,1,1,1,1,3,385,4820100,605100,880,3,2,2,0,2,2,0,86,1,5,1,0,0
200600018055,6,4,22,2200,5,2,1,1,1,468,4788100,677100,880,2,2,2,0,1,1,0,71,2,0,1,0,0
200600018059,6,4,9,1730,1,2,1,1,7,319,4839900,686400,880,4,2,0,0,0,3,0,40,1,0,1,0,1
200600018061,6,4,7,800,1,1,1,1,1,246,4834100,754800,670,3,2,2,0,0,1,0,68,1,5,1,0,0
200600018062,6,4,5,2300,3,1,1,1,7,285,4839900,761900,670,2,3,2,0,0,1,0,0,1,0,0,0,0
200600018064,6,4,12,1845,1,2,1,8,1,397,4832000,771600,670,4,2,2,0,1,1,0,57,2,0,1,0,0
200600018065,6,4,28,645,1,2,1,1,3,28,4837600,759700,670,3,2,2,0,0,1,0,72,1,0,1,0,0
200600018066,6,4,21,730,1,1,1,1,6,154,4839000,772000,670,3,2,1,0,1,1,0,0,1,0,1,0,0
200600018067,6,4,3,745,1,1,1,2,6,313,4854300,746300,670,3,2,2,0,1,1,0,0,0,0,3,0,0
200600018068,6,4,29,915,1,2,1,1,6,368,4846400,743000,670,4,2,0,0,4,1,60,0,1,0,4,0,1
200600018071,6,4,20,2030,3,2,1,1,6,242,4882100,753400,670,4,2,2,0,2,1,0,55,1,0,1,0,1
200600018073,6,4,1,1500,1,1,1,1,6,355,4901000,710800,670,3,2,2,0,1,1,0,60,1,0,3,0,1
200600018077,6,4,1,1230,1,1,1,1,7,236,4869900,757800,670,3,2,2,0,0,1,0,66,1,0,1,0,0
200600018078,6,4,1,1700,1,1,1,1,7,214,4862400,760600,670,3,2,2,0,1,2,0,60,1,0,3,0,0
200600018079,6,4,7,1715,1,2,1,1,3,485,4863200,762500,670,3,2,2,0,1,1,0,55,1,0,1,0,0
200600018082,6,4,20,1530,1,1,1,1,1,151,4870700,787000,670,3,2,2,0,1,1,0,71,1,0,1,0,0
200600018087,6,4,16,300,3,1,1,8,7,221,4897600,793400,670,3,2,2,0,1,3,0,67,2,0,3,0,0
200600018088,6,4,26,545,5,2,1,1,6,404,4890700,795200,670,3,2,0,0,1,1,0,0,1,0,1,0,0
200600018089,6,4,6,1830,1,2,1,1,1,259,4897300,773400,670,3,2,1,0,1,0,0,60,1,0,1,0,0
200600018090,6,4,22,1345,1,1,1,1,7,550,4891700,774800,670,3,2,0,1,1,1,0,63,1,0,0,0,0
200600018091,6,4,23,1545,1,2,1,1,6,175,4815300,719000,680,3,2,2,0,1,2,0,60,1,0,1,0,0
200600018092,6,4,1,1030,1,2,1,1,7,155,4810500,730900,680,3,0,0,0,1,0,0,100,1,0,1,0,0
200600018093,6,4,30,300,5,2,1,1,1,152,4767400,726600,680,3,2,2,0,1,3,0,81,1,0,1,0,0
200600018094,6,4,23,1215,3,1,1,1,6,190,4743600,727900,680,3,2,2,0,1,2,0,67,1,0,1,0,0
200600018096,6,4,10,1345,1,1,2,3,3,82,4785000,732100,680,3,2,1,0,1,1,0,63,2,0,1,0,1
200600018097,6,4,28,415,3,1,1,1,7,205,4791900,739200,680,3,0,2,0,1,3,0,60,1,0,1,0,0
200600018098,6,4,8,430,3,1,9,1,2,343,4788100,731300,680,3,3,4,0,1,3,20,75,1,0,1,0,0
200600018099,6,4,21,1045,1,2,1,1,1,287,4796000,729900,680,4,0,0,0,0,1,0,0,9,0,1,0,0
200600018100,6,4,5,1400,1,2,1,4,2,154,4778300,735600,680,3,2,2,0,1,1,0,0,2,0,1,0,0
200600018107,6,4,27,1815,1,2,1,1,6,63,4779600,719900,680,4,2,0,1,1,1,0,82,1,4,1,0,1
200600018109,6,4,3,1545,1,1,1,1,3,413,4899900,403200,510,3,2,2,0,3,1,0,70,1,0,1,0,1
200600018113,6,4,24,1825,1,1,9,1,3,165,4873600,391200,510,4,2,2,0,0,1,0,40,1,0,1,0,0
200600018114,6,4,23,1845,1,2,1,1,7,248,4875700,398400,510,3,2,2,0,1,3,50,60,1,0,1,3,0
200600018116,6,4,4,1415,1,2,1,1,3,492,4854700,375800,510,3,2,2,0,1,1,0,0,1,0,1,0,0
200600018117,6,4,4,1545,1,1,1,6,1,185,4872100,350400,510,2,2,2,0,1,1,0,70,1,0,1,0,0
200600018118,6,4,14,1745,1,2,3,1,3,535,4872500,372600,510,4,1,1,0,0,1,0,50,1,0,1,0,0
200600018119,6,4,19,1745,1,1,1,1,7,41,4858000,378000,510,3,2,2,0,1,2,0,65,1,0,3,0,0
200600018120,6,4,29,1,5,2,1,1,6,56,4861000,361000,510,3,2,0,0,2,2,0,50,0,0,4,0,0
200600018121,6,4,5,1200,1,2,1,1,1,250,4931200,367900,510,3,2,2,0,1,1,0,80,1,0,1,0,0
200600018122,6,4,2,1930,1,2,1,1,1,391,4927900,388700,510,4,2,0,0,2,4,0,70,1,0,1,0,0
200600018125,6,4,23,630,1,1,1,1,7,274,4907100,478500,510,2,2,2,0,1,1,0,80,1,0,3,0,0
200600018134,6,4,24,2115,2,2,1,1,6,362,4950900,435800,80,4,2,0,0,1,2,0,85,1,0,1,0,0
200600018142,6,4,27,1015,1,1,1,1,1,399,4818700,419800,100,2,2,0,0,1,1,0,120,1,5,1,0,0
200600018143,6,4,15,2015,2,1,1,1,6,259,4847600,345700,100,3,2,2,0,1,1,0,73,1,0,3,0,0
200600018145,6,4,27,1915,1,1,1,1,6,106,4846000,339900,100,3,2,2,0,2,1,0,76,1,0,3,0,1
200600018146,6,4,29,2230,3,1,1,1,1,339,4840400,378100,100,3,2,2,0,1,0,0,62,1,0,1,0,0
200600018147,6,4,3,1830,1,1,1,7,5,323,4851200,369700,100,2,2,2,0,1,1,0,72,1,0,1,0,1
200600018148,6,4,1,400,3,1,1,1,7,165,4796000,487800,520,3,2,0,0,2,1,0,79,1,0,3,0,0
200600018149,6,4,12,1645,1,2,3,1,3,205,4804500,521400,520,4,2,2,0,0,1,0,55,1,0,1,3,0
200600018153,6,4,20,2230,4,2,1,1,6,308,4814000,486700,520,4,2,2,0,0,0,41,0,1,0,1,0,0
200600018154,6,4,7,1800,1,2,1,1,6,269,4786800,534800,520,9,2,0,0,1,1,0,60,1,0,1,0,0
200600018155,6,4,1,1630,1,1,1,1,6,910,4782600,557800,520,3,2,2,0,1,1,0,43,1,0,1,0,0
200600018156,6,4,22,1400,1,2,1,1,3,60,4796000,574900,520,3,2,2,0,2,1,70,0,1,0,1,0,0
200600018159,6,4,30,15,3,1,1,1,6,62,4778600,531600,520,2,2,3,0,2,2,0,108,1,0,1,0,0
200600018160,6,4,15,1830,1,1,1,8,7,182,4854800,483200,520,3,2,0,0,1,2,0,70,2,0,3,0,0
200600018161,6,4,24,1615,1,1,1,1,4,630,4726000,454100,210,1,3,2,0,0,1,20,70,1,0,1,0,0
200600018162,6,4,29,1845,1,2,3,1,3,493,4724500,538300,210,3,2,2,0,2,1,0,80,1,5,1,0,0
200600018163,6,4,20,15,3,1,1,1,7,351,4726500,527200,210,3,2,2,0,1,1,0,0,1,0,1,0,0
200600018164,6,4,26,2300,5,2,1,1,6,656,4723600,519900,210,3,2,2,0,1,1,0,0,1,0,4,0,0
200600018166,6,4,14,1600,1,2,1,1,7,383,4752600,514600,210,3,2,0,0,0,1,0,0,1,0,1,0,0
200600018167,6,4,1,625,2,1,1,1,2,541,4695100,471100,210,3,2,2,0,1,1,0,69,1,0,3,0,1
200600018168,6,4,19,1000,1,1,1,1,1,78,4785900,442800,210,3,2,2,0,0,4,0,42,1,0,1,0,0
200600018169,6,4,29,1815,1,1,1,1,7,12,4782300,447100,210,4,0,0,0,2,3,0,46,1,0,1,0,0
200600018170,6,4,30,1630,1,1,1,1,6,510,4791100,464300,210,3,2,2,0,1,2,0,0,1,0,1,0,0
200600018174,6,4,4,1400,1,2,1,1,7,65,4706000,368000,580,3,2,0,0,0,1,0,76,1,0,3,0,0
200600018176,6,4,1,1630,1,1,1,1,7,295,4733200,294500,580,3,2,0,0,1,2,0,38,1,0,3,0,0
200600018187,6,4,22,1745,1,1,1,1,6,160,4631500,429800,710,3,2,2,0,1,3,0,67,1,0,3,0,1
200600018188,6,4,28,1615,1,2,1,1,1,176,4648700,398000,710,3,2,0,0,1,1,103,0,1,0,1,0,0
200600018189,6,4,6,1800,1,1,1,1,5,354,4636300,413400,710,3,2,2,0,1,3,0,56,1,0,1,0,1
200600018190,6,4,12,1745,1,2,1,1,1,342,4645200,410900,710,4,2,2,0,0,1,0,57,1,0,1,0,0
200600018191,6,4,20,1000,1,1,1,1,6,588,4646800,408600,710,2,1,0,0,1,1,70,0,1,2,1,0,0
200600018192,6,4,25,1230,1,1,1,1,2,588,4647500,403800,710,2,3,4,0,1,1,0,114,1,0,1,0,0
200600018199,6,4,22,1900,1,2,1,1,6,351,4688700,526200,710,3,2,2,0,1,1,0,60,1,0,1,0,0
200600018200,6,4,23,1200,1,1,1,1,3,438,4779900,365600,890,2,2,0,0,1,1,0,0,1,0,1,0,0
200600018202,6,4,8,920,1,2,1,1,1,283,4766900,344700,890,3,2,2,0,2,3,0,0,1,0,1,0,0
200600018203,6,4,16,2000,1,1,1,1,7,441,4765300,375100,890,3,2,2,0,1,2,0,61,1,0,3,0,0
200600018205,6,4,25,1600,1,1,2,1,3,158,4749400,335100,890,3,2,2,0,1,3,0,43,1,0,1,0,0
200600018209,6,4,21,1630,1,2,1,1,1,263,4784700,357300,890,4,2,2,0,1,1,0,56,1,0,1,0,0
200600018211,6,4,8,1600,1,2,1,1,2,344,4764700,306600,890,3,2,0,0,0,0,0,0,1,0,1,0,1
200600018213,6,4,21,1600,1,2,2,1,3,331,4752400,325800,890,3,2,2,0,1,1,0,89,1,5,1,0,0
200600018215,6,4,7,2015,1,1,2,1,3,88,4785600,332900,890,3,2,0,0,1,1,0,0,1,0,1,0,0
200600018219,6,4,15,1545,1,2,1,8,7,428,4824600,304900,890,3,2,2,0,1,3,0,60,1,0,1,0,0
200600018220,6,4,30,30,3,1,1,1,6,274,4823000,318400,890,3,2,2,0,0,2,0,0,1,0,0,0,0
200600018224,6,4,4,1700,1,2,1,1,3,628,4714900,609000,250,3,2,2,0,1,1,0,0,1,0,1,0,0
200600018226,6,4,17,2230,5,2,1,1,6,428,4754100,684900,250,4,2,1,0,1,2,0,60,1,6,4,0,0
200600018232,6,4,23,1600,1,1,1,1,7,89,4722400,639300,250,3,2,2,0,2,4,0,72,1,0,1,0,0
200600018233,6,4,23,1800,1,1,1,1,2,332,4671100,575600,390,3,2,0,0,0,1,0,71,1,0,1,0,1
200600018236,6,4,2,1730,1,2,1,1,3,475,4644000,534000,390,3,2,0,0,1,2,0,0,1,0,1,0,0
200600018237,6,4,4,1840,1,2,1,1,1,97,4674000,590000,390,3,2,0,0,2,2,0,67,1,5,1,0,0
200600018238,6,4,8,2215,3,1,1,2,7,210,4675900,595400,390,9,2,2,0,2,2,0,37,2,0,3,0,0
200600018239,6,4,15,2300,5,2,1,3,6,97,4674700,591300,390,3,1,1,0,1,3,50,42,2,5,1,0,0
200600018246,6,4,7,15,5,2,1,1,6,128,4697000,540000,390,3,2,2,0,0,1,0,53,1,0,1,0,0
200600018247,6,4,20,1630,1,2,1,1,3,491,4641100,579600,390,4,2,1,0,1,1,0,56,1,0,1,0,0
200600018249,6,4,21,1630,1,2,7,1,6,292,4783400,589600,700,6,0,0,0,1,0,0,0,0,0,0,0,0
200600018250,6,4,29,1530,1,2,1,1,6,165,4771300,590200,700,3,2,2,0,2,1,0,65,1,0,3,0,0
200600018251,6,4,22,1520,1,2,1,1,5,120,4770500,669600,700,4,2,0,0,1,0,45,0,1,0,1,0,0
200600018255,6,4,13,1015,1,2,1,1,1,33,4751300,700000,900,3,2,0,1,1,1,0,0,1,5,1,0,0
200600018257,6,4,8,1730,1,2,1,1,6,102,4774300,685200,900,3,2,0,0,1,1,0,48,1,0,1,0,0
200600018258,6,4,3,145,3,1,1,1,1,332,4519600,487700,260,1,3,3,3,2,3,35,105,1,0,1,0,0
200600018259,6,4,6,1445,1,1,1,1,4,344,4537600,480800,380,1,3,3,3,0,1,35,105,1,0,1,0,0
200600018261,6,4,13,730,1,1,1,1,3,2,4523500,485000,260,1,3,3,0,2,1,20,210,1,0,1,0,0
200600018262,6,4,22,1600,1,1,1,1,6,298,4535900,480600,380,1,3,0,0,2,3,25,105,1,0,0,0,0
200600018268,6,4,21,1915,1,2,9,1,3,59,4364600,553800,130,2,2,2,0,2,1,0,0,1,0,1,0,0
200600018274,6,4,12,2310,3,1,6,1,6,110,4345600,567400,130,3,0,0,0,1,2,0,0,1,0,1,0,0
200600018276,6,4,1,645,3,1,1,1,2,4,4365000,465000,130,3,3,2,0,1,1,20,74,1,0,1,0,0
200600018277,6,4,23,1745,1,1,1,1,1,4,4374000,465000,130,3,2,1,0,1,1,0,35,1,0,1,0,0
200600018278,6,4,1,600,5,2,1,1,3,27,4387000,486000,130,3,2,0,0,1,1,0,68,1,0,1,0,0
200600018285,6,4,1,1545,1,2,1,1,6,23,4323700,566300,130,3,2,2,0,2,4,0,62,1,0,3,0,0
200600018287,6,4,21,1715,1,1,1,1,3,13,4341000,557700,130,2,2,2,0,1,1,0,60,1,5,1,0,0
200600018298,6,4,23,800,1,1,1,1,7,241,4387400,569200,40,2,2,2,0,1,1,0,55,1,0,1,0,0
200600018299,6,4,6,1130,1,1,1,1,7,34,4428900,582100,50,3,2,0,0,1,1,0,45,1,0,1,0,0
200600018302,6,4,4,1200,1,1,1,1,1,121,4446200,619900,50,3,2,2,0,0,1,0,78,1,0,1,0,0
200600018307,6,4,8,2150,5,2,1,1,3,6,4479900,655800,50,4,2,2,0,0,1,0,0,1,0,1,0,0
200600018319,6,4,16,1545,1,1,1,1,1,116,4385100,673000,60,3,2,2,0,1,1,0,60,1,2,1,0,1
200600018322,6,4,11,1210,1,1,1,1,3,33,4380500,719400,60,3,2,3,0,1,1,0,106,1,0,1,0,0
200600018323,6,4,8,1915,2,1,1,1,2,99,4395900,691700,60,2,2,2,0,1,1,0,73,1,0,1,0,0
200600018324,6,4,8,1430,1,1,1,1,6,102,4406000,712000,60,3,2,2,0,1,1,70,70,1,0,3,0,0
200600018325,6,4,9,1215,1,1,1,2,6,110,4409800,704300,60,3,2,2,0,2,3,70,0,2,2,3,0,0
200600018351,6,4,24,1140,1,1,1,1,3,68,4330000,662000,830,3,2,2,0,1,1,0,70,1,0,1,0,0
200600018353,6,4,27,1500,1,1,1,1,2,68,4328000,654000,830,3,2,2,0,1,3,0,0,1,0,1,0,0
200600018362,6,4,8,1730,1,2,1,1,6,47,4315200,607500,830,3,2,2,0,1,1,0,68,1,0,1,0,0
200600018366,6,4,26,1445,1,1,1,1,3,70,4315000,641000,830,3,2,2,0,1,1,0,72,1,0,1,0,0
200600018367,6,4,2,1800,1,1,1,1,5,130,4318300,606800,830,3,2,2,0,0,0,0,63,1,0,1,0,1
200600018368,6,4,21,2230,5,2,1,1,1,132,4318300,604300,830,3,2,0,0,2,4,0,61,1,0,0,0,0
200600018373,6,4,13,845,1,1,1,1,5,62,4388200,509700,840,9,2,1,0,0,3,0,40,1,0,1,0,0
200600018376,6,4,20,1945,1,1,1,1,1,112,4385500,549900,840,2,2,2,0,1,1,0,55,1,0,1,0,0
200600018378,6,4,30,445,3,1,1,1,3,3,4388400,541100,840,3,2,2,0,1,1,0,58,1,0,1,0,0
200600018379,6,4,22,2330,3,1,1,1,3,65,4375500,533000,840,3,2,2,0,1,1,0,104,1,0,1,0,0
200600018380,6,4,10,745,1,1,1,1,7,2,4373900,548300,840,3,2,0,0,0,2,0,62,1,0,3,0,0
200600018381,6,4,17,1945,1,1,1,1,3,133,4373800,553800,840,3,2,0,0,1,1,0,40,1,0,1,0,0