Num_Acc,an,mois,jour,hrmn,lum,agg,int,atm,col,com,lat,long,dep,catr,circ,nbv,vosp,prof,plan,lartpc,larrout,surf,infra,situ,env1,killed
200600018385,6,4,4,1930,1,2,6,1,3,56,4412200,490100,840,4,2,2,0,0,2,0,0,1,5,1,0,0
200600018386,6,4,18,1545,1,1,1,1,6,39,4410200,486900,840,2,2,2,0,1,1,0,120,1,0,1,0,0
200600018388,6,4,4,1330,1,1,1,1,3,64,4429200,468900,840,3,2,2,0,1,1,0,0,1,0,1,0,0
200600018389,6,4,4,1845,1,2,1,1,6,19,4429100,475400,840,5,2,1,0,1,1,0,0,1,0,1,0,0
200600018404,6,4,29,1645,1,1,1,1,6,102,4379500,391100,340,3,2,0,0,1,1,0,50,1,0,3,0,0
200600018406,6,4,6,1745,1,1,1,1,6,96,4355800,319600,340,3,2,0,0,0,2,0,60,1,0,1,0,0
200600018407,6,4,8,15,3,1,1,1,7,96,4358000,316000,340,3,2,0,0,1,2,0,0,1,0,3,0,0
200600018409,6,4,20,700,2,2,1,1,6,81,4332000,314100,340,3,0,0,0,2,1,0,0,1,2,0,0,1
200600018410,6,4,21,1635,1,1,1,1,6,183,4327500,308000,340,2,2,2,0,2,2,0,0,1,0,0,0,0
200600018412,6,4,20,1500,1,1,1,1,7,52,4334100,297300,340,3,0,2,0,2,0,0,60,1,0,3,0,0
200600018413,6,4,22,1445,1,1,1,1,7,81,4330400,313300,340,3,2,2,0,1,3,0,64,1,0,3,0,1
200600018415,6,4,12,630,2,1,1,1,6,214,4348000,329000,340,3,2,0,0,1,1,0,60,1,0,3,0,0
200600018416,6,4,16,1845,1,1,1,1,6,214,4350000,329000,340,3,2,0,0,1,2,0,50,0,0,3,0,0
200600018417,6,4,2,300,3,1,1,1,6,135,4326500,316100,340,3,2,1,0,1,1,0,40,1,0,1,0,0
200600018419,6,4,8,2330,3,1,1,2,7,175,4361300,338500,340,3,2,2,0,2,3,0,80,2,0,0,0,0
200600018422,6,4,14,1200,1,2,1,1,6,101,4338900,347000,340,3,2,2,0,1,1,0,42,1,0,1,0,0
200600018424,6,4,30,945,5,2,1,1,1,95,4356300,379800,340,3,2,2,0,2,2,0,72,1,0,3,0,0
200600018425,6,4,17,630,3,1,1,1,7,143,4344500,361800,340,3,2,2,0,1,1,0,58,1,0,3,0,0
200600018426,6,4,5,1745,1,2,1,1,3,279,4324700,232500,110,4,2,2,0,1,1,0,52,0,0,1,0,0
200600018427,6,4,13,1515,1,1,1,1,1,426,4330000,245500,110,3,2,2,0,1,1,0,63,1,0,3,0,0
200600018430,6,4,15,415,3,1,1,9,7,192,4329600,203600,110,2,2,2,0,1,3,0,70,0,0,1,0,1
200600018432,6,4,6,2000,1,2,2,1,1,33,4320300,174700,110,3,2,2,0,1,1,112,0,1,5,1,0,0
200600018452,6,4,2,815,1,1,1,1,6,4,4373700,418600,300,3,2,0,0,0,2,0,58,0,0,1,0,0
200600018453,6,4,3,1815,1,2,1,1,6,6,4369000,421400,300,5,4,1,3,1,1,0,0,1,6,1,0,0
200600018454,6,4,8,1945,3,1,1,1,6,930,4365000,432000,300,4,2,0,0,0,1,0,0,1,0,3,0,0
200600018455,6,4,14,2315,3,1,1,1,7,4,4373400,418900,300,2,2,2,0,1,2,0,70,1,0,3,0,0
200600018456,6,4,29,1045,2,2,1,1,6,169,4379600,430900,300,9,2,2,0,1,1,0,0,1,0,1,0,0
200600018460,6,4,20,900,1,1,1,1,1,266,4427100,430000,300,3,2,2,0,1,1,0,55,1,0,1,0,0
200600018462,6,4,1,1230,1,1,1,1,6,334,4399000,444000,300,3,2,2,0,1,1,0,60,1,0,1,0,0
200600018465,6,4,28,1700,1,2,1,1,3,85,4395800,448000,300,3,2,2,0,2,1,0,58,1,5,1,0,0
200600018469,6,4,7,1500,1,1,1,1,5,38,4397400,353800,300,3,2,2,0,1,3,0,0,1,0,1,0,0
200600018470,6,4,3,2230,3,2,1,1,6,311,4395000,394600,300,3,2,2,0,1,1,0,52,1,0,3,0,0
200600018472,6,4,28,1815,1,1,1,1,6,119,4453000,391000,480,3,2,2,0,2,2,0,40,1,0,3,0,0
200600018474,6,4,18,1230,1,1,1,1,1,185,4449100,327500,480,2,2,2,0,0,3,60,0,0,0,0,0,0
200600018477,6,4,18,730,1,1,1,2,5,128,4477000,332000,480,3,2,2,0,3,3,0,67,2,0,1,0,0
200600018483,6,4,4,1830,1,1,2,1,3,226,4259100,285300,660,2,3,0,0,2,1,37,83,1,5,1,0,0
200600018484,6,4,16,2045,3,1,1,1,6,210,4264300,273600,660,3,2,0,0,1,1,0,60,1,0,3,0,0
200600018485,6,4,21,2330,3,1,1,1,7,44,4264900,271700,660,3,2,2,0,1,2,0,58,1,0,1,0,1
200600018489,6,4,25,2330,5,2,1,1,6,214,4256800,283200,660,3,2,2,0,3,1,0,60,1,0,3,0,0
200600018493,6,4,3,745,1,2,1,1,2,215,4149300,906800,201,2,2,2,0,0,1,0,60,1,0,1,0,0
200600018495,6,4,17,300,3,1,1,1,6,308,4169700,908000,201,3,2,2,0,0,2,0,58,1,0,3,0,0
200600018498,6,4,5,1730,1,2,1,1,6,148,4252600,944100,202,2,2,2,0,1,1,0,74,1,0,1,0,0
200600018503,6,4,14,1615,1,1,1,1,1,355,4252200,939500,202,2,2,2,0,1,2,74,0,1,0,1,0,1
200600018505,6,4,5,1815,1,1,1,1,1,34,4264000,901400,202,2,2,0,3,1,1,0,110,1,5,1,0,0
200600018506,6,4,19,1345,1,1,1,1,1,354,4211700,911200,202,2,2,2,0,2,3,0,64,1,0,1,0,0
200600018507,6,4,26,1045,1,1,1,1,7,201,4218600,939300,202,2,2,2,0,1,2,0,70,1,0,3,0,0
200600018509,6,4,24,1615,1,1,1,1,3,251,4200900,940400,202,2,2,2,0,1,1,0,0,1,0,1,0,0
200600018512,6,4,16,1700,1,1,1,1,5,246,4902400,173800,780,3,2,2,0,1,1,0,108,1,5,1,0,0
200600018515,6,4,10,920,1,1,1,1,1,30,4867100,192700,780,3,2,0,0,1,3,0,60,1,0,1,0,0
200600018518,6,4,5,1430,1,1,1,1,2,3,4849600,180700,780,3,2,2,0,1,1,66,66,1,0,3,0,0
200600018521,6,4,29,2130,4,2,1,1,3,334,4872800,195100,780,4,0,0,0,1,0,0,0,0,0,0,0,0
200600018526,6,4,2,1745,1,1,1,1,5,200,4854700,199300,910,3,2,2,0,0,1,0,71,1,0,1,0,1
200600018527,6,4,17,2000,2,2,1,7,1,315,4851600,233500,910,3,2,2,0,1,1,25,58,1,5,0,0,0
200600018529,6,4,14,1045,1,2,1,1,6,115,4859800,219300,910,4,1,1,0,1,1,0,30,1,0,1,0,0
200600018530,6,4,15,1600,1,1,1,1,3,41,4856400,223300,910,3,2,2,0,1,1,0,70,1,0,1,0,0
200600018531,6,4,24,715,2,1,1,5,5,41,4856700,222800,910,2,3,2,0,1,1,10,140,1,0,1,0,0
200600018541,6,4,20,30,5,1,1,1,7,377,4872300,273800,770,3,2,2,0,0,3,0,50,1,0,3,0,1
200600018542,6,4,24,1630,1,1,1,1,1,470,4880500,273400,770,3,2,2,0,1,1,0,60,1,0,1,0,1
200600018543,6,4,8,300,5,2,1,1,7,142,4886400,291400,770,2,2,2,0,1,2,0,0,1,0,1,0,0
200600018545,6,4,11,1715,1,1,3,1,5,93,4876600,339700,770,2,2,2,0,1,1,0,70,1,0,1,0,0
200600018546,6,4,26,1730,1,2,1,2,5,182,4878700,330400,770,3,1,2,0,1,1,0,0,2,0,0,0,0
200600018547,6,4,11,1845,1,1,1,1,6,238,4891600,315500,770,3,2,2,0,2,1,0,50,1,0,3,0,1
200600018548,6,4,8,1530,1,2,1,1,1,466,4883000,290200,770,3,2,0,0,1,3,0,40,1,0,1,0,0
200600018549,6,4,3,2200,3,1,1,1,6,192,4869200,285400,770,3,2,2,0,1,2,0,65,1,0,3,0,0
200600018550,6,4,23,1730,1,1,1,1,6,192,4870900,283100,770,2,2,2,0,1,1,0,73,1,0,3,0,0
200600018551,6,4,18,1745,1,1,2,1,3,99,4815700,269200,770,3,0,0,0,1,1,0,0,1,0,1,0,0
200600018552,6,4,29,945,1,1,1,1,3,261,4822000,288000,770,3,2,2,0,0,1,0,76,1,0,1,0,0
200600018553,6,4,12,1900,1,1,1,1,3,369,4863200,251200,770,3,2,3,0,2,1,0,100,1,0,1,0,0
200600018554,6,4,21,30,3,1,1,1,6,392,4908700,218800,770,4,2,1,0,1,4,0,0,1,0,1,0,0
200600018555,6,4,2,1615,1,2,1,1,6,382,4850300,244000,770,4,2,2,0,1,1,0,50,1,0,1,0,0
200600018556,6,4,6,1530,1,1,1,1,3,315,4847200,235700,770,2,2,2,0,1,1,0,80,1,0,1,0,0
200600018557,6,4,13,1500,1,1,1,1,7,5,4855400,221300,770,3,2,2,0,1,3,0,60,1,0,3,0,0
200600018559,6,4,21,1745,1,2,1,1,3,437,4906500,233200,770,2,2,3,0,1,1,0,130,1,5,1,0,0
200600018560,6,4,11,1615,1,2,1,1,7,109,4862100,318800,770,4,0,0,0,1,1,0,20,9,0,1,0,0
200600018561,6,4,15,1530,1,1,1,1,2,301,4869700,342000,770,2,2,2,0,1,1,0,73,1,0,1,0,0
200600018562,6,4,23,1800,1,1,1,1,6,424,4875200,342500,770,3,2,2,0,2,2,0,55,1,0,3,0,0
200600018566,6,4,11,945,1,2,1,1,3,327,4856100,301400,770,3,1,1,0,1,1,0,0,1,0,1,0,0
200600018569,6,4,13,1215,1,2,1,1,1,98,4783700,177400,450,3,2,2,0,1,1,74,0,1,0,1,0,0
200600018570,6,4,5,900,1,1,1,1,3,226,4779400,227700,450,3,2,0,0,1,1,0,0,1,0,1,0,0
200600018571,6,4,8,1845,1,1,1,1,2,311,4784900,222900,450,4,2,2,0,1,2,0,20,1,0,3,0,0
200600018582,6,4,8,1415,1,1,1,1,3,16,4764000,257200,450,3,2,0,0,4,1,0,64,1,0,1,0,0
200600018583,6,4,30,1700,1,1,1,1,3,52,4768800,291600,450,3,2,2,0,1,1,51,0,1,0,0,0,0
200600018586,6,4,16,1800,1,1,1,1,6,61,4805000,275500,450,2,3,4,0,1,1,0,0,1,3,1,0,0
200600018588,6,4,1,1305,1,1,1,1,3,320,4829200,218900,450,3,2,2,0,1,1,0,53,1,0,1,0,0
200600018591,6,4,15,2345,3,1,1,1,6,252,4818800,225200,450,3,2,2,0,0,1,75,120,1,0,1,0,1
200600018592,6,4,22,1545,1,1,1,1,3,30,4806700,241700,450,3,2,2,0,1,1,0,60,1,0,1,0,0
200600018593,6,4,27,1345,1,1,1,1,1,18,4809900,248300,450,3,2,2,0,1,1,0,69,1,0,1,0,0
200600018613,6,4,4,1400,1,1,1,1,3,164,4824300,178300,280,2,2,2,0,1,1,0,74,1,0,1,0,1
200600018614,6,4,11,2030,2,1,1,1,3,224,4806600,139000,280,3,2,2,0,1,1,0,70,1,0,1,0,0
200600018617,6,4,22,230,3,1,1,1,6,398,4820600,109900,280,3,2,2,0,1,2,0,65,1,0,0,0,0
200600018618,6,4,9,1400,1,1,1,1,3,96,4889300,148500,280,3,2,2,0,4,1,0,54,1,0,1,0,0
200600018624,6,4,15,1100,1,2,1,1,1,18,4819800,90000,280,3,2,2,0,2,1,0,68,1,0,1,0,0
200600018625,6,4,20,1200,1,1,2,1,3,156,4850200,100000,280,3,2,2,0,1,1,0,60,1,5,1,0,0
200600018626,6,4,15,2345,3,1,1,9,3,5,4675800,186700,360,3,2,2,0,1,3,0,75,0,0,1,0,0
200600018630,6,4,1,1915,1,2,1,1,6,118,4674100,140900,360,3,2,2,0,1,1,0,70,1,0,4,0,0
200600018631,6,4,8,1115,1,2,1,1,1,55,4694500,123300,360,3,2,2,0,1,1,0,54,1,0,1,0,0
200600018632,6,4,14,715,1,1,1,1,6,198,4689500,147400,360,3,2,2,0,1,1,0,43,1,0,3,0,0
200600018633,6,4,13,2100,3,1,1,1,3,34,4723900,162000,360,3,2,2,0,2,1,0,80,1,0,1,0,0
200600018634,6,4,6,545,3,1,1,1,6,176,4662800,114000,360,3,2,2,0,2,3,0,45,1,0,1,0,0
200600018636,6,4,23,2245,5,2,1,1,6,18,4663500,108000,360,3,2,2,1,1,1,0,70,1,0,3,0,0
200600018638,6,4,16,1800,1,2,1,1,6,46,4658400,198200,360,3,2,2,0,2,1,0,63,1,0,3,0,0
200600018639,6,4,17,500,3,2,1,1,2,46,4658900,199500,360,3,2,2,0,1,1,90,80,1,0,1,0,0
200600018640,6,4,1,300,3,1,1,1,6,1,4643000,184000,360,3,2,2,0,1,1,0,62,1,0,3,0,0
200600018645,6,4,12,900,1,2,1,1,1,109,4740800,59500,370,9,2,0,0,1,1,0,0,1,0,1,3,0
200600018648,6,4,26,1545,1,1,1,1,1,2,4745100,47500,370,3,2,2,0,2,1,0,57,1,0,1,0,0
200600018651,6,4,2,1745,1,1,1,1,1,169,4762200,90900,370,3,2,2,0,0,3,65,0,1,0,1,0,0
200600018652,6,4,14,1400,1,1,1,1,3,10,4755300,97900,370,3,2,2,0,1,1,0,74,1,5,1,0,0
200600018653,6,4,10,1645,1,1,1,1,7,58,4726000,23000,370,4,2,1,0,1,1,0,28,1,0,1,0,0
200600018656,6,4,27,1115,1,1,1,1,1,58,4725000,24000,370,2,2,2,0,1,3,0,60,1,0,1,0,1
200600018657,6,4,5,2100,3,1,1,1,7,226,4710800,61400,370,2,2,3,0,2,1,0,110,1,0,3,0,0
200600018658,6,4,16,230,5,2,1,1,6,51,4706900,31300,370,3,2,2,0,1,1,0,65,1,0,1,0,0
200600018659,6,4,18,600,3,1,1,1,6,49,4719000,97000,370,3,2,2,0,1,1,0,50,1,2,1,0,0
200600018660,6,4,22,1830,1,1,1,1,1,69,4714800,113000,370,3,2,0,0,0,2,0,71,1,0,1,0,0
200600018662,6,4,10,1300,1,1,1,1,6,32,4706700,72700,370,3,2,2,0,1,3,0,55,1,0,1,0,0
200600018663,6,4,19,1815,1,1,1,1,3,98,4705300,61500,370,2,2,3,0,1,1,0,115,1,0,1,0,0
200600018664,6,4,27,1950,1,1,1,1,1,98,4710000,62000,370,3,2,2,0,1,1,0,55,1,0,1,0,0
200600018665,6,4,15,2045,5,2,1,1,1,29,4749000,126000,410,3,2,2,0,1,1,0,72,1,0,1,0,0
200600018670,6,4,28,1945,1,1,3,1,5,161,4754000,200600,410,3,3,3,0,1,1,0,90,1,3,1,0,1
200600018675,6,4,9,1830,1,1,1,1,6,75,4804100,107300,410,3,2,1,0,1,1,0,0,1,0,1,0,0
200600018679,6,4,13,1715,1,1,1,1,3,150,4781500,360600,290,4,2,0,0,1,1,0,45,1,0,1,0,0
200600018683,6,4,7,845,1,1,1,1,2,352,4911700,243000,950,3,2,3,0,0,1,0,0,1,0,1,0,0
200600018684,6,4,7,800,1,1,1,1,5,365,4908000,241000,950,3,2,3,0,1,1,0,105,1,0,1,0,1
200600018690,6,4,30,1730,1,2,1,1,3,171,4729700,513400,210,4,2,2,0,1,1,0,70,1,0,1,0,0
200600018691,6,4,12,845,1,1,1,1,7,25,4349400,557200,130,2,2,0,0,1,1,0,70,1,0,0,0,0
200600018696,6,4,7,1410,1,1,1,1,6,270,4356000,384000,340,2,2,0,0,0,1,0,90,1,0,1,0,0
200600018697,6,4,11,1345,1,1,1,1,1,202,4357000,373000,340,3,2,2,0,1,1,0,73,1,0,1,0,0
200600018699,6,4,24,1630,1,2,6,1,2,270,4357000,385000,340,2,1,1,0,2,1,0,0,1,0,1,0,0
200600018700,6,4,29,640,2,1,1,1,3,134,4359000,380000,340,3,2,0,1,3,1,0,80,1,0,3,0,0
200600018703,6,4,14,1230,1,1,1,1,4,26,4832400,186500,280,1,3,3,0,0,1,24,270,1,0,1,0,1
200600018707,6,4,24,2330,3,1,3,1,3,183,4931600,398200,510,2,2,2,0,1,1,0,0,1,0,1,0,0
200600018709,6,4,22,430,5,2,1,1,1,5,4475900,109100,330,3,2,2,1,1,3,0,63,1,0,1,0,1
200600018735,6,4,29,700,1,1,1,1,1,561,4744100,479600,210,3,2,2,0,0,3,0,63,1,0,1,0,1
200600018738,6,4,21,1945,1,2,1,1,3,467,4369300,141000,310,4,2,2,0,1,1,0,54,1,0,1,0,0
200600018739,6,4,23,1800,1,1,1,1,3,116,4372000,143300,310,3,2,2,0,1,1,0,64,1,0,1,0,0
200600018744,6,4,14,1415,1,1,1,1,6,322,4304000,295300,110,1,3,0,0,1,3,15,120,1,0,1,0,1
200600018745,6,4,19,900,1,1,1,1,2,262,4316700,299600,110,1,3,4,0,0,1,30,176,1,3,1,0,1
200600018758,6,4,13,450,3,1,1,1,5,382,4524600,566000,380,1,3,3,0,1,1,10,115,1,0,1,0,0
200600018764,6,4,24,1730,1,2,1,1,1,130,4835700,460900,290,4,2,0,0,1,1,0,0,1,5,1,0,0
200600018775,6,4,2,45,3,1,1,1,2,164,4912800,352600,20,1,3,4,0,1,1,20,220,1,0,1,0,0
200600018777,6,4,16,1815,1,1,1,1,2,83,4380000,748700,60,1,3,25,0,1,1,8,90,1,2,1,0,0
200600018780,6,4,22,1145,1,1,1,1,2,88,4373400,726600,60,1,1,3,3,2,1,0,105,1,1,1,0,0
200600018781,6,4,22,2130,3,1,1,1,5,12,4377400,744900,60,1,1,3,0,0,1,120,0,1,0,1,0,0
200600018792,6,4,11,330,3,1,1,1,2,505,4346500,71200,640,1,1,2,0,1,1,30,70,1,0,1,0,0
200600018793,6,4,13,1745,1,1,1,1,2,76,4342500,59000,640,1,1,2,0,1,1,30,70,1,0,1,0,0
200600018796,6,4,30,945,1,1,1,3,3,432,5014900,327100,590,3,2,2,0,1,1,0,96,2,0,1,0,1
200600018797,6,4,24,1815,1,1,1,1,6,132,4734300,616600,250,1,3,3,3,1,1,30,100,1,0,1,0,0
200600018799,6,4,26,2115,2,2,9,1,3,225,4864400,245900,910,2,2,0,0,1,1,66,188,1,0,1,0,0
200600018800,6,4,7,800,1,1,1,1,5,199,4462000,110000,330,2,2,3,0,1,1,0,105,1,0,1,0,0
200600018801,6,4,14,730,1,1,1,1,2,284,4463100,95300,330,1,3,0,0,1,1,10,184,1,0,1,0,0
200600018802,6,4,16,1205,1,1,1,1,6,122,4470600,75700,330,1,1,2,0,1,1,150,104,1,0,1,0,0
200600018805,6,4,28,1800,1,1,1,1,7,331,4448900,156600,460,3,2,0,0,1,1,0,71,1,0,1,0,0
200600018808,6,4,9,400,3,1,1,3,7,43,4576700,592100,730,3,2,2,0,2,1,0,50,2,0,1,0,0
200600018810,6,4,23,2200,3,1,1,1,6,66,4806100,736700,680,1,3,2,3,1,1,0,0,1,0,1,0,0
200600018812,6,4,17,800,1,1,1,1,7,31,4404500,104500,820,1,3,2,0,1,1,30,70,1,0,1,0,0
200600018822,6,4,20,2000,3,1,1,1,6,362,4166000,936000,201,3,2,2,0,3,2,0,53,1,0,1,0,0
200600018823,6,4,13,1330,1,1,1,1,1,341,4223200,924300,202,2,2,0,0,1,3,20,42,1,2,1,0,0
200600018825,6,4,15,2115,3,1,9,1,7,49,4583400,503000,10,1,0,0,0,1,1,0,0,1,0,3,0,0
200600018826,6,4,13,700,1,1,1,1,5,44,4917200,419300,510,2,2,2,0,1,1,0,78,1,0,1,0,0
200600018828,6,4,23,1215,1,1,1,1,6,157,4355800,136000,310,3,2,2,0,1,1,0,70,1,0,1,0,1
200600018830,6,4,13,830,1,1,1,1,6,152,4361900,704400,60,3,3,2,0,1,1,0,70,1,0,3,0,0
200600018831,6,4,24,1315,1,1,1,1,3,152,4362400,702900,60,3,2,2,0,2,3,0,70,1,0,1,0,0
200600018833,6,4,30,1700,1,2,1,1,1,88,4583800,484400,690,3,3,2,1,1,1,11,30,1,5,1,0,0
200600018835,6,4,16,1945,1,2,1,1,6,425,4539900,476900,380,4,2,2,0,1,1,0,0,1,5,4,0,0
200600018836,6,4,28,1330,1,2,1,8,1,19,4543200,481200,380,3,2,0,0,1,2,0,0,1,0,1,0,0
200600018837,6,4,19,845,1,1,1,1,6,296,4981200,317800,20,1,1,2,0,0,1,20,70,1,0,1,0,0
200600018838,6,4,12,1505,1,1,1,1,5,70,4279300,169400,90,2,2,2,0,1,1,0,70,1,0,1,0,1
200600018839,6,4,14,1915,1,2,6,1,3,243,4762600,273300,560,4,2,2,0,1,3,8,42,1,5,1,0,0
200600018840,6,4,29,430,3,1,2,1,3,243,4761300,271500,560,4,2,2,0,1,1,0,61,1,5,1,0,0
200600018842,6,4,13,1630,1,1,1,1,1,232,4745000,200000,410,1,4,1,0,1,3,0,60,1,3,1,0,1
200600018845,6,4,20,330,3,1,1,1,6,337,4355900,384700,340,2,3,0,0,2,1,20,50,1,0,3,0,0
200600018849,6,4,4,900,1,1,1,1,2,311,4604800,311300,630,1,3,4,3,3,1,20,200,1,0,1,0,0
200600018853,6,4,29,645,2,1,1,1,6,7,4749800,52900,490,1,3,2,0,1,3,0,0,1,0,1,0,0
200600018856,6,4,29,230,5,2,1,1,6,343,4861200,768700,670,4,2,2,0,1,2,0,55,1,0,1,0,0
200600018864,6,4,17,1445,1,2,1,1,6,360,5092200,183300,620,3,2,2,0,1,2,0,0,1,0,1,0,0
200600018867,6,4,12,1530,1,1,1,1,1,660,4945500,27200,760,2,3,10,0,0,1,16,492,1,7,1,0,0
200600018875,6,4,9,1930,1,1,1,4,2,146,4558200,148700,870,1,1,2,0,1,1,10,72,5,0,1,0,0
200600018887,6,4,20,1530,1,2,1,1,2,547,4350100,130000,310,3,2,2,0,1,1,0,61,1,0,1,0,0
200600018888,6,4,27,2200,3,1,1,1,3,269,4350900,125000,310,3,2,2,0,1,1,0,0,1,5,1,0,0
200600018891,6,4,9,230,3,1,9,1,7,117,4370900,460800,300,3,2,2,0,1,2,0,65,1,0,0,0,0
200600018894,6,4,2,600,2,1,1,1,7,469,4810000,503300,520,3,2,2,0,1,1,0,79,1,0,3,0,0
200600018895,6,4,28,930,1,1,9,1,1,151,4797600,497000,520,3,2,0,0,1,1,0,52,1,0,1,0,0
200600018899,6,4,19,1200,1,1,1,1,6,316,4948100,130300,760,3,2,2,0,2,1,0,45,1,0,1,0,0
200600018901,6,4,14,1945,1,1,1,1,7,56,4367100,129700,310,2,2,2,0,0,2,0,72,1,0,1,0,0
200600018902,6,4,18,745,1,1,1,1,3,351,4367300,129300,310,2,2,2,0,1,1,0,72,1,5,1,0,0
200600018909,6,4,9,1545,1,1,1,2,6,77,4367400,390300,340,3,2,2,0,2,2,0,60,2,0,3,0,0
200600018913,6,4,20,800,1,1,1,1,7,513,4894200,106200,140,1,3,4,0,1,1,30,144,1,0,1,0,0
200600018915,6,4,21,230,3,1,9,1,7,83,4925900,76600,270,1,3,4,3,1,1,10,130,1,3,2,0,1
200600020532,6,4,29,1445,1,2,1,1,6,483,4863280,630010,540,4,2,2,0,1,1,0,73,1,0,1,99,0
200600021827,6,4,11,315,3,2,1,1,7,288,4833714,237991,770,3,2,2,0,1,1,32,108,1,0,1,0,0
200600021828,6,4,19,2050,1,2,2,1,3,288,4831693,239247,770,2,2,3,0,1,1,0,90,1,0,1,99,0
200600022623,6,4,4,1050,1,2,1,1,6,28,4877832,245410,940,6,0,0,0,1,0,0,100,0,0,0,99,0
200600022624,6,4,4,2320,1,2,1,1,6,28,4877364,248988,940,3,0,2,0,1,1,0,60,1,0,1,0,0
200600022625,6,4,5,1705,1,2,1,1,6,28,4880189,245898,940,4,2,2,0,1,1,0,60,1,0,1,0,0
200600022626,6,4,10,750,1,2,1,1,6,28,4879699,246381,940,4,0,2,0,1,1,0,60,1,0,1,99,0
200600022628,6,4,11,1515,1,2,2,1,3,11,4877414,248198,940,2,3,3,0,1,0,0,90,1,0,1,0,0
200600022629,6,4,11,1140,1,2,1,1,6,28,4878000,246554,940,4,2,2,0,1,1,0,60,1,0,1,0,0
200600022631,6,4,14,1340,1,2,1,1,6,28,4880552,245660,940,4,2,2,0,1,1,0,60,1,0,1,0,0
200600022632,6,4,7,15,5,2,1,1,6,28,4880060,245668,940,4,2,2,0,1,1,0,60,1,0,1,3,0
200600022633,6,4,13,2000,2,2,1,1,1,28,4880378,246776,940,4,2,2,0,1,1,0,60,1,0,1,0,0
200600022634,6,4,14,930,1,2,1,1,2,28,4880159,246727,940,4,2,2,0,1,1,0,60,1,0,1,0,0
200600022635,6,4,16,220,5,2,1,1,6,28,4879882,246515,940,4,0,4,0,1,0,0,120,0,0,0,0,0
200600022636,6,4,18,1715,1,2,1,1,3,28,4877320,243516,940,9,0,1,3,1,1,0,30,1,0,1,99,0
200600022637,6,4,19,1455,1,2,1,1,3,28,4879340,246096,940,2,3,6,0,1,1,10,180,1,0,1,0,0
200600023198,6,1,20,1630,1,2,1,1,3,137,4849000,769000,670,3,2,2,0,1,1,0,0,1,0,1,0,0
200600023199,6,1,9,1800,5,2,1,1,3,86,4334700,560500,130,2,2,2,0,1,1,0,65,1,0,1,0,0
200600023318,6,5,6,1700,1,2,7,1,7,630,5049000,303700,590,6,0,0,0,1,1,0,0,1,0,0,0,0
200600023320,6,5,15,2230,3,2,1,1,1,401,5074000,271700,590,3,2,1,0,1,3,0,58,1,0,1,0,0
200600023321,6,5,30,1030,1,1,3,1,1,535,5078000,273900,590,3,2,2,0,2,1,0,65,1,0,1,0,1
200600023322,6,5,6,600,2,1,1,1,7,581,5067400,278200,590,3,2,2,0,1,1,0,56,1,0,3,0,0
200600023323,6,5,14,1645,1,1,1,1,3,268,5061500,275000,590,3,2,2,0,0,1,0,72,1,0,1,0,0
200600023325,6,5,18,730,1,1,1,1,1,135,5080500,250200,590,3,2,2,0,3,3,0,74,1,0,1,0,0
200600023326,6,5,29,815,1,1,3,1,3,252,5070500,293200,590,3,2,2,1,1,1,47,124,1,5,1,0,0
200600023327,6,5,30,1345,1,1,1,2,1,482,5070700,302000,590,3,2,2,0,1,1,0,70,2,0,1,0,0
200600023328,6,5,6,1645,1,2,1,1,3,348,5028200,333400,590,2,2,2,0,1,1,0,100,1,0,1,0,0
200600023330,6,5,7,1015,1,1,1,1,6,474,5008800,376300,590,3,2,0,0,1,1,0,50,0,0,3,0,0
200600023331,6,5,12,1230,1,2,1,1,2,331,5012400,369900,590,3,2,2,0,0,1,0,68,1,0,1,0,0
200600023333,6,5,10,1645,1,2,1,3,3,198,5012000,418200,590,3,2,1,0,2,1,0,65,2,0,1,0,0
200600023334,6,5,7,2100,2,1,1,1,6,372,5005000,332100,590,3,2,2,0,2,1,0,0,1,0,1,0,0
200600023335,6,5,30,2200,5,2,1,1,1,149,5008300,340100,590,3,2,0,0,1,1,0,0,2,0,1,0,0
200600023337,6,5,24,2030,1,2,1,1,3,53,5030000,380000,590,4,3,2,0,1,1,0,68,1,0,1,0,0
200600023338,6,5,25,1500,1,1,1,2,1,77,5031700,373600,590,4,2,1,0,1,4,0,0,2,0,1,0,1
200600023339,6,5,19,1200,1,2,1,1,6,481,5025200,364100,590,9,1,0,0,1,0,0,50,1,0,1,3,0
200600023342,6,5,3,1830,1,1,1,1,1,320,5032000,266000,620,2,2,2,0,0,1,0,70,1,0,1,0,0
200600023344,6,5,6,2345,3,1,1,3,1,81,5022100,306600,620,3,2,0,0,1,1,0,71,2,0,1,0,1
200600023346,6,5,9,1930,1,1,6,1,3,383,5030000,306000,620,3,2,0,0,1,1,0,0,1,5,1,0,0
200600023349,6,5,20,2330,3,2,1,1,6,376,5054900,257300,620,3,2,0,0,1,1,0,64,1,0,3,0,0
200600023354,6,5,28,500,2,2,1,1,7,506,5082200,192800,620,3,0,0,0,0,3,0,60,9,0,3,0,0