Num_Acc,an,mois,jour,hrmn,lum,agg,int,atm,col,com,lat,long,dep,catr,circ,nbv,vosp,prof,plan,lartpc,larrout,surf,infra,situ,env1,killed
200600023356,6,5,24,1015,1,1,1,8,1,318,5053600,162700,620,6,0,0,1,0,0,0,0,0,0,0,0,0
200600023359,6,5,12,1530,1,1,1,1,1,816,5033900,256300,620,3,2,2,0,0,1,0,75,9,0,1,0,0
200600023360,6,5,22,615,2,2,1,1,7,795,5030300,232800,620,3,2,0,0,0,4,0,0,0,0,0,0,0
200600023361,6,5,23,1800,1,2,1,1,6,361,5028200,229300,620,3,2,2,0,1,4,90,0,1,0,1,0,0
200600023363,6,5,21,2030,1,2,1,3,1,479,4977900,186700,800,2,2,2,0,0,3,0,72,2,0,1,0,0
200600023365,6,5,13,1515,1,2,1,1,1,19,4997000,190300,800,4,2,0,0,1,3,0,55,1,0,1,0,0
200600023366,6,5,16,2230,5,2,1,1,6,215,5014700,200800,800,3,2,0,0,2,2,0,68,1,0,4,0,1
200600023367,6,5,5,2245,5,2,2,1,3,308,5006600,160500,800,3,2,0,0,1,1,0,74,1,5,1,0,0
200600023368,6,5,8,745,1,1,2,2,3,500,5001500,160900,800,3,2,0,0,1,1,0,100,2,5,1,0,0
200600023369,6,5,10,1715,1,1,1,1,3,500,5002800,164000,800,3,2,0,0,1,1,0,65,1,0,1,0,0
200600023370,6,5,23,1915,1,2,1,1,6,373,4999300,155500,800,3,2,0,0,1,1,0,0,1,0,1,0,0
200600023371,6,5,22,1045,1,1,1,1,2,333,5034800,163300,800,3,2,2,0,1,1,0,55,1,0,1,0,0
200600023374,6,5,9,715,2,1,1,2,1,669,4974200,287700,800,3,2,2,0,1,1,80,0,2,0,1,0,0
200600023378,6,5,6,815,1,1,1,1,7,94,4982400,246100,800,3,2,0,0,4,2,0,63,1,0,1,0,0
200600023379,6,5,14,1845,1,1,2,1,3,494,4972500,240800,800,3,2,2,0,1,1,0,72,1,5,1,0,1
200600023383,6,5,10,1745,1,1,1,1,5,549,5011200,274500,800,3,2,2,0,1,3,0,55,1,0,1,0,0
200600023384,6,5,15,1845,1,1,1,1,7,47,5003500,265500,800,3,2,0,0,1,2,0,65,1,0,0,0,0
200600023385,6,5,28,1900,1,2,1,1,1,523,4998600,267400,800,3,2,0,0,1,1,0,0,1,0,1,0,0
200600023388,6,5,16,845,3,1,1,1,7,417,4983900,267300,800,4,2,2,0,3,3,0,60,1,4,3,0,0
200600023391,6,5,18,2145,5,2,1,2,3,814,4980400,269500,800,3,2,2,0,1,1,0,70,2,0,1,0,0
200600023395,6,5,16,1145,1,1,3,1,3,238,4961200,350300,20,2,2,0,0,2,2,0,91,1,5,1,0,0
200600023396,6,5,27,1115,1,2,1,8,3,96,4972800,362300,20,3,2,0,0,2,3,0,67,2,0,1,0,0
200600023397,6,5,28,1900,1,2,9,1,7,621,4952100,363600,20,3,3,2,0,0,1,0,53,1,0,1,0,0
200600023398,6,5,12,2230,3,2,1,2,3,719,4960100,323100,20,3,2,2,0,1,1,0,0,2,6,1,0,0
200600023402,6,5,12,1830,1,1,1,8,1,399,4942800,392700,20,3,2,0,0,1,1,35,91,2,5,1,0,0
200600023403,6,5,13,2315,5,2,1,1,6,360,4944200,396700,20,4,2,0,0,2,3,0,79,1,0,1,0,0
200600023406,6,5,24,930,1,1,2,1,3,798,4890300,340600,20,3,2,2,0,1,1,0,95,1,0,1,0,0
200600023407,6,5,1,1830,1,1,1,2,1,305,4918200,349500,20,3,2,1,0,2,2,0,50,2,0,1,0,0
200600023412,6,5,4,2115,5,2,1,1,6,232,4923800,304400,20,3,2,0,0,1,3,0,60,1,0,1,0,0
200600023413,6,5,24,1600,1,1,2,8,5,514,4937800,313300,20,3,2,2,0,0,1,0,63,1,5,1,0,0
200600023415,6,5,13,1045,1,2,1,1,1,558,5002200,379000,20,3,2,2,0,2,1,0,80,1,0,1,0,0
200600023417,6,5,13,1115,1,2,1,1,1,381,4993100,410300,20,4,2,2,0,1,1,0,60,1,5,1,0,0
200600023418,6,5,4,900,1,2,1,1,5,41,4938800,222200,600,3,2,2,0,1,1,0,68,1,0,1,0,0
200600023419,6,5,19,145,3,1,1,1,6,646,4951500,201600,600,3,2,2,0,2,1,0,75,1,0,1,0,0
200600023421,6,5,2,630,2,1,1,1,6,319,4936400,196400,600,3,2,2,0,1,1,0,74,2,0,1,0,0
200600023422,6,5,10,2015,1,2,1,1,6,164,4941200,183800,600,4,2,2,0,1,1,0,50,1,0,1,0,0
200600023437,6,5,20,1345,1,2,1,6,6,470,4955700,226500,600,3,2,2,0,2,3,0,47,1,0,4,0,0
200600023439,6,5,1,1000,1,1,1,8,1,701,4955100,237000,600,3,2,2,0,1,1,0,72,1,0,1,0,0
200600023444,6,5,3,1745,1,1,1,1,1,337,4942500,276200,600,9,2,0,0,0,1,0,40,9,4,1,0,0
200600023445,6,5,16,830,1,1,1,1,1,408,4946600,276300,600,3,2,0,0,0,1,0,75,1,0,1,0,0
200600023454,6,5,26,1800,1,1,1,1,1,446,4914700,280100,600,3,2,0,0,1,3,0,70,1,0,1,0,0
200600023457,6,5,20,1800,1,2,1,6,1,605,4991400,94200,760,3,2,0,0,2,4,0,74,1,0,1,0,0
200600023459,6,5,27,1700,1,2,1,8,7,397,4979600,111100,760,3,2,0,0,2,0,0,60,2,0,1,0,0
200600023462,6,5,13,300,3,1,1,8,1,434,4939200,128300,760,2,2,2,0,0,1,0,70,2,0,1,0,1
200600023469,6,5,20,1530,1,1,1,1,1,80,4963400,64200,760,3,2,2,0,2,0,0,71,1,2,1,0,0
200600023472,6,5,6,1915,1,2,3,2,3,295,4965700,161600,760,3,3,2,0,2,1,0,70,2,5,1,0,0
200600023473,6,5,1,2215,5,2,1,3,7,201,4946400,139600,760,2,2,2,0,1,1,0,73,2,0,1,0,0
200600023475,6,5,10,1815,1,2,1,1,1,655,4986700,72300,760,3,2,0,0,2,1,0,80,1,0,1,0,0
200600023478,6,5,3,1445,1,1,1,1,2,147,4911200,117300,270,3,2,1,0,1,1,63,0,1,0,1,0,0
200600023481,6,5,12,2140,3,1,1,8,7,293,4885400,99400,270,3,2,0,0,1,1,0,41,2,0,1,0,0
200600023482,6,5,20,500,3,2,1,3,6,198,4887700,107100,270,3,2,2,0,2,2,0,0,2,0,3,0,0
200600023483,6,5,23,1500,1,2,1,1,7,685,4891500,75000,270,3,2,2,0,1,1,0,0,1,0,3,0,0
200600023484,6,5,24,1930,1,1,1,1,6,195,4880500,99700,270,3,2,2,0,1,3,0,65,2,0,3,0,0
200600023485,6,5,26,1600,1,1,1,1,7,265,4881300,87000,270,3,2,2,0,1,1,0,50,1,0,3,0,0
200600023486,6,5,3,900,1,2,1,1,6,16,4924900,141500,270,3,2,2,0,0,1,0,0,1,0,1,0,0
200600023489,6,5,10,1520,1,2,1,1,1,284,4928400,176400,270,3,2,2,0,1,1,0,79,1,0,4,0,0
200600023490,6,5,31,830,1,2,1,1,3,284,4927100,178700,270,4,2,2,0,1,1,0,0,1,0,1,0,0
200600023491,6,5,29,1500,1,2,2,1,1,56,4910200,60500,270,3,2,0,0,1,1,0,0,1,0,1,0,0
200600023499,6,5,4,1000,1,1,1,7,1,275,4916000,135600,270,2,2,2,0,1,1,0,80,1,0,1,0,0
200600023503,6,5,9,1145,1,1,1,1,6,367,4922900,49000,270,4,2,2,0,1,1,0,27,1,0,3,0,0
200600023505,6,5,17,1700,1,1,1,1,7,435,4927800,51400,270,4,2,0,0,1,3,0,26,1,0,1,0,1
200600023507,6,5,16,1345,1,1,1,1,3,326,4832400,153300,350,3,2,1,0,0,0,0,65,1,0,1,0,0
200600023510,6,5,30,1815,1,1,1,1,3,223,4799100,212500,350,4,2,0,0,1,1,0,50,0,0,1,0,0
200600023512,6,5,30,1145,1,1,1,1,3,323,4843900,131100,350,3,2,0,0,2,2,0,47,1,0,1,0,0
200600023513,6,5,29,915,1,2,2,1,1,257,4841600,136300,350,3,2,2,0,1,1,0,78,1,0,1,0,0
200600023514,6,5,15,1900,1,1,1,1,1,13,4772000,207100,350,4,0,2,0,1,3,0,71,1,0,1,0,0
200600023515,6,5,19,1400,1,1,1,1,1,332,4781000,156000,350,4,2,0,0,1,3,0,33,1,0,1,0,0
200600023516,6,5,13,1700,1,1,1,1,7,219,4784300,198400,350,3,2,1,0,1,1,0,53,1,0,3,0,1
200600023521,6,5,11,1500,1,1,1,1,1,291,4859100,160900,350,4,0,2,0,3,3,0,33,1,0,1,0,0
200600023527,6,5,28,130,3,1,1,2,6,264,4810600,137400,350,4,2,2,0,2,2,0,50,2,0,3,0,1
200600023528,6,5,24,1145,1,2,1,1,7,136,4796400,149800,350,6,0,0,0,1,0,0,0,1,0,1,0,0
200600023531,6,5,1,700,2,1,1,2,6,261,4850300,241200,220,3,2,2,0,1,1,0,0,2,0,3,0,0
200600023532,6,5,2,1745,1,1,1,1,3,93,4850200,247100,220,3,2,0,0,1,1,0,69,1,0,1,0,0
200600023535,6,5,8,515,3,1,1,1,6,384,4828700,284500,220,3,2,2,0,2,2,0,50,1,0,0,0,0
200600023536,6,5,9,1330,1,2,6,1,3,136,4817600,274900,220,4,3,4,1,2,0,15,70,1,0,1,0,1
200600023537,6,5,9,1815,1,2,1,1,6,275,4814100,270100,220,4,2,2,0,2,3,0,65,1,0,1,3,0
200600023539,6,5,20,1830,1,2,1,1,4,186,4859300,255200,220,9,1,2,0,1,1,0,60,1,0,1,0,0
200600023540,6,5,23,1130,1,1,1,1,1,273,4859500,249400,220,3,2,2,0,1,3,0,60,1,0,1,0,1
200600023542,6,5,20,1845,1,1,1,1,1,126,4842100,295800,220,3,2,2,0,1,3,0,60,1,0,1,0,0
200600023544,6,5,22,1515,1,1,1,1,5,183,4817600,258200,220,2,2,2,0,1,1,0,77,1,0,1,0,0
200600023546,6,5,9,815,1,2,1,7,6,226,4868300,352300,220,3,2,0,0,1,0,0,57,1,0,1,0,1
200600023547,6,5,14,500,4,2,1,1,1,343,4878000,357800,220,3,2,2,0,1,1,0,65,1,0,1,0,0
200600023549,6,5,28,1730,1,2,1,1,3,168,4882000,346900,220,3,2,2,0,1,1,0,70,1,0,1,0,0
200600023551,6,5,15,815,1,1,1,2,6,173,4800300,416100,290,3,2,0,0,1,2,0,0,2,0,3,0,0
200600023552,6,5,30,1815,1,1,1,1,3,197,4801400,447900,290,4,2,2,0,1,1,0,62,1,5,1,0,0
200600023553,6,5,7,1415,1,1,1,1,1,57,4791800,396900,290,4,2,2,0,2,3,0,81,1,0,1,0,0
200600023554,6,5,10,1445,1,1,1,1,7,58,4787000,401000,290,4,2,0,0,2,1,0,55,1,0,1,0,0
200600023555,6,5,15,800,1,1,1,8,1,58,4787000,404300,290,3,2,2,0,1,2,0,51,1,0,3,0,1
200600023556,6,5,20,1345,1,1,6,1,1,37,4788900,416800,290,3,3,2,0,1,1,0,51,1,5,1,0,0
200600023558,6,5,9,1600,1,2,6,1,7,103,4844300,426400,290,9,0,0,0,0,0,0,0,0,0,0,0,0
200600023559,6,5,7,505,3,1,1,1,7,149,4843800,461100,290,3,2,2,0,1,2,0,61,1,0,3,0,0
200600023561,6,5,28,545,3,2,1,2,6,81,4836400,375500,290,4,2,2,0,2,4,0,85,2,0,3,0,1
200600023568,6,5,19,815,1,1,1,2,5,164,4768100,280600,560,3,2,2,0,1,1,0,60,2,0,1,0,0
200600023569,6,5,2,845,1,1,1,1,1,33,4778700,219500,560,3,2,2,0,1,1,0,60,1,0,0,0,0
200600023572,6,5,22,230,5,2,1,6,1,168,4760200,311500,560,3,2,2,0,2,1,0,70,1,0,1,0,0
200600023577,6,5,11,2115,1,1,1,1,6,79,4794200,253000,560,3,2,0,0,0,1,0,60,1,0,1,0,0
200600023578,6,5,16,1930,1,2,9,1,1,187,4789400,246700,560,3,2,0,0,2,3,0,30,1,0,1,0,0
200600023579,6,5,29,1345,1,1,1,1,6,71,4788500,267000,560,3,2,2,0,1,2,0,53,1,0,3,0,0
200600023580,6,5,26,1445,1,1,1,8,3,57,4804000,347900,560,3,2,2,0,1,1,15,60,1,5,1,0,0
200600023583,6,5,7,1045,1,1,1,1,6,166,4928100,28700,140,3,2,2,0,2,1,0,44,1,0,3,0,0
200600023584,6,5,7,1130,1,1,6,1,2,407,4925500,38300,140,3,0,2,0,0,2,0,87,1,5,1,0,0
200600023585,6,5,11,1830,1,2,1,1,3,488,4928500,25600,140,9,2,0,0,1,1,0,60,1,0,1,0,0
200600023587,6,5,1,1700,1,1,1,2,3,348,4916300,61400,140,3,2,0,0,1,2,0,65,2,0,1,0,1
200600023589,6,5,21,30,3,1,1,2,6,654,4903400,5800,140,3,2,1,0,1,2,0,65,2,0,3,0,0
200600023593,6,5,10,1630,1,1,1,1,1,660,4929400,1300,140,3,2,0,0,1,1,0,0,1,0,1,0,0
200600023597,6,5,31,1830,1,2,1,1,2,164,4899100,103200,500,3,2,2,0,0,1,51,62,1,0,1,0,0
200600023599,6,5,4,1735,1,1,1,1,6,516,4867100,134600,500,3,2,2,0,1,3,0,50,1,0,1,0,0
200600023600,6,5,19,1530,1,2,1,8,6,25,4868000,135000,500,9,2,2,0,1,1,0,55,2,0,1,0,0
200600023602,6,5,27,1715,1,1,1,1,4,493,4884100,148400,500,3,2,2,0,2,1,0,72,1,0,1,0,0
200600023604,6,5,28,45,3,1,1,5,6,220,4966700,179000,500,3,0,2,0,1,0,0,50,2,0,3,0,0
200600023605,6,5,28,1700,1,1,1,1,1,162,4963300,151900,500,3,2,2,0,1,2,0,46,1,0,1,0,0
200600023607,6,5,5,2230,5,2,1,1,1,341,4949600,137500,500,3,2,2,0,1,4,0,57,1,0,1,0,0
200600023609,6,5,14,2300,3,1,3,1,3,596,4965500,142400,500,3,2,0,0,1,2,0,60,1,0,1,0,1
200600023610,6,5,27,1715,1,1,1,1,1,417,4958400,135100,500,3,2,0,0,1,1,0,70,1,0,1,0,0
200600023612,6,5,9,900,1,1,2,1,3,140,4899800,141900,500,3,2,2,0,2,1,0,65,1,0,1,0,1
200600023618,6,5,15,1030,1,1,1,1,1,498,4836500,46800,610,3,2,2,0,2,1,0,0,1,0,1,0,0
200600023623,6,5,24,245,3,1,1,1,7,43,4709600,130000,440,3,2,2,0,2,1,0,60,1,0,1,0,0
200600023624,6,5,16,1730,1,1,1,1,6,174,4706600,172500,440,4,2,2,0,1,1,0,37,1,0,1,0,0
200600023625,6,5,19,1145,1,1,1,1,1,174,4704800,171700,440,3,2,2,0,4,1,0,55,1,0,1,0,0
200600023632,6,5,1,1730,1,2,2,1,3,179,4737000,140500,440,3,2,0,0,1,1,0,60,1,0,1,0,0
200600023636,6,5,4,1715,1,1,3,1,3,46,4726900,211400,440,3,2,0,0,0,3,0,68,1,0,1,0,0
200600023637,6,5,13,1515,1,1,1,1,5,186,4708400,179700,440,3,2,2,0,1,1,74,0,1,5,1,0,0
200600023638,6,5,29,1845,1,1,1,1,1,133,4713700,179400,440,3,2,2,0,2,2,0,73,1,0,1,0,0
200600023639,6,5,2,2000,2,2,1,1,3,47,4722200,171200,440,4,2,2,0,1,1,0,80,1,0,1,0,0
200600023640,6,5,6,715,1,1,1,2,6,74,4721400,170600,440,3,2,0,0,1,2,0,72,2,0,3,0,0
200600023645,6,5,9,1815,1,1,3,1,3,217,4728500,172500,440,3,2,3,0,1,1,0,101,1,5,1,0,0
200600023648,6,5,20,2315,3,1,1,1,2,308,4739300,51100,490,4,2,2,0,1,1,0,50,0,0,1,0,0
200600023649,6,5,24,845,1,2,3,1,3,153,4721600,59200,490,4,2,2,0,1,3,0,60,1,0,1,0,0
200600023650,6,5,3,1630,1,1,1,1,1,117,4742300,44100,490,3,2,0,0,1,1,0,0,1,0,1,0,0
200600023651,6,5,13,130,3,2,1,1,6,63,4735000,77600,490,3,2,2,0,1,1,0,70,1,0,1,0,0
200600023652,6,5,20,1745,1,2,1,1,6,160,4741300,93100,490,3,2,2,0,0,1,0,65,1,0,4,3,0
200600023653,6,5,13,1300,1,1,1,1,1,162,4719700,89000,490,3,2,2,0,1,1,0,47,1,2,1,0,0
200600023656,6,5,18,1200,1,2,1,1,2,371,4712700,71100,490,3,2,2,0,1,1,0,60,1,0,1,0,0
200600023657,6,5,27,1345,1,2,1,1,6,260,4706500,102100,490,3,2,2,0,2,1,70,70,1,0,1,0,0
200600023659,6,5,10,1445,1,2,1,1,1,373,4713200,54900,490,3,2,2,0,0,1,0,58,1,0,1,0,0
200600023661,6,5,2,1530,1,1,1,1,3,180,4740300,11400,490,3,2,2,0,1,1,0,200,1,0,1,0,1
200600023662,6,5,11,630,1,1,1,1,7,361,4724500,5500,490,4,2,1,0,1,2,0,31,1,0,1,0,0
200600023663,6,5,14,1645,1,2,3,1,3,361,4724200,5300,490,3,2,2,0,1,1,0,66,1,0,1,0,0
200600023665,6,5,20,2315,4,1,1,1,1,155,4760000,69500,490,2,3,0,0,1,1,38,120,1,5,1,0,1
200600023666,6,5,28,845,1,1,1,2,6,347,4760900,47400,490,4,2,2,0,2,3,0,0,2,2,1,0,0
200600023668,6,5,24,2245,3,1,1,1,3,140,4811800,72900,530,3,2,2,0,1,1,0,77,1,0,1,0,0
200600023669,6,5,18,845,1,2,1,1,6,97,4815800,40000,530,9,2,2,0,1,1,0,55,1,0,1,3,0
200600023670,6,5,5,1700,1,1,1,1,2,72,4822600,61100,530,3,2,0,0,1,1,0,64,1,0,1,0,0
200600023675,6,5,18,1800,1,1,1,1,1,139,4833000,36000,530,3,0,2,0,1,1,0,59,1,0,1,0,0
200600023676,6,5,2,1800,1,2,1,1,3,213,4791600,25600,720,9,0,0,0,1,1,0,41,1,0,1,0,0
200600023678,6,5,13,1830,1,1,1,1,5,178,4795400,56400,720,3,2,2,0,1,1,0,57,1,0,3,0,0
200600023683,6,5,13,1415,1,1,1,8,2,51,4784500,8800,720,2,2,3,3,1,1,0,108,1,0,1,0,0
200600023684,6,5,19,1745,1,1,1,1,7,175,4769200,9800,720,3,2,2,0,1,2,0,47,1,0,3,0,0
200600023686,6,5,7,500,3,1,1,5,6,336,4784200,27600,720,3,2,2,0,1,1,0,72,1,0,3,0,0
200600023687,6,5,20,2030,1,1,1,1,1,15,4843300,32800,720,3,2,2,0,2,4,0,60,1,0,1,0,1
200600023692,6,5,26,1200,1,1,1,1,6,153,4680900,103200,850,3,2,2,0,1,1,0,60,1,0,3,0,1
200600023697,6,5,24,2245,5,2,1,1,3,128,4645000,116000,850,9,0,0,0,0,0,0,0,0,0,0,0,0
200600023698,6,5,3,1830,1,2,1,1,3,181,4650700,95600,850,3,2,2,0,1,1,0,59,1,0,1,0,0
200600023700,6,5,20,1745,1,1,1,1,1,90,4684900,81100,850,4,2,2,0,1,3,0,56,1,0,1,0,0
200600023701,6,5,25,1100,1,1,1,1,7,280,4686900,200700,850,3,0,0,0,0,0,0,0,0,0,0,0,1
200600023702,6,5,23,1030,1,2,1,1,3,222,4670000,193800,850,3,3,2,0,1,1,10,70,1,5,1,0,0
200600023703,6,5,12,1845,1,1,2,1,3,234,4683200,203800,850,3,2,2,0,1,1,0,60,1,0,1,0,1
200600023704,6,5,5,645,1,1,1,1,6,156,4648700,144200,850,3,2,0,0,1,3,0,57,1,0,1,0,1
200600023705,6,5,7,1800,1,1,2,2,1,206,4647000,129900,850,3,2,0,0,1,1,0,66,2,5,1,0,0
200600023712,6,5,3,1000,1,1,1,1,6,486,4510400,58500,330,3,2,2,0,2,3,0,64,1,0,3,0,1
200600023713,6,5,6,1515,1,1,1,1,1,339,4503600,48900,330,3,2,2,0,1,1,0,60,1,0,3,0,0
200600023717,6,5,30,445,3,1,1,1,1,201,4472300,37300,330,3,2,2,0,0,2,0,0,1,0,1,0,0
200600023721,6,5,25,1915,1,2,1,1,7,30,4461000,31000,330,4,2,2,0,1,1,0,50,1,0,1,0,0
200600023722,6,5,12,2200,3,1,1,1,7,366,4501000,43000,330,2,1,0,0,1,1,20,150,1,0,1,0,0
200600023723,6,5,17,1210,1,2,1,1,1,371,4502000,42000,330,3,2,2,0,1,2,0,50,1,0,1,0,0
200600023725,6,5,4,1815,1,1,1,8,1,21,4450000,14000,330,3,2,2,0,2,1,0,62,1,0,1,0,0
200600023728,6,5,30,1000,1,1,1,1,4,412,4525300,89500,330,2,3,4,0,1,1,60,206,1,0,1,0,0
200600023731,6,5,15,1900,1,1,1,1,2,466,4481900,29600,330,3,2,2,0,1,1,0,57,1,0,1,0,0
200600023733,6,5,26,1815,1,1,1,1,3,480,4484000,18500,330,3,2,0,0,1,1,0,0,1,0,1,0,1
200600023735,6,5,13,1630,1,2,1,1,6,138,4504000,13300,330,3,2,2,0,1,1,0,70,1,0,1,0,0
200600023737,6,5,24,1530,1,1,1,1,3,324,4484600,24600,330,3,2,2,0,1,1,0,60,1,0,1,0,0
200600023738,6,5,5,1230,1,2,9,1,6,478,4501700,300,330,2,2,1,2,1,1,0,83,1,0,1,0,0
200600023748,6,5,27,930,1,1,1,1,1,289,4485700,4400,240,3,2,2,0,1,1,70,0,1,0,1,0,0
200600023753,6,5,22,1145,1,1,1,1,6,460,4526200,44200,240,4,2,0,0,1,1,0,36,1,0,0,0,0
200600023755,6,5,17,1200,1,1,1,1,1,354,4514200,200,240,3,2,0,0,1,1,60,0,1,0,1,0,0
200600023756,6,5,2,1200,1,1,1,1,3,512,4489800,125200,240,3,2,2,0,1,1,0,54,1,0,1,0,0
200600023757,6,5,13,515,3,1,1,1,7,392,4496300,125900,240,3,2,2,0,2,4,0,70,1,0,3,0,0
200600023765,6,5,20,1700,1,2,1,1,1,192,4391000,47000,400,5,2,1,0,1,2,0,60,1,0,1,3,0
200600023769,6,5,8,330,3,1,1,2,7,157,4403500,129800,400,3,2,2,1,1,2,0,62,2,0,3,0,0
200600023770,6,5,18,1130,1,2,6,1,6,150,4387600,131800,400,3,2,2,0,1,1,0,45,9,0,1,0,0
200600023771,6,5,26,1915,1,1,2,1,3,266,4408000,123000,400,3,2,0,0,1,1,0,61,1,5,1,0,0
200600023776,6,5,5,830,1,2,1,8,3,312,4353000,145000,400,3,2,2,0,1,4,0,110,1,5,1,0,0
200600023777,6,5,15,1430,1,1,9,1,5,273,4353900,137700,400,2,2,0,0,3,1,0,72,1,0,1,0,0
200600023778,6,5,28,1330,1,1,1,1,3,273,4354900,134500,400,3,2,0,0,1,1,0,70,1,5,2,0,1
200600023784,6,5,24,1815,1,2,1,1,6,1,4371600,26200,400,2,4,0,0,1,1,0,99,1,0,1,0,0
200600023785,6,5,1,945,1,1,1,1,6,87,4399800,10400,400,3,2,2,0,1,1,0,30,1,0,1,0,0
200600023787,6,5,1,2315,3,1,1,1,2,94,4445600,23800,470,2,2,2,0,1,3,82,62,1,0,1,0,0
200600023788,6,5,11,1330,1,2,1,1,2,157,4448900,19200,470,3,2,0,0,0,1,0,0,1,0,0,0,0
200600023789,6,5,23,1230,1,1,1,1,7,114,4437600,10600,470,3,2,2,0,0,1,0,60,1,0,1,0,0
200600023790,6,5,29,1500,1,1,3,1,3,24,4453500,13000,470,3,2,0,0,1,1,0,56,1,0,1,0,0
200600023793,6,5,5,1045,1,1,1,1,1,57,4465100,61000,470,3,2,2,0,3,2,0,70,1,0,1,0,1
200600023797,6,5,4,1000,1,2,1,1,6,230,4324000,38000,640,2,2,2,0,1,1,0,105,1,0,1,0,0
200600023799,6,5,16,1230,1,1,2,7,3,448,4335000,47700,640,2,2,4,0,1,1,0,120,1,5,1,0,1
200600023805,6,5,28,1330,1,2,9,1,3,485,4316900,123800,640,3,2,2,0,1,1,0,75,1,0,1,0,0
200600023808,6,5,26,1545,1,1,1,1,1,421,4316600,49400,640,2,2,2,0,3,1,0,63,1,0,1,0,1
200600023810,6,5,21,1600,1,2,1,1,1,430,4348800,75900,640,3,2,0,0,1,1,0,107,1,0,1,0,0
200600023813,6,5,9,1,1,1,1,1,1,38,4635600,44900,860,3,2,0,0,1,1,0,65,1,0,1,0,0
200600023817,6,5,18,1815,1,1,1,1,1,170,4634900,79600,860,2,2,2,0,1,1,0,75,1,0,1,0,0
200600023824,6,5,27,2200,1,2,1,1,3,169,4570400,35700,160,9,2,2,0,1,1,0,43,1,0,1,0,0
200600023827,6,5,8,1445,1,1,1,1,6,202,4566400,18800,160,3,2,2,0,0,3,0,68,2,0,3,0,1
200600023837,6,5,27,1930,1,1,1,1,7,38,4520600,34300,170,3,2,2,0,1,1,0,64,1,0,1,0,0
200600023838,6,5,13,2100,3,1,1,1,5,219,4583600,111300,170,3,3,0,3,1,1,0,0,1,5,1,0,0
200600023839,6,5,26,1715,1,1,1,1,3,351,4582000,108000,170,3,2,2,0,1,1,0,51,1,5,1,0,0
200600023840,6,5,31,1315,1,1,1,1,3,406,4577000,99200,170,3,2,0,0,1,2,0,65,1,0,1,0,1
200600023842,6,5,9,2345,3,1,1,1,6,155,4571700,110900,170,3,2,2,0,1,1,0,60,1,0,3,0,0
200600023843,6,5,6,1215,1,1,1,1,1,75,4592400,83000,170,4,2,0,0,0,1,0,30,1,2,1,0,0
200600023845,6,5,16,1530,1,2,4,1,6,434,4610000,75000,170,3,1,1,0,1,3,0,0,1,0,1,0,0
200600023846,6,5,27,1630,1,1,1,1,3,310,4555900,75100,170,3,2,0,0,1,1,0,52,1,0,1,0,0
200600023851,6,5,14,315,3,1,1,1,6,383,4595800,41400,170,3,2,2,0,2,1,0,52,1,0,3,0,1
200600023852,6,5,6,2030,1,1,1,1,7,284,4645900,43600,790,3,2,2,0,1,1,0,52,1,0,3,0,0
200600023854,6,5,31,800,1,1,1,1,1,170,4618400,65200,790,4,2,1,0,1,2,0,26,1,0,1,0,1
200600023855,6,5,4,1810,1,2,1,1,3,189,4641600,17000,790,9,2,2,0,2,1,65,0,1,0,1,0,0
200600023862,6,5,19,1300,1,1,1,1,3,348,4613700,27800,790,3,2,0,0,1,1,0,0,1,0,1,0,0
200600023865,6,5,25,345,5,2,1,1,7,202,4664900,21800,790,2,2,2,0,1,2,0,125,1,0,4,0,0
200600023868,6,5,17,1530,1,2,3,1,1,1,4579000,114000,870,2,2,3,0,0,1,0,86,1,5,1,0,0
200600023869,6,5,13,1100,1,2,1,2,6,64,4574200,175200,870,3,2,2,0,1,3,0,72,2,0,1,0,0
200600023872,6,5,8,1800,1,1,1,4,6,27,4562100,103300,870,3,2,2,0,2,4,0,62,2,0,3,0,0
200600023875,6,5,7,1815,1,1,1,1,7,83,4609000,147900,870,4,2,1,0,4,2,0,34,1,0,1,0,0
200600023879,6,5,20,1545,1,1,1,2,6,4,4513700,185200,190,3,2,2,0,2,3,0,0,2,0,3,0,0
200600023881,6,5,26,1445,1,1,1,8,1,37,4542500,171400,190,3,2,2,0,1,1,0,70,2,0,1,0,0
200600023885,6,5,28,745,1,1,1,1,1,114,4559400,229200,190,3,2,2,0,1,1,0,75,1,0,0,0,0
200600023886,6,5,30,1330,1,1,1,1,1,113,4542600,230300,190,4,2,0,0,2,2,0,55,1,0,1,0,1
200600023887,6,5,8,2100,3,1,1,1,6,169,4613300,195400,230,3,2,2,0,1,2,0,70,1,0,1,0,1
200600023888,6,5,29,1145,1,2,9,1,6,31,4635200,221700,230,4,0,0,0,0,0,0,0,0,0,0,0,0
200600023889,6,5,15,1345,1,1,1,1,7,245,4619000,182600,230,2,3,2,0,4,2,40,72,1,0,2,0,0
200600023891,6,5,23,1500,1,2,3,1,3,79,4589400,218200,230,3,2,0,0,0,1,0,60,1,5,1,0,0
200600023892,6,5,10,1315,1,1,1,1,7,151,4609200,226800,230,3,2,0,0,1,2,0,0,1,0,3,0,0
200600023893,6,5,30,1030,1,1,1,1,1,145,4628000,238900,230,2,2,2,0,1,1,0,80,1,0,1,0,1