Num_Acc,an,mois,jour,hrmn,lum,agg,int,atm,col,com,lat,long,dep,catr,circ,nbv,vosp,prof,plan,lartpc,larrout,surf,infra,situ,env1,killed
200600023895,6,5,7,2045,2,1,1,2,6,6,4608000,158000,230,3,2,2,0,1,1,0,41,2,0,3,0,0
200600023896,6,5,10,1945,1,1,1,7,2,95,4618600,166000,230,3,2,2,0,2,1,0,62,1,0,1,0,0
200600023897,6,5,25,1940,1,1,6,1,2,44,4363000,150000,310,3,2,1,0,1,3,60,60,1,5,1,0,0
200600023899,6,5,15,1500,1,1,3,1,3,79,4379000,140000,310,3,2,2,0,1,1,58,0,1,0,1,0,0
200600023902,6,5,7,2245,3,1,1,3,1,424,4355500,126200,310,3,2,2,0,1,1,0,69,2,0,1,0,1
200600023905,6,5,5,1230,1,1,2,1,3,273,4371000,151500,310,3,2,2,0,1,1,0,60,1,0,1,0,0
200600023906,6,5,30,1800,1,2,1,1,3,488,4367400,150700,310,3,2,2,0,1,3,0,60,1,0,1,0,0
200600023908,6,5,19,15,4,1,1,1,6,455,4326900,119600,310,3,0,1,0,0,1,0,75,1,0,1,0,0
200600023909,6,5,24,600,2,2,1,1,6,375,4321200,122700,310,3,2,2,0,1,2,0,0,1,0,3,3,0
200600023910,6,5,24,2100,2,1,1,7,6,258,4328800,127500,310,3,2,2,0,2,2,15,55,1,0,0,0,0
200600023911,6,5,14,600,2,1,1,1,7,425,4316300,112300,310,3,2,2,0,0,0,0,50,1,0,3,0,0
200600023912,6,5,14,715,2,1,1,5,6,481,4346000,114200,310,3,2,2,0,0,1,0,90,1,0,1,0,1
200600023913,6,5,24,1515,1,1,2,1,1,75,4355000,115800,310,3,2,2,0,1,1,0,60,1,0,1,0,1
200600023914,6,5,27,300,3,1,1,1,7,499,4353300,118400,310,3,2,0,0,1,1,0,60,0,0,1,0,0
200600023915,6,5,9,1415,1,2,1,1,6,270,4313900,76900,310,3,2,0,0,2,1,0,50,1,0,3,0,0
200600023916,6,5,17,1145,1,1,1,1,3,323,4308600,64000,310,3,2,2,0,1,1,0,52,0,0,1,0,0
200600023917,6,5,25,1830,1,1,1,1,3,13,4308000,63500,310,3,2,2,0,1,1,0,115,1,5,1,0,0
200600023918,6,5,28,2030,1,1,1,1,3,13,4308000,63500,310,3,2,2,0,1,1,0,112,1,5,1,0,1
200600023919,6,5,6,1030,1,2,1,1,6,582,4340200,171700,310,3,2,1,0,1,1,0,75,1,0,1,0,0
200600023920,6,5,17,1815,1,2,1,1,1,573,4365800,165100,310,3,2,2,0,2,3,0,70,1,5,1,0,0
200600023921,6,5,24,2025,1,1,1,1,6,511,4363900,163100,310,3,2,2,0,1,3,0,44,1,0,3,0,1
200600023924,6,5,18,1015,1,2,1,1,1,3,4292000,189000,90,3,2,2,0,0,1,0,65,1,0,1,0,1
200600023928,6,5,18,1215,1,1,1,1,7,2,4299400,187600,90,3,2,0,0,1,1,0,70,1,0,3,0,0
200600023930,6,5,2,1815,1,1,1,7,6,262,4421900,229800,120,4,2,2,0,2,2,0,34,1,0,1,0,0
200600023931,6,5,14,1830,1,1,1,1,7,68,4437100,232200,120,4,2,0,0,2,4,0,40,2,0,3,0,1
200600023932,6,5,17,1015,1,2,1,1,1,185,4428700,275100,120,4,2,2,0,0,1,0,0,1,0,1,0,0
200600023933,6,5,25,130,5,2,1,1,6,33,4444500,269600,120,3,2,2,0,2,2,77,0,1,0,3,0,1
200600023941,6,5,25,1230,1,1,1,7,3,294,4424400,291900,120,3,2,2,0,0,1,0,66,1,5,1,0,0
200600023942,6,5,25,1415,1,1,1,1,1,247,4442000,300500,120,3,2,1,0,0,1,0,0,1,0,1,0,0
200600023944,6,5,26,1445,1,2,1,1,6,44,4382800,287700,120,3,2,2,0,1,1,0,58,1,0,1,0,0
200600023946,6,5,6,2215,3,2,1,2,7,190,4436000,225000,120,3,2,2,0,1,2,0,30,2,0,0,0,0
200600023949,6,5,22,1700,1,1,1,1,1,29,4363000,44100,320,3,2,2,0,3,2,51,0,1,0,1,0,0
200600023950,6,5,13,1300,1,2,1,8,6,249,4372000,87000,320,3,2,2,0,1,1,0,70,2,0,3,0,0
200600023952,6,5,12,1800,1,1,1,1,6,268,4361200,98300,320,2,2,2,0,1,1,72,102,1,0,1,0,0
200600023954,6,5,6,1545,1,1,1,1,7,88,4373200,21200,320,3,2,2,0,2,3,0,47,1,0,1,0,0
200600023958,6,5,21,2030,1,1,1,1,6,119,4385700,12400,320,3,2,2,0,1,2,0,60,1,2,3,0,0
200600023959,6,5,21,1545,3,1,1,1,6,408,4381200,3800,320,3,0,0,0,0,1,0,50,1,0,3,0,0
200600023960,6,5,29,915,1,1,1,1,1,423,4374200,13200,320,3,2,2,0,2,2,0,65,1,0,1,0,0
200600023961,6,5,10,1810,1,1,1,7,1,278,4340700,42100,320,3,2,2,0,2,2,0,45,1,0,1,0,0
200600023963,6,5,3,1900,1,1,1,1,1,1,4369800,4100,320,4,2,2,0,3,3,0,38,1,0,1,0,0
200600023964,6,5,31,800,1,1,3,1,3,70,4364400,400,320,3,2,2,0,1,1,0,60,1,0,1,0,0
200600023965,6,5,9,1400,1,1,1,1,1,82,4439700,160800,460,3,2,0,0,0,3,0,40,1,0,1,0,0
200600023974,6,5,1,1045,1,1,1,1,1,88,4383200,225800,810,3,2,2,0,0,0,0,44,1,5,1,0,0
200600023977,6,5,28,1700,1,1,2,1,1,255,4374600,178000,810,3,2,2,0,0,0,0,60,1,5,1,0,0
200600023978,6,5,30,530,3,1,1,1,3,271,4375800,168000,810,1,3,2,0,1,1,0,70,1,0,1,0,0
200600023979,6,5,6,1000,1,1,1,1,3,41,4395900,187400,810,3,2,2,0,1,2,0,71,1,0,1,0,0
200600023980,6,5,18,1215,1,1,1,1,6,225,4392400,198700,810,3,2,2,0,0,1,0,69,1,0,1,0,1
200600023985,6,5,19,1100,1,1,1,1,2,120,4353000,226000,810,3,2,2,0,1,1,0,56,1,0,1,0,0
200600023986,6,5,11,515,3,1,1,1,6,76,4356000,190000,810,2,2,2,0,1,1,0,74,1,0,3,0,1
200600023987,6,5,17,1845,1,1,1,1,7,251,4357900,206300,810,4,2,2,0,2,2,0,29,1,0,3,0,0
200600023988,6,5,3,1515,1,1,1,1,7,76,4412300,135700,820,3,2,2,0,2,2,0,36,1,0,1,0,0
200600023997,6,5,2,1430,1,1,1,1,6,125,4398500,123200,820,3,2,0,0,0,2,0,55,1,0,0,0,0
200600023998,6,5,4,1045,1,1,1,1,3,125,4397100,121500,820,3,2,2,0,0,1,0,0,1,0,1,0,0
200600023999,6,5,19,2100,1,1,1,1,3,171,4402600,119100,820,3,2,0,0,1,1,0,60,1,0,1,0,0
200600024001,6,5,28,1400,1,2,1,1,6,125,4395900,122000,820,3,2,2,0,1,1,0,60,1,0,3,0,0
200600024006,6,5,26,1130,1,2,1,1,3,143,4589100,483200,690,3,2,2,0,1,1,0,0,1,0,1,0,0
200600024009,6,5,24,945,1,2,2,1,2,204,4568700,479800,690,2,2,2,0,2,1,0,60,1,0,1,0,0
200600024019,6,5,13,1845,1,2,1,1,3,148,4565700,475000,690,3,1,2,0,1,1,0,80,1,0,1,0,0
200600024021,6,5,24,1745,1,2,1,1,3,156,4597500,469300,690,4,2,0,0,1,1,0,0,1,0,1,0,0
200600024023,6,5,24,1945,1,1,1,1,1,108,4617600,474700,690,3,2,3,0,1,1,0,138,1,5,1,0,0
200600024024,6,5,17,1615,1,2,6,1,7,211,4612400,473800,690,3,1,1,0,1,2,0,60,1,5,1,0,0
200600024029,6,5,3,2245,5,2,1,1,2,25,4603900,429000,690,3,2,2,0,1,1,0,70,1,0,1,0,0
200600024030,6,5,7,1815,1,1,1,1,2,184,4615800,544300,10,3,2,0,0,3,1,0,66,1,0,1,0,0
200600024033,6,5,27,1000,1,2,1,1,3,305,4643500,493900,10,3,2,0,0,0,1,0,100,1,0,1,0,0
200600024036,6,5,13,1845,1,1,1,1,3,134,4628600,490600,10,3,2,0,0,1,1,0,62,2,0,1,0,1
200600024041,6,5,19,1930,1,1,1,1,1,4,4598000,531400,10,3,3,3,0,1,1,53,33,1,0,1,0,0
200600024044,6,5,1,1315,1,1,1,1,1,192,4620900,556700,10,4,2,2,0,2,2,0,28,1,0,1,0,0
200600024050,6,5,7,1730,1,1,1,3,1,109,4612600,589700,10,2,2,2,0,1,3,0,75,2,0,1,0,0
200600024054,6,5,11,1015,1,1,1,1,1,290,4590500,518900,10,2,2,0,0,1,1,0,70,1,0,1,0,0
200600024059,6,5,10,800,1,1,1,1,1,243,4604100,475700,10,3,2,2,0,1,3,0,65,1,0,1,0,0
200600024060,6,5,2,1745,1,1,1,1,6,351,4615200,487000,10,3,2,2,0,1,3,0,60,1,5,1,0,0
200600024061,6,5,17,1400,1,2,1,1,1,83,4610200,485500,10,3,2,2,0,2,1,0,65,1,0,1,0,0
200600024063,6,5,30,1915,1,1,1,1,3,264,4432000,462000,70,2,2,2,0,1,3,0,80,1,5,1,0,0
200600024064,6,5,3,1800,1,1,1,1,1,22,4472500,474900,70,2,2,2,0,1,1,0,80,1,0,1,0,0
200600024065,6,5,9,815,1,2,1,1,6,181,4476000,474800,70,2,3,1,0,1,1,40,104,1,0,1,0,0
200600024067,6,5,4,15,3,2,1,1,6,224,4475900,409800,70,3,2,0,0,2,1,0,65,1,0,3,0,0
200600024073,6,5,10,1930,1,1,1,8,2,301,4510800,466700,70,3,2,0,0,1,1,0,63,2,0,1,0,0
200600024074,6,5,12,830,1,2,1,1,3,292,4517100,467600,70,3,2,2,0,2,4,0,65,1,0,1,0,0
200600024075,6,5,26,1745,1,1,6,1,6,108,4473600,501500,260,3,0,0,0,1,0,0,0,1,0,1,0,0
200600024076,6,5,23,715,1,1,1,1,7,124,4482400,489500,260,3,2,2,0,1,2,0,45,1,0,1,0,0
200600024078,6,5,30,1730,1,1,1,1,7,166,4473400,477500,260,3,2,2,0,1,1,0,0,9,0,3,0,1
200600024079,6,5,20,1645,1,1,1,1,3,253,4460700,542300,260,3,2,2,0,1,1,0,0,1,0,1,0,0
200600024080,6,5,30,1830,1,1,1,1,1,45,4494000,458700,260,4,2,2,0,2,3,0,34,1,0,1,0,0
200600024082,6,5,27,1530,1,1,3,1,3,85,4452400,471300,260,3,2,2,0,1,1,0,50,1,0,1,0,0
200600024087,6,5,12,2000,1,1,1,1,6,335,4448700,494400,260,3,2,2,0,2,1,0,50,1,0,1,0,0
200600024093,6,5,8,1620,1,1,1,3,6,213,4529200,498300,260,3,2,2,0,3,3,0,70,2,0,1,0,1
200600024095,6,5,6,1,3,1,1,1,7,422,4517000,583400,380,4,2,0,0,0,2,0,50,1,0,1,0,0
200600024098,6,5,3,1645,1,1,1,1,7,236,4541800,568300,380,3,2,2,0,2,3,0,54,1,2,1,0,0
200600024106,6,5,6,130,3,1,1,8,6,226,4483600,577100,380,3,2,0,0,2,2,0,61,1,0,3,0,0
200600024107,6,5,2,1700,1,1,1,1,6,359,4515200,524800,380,3,2,2,0,0,3,0,35,0,0,0,0,0
200600024108,6,5,10,1400,1,2,1,1,3,454,4515700,534100,380,4,2,0,0,2,3,0,0,1,0,1,0,0
200600024109,6,5,13,600,2,1,1,1,6,95,4513200,527800,380,3,2,0,0,1,3,0,58,1,0,3,0,1
200600024110,6,5,15,700,1,2,1,1,6,394,4510500,524700,380,2,3,0,0,1,1,0,50,1,0,1,0,0
200600024113,6,5,15,130,5,2,1,1,7,133,4537100,562100,380,4,2,0,0,3,1,0,0,1,0,1,0,0
200600024115,6,5,8,1600,1,2,1,3,3,135,4573200,540700,380,2,2,0,0,0,3,0,70,2,0,1,0,0
200600024116,6,5,25,1730,1,1,1,1,3,54,4580800,541800,380,3,2,2,0,1,0,0,0,1,0,1,0,0
200600024118,6,5,11,1100,1,2,1,1,1,124,4561100,554500,380,3,2,0,0,1,3,0,55,1,0,1,0,0
200600024120,6,5,5,1300,1,1,1,1,3,131,4546100,485800,380,4,2,2,0,2,4,0,42,1,0,1,0,0
200600024121,6,5,19,1530,1,1,1,1,7,110,4559400,486200,380,2,2,2,0,2,0,0,80,1,5,1,0,0
200600024122,6,5,21,1630,1,1,1,1,1,199,4551300,490500,380,3,2,2,0,4,1,0,69,1,0,1,0,1
200600024123,6,5,20,1530,1,1,1,1,6,157,4552500,496600,380,3,1,2,0,1,1,0,54,1,0,1,0,0
200600024127,6,5,1,1530,1,1,1,1,7,557,4580100,508600,380,4,2,0,0,1,1,0,0,1,0,1,0,1
200600024129,6,5,20,1545,1,2,1,1,3,557,4579800,511200,380,3,2,0,0,1,1,0,0,1,0,1,0,0
200600024130,6,5,10,30,3,1,1,1,6,349,4534200,478000,380,3,2,0,0,4,2,0,80,1,5,1,0,0
200600024131,6,5,12,45,3,1,1,1,1,349,4532000,478900,380,3,2,2,0,1,1,0,80,1,2,1,0,0
200600024132,6,5,19,1800,1,2,2,1,3,9,4535200,488700,380,3,2,2,0,0,1,0,0,1,0,1,0,0
200600024134,6,5,8,915,1,1,1,8,1,23,4529600,459400,420,2,2,2,0,1,2,0,53,2,0,1,0,0
200600024135,6,5,25,1600,1,1,1,1,7,172,4540000,442100,420,2,2,0,0,2,4,0,70,1,0,3,0,0
200600024136,6,5,7,1530,1,1,1,1,7,5,4554300,430700,420,3,2,0,0,1,1,0,77,1,0,3,0,0
200600024139,6,5,14,1845,1,1,1,1,7,107,4553500,399500,420,3,2,2,0,1,1,0,49,1,0,1,0,0
200600024140,6,5,13,1600,1,1,1,8,3,13,4564800,433900,420,2,2,0,0,2,2,0,75,8,0,1,0,0
200600024142,6,5,14,1145,1,2,6,1,3,222,4558400,431900,420,3,2,2,0,1,0,0,0,1,5,1,0,0
200600024143,6,5,23,1330,1,1,1,1,6,135,4567300,423200,420,2,2,0,0,1,0,0,0,1,0,1,0,0
200600024145,6,5,9,1415,1,1,1,1,1,338,4607700,411900,420,3,2,2,0,1,1,0,52,1,0,1,0,0
200600024151,6,5,5,945,1,1,1,1,2,182,4604900,392900,420,3,2,0,0,4,1,0,73,1,0,1,0,0
200600024152,6,5,12,1215,1,1,1,1,6,233,4607000,392000,420,3,2,2,0,4,2,0,60,1,0,3,0,0
200600024153,6,5,16,1200,1,1,1,1,3,49,4613000,390000,420,2,2,2,0,1,1,0,74,1,0,1,0,1
200600024156,6,5,18,1800,1,1,1,3,1,178,4568800,613700,730,3,2,2,0,2,3,0,73,2,0,1,0,0
200600024157,6,5,31,1945,1,1,1,1,6,4,4561700,609300,730,3,2,2,0,1,2,0,75,1,0,0,0,0
200600024159,6,5,8,2015,3,1,1,3,1,330,4570100,579900,730,2,2,2,0,1,2,0,86,2,0,1,0,0
200600024160,6,5,2,2100,3,1,1,1,1,303,4576500,641700,730,4,2,0,0,2,3,0,75,1,0,1,0,0
200600024162,6,5,21,1400,1,1,2,1,6,202,4566800,630800,730,3,2,2,0,3,2,0,60,1,0,1,0,0
200600024164,6,5,2,1700,1,1,1,1,6,298,4565300,643700,730,2,3,0,0,1,1,31,140,1,0,3,0,0
200600024165,6,5,11,1700,1,2,1,1,2,248,4527500,635700,730,4,2,0,0,1,1,0,61,1,0,1,0,0
200600024166,6,5,11,1200,1,2,1,1,6,248,4527600,633800,730,4,2,0,0,2,2,0,65,1,0,1,0,0
200600024175,6,5,12,1900,1,1,1,1,7,44,4616200,617500,740,2,2,2,0,1,3,0,0,1,0,0,0,1
200600024177,6,5,14,1530,1,1,1,1,6,128,4616800,636500,740,3,2,0,0,2,1,0,50,1,0,1,0,0
200600024179,6,5,2,800,1,1,1,7,1,105,4632400,629600,740,3,2,2,0,1,1,0,62,1,0,1,0,0
200600024180,6,5,1,1915,1,1,1,1,7,301,4621800,643700,740,3,2,2,0,0,3,0,62,1,0,1,0,0
200600024182,6,5,28,945,1,1,1,1,5,308,4635900,663900,740,3,2,2,0,2,2,0,63,1,0,1,0,0
200600024186,6,5,5,100,5,2,1,1,6,219,4579700,288400,630,4,0,0,0,0,2,0,0,1,0,1,0,0
200600024188,6,5,4,1700,1,1,1,1,3,179,4562700,374300,630,3,2,1,0,1,1,0,46,1,0,1,0,0
200600024189,6,5,18,1200,1,1,1,2,1,211,4548400,374200,630,3,2,2,0,3,1,0,55,2,0,1,0,0
200600024191,6,5,7,1045,1,2,1,1,1,37,4562300,368800,630,4,0,0,0,1,1,0,40,1,0,1,0,0
200600024195,6,5,7,430,3,1,1,3,6,426,4555500,263400,630,4,2,1,0,1,1,0,32,2,0,3,0,0
200600024198,6,5,14,2030,2,1,1,1,6,92,4591200,298500,630,3,2,2,0,2,1,0,47,1,0,1,0,1
200600024200,6,5,13,200,3,1,1,5,7,148,4589900,321100,630,3,2,2,0,1,2,0,71,2,0,3,0,0
200600024201,6,5,26,1645,1,2,2,1,3,1,4603000,320800,630,4,2,2,0,1,1,0,50,1,0,1,0,0
200600024203,6,5,20,1630,1,1,1,1,7,152,4601900,272300,630,4,2,1,0,1,1,0,0,1,0,3,0,0
200600024209,6,5,11,2130,3,1,1,1,7,271,4593300,349800,630,3,2,2,0,0,1,0,60,2,0,1,0,0
200600024210,6,5,20,2200,5,2,1,1,7,291,4596100,347700,630,3,2,2,0,1,1,0,60,1,0,1,0,0
200600024212,6,5,2,1100,1,1,1,1,6,62,4619000,317000,30,3,2,2,0,2,1,0,70,1,0,3,0,0
200600024215,6,5,14,1830,1,1,1,1,7,318,4663600,270900,30,3,2,0,0,1,2,0,56,1,3,1,0,0
200600024216,6,5,25,1825,1,1,1,1,6,303,4649600,275900,30,3,2,2,0,1,1,0,62,1,0,3,0,1
200600024217,6,5,2,130,3,1,1,1,6,81,4625400,280900,30,3,2,2,0,1,1,0,60,1,0,3,0,0
200600024218,6,5,17,2300,3,2,1,1,6,82,4628900,273200,30,3,2,2,0,2,1,0,0,1,0,3,0,0
200600024221,6,5,24,1830,1,2,1,1,1,306,4611200,346400,30,9,2,0,0,1,1,0,47,1,0,1,0,0
200600024222,6,5,26,2320,3,2,1,1,7,80,4611400,331900,30,2,2,2,0,1,1,0,78,1,0,1,0,0
200600024226,6,5,14,1730,1,1,1,1,3,139,4598400,374100,30,3,2,2,0,0,4,0,62,1,0,1,0,0
200600024229,6,5,28,2000,1,2,1,1,1,258,4498100,262300,150,3,2,2,0,1,1,0,74,1,0,1,0,0
200600024230,6,5,31,1100,1,1,1,1,3,258,4497100,260700,150,2,0,0,0,1,1,0,68,1,0,1,0,0
200600024232,6,5,6,130,3,1,1,1,6,148,4501600,291000,150,3,0,2,0,2,2,0,45,1,0,1,0,0
200600024233,6,5,1,1215,1,1,1,1,1,36,4510000,379500,430,3,2,2,0,1,3,0,86,1,0,1,0,0
200600024234,6,5,1,1500,1,1,1,1,7,36,4510200,379800,430,2,2,2,0,1,2,0,86,1,0,3,0,0
200600024235,6,5,14,600,1,1,1,1,6,111,4485600,385000,430,2,0,2,0,1,2,0,71,1,0,3,0,0
200600024240,6,5,22,730,1,1,1,1,6,48,4533100,370200,430,3,2,2,0,3,3,0,90,1,0,3,0,0
200600024245,6,5,21,2230,3,1,1,1,1,268,4517200,406000,430,3,0,2,0,1,2,0,53,1,0,1,0,0
200600024246,6,5,28,1645,1,2,1,1,6,268,4514700,411800,430,4,1,1,0,2,1,0,65,1,0,1,0,0
200600024252,6,5,21,1500,1,2,1,1,1,177,4529900,425600,430,4,2,0,0,2,2,0,0,1,0,1,0,0
200600024254,6,5,3,2245,3,1,1,1,3,601,4911200,605900,570,2,2,3,0,2,3,0,106,1,0,1,0,1
200600024265,6,5,4,1400,1,2,1,1,6,11,4893800,685900,570,3,2,2,0,1,1,0,70,1,0,1,0,0
200600024268,6,5,2,1630,1,1,1,1,7,752,4908100,702200,570,2,3,0,0,1,3,0,0,1,0,1,0,0
200600024277,6,5,4,1415,1,2,1,1,1,586,4859000,603400,540,4,2,2,0,2,1,0,0,1,0,1,0,0
200600024280,6,5,13,1230,1,1,1,8,3,513,4847600,611600,540,3,2,2,0,1,1,0,70,1,5,1,0,0
200600024289,6,5,12,1315,1,1,1,1,1,40,4849300,694800,540,3,2,2,0,1,2,63,0,1,0,1,0,0
200600024293,6,5,5,730,1,1,1,1,7,298,4875700,526400,550,3,2,2,0,1,1,0,55,1,0,3,0,0
200600024294,6,5,4,1830,1,1,1,1,6,10,4866300,505400,550,9,2,1,0,4,1,0,40,1,0,3,0,0
200600024297,6,5,20,1530,1,1,1,8,7,553,4879100,562600,550,3,2,0,0,1,4,0,0,1,0,1,0,0
200600024302,6,5,22,1130,1,1,1,2,2,398,4868700,572100,550,2,3,2,0,1,2,15,65,2,0,1,0,0
200600024304,6,5,26,1530,1,1,1,1,3,25,4949700,524300,550,3,2,0,0,2,1,0,67,1,0,1,0,0
200600024307,6,5,25,2200,5,2,1,8,6,158,4929200,571500,550,4,2,2,0,0,2,0,49,2,0,0,0,0
200600024319,6,5,26,1930,5,2,1,2,1,218,4814800,679100,880,4,2,1,0,1,1,0,50,2,0,1,0,0
200600024324,6,5,30,1730,1,1,6,1,3,510,4876800,769700,670,3,2,2,0,1,1,0,60,1,5,1,0,0
200600024326,6,5,4,1710,1,2,1,1,1,313,4854100,745400,670,4,2,0,0,1,1,0,0,1,0,1,3,0
200600024329,6,5,2,1730,1,1,3,1,3,528,4886600,718100,670,3,2,2,0,1,1,0,76,1,0,1,0,0
200600024330,6,5,8,1130,1,1,1,1,7,201,4884500,711700,670,3,2,2,0,1,3,0,56,2,0,3,0,0
200600024331,6,5,16,1830,1,1,1,2,6,111,4889600,719800,670,3,2,0,0,1,3,0,60,2,0,4,0,0
200600024336,6,5,7,2215,3,1,1,1,7,295,4839700,745500,670,3,2,2,0,1,2,0,60,1,0,3,0,0
200600024340,6,5,25,1000,3,1,1,1,1,547,4827700,759900,670,3,2,2,0,1,1,0,61,1,0,1,0,0
200600024342,6,5,8,215,3,1,1,1,6,206,4893800,793800,670,3,2,1,0,1,1,0,66,1,0,1,0,0
200600024347,6,5,2,1830,1,2,9,1,2,145,4808500,738900,680,3,2,2,2,1,1,112,86,1,0,5,0,0
200600024350,6,5,2,2115,3,1,1,1,6,367,4807000,746500,680,3,2,2,0,1,1,0,62,1,0,1,0,0
200600024351,6,5,27,1745,1,1,1,1,1,36,4805900,753600,680,3,2,2,0,0,1,0,63,1,0,1,0,0
200600024353,6,5,11,445,3,1,1,1,1,185,4827000,726000,680,2,2,2,0,1,1,0,123,1,0,1,0,0
200600024354,6,5,31,1145,1,2,1,1,6,298,4823600,716200,680,3,2,2,0,4,1,0,30,1,0,1,0,0
200600024355,6,5,6,1015,1,1,1,1,3,155,4809700,732200,680,2,3,4,0,1,1,30,150,1,5,1,0,0
200600024356,6,5,2,45,5,2,1,1,2,333,4762600,730800,680,3,1,0,0,1,1,0,71,1,0,1,0,0
200600024357,6,5,17,2045,1,1,1,1,6,333,4762400,730700,680,3,2,3,0,2,1,0,120,1,0,3,0,0
200600024359,6,5,8,2200,3,1,1,3,7,140,4790200,742800,680,3,2,0,0,1,1,0,69,2,0,3,0,0
200600024363,6,5,3,1815,1,1,1,1,3,300,4778100,738200,680,3,3,4,0,1,1,19,148,1,0,1,0,1
200600024364,6,5,13,2330,5,2,1,2,3,15,4780200,738300,680,4,2,2,0,1,1,0,54,2,5,1,0,0
200600024366,6,5,10,815,1,2,1,1,1,349,4761000,757200,680,3,2,2,0,1,1,0,102,1,5,1,3,0
200600024369,6,5,3,1730,1,1,1,1,7,193,4897300,452600,510,3,2,2,0,0,3,0,60,1,0,0,0,0
200600024370,6,5,7,1145,1,1,1,3,1,648,4884400,446200,510,3,2,0,0,1,1,0,60,2,0,1,0,0
200600024371,6,5,18,1645,1,2,1,1,3,485,4905900,438600,510,3,2,0,0,1,1,0,60,1,0,0,0,0
200600024372,6,5,21,1945,1,2,1,1,2,559,4913400,453500,510,3,2,2,0,1,1,0,70,1,0,1,0,0
200600024373,6,5,11,1400,1,2,1,1,1,196,4899000,399000,510,9,2,0,0,1,2,0,53,1,0,1,0,0
200600024375,6,5,21,1445,1,1,1,1,3,165,4872300,393000,510,3,2,2,0,2,1,0,50,1,0,1,0,0
200600024376,6,5,7,530,2,2,1,1,6,234,4855800,365800,510,4,2,2,0,1,1,0,0,1,0,4,0,0
200600024379,6,5,2,2230,3,1,1,1,7,282,4926400,389800,510,4,2,2,0,2,4,0,0,1,0,1,0,0
200600024382,6,5,19,745,1,2,1,8,1,282,4925400,391200,510,4,2,0,0,1,4,0,60,0,0,1,0,0
200600024385,6,5,4,1745,1,1,1,1,1,557,4880100,457700,510,2,2,2,0,3,2,0,74,1,5,1,0,0
200600024386,6,5,29,1515,1,1,1,8,1,539,4881800,480400,510,3,2,0,0,1,3,0,62,2,0,1,0,0
200600024387,6,5,14,1430,1,1,1,1,6,549,4895600,472400,510,3,2,2,0,2,1,0,66,1,0,3,0,1
200600024388,6,5,22,1815,1,1,3,1,3,424,4902300,497400,510,3,2,2,0,1,1,0,58,1,0,1,0,0
200600024390,6,5,29,1715,1,2,1,8,3,140,4969800,479000,80,3,2,3,0,1,1,0,106,2,0,1,0,0
200600024395,6,5,6,2030,1,2,1,1,1,44,4949800,415600,80,3,2,2,0,1,3,0,64,1,0,1,0,0
200600024396,6,5,1,1200,1,1,1,1,6,80,4804500,414800,100,3,2,2,0,1,1,0,57,1,0,3,0,0
200600024397,6,5,4,1600,1,1,1,1,1,441,4810900,389600,100,2,2,0,0,2,1,0,76,1,0,1,0,0
200600024398,6,5,30,620,1,1,1,1,1,422,4809100,384100,100,2,2,2,0,1,1,0,71,1,0,1,0,1
200600024401,6,5,5,1730,1,1,1,1,1,249,4824500,430900,100,2,2,2,0,1,1,0,76,1,0,1,0,0
200600024406,6,5,6,1400,1,1,1,1,6,376,4821600,444800,100,3,2,0,0,1,1,0,73,1,0,3,0,1
200600024407,6,5,4,2200,3,1,1,1,6,20,4845200,357000,100,3,2,2,0,1,1,0,0,1,0,3,0,0
200600024408,6,5,20,1730,1,1,1,1,6,20,4844500,356000,100,3,2,2,0,1,1,0,60,1,0,3,0,0
200600024410,6,5,1,1810,1,1,1,1,7,1,4810300,535300,520,3,2,2,0,2,3,0,0,1,0,0,0,1
200600024411,6,5,21,1045,1,1,1,1,6,506,4813700,489700,520,3,2,2,0,1,2,0,60,9,0,3,0,1
200600024414,6,5,14,100,5,2,1,1,6,60,4795600,573700,520,4,2,2,0,4,2,0,45,1,0,3,0,0
200600024415,6,5,14,2245,3,1,1,1,6,317,4801500,558300,520,3,2,2,0,1,1,0,62,1,0,1,0,0
200600024416,6,5,17,15,3,1,1,1,6,377,4803200,562800,520,3,2,2,0,1,1,72,0,1,0,1,0,0
200600024418,6,5,28,1245,1,1,1,1,7,394,4773800,561400,520,3,2,0,0,2,1,0,67,1,0,3,0,0
200600024420,6,5,31,1130,1,1,1,1,1,284,4832900,502800,520,3,2,2,0,3,2,0,44,1,0,1,0,0
200600024427,6,5,15,715,1,1,1,1,1,230,4751800,506000,210,3,2,2,0,1,2,0,72,1,0,1,0,0
200600024428,6,5,24,1400,1,1,1,1,5,512,4695900,476700,210,3,2,0,0,0,1,0,0,1,0,1,0,0
200600024429,6,5,9,800,1,1,1,2,2,251,4719800,453500,210,3,0,2,0,2,1,0,0,2,0,1,0,0
200600024431,6,5,26,1200,1,1,1,1,7,715,4710900,440000,210,3,2,1,0,2,1,0,0,1,0,1,0,0
200600024432,6,5,18,530,2,1,1,1,6,564,4712900,512700,210,3,2,0,0,0,2,0,59,1,0,3,0,0
200600024433,6,5,30,1515,1,1,1,1,1,88,4714300,497800,210,3,2,2,0,1,1,0,56,1,0,1,0,0
200600024434,6,5,14,1830,1,2,2,1,6,554,4710600,526400,210,4,1,1,0,1,1,0,40,1,0,1,0,0