Num_Acc,an,mois,jour,hrmn,lum,agg,int,atm,col,com,lat,long,dep,catr,circ,nbv,vosp,prof,plan,lartpc,larrout,surf,infra,situ,env1,killed
200600024439,6,5,5,2145,3,1,1,1,6,244,4709300,389800,580,3,2,2,0,1,1,0,46,1,0,3,0,0
200600024441,6,5,31,1745,1,1,1,1,6,298,4713300,305100,580,3,2,2,0,2,1,0,68,1,0,3,0,0
200600024442,6,5,11,1800,1,2,1,1,7,227,4754000,307600,580,3,2,2,0,1,3,0,66,1,0,3,3,0
200600024443,6,5,16,1230,1,1,1,9,2,583,4628200,477700,710,3,2,0,0,0,1,86,0,2,0,1,0,0
200600024448,6,5,15,1415,1,1,1,1,1,324,4675800,467400,710,2,2,3,0,2,1,0,97,1,0,1,0,1
200600024452,6,5,29,745,1,1,1,3,1,22,4629200,427900,710,3,2,2,0,2,2,0,60,2,0,1,0,0
200600024459,6,5,22,900,1,1,2,1,3,285,4652900,430400,710,4,2,2,0,1,1,41,0,1,0,1,0,0
200600024470,6,5,6,15,5,2,1,1,6,310,4675300,446800,710,4,2,2,0,0,1,0,0,1,0,1,0,0
200600024471,6,5,17,745,1,1,1,1,6,83,4784400,347400,890,3,0,2,0,1,1,0,0,1,0,1,0,0
200600024473,6,5,16,115,3,1,1,1,6,155,4772900,360800,890,2,2,3,0,1,1,0,107,1,5,3,0,0
200600024475,6,5,6,1200,1,2,1,1,3,344,4764700,307100,890,3,2,1,0,1,1,0,0,1,0,1,0,0
200600024477,6,5,27,1915,1,1,1,1,3,159,4752100,390900,890,3,2,0,0,0,0,0,60,1,5,1,0,0
200600024479,6,5,27,1530,1,1,2,1,3,436,4802000,371000,890,3,2,2,0,1,1,0,85,1,5,1,0,0
200600024482,6,5,16,1630,1,1,1,1,1,442,4809800,313000,890,2,2,2,0,1,1,0,108,1,0,1,0,0
200600024483,6,5,26,1200,1,1,1,1,1,264,4819600,304600,890,3,2,2,0,3,1,0,70,1,0,1,0,1
200600024496,6,5,21,1315,1,2,1,1,1,367,4745200,681200,250,3,2,2,0,1,2,0,0,1,0,1,0,0
200600024498,6,5,24,1530,1,1,1,1,1,605,4712700,630400,250,2,2,2,0,0,1,0,74,1,0,1,0,0
200600024499,6,5,17,1100,1,1,1,1,1,318,4673800,638100,250,2,2,3,3,2,4,0,107,1,0,1,0,1
200600024501,6,5,29,1430,1,1,1,2,1,492,4659800,559600,390,3,2,2,0,0,1,0,74,2,0,1,0,1
200600024502,6,5,8,1500,1,1,1,2,6,253,4646100,546300,390,3,2,0,0,1,1,0,63,2,0,3,0,0
200600024506,6,5,24,1545,1,1,1,1,3,396,4714400,565500,390,3,2,2,0,1,2,0,61,1,0,1,0,1
200600024511,6,5,30,530,2,1,1,8,4,81,4768900,646600,700,2,2,2,0,2,3,80,0,2,0,1,0,1
200600024514,6,5,13,1930,2,1,1,2,6,564,4776800,627600,700,3,0,2,0,2,3,0,70,2,0,3,0,0
200600024518,6,5,4,1315,1,1,1,1,7,298,4538000,480600,380,1,3,3,3,2,2,35,105,1,0,2,0,0
200600024525,6,5,31,1145,1,2,1,1,3,106,4341000,537200,130,2,2,0,0,2,1,0,0,1,0,1,3,0
200600024526,6,5,9,1930,1,1,1,1,2,19,4343800,536500,130,3,2,2,0,1,1,0,70,1,0,1,0,0
200600024539,6,5,12,245,5,2,1,1,6,14,4352000,515400,130,4,2,1,0,1,1,0,40,1,0,0,0,0
200600024554,6,5,1,1500,1,2,1,1,3,188,4390700,579300,40,3,2,2,0,1,1,0,94,1,5,1,0,0
200600024555,6,5,17,1445,1,1,1,1,3,160,4388400,566400,40,3,2,2,0,2,2,0,56,1,0,1,0,0
200600024556,6,5,23,715,1,1,1,1,5,104,4398000,573300,40,3,0,2,0,0,3,0,78,1,0,1,0,0
200600024561,6,5,6,1120,1,1,1,1,6,34,4429800,579000,50,9,2,2,0,0,4,0,30,9,0,3,0,0
200600024562,6,5,6,1800,1,2,1,1,1,70,4432400,581800,50,4,2,2,0,2,3,0,76,1,0,1,0,0
200600024564,6,5,14,300,3,1,1,1,7,84,4456400,621300,50,2,2,2,0,2,2,0,70,1,0,3,0,0
200600024565,6,5,17,1515,1,1,1,1,7,40,4453700,628500,50,3,2,2,0,0,2,0,75,1,0,3,0,0
200600024567,6,5,22,1215,1,1,1,1,7,11,4453700,618700,50,3,2,2,0,1,2,0,70,1,0,3,0,0
200600024581,6,5,18,715,1,2,1,1,1,59,4373400,736800,60,3,2,3,3,1,4,0,107,1,0,1,0,0
200600024583,6,5,16,1200,1,1,1,2,2,151,4387700,719300,60,3,1,2,0,1,2,0,87,2,0,3,0,1
200600024584,6,5,29,1015,1,1,1,1,1,78,4392200,716400,60,3,2,2,0,1,2,0,73,8,0,1,0,0
200600024585,6,5,31,1430,1,1,1,4,7,119,4433700,685100,60,3,2,2,0,1,3,0,60,5,0,1,0,0
200600024586,6,5,25,1715,1,1,1,1,6,38,4358800,642700,830,3,2,0,0,0,3,0,60,0,0,1,0,0
200600024594,6,5,22,745,1,1,1,1,7,75,4332300,634100,830,3,2,2,0,2,1,0,38,1,0,3,0,0
200600024601,6,5,21,600,2,1,1,1,6,49,4330000,607000,830,3,2,3,0,2,2,0,105,1,0,3,0,0
200600024602,6,5,21,1720,1,1,1,1,6,33,4330000,622000,830,2,2,2,0,2,1,0,75,1,0,3,0,0
200600024624,6,5,29,1800,1,1,9,1,1,65,4327100,657500,830,3,3,0,0,0,1,28,35,1,5,1,0,1
200600024627,6,5,26,1,3,1,1,1,1,65,4325000,659000,830,4,2,2,0,2,4,0,59,1,0,1,0,0
200600024631,6,5,1,500,3,1,1,1,1,91,4321200,614000,830,3,2,2,0,1,2,0,76,1,0,1,0,0
200600024632,6,5,11,700,1,1,1,1,5,49,4326400,611000,830,2,2,2,0,1,1,0,84,1,0,1,0,0
200600024639,6,5,23,1900,1,1,1,1,7,131,4321000,601000,830,4,2,1,0,1,1,0,20,1,0,1,0,0
200600024640,6,5,23,2100,2,2,1,1,3,54,4317000,604000,830,4,2,2,0,1,1,0,60,1,5,1,0,0
200600024644,6,5,12,1745,1,2,1,1,1,92,4397000,485900,840,4,2,0,0,0,1,0,60,1,0,1,0,0
200600024646,6,5,7,1330,1,1,1,1,1,26,4374300,535000,840,3,2,2,0,1,1,0,81,1,0,1,0,0
200600024648,6,5,28,1030,1,1,1,1,1,42,4375000,546300,840,3,2,1,0,1,2,0,64,1,0,1,0,0
200600024655,6,5,26,1215,1,1,1,1,3,29,4417000,485500,840,4,2,1,0,1,1,0,47,1,0,1,0,1
200600024671,6,5,28,1845,1,1,1,1,3,145,4367000,414000,340,4,2,0,0,1,1,0,56,1,0,1,0,0
200600024678,6,5,3,545,1,1,1,1,6,229,4348200,279300,340,2,2,2,0,0,3,0,81,1,0,1,0,0
200600024679,6,5,6,1630,1,1,1,1,1,300,4340700,334100,340,2,2,2,0,1,1,0,150,1,5,1,0,0
200600024682,6,5,24,2015,1,1,1,1,3,298,4329000,325100,340,3,2,2,0,1,1,0,60,1,0,3,0,0
200600024684,6,5,30,1430,1,2,1,1,7,142,4373700,330000,340,3,3,3,0,2,3,0,0,1,5,3,0,0
200600024685,6,5,9,1645,1,2,1,1,1,79,4363100,343700,340,9,2,0,0,0,0,0,0,0,0,0,0,0
200600024686,6,5,11,1945,1,1,1,1,6,197,4357300,340300,340,3,2,0,0,1,1,0,43,1,0,1,0,0
200600024687,6,5,16,1945,1,1,1,1,6,175,4361200,338000,340,3,2,0,0,0,2,0,65,1,0,1,0,0
200600024688,6,5,24,1815,1,1,1,1,7,254,4367200,347000,340,3,2,2,0,1,1,0,54,1,0,3,0,0
200600024691,6,5,4,1415,1,1,1,1,1,31,4334800,342400,340,3,2,2,0,1,1,0,75,1,0,3,0,1
200600024696,6,5,11,1030,1,1,3,1,5,39,4345400,364700,340,2,2,3,0,0,1,23,140,1,5,1,0,0
200600024698,6,5,26,1815,1,1,1,1,2,213,4348400,367400,340,3,2,2,0,1,1,0,0,1,0,1,0,0
200600024699,6,5,27,1645,1,1,1,1,6,185,4309600,259700,110,3,0,0,0,1,1,56,0,1,0,1,0,0
200600024700,6,5,6,1645,1,2,4,8,3,396,4331000,255000,110,3,2,2,0,1,1,0,60,1,0,1,0,0
200600024701,6,5,12,1500,1,1,1,1,3,138,4325400,193400,110,3,2,2,0,2,3,0,76,1,0,1,0,0
200600024708,6,5,17,2000,1,1,1,1,1,266,4299800,304100,110,3,2,2,0,1,0,0,70,1,0,1,0,0
200600024711,6,5,23,800,1,1,1,1,2,156,4383500,445300,300,3,3,0,0,1,1,0,0,1,0,3,0,0
200600024716,6,5,19,2030,1,1,1,1,1,104,4397900,416600,300,3,2,2,0,1,1,0,61,1,0,1,0,0
200600024718,6,5,17,740,1,1,9,1,1,334,4404000,440000,300,3,2,2,0,1,1,0,48,1,0,1,0,1
200600024722,6,5,2,30,3,1,1,1,6,5,4430000,455700,300,3,2,0,0,0,0,0,60,1,0,3,0,0
200600024723,6,5,6,800,1,1,1,2,7,116,4394600,461800,300,2,2,2,0,0,3,0,70,2,0,1,0,0
200600024728,6,5,27,1815,1,1,1,1,1,182,4386000,418500,300,3,2,2,0,1,2,0,67,1,0,1,0,1
200600024732,6,5,19,1830,1,2,1,1,2,210,4391900,399500,300,3,2,2,0,1,1,69,0,1,0,1,0,0
200600024733,6,5,21,2000,1,1,9,1,1,95,4387000,393800,300,3,2,0,0,1,1,69,0,1,5,1,0,0
200600024734,6,5,26,1115,1,2,1,1,1,210,4391500,399900,300,4,2,2,0,1,1,0,50,1,0,1,0,0
200600024735,6,5,30,645,1,1,1,1,1,95,4387600,394700,300,3,2,2,0,1,1,0,67,1,0,1,0,1
200600024739,6,5,25,1230,1,1,1,1,7,67,4417700,369200,480,3,2,2,0,1,2,0,57,1,0,3,0,1
200600024740,6,5,29,1015,1,1,1,6,6,115,4421000,364000,480,3,2,2,0,2,3,0,59,1,0,3,0,1
200600024741,6,5,16,730,1,1,1,1,7,74,4427200,335600,480,3,2,0,0,2,3,0,0,2,0,3,0,0
200600024745,6,5,19,2245,3,1,1,1,6,39,4273300,258500,660,3,2,0,0,0,0,0,0,0,0,0,0,0
200600024749,6,5,3,1630,1,2,6,1,1,171,4264400,303500,660,3,1,2,0,1,2,0,0,1,0,1,0,0
200600024750,6,5,21,30,3,1,1,1,6,144,4262900,287100,660,3,2,0,0,1,1,62,0,1,0,1,0,0
200600024751,6,5,29,830,1,2,6,1,3,3,4248500,267900,660,3,2,2,0,0,1,156,60,1,5,1,0,0
200600024754,6,5,27,500,3,1,1,1,7,194,4241000,256800,660,3,2,2,0,2,3,0,120,1,0,0,0,1
200600024756,6,5,1,520,3,1,1,1,1,23,4266300,259500,660,2,2,2,0,1,1,0,80,1,0,1,0,0
200600024757,6,5,24,1900,1,1,3,7,1,103,4264600,248500,660,2,2,2,0,3,1,18,70,1,5,1,0,1
200600024758,6,5,20,1015,1,2,1,1,2,209,4201500,886900,201,2,2,2,0,1,1,0,72,1,0,1,0,0
200600024760,6,5,2,1230,1,1,1,1,3,154,4224700,880600,201,3,2,0,0,1,3,0,30,1,0,1,0,0
200600024764,6,5,22,900,1,1,1,7,1,224,4285000,944400,202,3,0,2,0,2,3,0,46,1,0,1,0,0
200600024765,6,5,21,1545,1,2,1,1,3,205,4270200,936900,202,3,2,2,0,2,2,0,64,1,0,1,0,0
200600024766,6,5,2,600,2,1,9,1,6,150,4258900,882900,202,2,2,0,0,2,2,0,0,1,0,1,0,1
200600024768,6,5,26,1715,1,1,1,1,5,150,4257500,883200,202,2,2,2,0,2,3,0,64,1,0,1,0,0
200600024769,6,5,3,1630,1,2,9,1,1,134,4263900,893800,202,9,2,2,0,1,1,0,60,1,0,1,0,0
200600024770,6,5,2,1330,1,2,9,1,7,96,4230900,916000,202,2,2,0,0,1,2,0,0,1,2,1,0,0
200600024772,6,5,3,1330,1,1,1,1,1,337,4247800,925900,202,3,2,0,0,0,3,70,0,1,0,1,0,1
200600024782,6,5,22,1415,1,2,1,1,3,113,4903500,182000,780,3,2,0,0,0,1,0,65,1,0,1,0,0
200600024785,6,5,5,1715,1,1,1,1,6,185,4889800,165300,780,3,2,2,0,2,3,0,62,1,0,1,0,0
200600024786,6,5,7,215,4,2,1,1,6,530,4892000,168400,780,3,2,0,0,1,1,0,0,1,0,3,3,0
200600024787,6,5,26,1645,1,2,1,8,6,564,4851100,191700,780,3,2,2,0,1,1,0,62,1,0,1,0,0
200600024788,6,5,1,1,5,1,1,1,7,550,4883300,190200,780,4,2,2,0,2,1,0,50,1,0,1,0,0
200600024789,6,5,21,1230,1,2,1,1,6,62,4885500,188900,780,3,0,0,0,0,0,0,0,0,0,0,0,0
200600024790,6,5,28,1830,1,1,1,1,3,321,4880200,190100,780,3,2,2,0,1,1,0,60,1,0,1,0,0
200600024793,6,5,13,1700,1,2,1,2,3,235,4864400,237700,910,4,2,2,0,1,0,0,70,2,0,1,0,0
200600024795,6,5,21,1955,2,2,1,1,7,359,4839000,239000,910,4,2,2,0,1,2,0,76,1,0,0,0,0
200600024796,6,5,31,845,1,1,1,6,1,200,4842400,196500,910,3,2,2,0,1,1,0,70,1,0,1,0,0
200600024797,6,5,29,700,1,2,4,2,5,130,4843200,206500,910,3,2,1,0,1,1,0,57,2,5,1,3,0
200600024798,6,5,14,2315,3,1,1,1,6,293,4847400,235500,910,3,2,2,0,1,1,0,56,1,0,1,0,0
200600024801,6,5,3,845,1,1,1,1,3,115,4861100,219400,910,3,2,2,0,1,1,0,75,1,5,1,0,0
200600024804,6,5,18,1100,1,2,1,1,6,665,4867300,227500,910,6,0,2,0,1,3,0,0,1,0,1,0,0
200600024809,6,5,14,1530,1,1,1,1,6,177,4912300,201300,950,3,2,2,0,0,1,0,67,1,0,1,0,0
200600024812,6,5,9,845,1,1,1,2,3,40,4911200,187800,950,3,2,0,0,0,1,0,82,2,5,1,0,0
200600024815,6,5,4,1645,1,1,1,1,5,175,4867500,262400,770,3,2,2,0,2,1,0,53,1,0,1,0,1
200600024816,6,5,13,140,3,1,1,1,6,127,4868400,271700,770,3,2,2,0,1,2,0,100,1,0,3,0,0
200600024817,6,5,2,1915,1,1,1,1,3,453,4855100,277200,770,3,2,2,0,1,1,3,183,1,5,1,0,1
200600024818,6,5,13,1545,1,1,1,1,3,266,4846600,285100,770,3,2,2,0,4,2,0,62,1,0,1,0,0
200600024819,6,5,17,1300,1,1,1,1,1,222,4864400,279200,770,2,2,2,0,2,3,0,92,1,0,1,0,0
200600024820,6,5,20,1730,1,2,1,1,3,222,4864100,279600,770,2,2,2,0,1,1,0,0,1,0,1,0,0
200600024821,6,5,19,700,1,2,1,1,1,44,4857200,285600,770,4,2,0,0,1,2,0,71,1,0,1,0,0
200600024822,6,5,31,1710,1,1,1,1,1,177,4878000,277000,770,3,0,2,0,1,3,0,54,1,0,1,0,0
200600024824,6,5,3,1230,1,1,1,1,1,436,4882500,321900,770,3,2,2,0,2,4,0,57,1,0,1,0,0
200600024825,6,5,12,1730,1,1,1,1,7,182,4879700,332200,770,3,0,2,0,2,1,0,50,1,0,3,0,0
200600024826,6,5,14,530,2,1,1,5,6,432,4879200,324200,770,2,2,0,0,1,1,0,0,1,0,1,0,0
200600024827,6,5,30,2040,2,1,1,1,7,116,4876300,322600,770,3,2,0,0,1,1,0,50,9,0,1,0,0
200600024828,6,5,30,1015,1,1,2,1,5,401,4901300,316300,770,2,2,3,0,0,1,0,150,1,5,1,0,0
200600024829,6,5,23,1700,1,1,1,6,5,393,4872100,284900,770,2,3,0,0,0,1,0,0,1,3,1,0,0
200600024831,6,5,13,1130,1,1,1,1,3,9,4819800,255000,770,3,2,0,0,1,1,0,70,1,5,1,0,0
200600024832,6,5,8,1945,1,1,2,1,3,461,4848800,318000,770,3,2,2,0,3,1,0,45,1,0,0,0,0
200600024834,6,5,20,730,1,2,1,2,3,98,4859000,310800,770,3,2,2,0,1,1,0,69,2,0,1,0,0
200600024837,6,5,1,1430,1,1,1,1,7,89,4791300,203400,450,3,2,2,0,0,1,0,0,1,2,1,0,0
200600024838,6,5,3,1815,1,1,1,1,1,130,4780100,172700,450,3,2,0,0,1,1,61,0,1,0,1,0,1
200600024839,6,5,9,2145,5,2,1,1,2,196,4784900,179500,450,3,2,0,0,1,1,5,73,1,0,1,0,0
200600024843,6,5,12,1230,1,1,1,1,6,311,4785000,222600,450,3,2,2,0,1,1,0,62,1,0,1,0,0
200600024846,6,5,18,1330,1,1,1,1,6,224,4807000,202300,450,3,2,0,0,1,1,0,55,1,0,3,0,0
200600024852,6,5,15,1430,1,1,1,1,1,249,4805900,279200,450,4,2,2,0,1,1,0,58,1,5,1,0,0
200600024855,6,5,31,1345,1,2,1,2,1,306,4801900,289500,450,3,2,0,0,1,1,0,70,2,0,1,0,0
200600024858,6,5,8,1645,1,1,1,1,3,94,4813000,289000,450,3,2,2,0,1,1,0,58,1,0,1,0,1
200600024859,6,5,9,1515,1,1,1,1,7,127,4812300,277000,450,2,2,4,0,4,3,0,140,1,0,3,0,0
200600024860,6,5,25,1415,1,1,1,2,1,103,4807400,254800,450,4,2,2,0,1,0,0,34,2,0,1,0,0
200600024862,6,5,20,400,3,1,1,2,6,119,4815800,225800,450,3,2,0,0,1,1,0,56,2,0,3,0,1
200600024864,6,5,30,1745,1,1,9,1,1,49,4719300,299800,180,3,2,0,0,1,1,0,64,1,0,1,0,0
200600024871,6,5,13,1800,1,1,1,8,7,11,4758200,243800,180,3,2,0,0,1,2,0,70,2,0,3,0,0
200600024873,6,5,30,1715,1,1,1,1,6,11,4753800,244700,180,3,2,0,0,1,1,0,70,1,0,3,0,0
200600024874,6,5,23,100,3,1,1,1,6,159,4738800,213500,180,3,2,0,0,1,1,0,65,1,0,1,0,0
200600024877,6,5,5,900,1,1,2,1,3,403,4836800,146400,280,3,2,2,0,1,1,0,0,1,5,1,0,0
200600024879,6,5,1,830,1,1,1,1,6,25,4825400,196300,280,2,2,3,0,1,1,0,115,1,0,3,0,0
200600024881,6,5,31,915,1,1,1,1,1,426,4827800,174300,280,2,2,2,0,1,1,0,0,1,0,1,0,1
200600024883,6,5,13,830,1,1,2,1,3,398,4817100,110400,280,3,2,2,0,1,1,48,0,1,0,1,0,0
200600024884,6,5,17,2115,2,1,1,1,7,127,4820100,128400,280,3,2,2,0,1,3,40,38,1,0,1,0,0
200600024885,6,5,23,1245,1,1,1,1,3,405,4874700,131900,280,2,2,4,0,2,1,0,70,1,0,0,0,1
200600024886,6,5,20,1230,1,2,1,2,2,371,4886500,142300,280,3,2,2,0,1,1,0,0,2,5,1,0,0
200600024894,6,5,25,1800,1,1,1,8,6,148,4661200,128800,360,3,2,2,0,1,1,49,0,2,0,3,0,0
200600024895,6,5,2,1810,1,2,1,1,3,31,4689200,142100,360,3,2,2,0,0,1,0,70,1,2,1,0,0
200600024896,6,5,17,1930,1,1,1,1,2,34,4724800,163600,360,3,2,0,0,1,1,0,70,1,0,1,0,0
200600024898,6,5,26,1015,1,1,1,2,7,214,4643600,201600,360,3,2,2,0,1,3,80,70,2,0,1,0,0
200600024899,6,5,27,1245,1,1,1,1,7,70,4644600,159700,360,3,2,1,0,4,3,0,62,9,0,1,0,0
200600024900,6,5,22,715,2,1,1,1,6,88,4697100,204300,360,2,0,0,0,0,1,0,0,2,0,1,0,0
200600024902,6,5,6,1630,1,1,1,1,6,37,4757400,38900,370,4,0,2,0,0,0,40,0,1,0,1,0,0
200600024905,6,5,14,745,1,1,1,1,6,95,4756000,104900,370,3,2,2,0,0,4,0,55,1,0,3,0,0
200600024906,6,5,31,1830,1,1,1,1,1,153,4749700,77800,370,2,2,2,0,0,1,0,76,1,0,1,0,0
200600024907,6,5,7,130,3,2,1,1,6,126,4714000,13000,370,3,2,0,0,1,0,0,0,1,0,4,0,0
200600024911,6,5,12,1115,1,2,1,1,6,119,4712300,42200,370,3,0,0,0,1,0,0,0,1,0,4,0,0
200600024912,6,5,14,2200,5,1,9,1,7,180,4711100,47800,370,3,2,0,0,1,2,0,0,1,0,3,0,0
200600024914,6,5,29,815,1,1,1,2,1,87,4703800,37300,370,3,2,2,0,1,3,0,66,2,0,1,0,1
200600024915,6,5,12,1200,1,2,1,1,6,183,4710400,101400,370,2,2,0,0,1,1,0,78,1,0,1,0,0
200600024916,6,5,23,800,1,2,1,1,1,132,4713800,98200,370,4,2,2,0,1,0,0,60,1,0,1,0,0
200600024918,6,5,3,900,1,2,1,1,6,6,4727800,59900,370,4,1,1,0,2,1,0,40,1,0,1,0,0
200600024921,6,5,27,1500,1,2,2,1,3,83,4726800,83700,370,3,2,0,0,3,1,0,80,1,0,1,0,0
200600024931,6,5,6,2115,1,1,1,1,6,258,4734400,134600,410,3,2,2,0,1,2,0,0,1,0,3,0,0
200600024932,6,5,9,745,1,2,1,1,6,180,4739000,126000,410,3,2,2,0,1,1,0,50,1,6,1,3,0
200600024937,6,5,26,1300,1,1,1,1,5,287,4775000,103900,410,2,2,2,0,2,1,0,75,1,0,1,0,1
200600024941,6,5,27,1745,1,1,1,1,1,270,4795000,142000,410,3,2,0,0,3,1,0,58,1,0,1,0,0
200600024944,6,5,31,915,1,1,9,1,3,203,4513100,104200,330,3,2,2,0,1,1,0,56,1,0,1,0,0
200600024948,6,5,28,500,1,1,1,1,7,31,4780500,356800,290,3,2,2,0,2,1,0,64,1,0,3,0,1
200600024951,6,5,7,1945,1,1,1,3,3,174,4575300,143200,870,3,2,0,0,0,3,0,70,2,0,1,0,0
200600024952,6,5,18,1015,1,1,1,2,1,205,4575300,130800,870,3,2,2,0,2,2,0,76,2,0,1,0,1
200600024955,6,5,4,1730,1,2,1,1,1,41,4942300,594700,570,4,2,2,0,2,3,0,47,1,0,1,0,0
200600024956,6,5,17,1500,1,2,1,1,1,603,4948400,595400,570,3,2,2,0,1,1,0,51,1,0,4,0,0
200600024960,6,5,20,300,5,2,1,2,6,51,4810700,163200,350,9,2,0,0,2,3,0,60,2,0,4,0,0
200600024961,6,5,26,115,3,1,1,1,6,51,4811900,155500,350,2,2,2,0,2,1,27,70,1,0,1,0,0
200600024962,6,5,22,1345,1,1,1,6,6,537,4856000,193500,780,1,1,4,0,1,1,364,340,1,0,2,0,0
200600024963,6,5,28,2130,3,1,1,1,3,349,4857100,198600,780,1,3,4,0,3,1,24,340,1,0,1,0,0
200600024969,6,5,20,1555,1,1,1,1,7,189,4837200,436300,290,4,2,2,0,0,2,0,40,1,0,3,3,0
200600024970,6,5,24,1645,1,1,1,1,1,140,4836700,431000,290,4,2,0,0,0,1,0,50,1,0,1,0,0
200600024986,6,5,7,1000,1,1,1,1,6,107,4346800,667800,830,1,3,0,0,0,1,10,130,1,0,1,0,0
200600024987,6,5,15,545,2,1,1,1,2,148,4341100,641700,830,1,3,3,0,1,1,15,130,1,0,1,0,0
200600024988,6,5,15,1515,1,1,1,1,2,57,4340900,619800,830,1,3,3,0,1,1,20,135,1,0,1,0,0
200600024989,6,5,23,1800,1,1,1,1,7,86,4347000,654100,830,1,3,3,0,1,1,20,135,1,3,3,0,0
200600024990,6,5,29,900,1,1,1,1,3,62,4315200,603400,830,1,3,2,0,1,1,20,90,1,0,1,0,0
200600025000,6,5,29,530,2,1,1,8,6,651,4741400,489700,210,3,2,2,0,1,1,0,56,0,0,3,0,1
200600025002,6,5,4,1530,1,2,1,1,1,278,4775000,740000,680,3,2,2,0,1,1,0,0,1,0,1,0,0
200600025004,6,5,11,2200,3,1,1,1,7,48,4821700,89000,530,3,1,2,0,0,0,0,0,1,0,0,0,0
200600025012,6,5,21,430,3,2,1,1,7,91,4733600,99200,370,3,2,2,0,3,3,0,42,2,2,4,0,0
200600025015,6,5,20,1745,1,1,1,6,6,356,4870800,791900,670,3,2,2,0,1,2,0,50,1,0,1,0,1
200600025016,6,5,4,2130,3,1,1,1,6,307,4600100,612600,740,1,3,2,0,1,1,20,70,1,0,1,0,1
200600025017,6,5,5,735,1,1,1,2,6,233,4579600,597100,740,1,1,2,0,2,1,7,41,4,0,2,0,0
200600025025,6,5,5,1715,1,2,1,1,6,59,4742000,142000,410,3,2,0,0,1,1,0,50,1,0,1,0,0
200600025028,6,5,13,1830,1,1,2,1,3,172,4359800,390600,340,1,1,3,0,1,1,35,105,1,0,1,0,0
200600025032,6,5,29,815,1,1,1,1,2,242,4540000,327000,630,1,3,2,0,2,1,17,90,1,0,1,0,0
200600025037,6,5,9,1000,1,1,1,1,2,88,4373700,724000,60,1,3,2,3,1,1,0,70,1,1,1,0,0
200600025039,6,5,18,1915,1,1,1,1,4,88,4372700,722800,60,1,1,2,0,0,1,0,70,1,0,1,0,0
200600025044,6,5,18,1515,1,1,1,1,7,516,5054900,247300,620,1,3,2,0,0,1,20,70,1,0,3,0,0
200600025049,6,5,7,1000,1,1,1,1,6,16,4338600,560700,130,1,1,1,0,1,1,0,0,1,0,2,0,0
200600025052,6,5,22,430,3,1,2,1,1,430,4348200,79300,640,1,0,2,0,2,1,30,70,1,0,1,0,0
200600025056,6,5,27,1130,1,1,1,1,2,42,4449000,83000,330,1,0,2,0,1,1,150,104,1,0,1,0,1
200600025064,6,5,18,1430,1,2,1,1,3,65,4214700,859900,201,4,2,2,0,2,3,0,50,1,0,1,0,0
200600025069,6,5,28,1630,1,1,1,1,6,91,4613400,579800,10,1,3,2,0,3,2,0,0,1,2,3,0,1
200600025085,6,5,3,1615,1,1,1,1,1,245,4597700,613200,740,2,2,1,0,1,1,0,75,1,0,1,0,0
200600025086,6,5,4,2130,2,2,1,1,3,299,4588500,618000,740,3,2,3,0,1,1,0,105,1,5,1,0,0
200600025087,6,5,28,1145,1,2,1,1,1,11,4590900,613100,740,9,2,2,0,1,1,14,90,1,0,1,0,0
200600025088,6,5,14,2130,3,1,1,1,1,120,4602000,623000,740,2,2,2,0,1,2,0,68,1,0,1,0,0
200600025089,6,5,15,1850,1,1,1,1,6,11,4593800,616300,740,3,3,2,0,2,3,0,70,1,0,1,0,1
200600025092,6,5,5,1800,1,1,1,1,3,660,4907700,234800,950,3,2,2,0,1,1,0,60,1,0,1,0,0
200600025093,6,5,5,1420,1,1,1,1,1,32,4271400,183900,90,2,2,2,0,2,3,0,71,1,0,1,0,0
200600025095,6,5,6,915,1,1,1,1,2,240,4753700,275500,560,3,2,2,0,0,1,0,54,1,0,1,0,0
200600025096,6,5,24,1500,1,1,1,1,2,243,4586500,399500,420,1,3,4,0,1,1,15,200,1,0,1,0,0
200600025098,6,5,11,1615,1,1,1,1,1,48,4560500,512900,380,3,3,2,0,1,1,20,0,1,0,1,0,0
200600025105,6,5,7,1430,1,1,1,1,6,269,4614600,561700,10,1,1,0,0,1,3,0,90,1,2,1,0,0
200600025107,6,5,3,1530,1,2,1,1,6,200,4929000,53700,140,3,2,0,0,1,1,0,60,1,5,1,0,0
200600025108,6,5,12,130,5,2,1,1,3,191,4933400,44600,140,3,2,0,0,1,1,0,75,1,0,1,0,0
200600025113,6,5,31,2100,1,1,1,1,7,7,4749800,53000,490,1,1,2,0,1,1,0,60,1,0,1,0,0
200600025114,6,5,19,1200,1,1,1,1,3,152,4853000,766500,670,3,2,0,0,1,1,0,0,1,5,1,0,0
200600025116,6,5,29,2345,5,2,1,1,7,309,4864600,770800,670,3,3,0,0,2,4,19,45,0,0,1,0,0
200600025120,6,5,4,2230,5,2,1,1,1,193,4562800,523000,380,9,2,2,0,1,1,0,47,1,5,1,0,0
200600025122,6,5,7,1915,1,1,1,1,4,104,4635000,277000,30,1,3,2,0,2,1,30,70,1,0,1,0,0
200600025123,6,5,19,1320,1,1,1,1,7,63,4686200,242900,180,1,3,2,0,1,1,10,60,1,0,3,0,0