Num_Acc,an,mois,jour,hrmn,lum,agg,int,atm,col,com,lat,long,dep,catr,circ,nbv,vosp,prof,plan,lartpc,larrout,surf,infra,situ,env1,killed
200600025124,6,5,25,1030,1,1,1,1,1,261,4726400,512100,210,1,3,2,0,1,1,30,70,1,0,1,0,1
200600025136,6,5,6,1230,1,1,1,1,6,111,4824400,345900,890,1,3,2,0,3,3,30,100,1,0,3,0,0
200600025137,6,5,1,515,3,1,1,1,2,107,4331800,120700,310,1,3,0,3,1,1,20,100,1,0,1,0,0
200600025138,6,5,11,45,3,1,1,1,6,476,4328200,114700,310,1,3,2,0,0,1,100,700,1,2,3,0,0
200600025146,6,5,7,1500,1,1,1,1,2,231,4669100,158400,360,1,1,2,0,1,1,30,100,1,0,1,0,0
200600025147,6,5,15,545,2,1,1,1,6,200,4661900,153400,360,1,1,2,0,3,2,15,100,1,0,3,0,0
200600025150,6,5,29,1915,1,1,1,1,2,239,4365800,352800,340,2,2,2,0,0,1,0,69,0,0,1,0,0
200600025153,6,5,26,2015,1,1,1,1,6,157,4809200,4200,720,3,2,2,0,1,3,0,0,1,0,1,0,0
200600025154,6,5,14,1515,1,1,1,1,6,59,4717100,305100,580,2,3,4,0,2,1,30,150,1,0,2,0,1
200600025156,6,5,25,1500,1,2,1,2,1,324,4896200,763200,670,3,2,0,0,1,1,0,64,2,0,1,0,0
200600025157,6,5,17,745,1,1,1,1,3,269,4348200,126100,310,3,2,2,0,1,1,0,0,1,5,1,0,0
200600025161,6,5,10,1615,1,1,1,1,7,362,4952600,435600,80,2,3,2,0,1,2,29,73,1,2,3,0,0
200600025165,6,5,6,800,1,1,1,1,5,591,4945100,121100,760,3,2,2,0,1,1,0,52,1,0,1,0,0
200600025166,6,5,9,1615,1,1,1,2,3,509,4950000,119800,760,3,2,0,0,1,2,0,52,2,0,1,0,0
200600025167,6,5,23,1030,1,1,2,1,3,673,4949300,127700,760,3,2,2,0,1,1,0,60,1,5,1,0,0
200600025174,6,5,14,1100,1,2,1,1,1,183,4904700,200600,950,3,2,2,0,1,1,0,57,1,5,1,0,0
200600025175,6,5,16,2100,2,1,1,8,1,510,4908500,203600,950,3,2,2,0,2,1,0,50,1,0,1,0,0
200600025176,6,5,25,115,3,2,1,2,6,388,4902800,197300,950,3,2,0,0,2,2,0,25,2,0,3,0,0
200600025182,6,5,22,1715,1,1,1,3,7,71,4875000,128600,500,1,3,4,0,2,2,27,144,2,2,1,0,0
200600025183,6,5,23,700,1,1,1,1,2,137,4887800,118000,500,1,3,5,3,3,2,30,175,1,3,1,0,0
200600025184,6,5,31,1100,1,2,2,1,1,425,4843600,258600,770,3,2,0,0,1,1,0,72,1,5,1,0,0
200600025185,6,5,6,15,5,1,6,1,3,100,4567100,479400,690,3,2,2,0,1,1,0,100,1,5,1,0,1
200600025186,6,5,23,1345,1,2,3,1,5,260,4565400,481300,690,3,2,2,0,1,1,0,0,1,5,1,0,0
200600027040,6,5,12,1720,1,2,2,1,3,159,4862600,634570,540,4,2,3,0,1,1,0,86,1,5,1,99,0
200600029940,6,4,18,1715,1,2,1,1,6,103,4455000,333000,480,4,2,1,0,2,1,0,69,1,0,1,3,0
200600029989,6,6,29,1845,1,2,1,1,3,52,5052400,289100,590,3,2,2,0,1,1,0,61,1,0,1,0,0
200600029990,6,6,1,1100,1,2,1,2,2,25,5060400,283800,590,3,2,2,0,1,1,60,0,2,0,1,0,0
200600029991,6,6,2,1630,1,1,6,1,3,250,5059500,292900,590,2,2,2,0,1,0,0,60,1,0,1,0,0
200600029993,6,6,12,1100,1,2,7,1,6,408,5045700,308000,590,6,0,0,0,0,1,0,0,1,0,0,0,0
200600029998,6,6,8,2230,3,1,1,1,1,666,5089700,240100,590,3,2,2,0,1,1,0,80,1,0,1,0,0
200600029999,6,6,24,1400,1,2,1,1,3,397,5089700,225400,590,4,2,0,0,1,1,0,50,1,0,1,0,0
200600030000,6,6,13,1715,1,1,2,1,3,86,5081700,271100,590,4,2,0,0,1,1,0,50,1,0,1,0,0
200600030002,6,6,24,1220,1,1,1,1,2,615,5068200,265600,590,3,0,2,0,1,1,0,65,1,0,1,0,0
200600030004,6,6,30,1615,1,2,1,1,3,400,5064700,264000,590,3,2,3,0,1,1,0,100,1,0,1,0,0
200600030005,6,6,17,1145,1,2,1,1,1,44,5061400,323000,590,3,2,2,1,1,1,0,0,1,0,5,0,0
200600030008,6,6,27,2130,1,2,1,1,3,92,5028200,333200,590,2,2,2,0,1,1,0,100,1,4,1,0,0
200600030011,6,6,24,1915,1,1,1,1,6,425,5020400,358000,590,3,2,2,0,1,3,0,0,0,0,0,0,0
200600030012,6,6,25,700,2,1,1,2,6,12,4999900,415000,590,3,0,0,0,1,3,0,50,2,0,3,0,0
200600030014,6,6,21,1815,1,1,1,1,3,311,5005200,347000,590,3,2,0,0,0,0,0,0,1,0,1,0,1
200600030015,6,6,24,1115,1,1,1,1,6,545,5005000,350000,590,3,2,2,0,1,3,0,59,1,0,3,0,0
200600030016,6,6,18,1745,1,2,1,1,6,115,5027000,314000,590,4,2,0,0,0,1,0,57,1,0,0,0,0
200600030018,6,6,10,1100,1,2,1,1,6,53,5030000,379000,590,3,2,2,0,0,1,70,0,0,0,1,0,0
200600030022,6,6,5,2100,1,2,1,1,1,861,5037500,280400,620,3,2,2,0,1,1,0,74,1,5,1,3,0
200600030023,6,6,13,900,1,2,3,1,3,185,5019700,292700,620,4,2,2,0,1,1,0,29,1,0,1,0,0
200600030025,6,6,16,1145,1,2,1,1,1,620,5059000,240000,620,2,2,2,0,1,1,0,72,1,0,1,0,0
200600030030,6,6,13,2330,5,2,1,3,6,610,5048200,177000,620,3,2,0,0,1,2,0,90,2,0,3,0,0
200600030031,6,6,4,1945,1,1,1,1,3,849,5040800,160200,620,3,2,2,0,1,1,0,76,1,0,1,0,0
200600030032,6,6,25,2345,5,1,1,2,6,571,5044100,161200,620,3,2,0,1,1,1,0,65,2,0,1,0,1
200600030034,6,6,5,1815,1,2,1,1,6,201,5057600,161700,620,4,2,2,0,1,4,0,41,1,0,4,0,0
200600030036,6,6,17,30,3,2,1,1,6,57,5088100,207600,620,4,2,2,0,1,1,0,62,1,4,1,3,0
200600030040,6,6,23,1900,1,1,1,1,7,477,5032000,255000,620,3,2,2,0,4,3,0,60,1,0,1,0,0
200600030042,6,6,4,15,5,2,1,1,6,361,5028200,228100,620,4,2,2,0,1,1,0,145,1,6,1,0,0
200600030044,6,6,1,1845,1,1,1,1,1,543,4958200,153300,800,3,2,2,0,3,2,0,54,1,0,1,0,1
200600030048,6,6,4,1930,1,2,1,1,7,613,5004600,145800,800,4,2,1,0,2,1,0,0,1,0,1,0,0
200600030050,6,6,9,1615,1,1,1,7,1,183,4998700,174900,800,3,2,2,0,1,1,0,72,1,0,1,0,0
200600030055,6,6,19,730,1,2,1,1,1,109,5027200,198200,800,3,2,2,0,1,1,0,68,1,0,1,0,0
200600030057,6,6,3,1600,1,2,3,1,5,253,5016000,234000,800,2,2,2,0,4,1,0,104,1,0,1,3,0
200600030060,6,6,4,2030,1,2,1,1,1,570,4978200,247300,800,3,2,0,0,0,0,0,0,9,0,1,0,0
200600030061,6,6,19,1230,1,2,1,1,6,209,4972200,253900,800,3,2,2,0,1,1,0,0,1,0,1,0,0
200600030064,6,6,4,2130,1,2,1,1,6,240,4992800,296600,800,3,2,2,0,1,2,0,60,1,0,4,0,0
200600030065,6,6,6,930,1,1,1,1,6,601,5000100,301200,800,3,2,2,0,1,1,0,69,1,0,3,0,1
200600030066,6,6,18,1300,1,1,1,1,6,404,5005400,312100,800,4,2,0,0,0,1,44,0,0,0,0,0,0
200600030068,6,6,17,2200,2,1,1,1,1,540,5004200,263500,800,3,2,2,0,3,3,0,56,1,0,1,0,1
200600030070,6,6,19,1700,1,1,1,1,3,288,4988000,284300,800,2,3,2,0,1,1,34,41,1,5,1,0,1
200600030075,6,6,2,1800,1,1,1,1,3,80,4958900,356500,20,2,2,0,0,1,1,0,65,1,0,1,0,0
200600030078,6,6,20,1815,1,2,1,1,3,468,4975400,377200,20,2,2,2,0,1,1,0,0,1,5,1,0,0
200600030079,6,6,6,1100,1,2,1,1,6,86,4958000,322000,20,4,2,0,0,1,0,0,40,1,0,0,0,1
200600030081,6,6,27,1530,1,1,1,1,6,262,4964000,336000,20,3,2,0,0,1,1,0,52,1,2,1,0,0
200600030083,6,6,15,2100,1,1,1,1,1,613,4941200,382500,20,3,0,2,0,1,1,0,58,1,0,1,0,0
200600030088,6,6,17,1000,1,2,1,1,3,290,4902000,337000,20,3,2,2,0,1,4,0,50,1,0,1,0,0
200600030091,6,6,1,1730,1,1,3,2,3,806,4917300,348600,20,4,0,1,0,1,1,0,39,6,0,1,0,0
200600030094,6,6,2,715,1,1,1,5,3,775,4974100,334500,20,2,2,2,0,4,1,33,80,1,5,1,0,0
200600030095,6,6,30,1530,1,1,1,1,5,717,4977200,339300,20,9,2,0,0,1,0,37,0,1,0,1,0,0
200600030098,6,6,8,1145,1,1,2,1,1,432,4932700,355200,20,3,2,2,0,1,4,0,72,1,0,1,0,0
200600030100,6,6,30,700,1,1,2,1,1,589,4945400,354000,20,3,2,0,0,1,1,0,66,1,0,1,0,0
200600030104,6,6,1,1930,1,1,1,1,6,298,5000100,365600,20,3,2,0,0,1,1,0,0,1,0,1,0,0
200600030106,6,6,30,1100,1,1,1,1,1,495,4995900,404900,20,3,2,2,0,3,1,111,0,1,5,1,0,0
200600030107,6,6,30,1830,1,2,1,1,6,831,4990400,419800,20,3,2,2,0,1,1,91,74,1,5,1,0,0
200600030110,6,6,13,1230,1,2,1,1,2,73,4945000,187000,600,3,2,2,0,0,3,0,58,1,0,1,0,0
200600030111,6,6,16,1930,1,1,1,1,3,63,4936100,206300,600,3,2,2,0,1,1,0,42,1,0,1,0,0
200600030112,6,6,21,1830,1,1,1,2,1,164,4939400,182300,600,4,2,2,0,1,4,0,60,2,0,1,0,0
200600030117,6,6,13,1445,1,2,1,1,5,221,4966400,226600,600,2,2,2,0,1,1,71,75,1,0,1,0,0
200600030128,6,6,17,2315,5,2,1,1,1,537,4951400,292300,600,3,2,1,0,1,1,77,0,1,5,1,0,0
200600030131,6,6,3,1700,1,2,1,1,2,273,4946300,281500,600,3,2,2,0,1,0,0,0,1,0,1,0,0
200600030146,6,6,18,1000,1,2,1,1,3,79,4916400,287800,600,4,2,0,0,1,1,0,40,1,0,1,3,0
200600030148,6,6,13,730,1,1,2,1,3,517,4952600,112900,760,3,2,2,0,1,1,0,70,1,0,1,0,0
200600030149,6,6,11,2145,2,2,1,1,7,51,4979100,99400,760,3,2,0,0,2,4,0,52,1,6,1,3,0
200600030152,6,6,14,1200,1,1,1,2,1,753,4936100,118300,760,3,2,2,0,2,2,0,58,2,0,1,0,0
200600030162,6,6,30,1600,1,1,1,1,6,592,4951000,50000,760,3,2,2,0,1,1,0,64,1,0,3,0,0
200600030164,6,6,10,1945,1,2,1,1,1,101,4992000,163000,760,4,2,1,0,0,1,0,0,1,0,1,0,0
200600030167,6,6,23,1715,1,2,1,1,3,142,4951900,162000,760,3,2,2,0,1,1,0,0,1,0,1,0,1
200600030168,6,6,30,2300,3,1,1,1,6,260,4950600,178400,760,3,2,2,0,1,1,0,0,1,0,1,0,0
200600030170,6,6,30,1800,1,2,1,1,1,743,4953200,93300,760,9,2,2,0,1,3,0,51,1,0,1,0,0
200600030172,6,6,9,815,1,1,1,1,6,407,4985700,74000,760,3,2,2,0,2,3,0,0,1,0,1,0,0
200600030174,6,6,6,1915,1,1,1,1,1,424,4893700,94500,270,3,2,0,0,2,1,0,76,1,0,1,0,1
200600030175,6,6,7,2000,1,1,1,1,1,439,4907000,117500,270,3,2,2,0,2,3,0,62,1,0,1,0,0
200600030176,6,6,16,630,1,1,1,1,3,306,4898600,119200,270,3,2,0,0,2,1,0,70,1,0,1,0,0
200600030177,6,6,16,1945,1,1,1,1,3,424,4892500,94100,270,3,2,0,0,1,1,0,73,1,0,1,0,0
200600030178,6,6,25,1645,1,2,1,2,3,524,4911800,94000,270,2,2,0,0,1,1,18,74,2,0,1,0,0
200600030179,6,6,6,1730,1,2,1,1,6,198,4887300,107100,270,3,2,0,0,0,1,0,0,1,0,1,0,0
200600030185,6,6,9,930,1,2,1,1,3,473,4916800,141500,270,3,2,2,0,1,1,0,0,1,0,1,0,0
200600030186,6,6,20,1730,1,2,1,1,3,493,4933100,125200,270,3,2,0,0,1,1,0,59,1,5,1,0,0
200600030187,6,6,13,845,1,2,1,1,3,284,4928200,177000,270,3,2,0,0,1,1,0,50,1,0,1,0,0
200600030188,6,6,17,1640,1,2,1,1,4,226,4931000,160700,270,3,2,2,0,1,0,0,60,1,5,1,0,0
200600030189,6,6,30,1615,1,2,3,1,3,26,4922100,164400,270,4,2,0,0,1,1,0,60,1,0,1,0,0
200600030190,6,6,6,545,1,1,1,1,7,600,4908100,58400,270,2,2,2,0,1,1,0,74,1,0,1,0,0
200600030191,6,6,12,900,1,1,1,1,2,56,4908600,58700,270,2,2,2,0,1,1,0,80,1,0,1,0,0
200600030197,6,6,9,1930,1,1,1,1,1,275,4916400,135100,270,3,2,0,0,1,1,0,70,1,0,1,0,0
200600030200,6,6,21,730,1,1,4,1,3,428,4915200,89700,270,3,2,0,0,1,1,0,68,1,0,1,0,1
200600030201,6,6,22,1745,1,2,7,1,6,428,4914500,90600,270,6,1,1,3,1,1,0,20,1,0,1,0,0
200600030202,6,6,24,415,5,2,1,1,1,302,4922700,83400,270,3,2,2,0,1,0,0,53,1,0,1,0,0
200600030207,6,6,22,2000,1,1,1,1,6,542,4924200,59900,270,3,2,2,0,2,1,0,26,1,0,1,0,0
200600030208,6,6,25,230,3,1,1,2,7,288,4928700,68400,270,3,2,2,0,2,4,0,68,2,0,3,0,0
200600030209,6,6,26,1730,1,2,1,1,6,542,4924800,58100,270,3,2,2,0,1,1,0,56,1,0,1,0,0
200600030211,6,6,23,2000,1,1,1,1,5,128,4828700,173800,350,4,2,0,0,0,2,0,0,1,0,1,0,0
200600030219,6,6,5,2245,3,1,1,1,6,13,4772000,210000,350,3,2,2,0,1,1,0,0,1,0,1,0,0
200600030221,6,6,22,2130,1,1,1,1,2,221,4788100,177600,350,4,2,0,0,1,1,0,40,1,0,1,0,1
200600030227,6,6,1,100,5,2,1,1,6,95,4855300,175200,350,3,2,0,0,0,2,0,0,0,6,4,0,0
200600030229,6,6,21,1930,1,1,1,1,7,186,4858000,177800,350,3,2,0,0,0,2,0,0,9,0,3,0,0
200600030235,6,6,18,230,3,1,1,1,3,68,4810300,141500,350,2,3,4,0,1,1,0,0,1,3,1,0,0
200600030236,6,6,14,1445,1,1,1,1,1,103,4782000,126000,350,4,2,2,0,1,3,0,40,1,0,1,0,0
200600030237,6,6,16,1800,1,2,1,1,1,14,4801000,129000,350,3,2,2,0,2,1,0,55,1,0,1,3,0
200600030241,6,6,8,1115,1,1,1,1,2,93,4848100,258800,220,2,1,2,0,1,1,0,86,1,0,1,0,0
200600030245,6,6,13,1630,1,1,1,1,2,277,4841500,285700,220,3,2,2,0,2,1,0,0,1,0,1,0,0
200600030247,6,6,13,1030,1,1,1,2,7,84,4841000,232000,220,3,2,2,0,1,2,0,45,2,0,3,0,0
200600030249,6,6,4,1500,1,2,1,1,1,282,4863700,225800,220,4,2,0,0,1,1,0,48,1,0,3,0,0
200600030251,6,6,15,2000,1,1,1,7,2,143,4861100,230500,220,3,2,2,0,2,1,0,60,1,0,1,0,0
200600030252,6,6,10,1830,1,1,1,1,2,147,4817800,238500,220,3,2,2,0,4,1,0,60,1,0,1,0,0
200600030254,6,6,6,730,1,1,1,1,1,92,4841400,314000,220,3,2,1,0,1,3,0,45,1,0,0,0,0
200600030255,6,6,6,1615,1,1,1,1,1,238,4860000,360000,220,3,2,0,0,4,2,0,0,1,0,1,0,0
200600030258,6,6,15,1730,1,1,1,1,3,195,4883800,314200,220,3,2,2,0,1,4,0,50,1,0,1,0,0
200600030261,6,6,16,1830,1,1,1,1,5,145,4805500,445300,290,3,2,2,0,0,1,0,68,1,5,1,0,0
200600030262,6,6,22,1645,1,1,1,1,6,58,4791000,399700,290,3,2,2,0,3,1,0,60,1,0,0,0,0
200600030266,6,6,24,1730,1,2,1,1,6,75,4843600,440500,290,3,3,0,0,1,1,0,72,1,0,1,0,1
200600030268,6,6,6,1215,1,1,1,1,1,181,4848700,426500,290,4,2,2,0,1,1,0,62,1,0,1,0,0
200600030270,6,6,8,1100,1,1,1,1,1,160,4852100,444300,290,3,2,2,0,0,1,0,70,1,0,1,0,1
200600030271,6,6,11,2045,1,1,1,1,7,209,4854700,449500,290,3,2,2,0,1,4,0,75,1,0,3,0,1
200600030272,6,6,23,1330,1,1,1,1,1,117,4857400,446700,290,3,2,2,0,2,4,0,64,1,0,1,0,0
200600030273,6,6,2,2130,2,1,1,1,1,260,4843800,461100,290,3,2,2,0,1,4,0,64,1,0,1,0,0
200600030274,6,6,23,1600,1,1,3,1,3,178,4854800,466000,290,3,2,2,0,2,2,72,0,1,5,1,0,0
200600030279,6,6,26,930,1,1,1,1,3,280,4824000,436000,290,3,2,2,0,0,1,0,62,2,0,1,0,0
200600030284,6,6,30,1700,1,1,1,1,3,11,4760100,223900,560,3,2,2,0,0,1,0,0,1,0,0,0,0
200600030286,6,6,11,930,1,1,1,1,2,176,4767200,294800,560,1,3,4,0,1,1,40,144,1,0,1,0,0
200600030287,6,6,18,600,2,1,1,1,6,7,4767400,294900,560,3,2,2,0,2,3,0,63,1,0,3,0,1
200600030288,6,6,19,930,1,1,9,2,3,176,4767100,295100,560,2,3,0,0,1,1,30,0,2,0,1,0,0
200600030289,6,6,24,130,3,1,1,1,7,23,4769500,302600,560,4,2,2,0,1,1,0,0,1,0,1,0,0
200600030292,6,6,24,1430,1,1,1,1,1,168,4760700,310500,560,3,2,0,0,1,1,0,70,1,0,1,0,0
200600030293,6,6,28,1900,1,2,1,1,2,34,4757800,306800,560,3,2,2,0,0,1,0,103,9,6,1,0,0
200600030298,6,6,15,1700,1,1,1,1,1,244,4780800,244600,560,2,3,4,0,1,1,30,140,1,0,1,0,0
200600030299,6,6,27,1130,1,1,1,1,6,6,4792500,229000,560,3,2,2,0,1,2,0,61,1,0,0,0,0
200600030300,6,6,1,1900,1,2,1,1,3,222,4785100,272500,560,3,2,0,0,1,1,0,77,1,0,1,0,0
200600030302,6,6,2,1715,1,1,1,1,2,93,4814100,289500,560,3,2,2,0,1,1,0,61,1,0,1,0,0
200600030303,6,6,26,1700,1,1,1,1,1,242,4811000,319100,560,4,2,0,0,0,0,0,44,2,0,1,0,0
200600030304,6,6,3,645,1,1,1,1,6,140,4790800,278400,560,2,3,0,0,1,1,0,70,1,0,1,0,0
200600030306,6,6,7,1845,1,1,9,1,7,173,4801500,298700,560,4,2,0,0,2,3,0,40,1,0,3,0,0
200600030307,6,6,10,2115,1,1,1,1,6,10,4788000,295000,560,3,2,0,0,2,2,0,74,1,0,3,0,0
200600030308,6,6,13,1300,1,1,1,1,5,174,4789000,289300,560,3,2,0,0,1,1,0,50,1,0,1,0,0
200600030310,6,6,10,1330,1,2,6,1,3,228,4930400,37400,140,4,2,1,0,1,0,0,40,1,5,1,0,0
200600030311,6,6,28,1830,1,2,1,1,7,543,4921300,47100,140,4,2,2,0,2,1,0,38,1,0,1,3,1
200600030312,6,6,8,1530,1,1,1,1,1,39,4901300,35700,140,3,2,2,0,1,1,0,45,1,0,1,0,0
200600030313,6,6,26,1600,1,2,1,1,6,623,4911900,37300,140,3,2,2,0,1,1,0,70,1,0,1,0,0
200600030314,6,6,10,1200,1,1,1,1,2,407,4924500,37100,140,3,3,0,0,1,1,0,76,1,0,1,0,0
200600030315,6,6,30,2300,4,2,1,1,6,488,4929000,25800,140,4,2,2,0,1,1,0,0,1,0,1,0,0
200600030316,6,6,24,1130,1,1,1,1,6,722,4910400,86400,140,3,2,1,0,1,1,0,40,1,0,1,0,0
200600030319,6,6,10,2315,5,2,1,1,3,47,4928200,70300,140,9,1,0,0,1,1,0,45,1,5,1,0,0
200600030320,6,6,15,2000,1,2,1,1,7,47,4928100,70000,140,3,1,0,0,0,1,0,0,1,0,1,0,0
200600030321,6,6,4,700,1,1,1,1,1,63,4928100,93700,140,3,2,2,0,1,3,0,43,1,0,1,0,0
200600030322,6,6,4,1800,1,2,1,1,1,370,4924800,88000,140,3,2,0,0,1,3,0,0,0,0,1,0,0
200600030323,6,6,5,1845,1,1,1,1,1,63,4927900,93700,140,4,2,2,0,1,3,0,30,0,0,1,0,0
200600030324,6,6,24,1515,1,1,1,1,7,481,4926700,105400,140,3,2,2,0,1,1,0,63,1,0,0,0,0
200600030325,6,6,4,1715,1,1,1,1,3,207,4899400,45600,140,3,2,0,0,1,2,0,75,1,0,1,0,0
200600030326,6,6,2,1715,1,1,1,1,1,425,4909500,11900,140,3,2,0,0,0,3,0,0,1,0,3,0,0
200600030327,6,6,5,1530,1,1,1,1,2,648,4911400,14900,140,3,2,2,0,1,1,0,58,1,0,1,0,1
200600030328,6,6,20,1715,1,1,1,1,2,582,4906800,18700,140,3,2,2,0,1,1,0,63,1,0,1,0,0
200600030329,6,6,20,1745,1,1,1,1,1,563,4933100,29100,140,3,2,2,0,1,2,0,52,1,0,1,0,1
200600030330,6,6,3,1,1,1,1,1,1,584,4880900,92100,140,3,2,0,0,1,2,0,45,0,0,1,0,0
200600030332,6,6,25,800,1,1,1,1,6,592,4894800,109200,500,3,2,0,0,1,1,62,52,1,0,1,0,0
200600030334,6,6,9,1500,1,1,1,1,3,224,4899000,95600,500,3,2,2,0,0,1,0,77,1,0,1,0,0
200600030336,6,6,11,45,3,1,1,1,6,66,4877400,151800,500,3,2,0,0,1,2,0,0,1,0,1,0,0
200600030338,6,6,18,1500,1,1,1,1,6,535,4877100,130100,500,3,2,2,0,1,1,0,42,1,0,1,0,0
200600030339,6,6,8,845,1,2,2,7,3,259,4860400,134800,500,3,2,3,3,1,1,0,90,1,5,1,0,1
200600030340,6,6,16,1045,1,2,1,1,6,74,4872000,116000,500,3,3,2,0,1,1,42,168,1,6,1,0,1
200600030341,6,6,6,1600,1,2,1,1,6,643,4957300,172900,500,3,2,2,0,2,1,0,70,1,0,4,0,0
200600030347,6,6,16,1600,1,1,1,1,3,268,4952600,131800,500,3,2,2,0,1,1,0,35,0,0,0,0,0
200600030349,6,6,13,1215,1,1,1,1,2,243,4904300,150000,500,3,2,1,0,1,4,0,42,1,0,1,0,0
200600030356,6,6,2,2130,2,1,1,1,6,198,4913600,159200,500,3,2,2,0,0,1,0,0,1,0,1,0,0
200600030358,6,6,9,1015,1,1,1,1,1,481,4924400,161900,500,3,2,2,0,1,3,0,77,1,0,1,0,0
200600030359,6,6,18,30,3,1,1,1,6,510,4917700,135000,500,3,2,0,0,0,3,0,0,1,0,3,0,0
200600030360,6,6,9,1530,1,1,9,1,1,462,4858000,84000,500,3,2,2,0,1,1,0,62,1,0,1,0,0
200600030361,6,6,20,2030,2,1,1,1,7,514,4873500,85900,500,3,2,2,0,1,2,0,0,1,0,1,0,0
200600030362,6,6,25,700,2,1,1,1,7,37,4865000,102600,500,3,2,0,0,1,4,0,0,1,0,1,0,0
200600030372,6,6,3,1730,1,2,1,1,6,211,4855400,51000,610,2,2,2,0,2,2,0,75,1,0,1,0,0
200600030387,6,6,3,1545,1,1,1,7,3,134,4746300,117300,440,3,2,2,0,1,1,0,67,1,5,1,0,0
200600030393,6,6,26,1045,1,1,2,1,1,48,4736400,132000,440,3,2,3,0,0,2,0,0,1,0,1,0,0
200600030394,6,6,22,1930,1,2,1,1,1,36,4772100,137300,440,4,2,0,0,1,1,0,60,1,0,1,0,0
200600030395,6,6,22,1415,1,1,1,1,3,7,4764300,198800,440,3,2,2,0,3,1,0,59,1,0,1,0,1
200600030396,6,6,22,2200,1,1,1,1,7,179,4735400,142000,440,3,2,2,0,2,3,0,60,1,0,0,0,0
200600030398,6,6,11,1230,1,1,1,1,1,18,4714900,169500,440,3,2,0,0,3,3,0,66,1,0,1,0,0
200600030402,6,6,23,2230,5,2,1,1,5,116,4729200,202900,440,3,1,1,0,1,1,0,0,1,0,1,0,0
200600030403,6,6,29,1700,1,2,6,1,1,154,4726800,216400,440,3,2,0,0,1,1,0,0,1,5,1,0,0
200600030405,6,6,30,1700,1,1,2,1,3,187,4720600,204900,440,3,2,2,0,1,3,0,70,1,0,1,0,0
200600030410,6,6,10,445,3,1,1,1,6,69,4731600,242300,440,3,2,2,0,1,2,0,48,1,0,3,0,0
200600030418,6,6,10,1515,1,1,1,1,6,194,4728600,170700,440,3,2,2,0,1,1,0,60,1,0,1,0,0
200600030419,6,6,16,2015,1,1,1,1,2,21,4742900,18400,490,2,2,2,0,1,1,0,72,1,0,1,0,1
200600030421,6,6,24,800,1,2,1,1,3,66,4727100,57600,490,3,2,2,0,1,1,0,0,0,0,1,0,0
200600030424,6,6,4,1400,1,1,1,1,7,159,4765200,30400,490,3,2,2,0,2,3,0,40,1,0,3,0,0
200600030425,6,6,28,815,1,1,2,1,3,19,4753800,33100,490,3,2,2,0,1,1,0,52,1,0,1,0,0
200600030426,6,6,18,1245,1,1,1,1,3,375,4717900,104500,490,3,2,2,0,0,1,0,60,1,5,1,0,0
200600030429,6,6,12,1415,1,1,1,1,1,355,4715500,82800,490,3,2,2,0,2,4,50,50,1,0,1,0,0
200600030439,6,6,7,1145,1,2,2,1,3,2,4729600,2700,490,3,2,2,0,0,1,0,60,1,0,1,0,0
200600030440,6,6,12,800,1,1,1,7,2,180,4737800,13700,490,3,2,2,0,1,1,0,60,1,0,1,0,0
200600030441,6,6,12,1630,1,1,1,1,3,180,4740200,13500,490,4,2,0,0,0,1,0,0,1,0,1,0,0
200600030442,6,6,19,915,1,2,1,1,1,374,4725700,2900,490,4,2,2,0,1,1,0,60,1,0,1,0,0
200600030443,6,6,25,1045,1,1,1,2,1,378,4730700,3600,490,2,2,2,0,0,1,0,145,2,0,1,0,0
200600030445,6,6,11,845,1,1,1,1,6,8,4758500,92500,490,3,2,2,0,0,1,0,60,1,0,3,0,0
200600030448,6,6,13,2145,2,2,1,1,1,294,4748700,67800,490,4,2,0,0,1,4,0,51,1,0,1,0,0
200600030449,6,6,18,345,3,1,1,1,6,176,4765200,78400,490,3,2,2,0,1,1,0,40,1,0,3,0,0
200600030451,6,6,9,945,1,1,1,1,2,170,4766800,50000,490,3,2,2,0,2,1,0,58,1,0,1,0,0
200600030453,6,6,25,945,1,1,1,2,7,170,4766500,52000,490,3,2,1,0,0,1,0,0,2,0,3,0,0
200600030455,6,6,4,115,5,2,1,1,6,89,4775500,63900,530,9,2,0,0,2,1,0,50,1,0,1,0,0
200600030459,6,6,13,800,1,2,1,1,3,147,4830000,60000,530,9,2,0,0,1,1,0,50,1,0,1,0,0
200600030465,6,6,7,2045,1,1,1,1,7,160,4839000,51500,530,3,2,2,0,2,3,0,56,1,0,1,0,0
200600030466,6,6,17,230,3,2,1,1,7,55,4842000,55600,530,3,2,2,0,1,3,0,54,1,0,1,0,0
200600030468,6,6,1,800,1,2,1,1,3,213,4791400,24800,720,4,2,0,0,1,1,0,45,1,5,1,0,0
200600030472,6,6,18,2015,1,1,6,1,1,181,4798200,17500,720,3,0,2,0,1,0,0,81,1,5,1,0,0
200600030474,6,6,24,1115,1,1,1,1,7,373,4806000,76000,720,3,2,2,0,1,1,0,0,1,0,1,0,0
200600030475,6,6,3,1030,1,2,1,1,2,90,4806500,49900,720,4,2,2,0,4,1,0,0,1,5,1,0,0
200600030476,6,6,9,2015,1,1,1,1,1,101,4816900,33700,720,3,2,0,0,0,0,0,55,1,0,1,0,0