Num_Acc,an,mois,jour,hrmn,lum,agg,int,atm,col,com,lat,long,dep,catr,circ,nbv,vosp,prof,plan,lartpc,larrout,surf,infra,situ,env1,killed
200600030477,6,6,24,2030,1,1,1,8,7,99,4811900,26000,720,3,2,1,0,1,1,0,46,2,0,3,0,0
200600030478,6,6,5,1830,1,1,1,1,1,339,4797700,4100,720,3,2,2,0,1,2,0,0,1,0,1,0,0
200600030479,6,6,6,1715,1,1,1,1,3,360,4802500,11100,720,2,2,2,0,1,1,0,0,1,5,1,0,0
200600030481,6,6,14,30,3,1,1,1,6,381,4792600,9300,720,3,2,2,0,1,1,0,72,1,0,3,0,0
200600030483,6,6,25,300,3,1,1,1,6,344,4791800,15000,720,4,2,2,0,1,3,0,45,1,0,3,0,0
200600030484,6,6,7,1715,1,1,1,1,1,154,4773000,13600,720,4,2,2,0,3,4,0,40,1,0,1,0,0
200600030491,6,6,21,1215,1,1,6,1,3,180,4836400,36200,720,3,0,2,0,1,2,0,54,1,5,1,0,0
200600030493,6,6,11,2030,1,2,1,1,7,31,4808100,49700,720,3,2,2,0,1,1,60,80,1,0,1,0,0
200600030495,6,6,20,1200,1,1,1,1,1,132,4817900,63000,720,3,2,2,0,1,1,0,0,1,0,1,0,0
200600030497,6,6,11,1215,1,1,1,1,3,254,4832000,15000,720,3,2,2,0,3,3,0,73,1,0,1,0,0
200600030498,6,6,16,2030,1,1,1,1,1,12,4821100,10200,720,3,2,2,0,0,4,0,43,1,0,1,0,0
200600030499,6,6,18,1815,1,1,1,1,6,318,4840400,20900,720,3,2,0,0,3,3,0,72,1,0,1,0,0
200600030500,6,6,24,1000,1,1,1,1,5,273,4825000,9000,720,3,2,2,0,1,3,0,64,2,0,1,0,0
200600030501,6,6,27,1730,1,1,1,1,7,212,4839000,1000,720,4,2,2,0,1,4,0,50,1,0,3,0,0
200600030509,6,6,21,2345,3,1,1,1,1,224,4702000,134000,850,3,2,2,0,1,1,0,0,1,0,1,0,1
200600030515,6,6,28,1830,1,2,1,1,6,167,4648600,77600,850,3,2,0,0,2,2,0,59,0,0,3,0,0
200600030516,6,6,5,1030,1,2,2,1,3,1,4633200,129900,850,3,2,2,0,1,1,70,0,1,0,1,0,0
200600030517,6,6,17,900,1,1,1,1,1,297,4640100,119200,850,3,2,2,0,1,3,0,68,2,0,1,0,0
200600030518,6,6,21,1100,1,1,1,1,3,149,4641700,106500,850,3,2,2,0,1,1,0,70,1,0,1,0,0
200600030519,6,6,24,1015,1,2,1,1,1,255,4635500,124800,850,3,2,2,0,1,2,0,60,1,0,1,0,0
200600030520,6,6,5,400,3,1,1,1,6,244,4643700,73300,850,3,3,2,0,1,1,0,80,1,0,1,0,0
200600030522,6,6,10,115,3,1,1,1,6,145,4675000,95100,850,3,2,2,0,4,4,0,60,1,0,3,0,0
200600030523,6,6,12,2115,2,1,2,1,3,31,4677600,93900,850,4,2,2,0,2,0,0,0,0,0,0,0,0
200600030524,6,6,20,1700,1,1,1,1,6,254,4681600,74000,850,3,2,0,0,0,2,0,60,1,0,3,0,0
200600030525,6,6,7,1330,1,2,1,1,1,130,4675900,168500,850,3,2,2,0,2,1,0,68,1,0,1,0,0
200600030526,6,6,10,2230,2,2,1,1,6,130,4676000,168500,850,3,2,2,0,1,2,0,0,1,0,4,0,1
200600030527,6,6,11,1215,1,1,1,1,6,169,4681600,158100,850,3,2,2,0,0,0,0,45,1,0,3,0,0
200600030529,6,6,16,1800,1,2,1,1,6,280,4686100,190000,850,3,2,2,0,0,1,0,0,1,0,1,0,1
200600030530,6,6,17,445,3,1,1,1,6,96,4690400,188700,850,3,2,2,0,0,1,0,0,1,0,3,0,0
200600030538,6,6,19,800,1,1,1,1,3,116,4643800,139800,850,3,2,2,0,0,1,0,78,1,0,0,0,0
200600030547,6,6,17,2015,1,1,1,1,3,339,4502600,47400,330,3,2,2,0,1,2,0,71,1,0,1,0,0
200600030549,6,6,6,1730,1,2,1,1,7,4,4501600,53100,330,4,2,0,0,0,1,0,0,1,0,1,0,0
200600030551,6,6,25,1700,1,1,1,1,6,3,4500400,55200,330,3,2,2,0,1,2,0,58,1,0,3,0,0
200600030552,6,6,4,1845,1,2,2,1,3,397,4490600,49000,330,3,2,0,0,1,1,0,0,1,0,1,0,0
200600030554,6,6,8,700,1,2,1,1,3,83,4483000,36000,330,3,2,2,0,1,1,18,79,1,5,0,3,0
200600030555,6,6,16,1630,1,1,1,1,3,363,4479000,37000,330,3,2,2,0,1,0,85,115,1,0,1,0,0
200600030556,6,6,30,815,1,2,3,1,3,311,4468000,36000,330,3,2,0,0,1,1,0,57,1,0,1,0,0
200600030561,6,6,20,1600,1,1,1,1,6,225,4459100,46400,330,3,2,2,0,1,0,0,48,1,0,1,0,0
200600030562,6,6,6,1645,1,2,1,1,3,366,4500000,44000,330,3,2,2,0,1,1,0,62,1,0,1,0,0
200600030563,6,6,20,1815,1,1,1,1,2,366,4499600,43000,330,3,2,0,0,1,1,20,70,1,3,1,0,0
200600030564,6,6,23,1000,1,1,1,1,5,195,4439500,4900,330,3,2,2,0,0,1,0,0,1,0,1,0,0
200600030573,6,6,24,1700,1,1,1,1,7,424,4517900,83800,330,2,2,2,0,1,1,0,74,1,0,3,0,0
200600030575,6,6,9,1745,1,1,1,1,3,328,4493000,21000,330,3,2,0,0,1,1,0,39,1,0,1,0,0
200600030580,6,6,22,1715,1,1,1,1,1,362,4503800,18400,330,3,2,2,0,0,1,0,200,1,5,1,0,0
200600030588,6,6,10,1100,1,1,1,1,3,156,4508000,86800,240,3,2,2,0,2,2,0,66,1,0,1,0,0
200600030591,6,6,19,1845,1,1,1,1,2,26,4519700,83100,240,3,0,2,0,1,3,0,67,1,0,1,0,0
200600030595,6,6,4,500,3,1,1,1,7,442,4512500,48400,240,3,2,0,0,1,2,70,0,1,0,0,0,0
200600030596,6,6,20,645,1,1,1,1,1,266,4520800,58600,240,4,2,1,0,0,2,0,47,1,0,1,0,0
200600030597,6,6,23,2015,1,1,1,1,5,372,4514300,54700,240,3,2,2,0,1,1,0,83,1,0,1,0,0
200600030599,6,6,10,1715,1,1,1,1,3,540,4527000,83300,240,3,2,2,0,2,1,0,60,1,0,1,0,0
200600030608,6,6,3,1700,1,1,1,1,6,189,4487200,18900,240,3,2,2,0,1,1,0,70,1,0,1,0,0
200600030616,6,6,23,1845,1,1,1,1,5,409,4505100,36800,240,3,2,2,0,0,1,0,63,1,0,1,0,0
200600030617,6,6,25,1800,1,1,1,1,7,354,4513800,1600,240,4,2,2,0,1,2,0,41,1,0,3,0,1
200600030618,6,6,17,1115,1,1,1,1,1,355,4481300,120600,240,3,2,2,0,1,1,0,70,1,5,1,0,0
200600030621,6,6,15,1900,1,1,1,1,5,438,4475800,110900,240,3,2,2,0,1,2,0,50,1,0,1,0,1
200600030622,6,6,21,2215,5,2,7,1,6,585,4463100,108800,240,4,2,0,0,0,0,0,0,1,0,0,0,0
200600030625,6,6,7,2300,3,1,1,1,6,36,4484000,104700,240,3,2,2,0,2,2,0,53,9,0,3,0,1
200600030627,6,6,18,1730,3,1,1,1,1,122,4385500,52200,400,3,2,2,0,1,1,0,74,1,0,1,0,1
200600030628,6,6,18,1400,1,1,1,1,7,164,4408700,31100,400,3,2,2,0,0,1,0,75,1,0,1,0,0
200600030629,6,6,24,1440,1,1,1,1,6,164,4414400,28800,400,3,2,2,0,1,1,0,70,1,0,3,0,0
200600030633,6,6,24,430,5,1,1,1,6,334,4371300,100800,400,3,2,2,0,1,1,0,60,1,0,3,0,1
200600030635,6,6,8,1600,1,2,1,7,4,157,4403400,125900,400,3,2,0,0,1,1,0,61,1,0,1,0,0
200600030636,6,6,11,1730,1,1,1,1,6,326,4395500,134500,400,3,2,0,0,3,2,0,60,1,0,1,0,0
200600030638,6,6,4,1015,1,2,1,1,1,224,4355300,110800,400,4,2,2,0,1,1,0,42,1,0,1,0,0
200600030639,6,6,8,1145,1,1,1,1,7,132,4356800,100200,400,3,2,0,0,2,3,0,60,1,0,1,0,0
200600030655,6,6,11,1230,1,1,1,1,1,4,4428400,33700,470,3,2,2,0,1,3,0,74,1,0,1,0,0
200600030657,6,6,27,1445,1,1,1,1,6,190,4434600,52600,470,3,2,2,0,2,2,0,56,1,0,3,0,0
200600030659,6,6,13,1930,1,1,1,1,6,165,4450900,7800,470,3,2,2,0,1,3,0,65,9,0,3,0,1
200600030660,6,6,18,45,3,1,1,8,7,10,4435200,200,470,4,2,2,0,1,3,0,50,2,0,3,0,0
200600030661,6,6,26,1845,1,2,1,1,6,233,4453400,9600,470,2,2,0,0,1,1,0,81,1,0,1,0,0
200600030662,6,6,21,2130,2,1,1,1,2,168,4459200,34400,470,3,2,2,0,1,3,0,171,1,5,1,0,0
200600030666,6,6,11,1300,1,1,1,1,1,175,4451500,75400,470,3,2,2,0,0,3,0,74,1,0,1,0,0
200600030677,6,6,1,1245,1,1,1,1,2,540,4350500,132400,640,3,2,2,0,1,1,0,67,1,0,1,0,0
200600030680,6,6,6,1230,1,2,1,1,6,547,4341900,146700,640,4,2,1,0,3,3,0,70,1,0,1,3,0
200600030683,6,6,6,1545,1,1,1,1,3,124,4330200,134900,640,3,2,2,0,1,1,0,74,1,0,1,0,0
200600030685,6,6,26,2315,3,1,1,1,6,5,4336600,57100,640,3,2,0,0,1,1,0,80,1,0,3,0,0
200600030686,6,6,16,145,3,1,1,1,7,501,4352000,72400,640,3,2,2,0,1,1,0,63,1,0,3,0,0
200600030688,6,6,18,2015,1,1,1,1,6,462,4352700,89700,640,2,2,2,0,1,1,0,74,1,0,3,0,0
200600030696,6,6,17,445,3,2,1,1,7,137,4701600,7400,860,9,2,2,0,2,2,0,40,1,0,1,0,0
200600030697,6,6,17,645,2,2,1,1,3,49,4698800,9500,860,2,2,2,0,2,1,0,80,1,0,3,0,0
200600030698,6,6,9,1845,1,1,1,1,7,298,4671500,44500,860,4,0,2,0,0,1,0,40,1,0,3,0,0
200600030701,6,6,10,1000,1,2,1,1,3,70,4657300,63100,860,2,2,2,0,2,1,0,78,1,0,1,0,0
200600030702,6,6,17,1500,1,1,1,1,1,152,4617800,52500,860,3,2,0,0,0,2,0,60,1,0,0,0,1
200600030705,6,6,10,2030,1,1,1,1,7,330,4569000,40100,160,3,2,2,0,1,2,0,0,1,0,3,0,0
200600030711,6,6,2,230,5,2,1,1,6,292,4602800,19600,160,3,2,0,0,2,1,0,63,1,0,4,0,0
200600030712,6,6,11,1830,1,1,1,1,6,335,4607100,15600,160,3,2,2,0,1,2,0,45,1,0,3,0,0
200600030713,6,6,18,1630,1,1,1,1,6,104,4602800,23200,160,4,2,0,0,0,3,0,45,1,0,0,0,1
200600030719,6,6,14,1715,1,2,1,1,3,197,4544800,43200,170,3,2,2,0,1,1,0,51,1,0,1,0,0
200600030722,6,6,22,445,3,1,1,1,6,99,4525800,30000,170,3,2,2,0,1,1,0,61,1,0,1,0,0
200600030723,6,6,22,1700,1,1,1,1,1,432,4530500,43300,170,3,2,2,0,2,1,0,64,1,0,1,0,1
200600030724,6,6,24,345,3,1,1,1,6,38,4518500,32400,170,2,3,4,0,1,1,0,72,1,0,1,0,0
200600030725,6,6,17,1515,1,1,1,1,6,167,4520800,14800,170,3,2,2,0,1,3,0,64,1,0,3,0,0
200600030730,6,6,17,1745,1,1,1,1,3,79,4572900,107700,170,3,2,2,0,1,1,0,60,1,0,1,0,0
200600030731,6,6,17,2115,5,2,1,1,1,75,4592400,85800,170,4,2,2,0,1,1,0,43,1,0,1,0,0
200600030736,6,6,15,830,1,1,9,1,1,131,4557100,80800,170,3,2,0,0,1,1,0,60,1,0,1,0,1
200600030740,6,6,2,1730,1,1,1,1,7,37,4588800,20300,170,3,2,2,0,2,2,0,42,1,0,1,0,0
200600030741,6,6,7,1600,1,2,3,1,3,224,4587000,31900,170,3,2,2,0,1,1,54,0,1,0,1,0,0
200600030743,6,6,30,2200,1,2,7,1,6,101,4648700,59900,790,4,1,1,0,1,1,0,50,1,0,1,0,0
200600030744,6,6,8,800,1,1,2,1,3,78,4616200,50100,790,3,2,0,0,1,1,0,59,1,0,1,0,0
200600030750,6,6,17,1830,1,1,1,1,1,264,4624400,10500,790,3,2,2,0,2,3,0,81,1,0,1,0,1
200600030751,6,6,26,400,3,1,1,1,7,64,4619900,9300,790,3,2,0,0,1,1,0,60,1,0,3,0,0
200600030754,6,6,8,2000,1,2,6,1,3,125,4590700,132300,870,3,3,0,0,1,1,70,0,1,5,1,0,0
200600030758,6,6,23,545,2,1,1,1,6,89,4619800,117000,870,3,2,0,0,1,2,0,60,1,0,3,0,0
200600030759,6,6,27,1500,1,1,1,1,7,140,4591000,96100,870,2,2,2,0,1,1,0,71,1,0,1,0,0
200600030760,6,6,9,1845,1,1,1,1,3,191,4575400,110300,870,4,2,2,0,0,0,0,33,0,0,0,0,0
200600030763,6,6,27,1830,1,2,9,2,1,48,4517800,173400,190,3,2,2,0,1,1,0,52,2,0,1,0,0
200600030764,6,6,23,1345,1,1,1,1,7,91,4509500,199000,190,3,2,2,0,2,2,0,70,1,0,3,0,0
200600030768,6,6,9,1815,1,1,1,1,6,76,4541000,158200,190,3,2,2,0,1,1,0,71,1,0,1,0,0
200600030769,6,6,9,2145,3,1,1,1,6,248,4540100,146200,190,4,2,2,0,3,1,0,30,1,0,3,0,0
200600030770,6,6,18,105,3,1,1,1,1,248,4546400,153000,190,3,2,1,0,2,1,0,60,1,0,1,0,0
200600030771,6,6,16,700,1,1,1,1,6,243,4536300,138900,190,3,2,2,0,1,4,0,75,1,0,3,0,0
200600030775,6,6,17,1230,1,1,1,1,1,176,4624000,153000,230,3,2,0,0,1,1,0,0,1,0,1,0,0
200600030776,6,6,23,1715,1,1,1,7,2,15,4637000,149000,230,3,2,2,0,1,1,0,60,1,0,3,0,0
200600030777,6,6,23,2330,5,2,1,1,6,176,4624000,148000,230,3,2,2,0,2,1,0,71,1,0,4,0,0
200600030779,6,6,10,1415,1,1,1,1,1,257,4589300,197000,230,3,0,2,0,1,3,0,50,1,0,1,0,0
200600030782,6,6,15,1530,1,2,1,7,1,214,4605200,209500,230,3,2,2,0,0,3,0,40,1,0,1,0,0
200600030787,6,6,10,315,3,1,1,1,6,98,4373200,105600,310,3,2,2,0,2,3,0,60,1,0,1,0,0
200600030788,6,6,14,730,1,1,1,1,3,341,4372200,128800,310,3,2,0,0,1,1,0,0,1,0,1,0,0
200600030789,6,6,9,2000,1,1,1,1,7,424,4354500,130000,310,3,2,2,0,1,2,0,60,1,0,1,0,0
200600030790,6,6,9,1930,1,2,1,1,2,526,4358800,127800,310,3,2,0,0,2,1,0,60,1,5,1,0,0
200600030793,6,6,16,1430,1,2,6,1,3,395,4346800,131800,310,4,2,0,0,1,3,0,0,1,5,1,0,0
200600030794,6,6,22,915,1,1,1,1,2,345,4338700,141700,310,3,2,2,0,1,1,0,60,1,0,1,0,0
200600030796,6,6,23,2315,3,1,1,1,6,135,4322500,111600,310,3,2,2,0,1,1,0,70,1,0,1,0,0
200600030800,6,6,12,1700,1,1,1,1,6,305,4314700,57100,310,3,2,0,0,0,3,0,70,1,0,0,0,0
200600030801,6,6,15,1645,1,1,9,1,1,502,4319300,73300,310,3,2,0,0,2,1,0,60,1,0,1,0,0
200600030803,6,6,1,2015,1,1,1,1,1,37,4340100,176500,310,3,2,0,0,1,2,0,46,1,0,1,0,0
200600030804,6,6,12,1930,1,1,1,1,1,495,4341000,158000,310,3,0,0,0,0,0,0,0,0,0,0,0,0
200600030805,6,6,24,300,3,1,1,1,7,106,4352300,176700,310,3,2,2,0,1,1,0,42,1,0,1,0,0
200600030806,6,6,26,1630,1,2,1,1,1,160,4293200,184500,90,9,2,0,0,0,3,0,0,1,0,1,3,0
200600030808,6,6,26,1615,1,1,1,1,3,194,4310100,189600,90,3,2,2,0,1,3,0,66,1,0,1,0,0
200600030810,6,6,4,530,2,1,1,1,6,137,4428200,246200,120,2,2,2,0,1,1,0,65,1,0,3,0,0
200600030811,6,6,8,1830,1,1,1,1,2,297,4433200,278700,120,3,2,0,0,2,1,0,65,1,0,1,0,0
200600030812,6,6,23,1745,1,1,1,1,5,288,4443100,246300,120,3,2,0,0,2,1,0,74,1,0,1,0,0
200600030813,6,6,14,15,3,1,1,1,6,290,4446200,217000,120,3,2,2,0,2,3,0,70,1,0,3,0,0
200600030816,6,6,12,1030,1,1,1,1,7,110,4462600,256200,120,3,2,0,0,2,3,0,69,9,0,1,0,0
200600030817,6,6,24,1645,1,1,1,1,7,94,4465800,254400,120,3,2,3,0,2,2,0,0,1,0,3,0,0
200600030821,6,6,20,2000,1,1,1,1,6,47,4441500,308700,120,3,2,2,0,1,1,0,56,1,0,1,0,0
200600030824,6,6,21,1445,1,1,1,1,1,286,4394100,282800,120,3,2,2,0,1,1,0,72,1,0,1,0,1
200600030825,6,6,24,1530,1,1,1,1,6,248,4388300,264500,120,3,2,2,0,1,1,0,73,0,0,3,0,0
200600030826,6,6,24,1245,1,1,1,1,6,179,4376000,286000,120,6,0,0,0,2,0,0,0,9,0,0,0,0
200600030827,6,6,21,1730,1,1,1,1,3,263,4435700,198000,120,3,2,3,3,1,1,48,130,1,5,1,0,0
200600030828,6,6,16,2100,1,2,1,1,1,52,4458100,207700,120,4,1,0,0,0,0,0,0,1,0,1,0,0
200600030833,6,6,17,615,1,2,1,1,6,296,4376300,3300,320,9,2,2,0,1,3,0,65,1,0,3,0,0
200600030834,6,6,25,1045,1,1,1,1,3,340,4386700,5900,320,3,2,0,0,0,1,0,61,1,0,1,0,0
200600030835,6,6,27,1200,1,1,1,1,3,340,4387300,5000,320,2,2,2,0,1,1,0,65,1,0,1,0,0
200600030838,6,6,6,1800,1,1,1,1,6,86,4338200,31100,320,3,0,2,0,1,2,0,0,1,0,0,0,0
200600030839,6,6,21,345,3,2,1,2,7,285,4358400,32600,320,3,2,2,0,4,2,0,0,2,0,1,0,1
200600030840,6,6,5,2115,2,1,1,1,3,27,4370000,20800,320,3,2,0,0,1,1,0,63,1,0,1,0,0
200600030841,6,6,9,1630,1,1,1,1,7,136,4360600,2400,320,3,2,0,0,1,1,0,56,1,0,1,0,0
200600030842,6,6,17,715,3,1,1,1,2,27,4369100,17600,320,3,2,2,0,0,1,0,60,1,0,1,0,0
200600030843,6,6,25,1545,1,1,1,1,7,80,4450300,133100,460,3,2,0,0,0,1,49,0,1,0,1,0,1
200600030847,6,6,18,530,3,1,1,1,6,72,4469400,136100,460,3,0,0,0,1,3,0,0,1,0,3,0,0
200600030852,6,6,4,1915,1,1,2,1,6,460,4339200,7700,650,3,2,2,0,1,1,0,63,1,0,1,0,1
200600030853,6,6,19,1015,1,1,1,1,1,121,4336000,6700,650,3,2,0,0,0,1,0,67,1,0,1,0,1
200600030854,6,6,27,1200,1,1,1,1,7,192,4274900,9100,650,4,2,2,0,2,3,0,56,1,0,3,0,1
200600030857,6,6,17,615,2,2,1,1,6,127,4310600,32100,650,3,2,2,0,1,2,0,66,1,0,0,0,0
200600030858,6,6,20,700,2,1,1,2,6,258,4315900,39500,650,3,2,0,0,0,3,0,60,2,0,3,0,0
200600030862,6,6,30,1445,1,1,3,1,3,79,4386800,218700,810,3,2,2,0,1,1,52,0,1,5,1,0,1
200600030864,6,6,20,1715,1,1,1,1,1,186,4408800,225700,810,2,2,2,0,2,1,0,75,1,0,1,0,1
200600030865,6,6,30,1600,1,1,1,1,6,216,4368800,208300,810,4,2,2,0,1,2,0,40,1,0,1,0,0
200600030866,6,6,18,1445,1,1,1,7,1,38,4389800,191800,810,3,2,2,0,0,1,0,56,2,0,1,0,0
200600030867,6,6,23,1845,1,1,1,1,1,294,4385400,193200,810,3,2,2,0,1,1,0,70,1,0,1,0,1
200600030869,6,6,6,2115,1,1,1,1,7,238,4347900,250700,810,3,2,2,0,1,3,0,70,1,0,1,0,0
200600030872,6,6,4,615,2,1,1,1,6,161,4404300,146000,820,3,2,2,0,1,1,0,50,1,0,3,0,0
200600030874,6,6,16,1515,1,2,1,1,1,143,4397300,83900,820,3,2,2,0,2,3,0,47,1,0,1,0,0
200600030875,6,6,25,1300,1,1,1,1,6,59,4384100,94300,820,3,2,2,0,2,1,0,55,1,0,3,0,1
200600030876,6,6,2,1900,1,2,1,1,7,194,4390800,145300,820,3,2,0,0,2,3,40,0,1,0,1,0,0
200600030879,6,6,10,1730,1,1,1,1,6,94,4428000,112800,820,3,2,2,0,2,2,0,63,1,0,3,0,0
200600030880,6,6,21,1245,1,1,1,1,6,117,4433800,102200,820,3,2,2,0,2,2,0,0,1,0,3,0,0
200600030882,6,6,4,1900,1,1,1,7,1,99,4413700,118800,820,3,2,2,0,0,1,0,78,1,0,1,0,1
200600030905,6,6,3,430,3,2,1,1,1,249,4568200,464300,690,3,2,2,0,0,2,0,50,1,0,3,0,0
200600030917,6,6,10,1900,1,1,1,7,1,165,4613600,465900,690,3,2,0,0,2,2,0,54,1,0,1,0,0
200600030920,6,6,12,1615,1,2,1,1,3,206,4606300,470600,690,3,2,0,0,1,2,0,0,1,0,1,0,0
200600030921,6,6,16,1930,1,1,1,3,6,197,4606700,465200,690,3,2,1,0,1,1,0,0,2,0,3,0,0
200600030922,6,6,29,1430,1,2,1,1,1,19,4611300,475100,690,3,2,1,0,1,1,0,0,1,5,1,0,0
200600030924,6,6,11,1030,1,2,9,1,6,25,4604400,429900,690,3,2,2,0,0,1,0,62,1,0,1,0,1
200600030925,6,6,17,1015,1,2,1,1,3,6,4598600,432800,690,3,0,2,0,2,1,0,0,1,0,1,0,0
200600030929,6,6,30,1630,1,1,1,1,3,57,4641000,492400,10,3,2,0,0,1,1,0,60,1,0,1,0,0
200600030934,6,6,9,2300,5,2,1,1,6,118,4596900,582100,10,3,2,0,0,2,2,80,0,1,0,1,0,0
200600030936,6,6,3,600,1,2,1,1,6,7,4599900,534300,10,3,2,0,0,0,1,0,73,1,0,3,0,0
200600030937,6,6,12,1645,1,1,1,1,3,390,4584700,529600,10,3,2,2,0,0,0,0,60,1,0,1,0,0
200600030940,6,6,27,1545,1,2,1,1,2,4,4596200,535900,10,4,2,2,0,2,1,0,60,1,0,1,0,0
200600030948,6,6,12,2245,3,1,1,1,5,354,4627000,603300,10,3,2,2,0,1,1,0,75,1,0,1,0,1
200600030954,6,6,18,1300,1,1,1,1,7,249,4581600,497100,10,9,2,2,0,1,3,0,100,9,0,3,0,0
200600030958,6,6,17,2045,2,1,1,1,6,42,4440000,464000,70,2,2,2,0,4,4,0,76,1,2,1,0,0
200600030963,6,6,4,1900,1,1,1,1,7,27,4483200,478000,70,3,2,0,0,0,2,0,70,1,0,1,0,0
200600030964,6,6,9,1815,1,2,1,1,1,349,4481700,479300,70,9,0,0,0,1,1,0,50,1,0,1,0,0
200600030967,6,6,3,1330,1,2,1,1,6,201,4445800,434200,70,4,2,2,0,1,0,0,50,1,5,1,0,0
200600030968,6,6,29,900,1,1,1,1,7,304,4437000,437000,70,3,2,2,0,2,3,0,72,1,0,3,0,1
200600030972,6,6,21,1800,1,2,1,1,3,205,4519300,463900,70,3,0,2,0,1,0,0,0,0,0,0,0,0
200600030973,6,6,8,1830,1,2,1,1,1,64,4493100,498000,260,4,2,1,0,1,3,0,50,1,0,1,0,0
200600030975,6,6,21,2130,1,2,1,1,1,144,4473200,492500,260,3,2,0,0,1,1,0,70,1,0,1,0,0
200600030977,6,6,21,2045,1,1,1,1,5,208,4481900,492400,260,3,2,0,0,1,1,0,71,0,0,1,0,0
200600030979,6,6,4,1445,1,1,1,6,1,95,4460900,494500,260,3,2,2,0,1,1,0,61,1,0,1,0,1
200600030994,6,6,5,1745,1,1,1,1,3,538,4521400,585300,380,3,2,2,0,1,1,0,70,1,0,1,0,0
200600030996,6,6,17,1200,1,1,1,1,2,334,4519100,586700,380,3,2,0,0,2,1,0,50,1,0,1,0,0
200600031000,6,6,13,2045,1,2,1,1,2,466,4538100,594900,380,3,2,2,0,1,1,0,61,1,0,1,0,0
200600031001,6,6,21,1745,1,1,1,1,5,205,4512900,557800,380,3,2,0,0,1,1,0,70,1,2,1,0,0
200600031006,6,6,21,1815,1,1,1,1,1,95,4514400,527500,380,3,2,0,0,1,1,0,59,1,5,1,0,0
200600031007,6,6,5,800,3,1,1,1,3,337,4538700,547100,380,3,2,0,0,1,1,0,73,1,0,1,0,0
200600031009,6,6,2,2300,5,2,1,1,6,515,4570600,533000,380,3,2,2,0,1,1,0,54,1,0,1,0,1
200600031010,6,6,28,1815,1,1,1,1,1,98,4550600,548700,380,4,2,2,0,1,2,0,0,1,0,1,0,0
200600031013,6,6,26,1250,1,1,9,1,1,297,4569600,541500,380,3,2,0,0,1,1,0,0,1,0,1,0,0
200600031014,6,6,29,1830,1,1,1,1,3,256,4546100,554700,380,3,2,2,0,0,3,0,80,1,0,1,0,0
200600031018,6,6,30,1045,1,2,1,1,3,87,4558600,480700,380,4,2,2,0,2,0,0,42,0,0,1,0,0
200600031020,6,6,8,915,1,2,1,1,1,130,4539600,526300,380,3,2,2,0,1,1,20,40,1,0,0,0,0
200600031021,6,6,15,1600,1,1,1,1,7,473,4534800,521700,380,3,2,2,0,1,1,0,64,1,0,3,0,0
200600031023,6,6,26,1230,1,1,2,1,3,130,4542000,526300,380,3,2,2,0,1,1,0,45,1,5,1,0,0
200600031024,6,6,26,1845,1,2,1,1,6,130,4539800,526100,380,4,1,1,0,1,1,0,25,1,0,1,0,0
200600031025,6,6,2,1845,1,1,1,1,6,358,4550600,525300,380,3,2,2,0,2,4,0,52,1,0,1,0,1
200600031030,6,6,26,1645,1,1,1,1,3,197,4576100,512800,380,3,2,2,0,1,1,0,67,1,0,3,0,0
200600031032,6,6,15,1100,1,1,1,7,3,556,4538600,484300,380,3,2,2,0,1,1,0,90,1,0,1,0,0
200600031033,6,6,27,1415,1,2,1,1,3,468,4534300,480700,380,4,2,0,0,1,1,0,0,1,5,1,0,0
200600031035,6,6,11,200,3,2,1,1,1,139,4529000,441400,420,4,2,2,0,1,1,0,50,1,0,1,0,0
200600031037,6,6,23,1915,1,2,1,1,1,23,4530100,456200,420,3,2,1,0,1,3,0,55,1,2,1,0,0
200600031045,6,6,4,200,3,2,1,1,6,323,4558400,427300,420,2,2,2,0,0,1,0,90,1,0,1,0,0
200600031048,6,6,24,1145,1,1,1,1,2,81,4560000,426800,420,2,2,0,0,1,1,0,80,1,0,1,0,0
200600031049,6,6,26,1415,1,1,6,1,3,43,4558500,432400,420,4,2,0,0,1,0,0,40,1,5,1,0,0
200600031050,6,6,25,1815,1,2,1,3,1,271,4549100,458300,420,9,2,2,0,4,3,0,40,2,0,1,0,0
200600031054,6,6,10,1845,1,1,1,1,3,198,4601600,395300,420,3,2,3,3,2,1,0,120,1,5,1,0,0
200600031055,6,6,24,1630,1,1,1,1,7,157,4614800,402600,420,3,2,2,0,1,1,0,80,1,0,1,0,0
200600031056,6,6,30,1730,1,1,1,1,2,163,4616300,387700,420,2,2,0,0,1,1,0,74,1,0,1,0,0
200600031061,6,6,15,715,1,1,1,1,3,219,4554900,576700,730,3,2,2,0,1,1,0,60,1,0,1,0,0
200600031064,6,6,26,1745,1,1,1,1,1,58,4554000,575200,730,3,2,2,0,2,3,0,71,1,0,1,0,0
200600031070,6,6,4,1615,1,2,3,1,3,157,4520200,666400,730,2,2,1,0,4,1,0,70,1,5,1,0,0
200600031071,6,6,27,2300,3,2,1,1,7,157,4521100,667500,730,3,2,2,0,2,1,0,0,1,0,1,0,0
200600031072,6,6,6,900,1,1,1,1,1,234,4579300,631800,740,3,2,2,0,2,4,0,44,1,0,1,0,0
200600031076,6,6,3,1230,1,1,1,1,3,280,4589600,633300,740,3,2,0,0,0,1,0,0,1,3,1,0,0
200600031077,6,6,9,1415,1,1,1,1,7,80,4587500,647600,740,3,2,1,0,2,3,0,60,1,0,3,0,0