Num_Acc,an,mois,jour,hrmn,lum,agg,int,atm,col,com,lat,long,dep,catr,circ,nbv,vosp,prof,plan,lartpc,larrout,surf,infra,situ,env1,killed
200600031084,6,6,6,1615,1,1,1,1,5,18,4610100,634200,740,3,2,2,0,0,1,0,62,1,5,3,0,1
200600031090,6,6,16,1545,1,2,1,1,1,94,4618900,628700,740,9,2,2,0,1,3,0,65,1,0,4,0,0
200600031092,6,6,16,1830,1,2,1,1,1,260,4608100,595800,740,3,2,2,0,1,1,0,0,1,0,1,0,0
200600031094,6,6,17,830,1,2,1,1,6,168,4603100,601500,740,3,2,1,0,2,1,0,58,9,0,1,0,1
200600031095,6,6,19,815,1,1,1,1,1,184,4605800,598000,740,3,2,2,0,2,3,0,64,1,0,1,0,0
200600031096,6,6,19,1800,1,1,1,1,6,55,4602300,583200,740,4,0,0,0,1,1,0,0,1,0,1,0,0
200600031100,6,6,11,2015,1,1,1,1,6,180,4633700,629300,740,3,2,2,0,0,1,0,70,1,0,1,0,1
200600031107,6,6,29,845,1,1,1,1,1,249,4636400,662200,740,3,2,2,0,2,3,0,65,1,0,1,0,0
200600031109,6,6,29,1730,1,1,1,1,1,334,4564500,350800,630,3,2,2,0,2,4,0,69,1,0,1,0,0
200600031115,6,6,15,1115,1,1,1,1,6,426,4557100,266500,630,3,2,2,0,1,1,0,60,1,0,3,0,0
200600031116,6,6,15,1745,1,1,1,1,6,192,4554800,274000,630,3,2,2,0,2,2,0,54,1,0,1,0,0
200600031118,6,6,14,1745,1,1,1,1,7,206,4596200,295900,630,3,2,2,0,2,1,0,68,1,0,1,0,0
200600031121,6,6,8,2100,1,1,1,1,1,349,4592000,287000,630,3,2,1,0,1,3,0,50,1,0,1,0,0
200600031123,6,6,22,1750,1,1,1,1,2,187,4625000,287000,630,3,2,2,0,0,1,0,68,1,0,1,0,0
200600031125,6,6,10,1815,1,1,9,1,7,16,4571200,359000,630,3,2,1,0,4,2,0,85,1,0,3,0,0
200600031126,6,6,13,855,1,2,2,1,3,195,4583000,338900,630,2,2,0,0,1,1,0,70,1,0,1,0,0
200600031128,6,6,8,1215,1,1,1,1,1,290,4662600,330800,30,4,2,0,0,1,2,0,30,1,0,1,0,0
200600031130,6,6,12,845,1,1,1,1,5,25,4648500,333100,30,2,2,2,0,1,1,0,73,1,0,1,0,0
200600031131,6,6,17,2230,3,1,1,1,6,19,4660300,364300,30,3,2,2,0,0,3,0,56,1,0,3,0,0
200600031132,6,6,21,1515,1,1,1,1,1,254,4631800,327200,30,3,0,0,0,1,1,0,76,1,0,1,0,0
200600031137,6,6,3,1930,1,1,2,1,1,221,4666400,268400,30,3,2,2,0,0,0,0,0,1,0,1,0,0
200600031139,6,6,20,2200,5,2,1,1,6,82,4629700,273600,30,4,2,2,0,1,1,0,59,1,0,3,0,0
200600031140,6,6,7,1600,1,1,3,1,3,33,4619200,348800,30,3,2,2,0,0,1,0,0,1,0,1,0,0
200600031145,6,6,9,1045,1,2,1,1,6,103,4635600,379100,30,3,2,2,0,2,3,0,0,1,0,1,0,0
200600031151,6,6,8,1645,1,1,1,1,2,8,4534500,254000,150,3,0,0,0,0,0,0,0,0,0,0,0,0
200600031154,6,6,15,1200,1,1,1,1,2,233,4506300,382200,430,3,2,2,0,2,1,0,71,1,0,1,0,0
200600031155,6,6,6,1545,1,1,1,1,7,241,4497500,388900,430,3,2,0,0,2,4,0,50,1,0,3,0,0
200600031156,6,6,4,1545,1,2,1,1,7,135,4493800,400300,430,4,2,2,0,1,1,0,51,1,0,1,0,0
200600031157,6,6,18,2030,1,1,1,1,6,135,4494700,397900,430,3,2,2,0,1,1,0,60,1,0,3,0,0
200600031158,6,6,30,1445,1,1,1,1,6,98,4490900,407600,430,3,2,2,0,2,1,0,70,1,0,3,0,0
200600031159,6,6,23,1645,1,1,1,7,3,140,4507300,390400,430,3,2,0,0,1,1,0,68,1,0,1,0,0
200600031160,6,6,2,245,3,1,1,1,7,221,4497500,366100,430,3,2,2,0,2,3,0,84,2,0,3,0,1
200600031161,6,6,10,1915,1,2,1,1,6,234,4496900,359600,430,3,2,0,0,0,2,0,0,9,0,3,0,0
200600031163,6,6,19,1800,1,1,1,1,3,113,4499500,402400,430,4,2,2,0,2,2,0,40,1,0,1,0,0
200600031164,6,6,22,1400,1,1,1,1,1,194,4507500,404300,430,2,2,2,0,1,1,0,69,1,0,1,0,0
200600031166,6,6,2,1930,1,2,1,1,6,40,4529700,338600,430,4,2,2,0,1,1,0,0,1,0,1,0,0
200600031167,6,6,23,1400,1,1,1,1,6,132,4513500,355400,430,4,2,0,0,2,2,0,55,1,0,1,0,0
200600031169,6,6,12,830,1,1,1,1,3,170,4529000,325400,430,3,2,2,0,1,1,0,76,1,0,1,0,0
200600031170,6,6,15,1800,1,1,1,7,3,185,4534700,311600,430,3,2,0,0,1,1,0,60,1,0,1,0,0
200600031171,6,6,19,30,4,2,1,1,6,185,4541500,331900,430,4,2,2,0,1,1,0,66,2,0,3,0,0
200600031172,6,6,9,1145,1,2,1,1,3,268,4515400,412900,430,4,2,0,0,2,1,85,62,1,5,1,0,0
200600031176,6,6,30,1845,1,1,1,1,2,28,4513000,408900,430,2,2,0,0,1,1,0,80,1,2,1,0,0
200600031181,6,6,5,1045,1,1,1,1,5,244,4512000,430800,430,3,2,2,0,1,1,0,44,1,0,1,0,0
200600031182,6,6,13,1530,1,2,1,1,6,87,4522100,434800,430,9,2,2,0,1,1,0,63,1,0,1,0,0
200600031185,6,6,19,2045,1,1,1,1,5,620,4920900,599600,570,3,0,0,0,0,0,0,0,0,0,0,0,0
200600031193,6,6,15,500,2,1,1,5,6,27,4897600,652900,570,3,2,2,0,3,3,0,63,1,0,1,0,0
200600031194,6,6,28,1530,1,1,9,1,7,679,4909100,661500,570,3,1,2,0,1,3,0,75,1,3,1,0,0
200600031196,6,6,21,1930,1,1,1,1,1,765,4918100,671700,570,2,2,2,0,1,2,0,71,1,0,1,0,1
200600031197,6,6,11,2130,2,2,1,1,1,346,4896100,687600,570,3,2,2,0,0,0,0,62,1,0,1,0,0
200600031198,6,6,12,1330,1,1,1,1,1,483,4892500,662700,570,3,2,2,0,0,1,0,56,1,0,1,0,0
200600031199,6,6,22,1145,1,2,1,1,5,346,4895800,687500,570,3,2,0,0,1,0,0,67,1,0,1,0,0
200600031200,6,6,27,1030,1,2,2,1,1,690,4908400,670600,570,3,2,0,0,1,3,0,70,1,0,1,0,0
200600031201,6,6,29,1315,1,2,1,2,1,224,4907500,668700,570,3,2,0,0,0,1,0,72,2,0,1,0,0
200600031203,6,6,10,1600,1,1,1,1,7,544,4869600,716000,570,3,2,2,0,2,3,0,70,1,0,1,0,0
200600031204,6,6,11,1545,1,1,1,1,5,544,4869500,715700,570,3,2,2,0,2,2,0,70,1,0,1,0,0
200600031205,6,6,25,1200,1,1,1,1,6,3,4861600,715700,570,9,2,1,0,2,2,0,23,1,0,1,0,0
200600031210,6,6,9,1800,1,2,1,7,3,89,4905400,742900,570,4,2,2,0,1,0,0,0,1,0,1,0,0
200600031213,6,6,2,1600,1,2,1,1,1,206,4930500,610700,570,2,2,2,0,1,1,0,60,1,0,1,0,0
200600031215,6,6,13,1815,1,1,1,1,3,102,4927300,620300,570,3,2,3,3,1,1,0,150,1,5,1,0,0
200600031219,6,6,7,830,1,1,1,1,7,351,4880000,607100,540,3,2,0,0,1,2,0,66,1,0,1,0,1
200600031220,6,6,10,1230,1,2,1,1,6,397,4862600,611100,540,4,2,2,0,1,1,0,80,1,0,1,0,0
200600031234,6,6,17,1330,1,1,1,1,6,63,4884800,583900,540,3,2,2,0,1,1,0,60,1,0,3,0,0
200600031239,6,6,13,2000,1,2,1,1,6,502,4949600,519300,550,4,2,2,0,0,3,0,84,1,0,4,0,0
200600031240,6,6,20,1800,1,1,1,1,6,351,4951400,537900,550,2,2,2,0,1,1,0,75,1,0,1,0,0
200600031241,6,6,20,2230,3,1,1,1,6,544,4951700,543600,550,3,2,2,0,1,1,0,70,1,0,1,0,0
200600031245,6,6,27,1630,1,1,2,1,5,513,4836300,630600,880,3,2,0,0,0,0,0,0,0,5,0,0,0
200600031251,6,6,10,1315,1,2,9,1,1,79,4820600,584000,880,3,2,0,0,1,1,0,95,1,0,1,0,0
200600031253,6,6,5,1815,1,2,1,1,1,188,4787200,680300,880,4,2,2,0,1,2,0,0,1,0,1,0,0
200600031254,6,6,20,1030,1,1,1,1,3,369,4789400,674900,880,2,2,0,0,1,1,0,81,1,0,1,0,1
200600031256,6,6,17,1745,1,1,1,1,2,115,4817400,688700,880,3,2,2,0,1,1,0,68,1,0,1,0,0
200600031260,6,6,9,1630,1,1,1,1,7,146,4831800,765900,670,3,2,2,0,1,2,0,60,1,0,1,0,0
200600031261,6,6,12,300,5,2,1,1,2,246,4834200,754100,670,2,3,2,0,0,1,10,88,1,0,1,0,0
200600031262,6,6,13,1645,1,2,2,1,4,397,4832500,770500,670,3,0,0,0,0,0,0,0,0,0,0,0,0
200600031263,6,6,13,2145,1,1,1,1,6,28,4837100,759800,670,2,3,0,0,1,1,0,60,1,0,1,0,0
200600031264,6,6,21,2130,2,1,1,1,2,28,4836900,761200,670,3,2,2,0,1,1,0,80,1,0,1,0,0
200600031265,6,6,26,1415,1,1,1,1,5,28,4838100,759800,670,2,1,2,0,1,1,0,0,1,0,1,0,0
200600031280,6,6,1,1530,1,1,9,2,6,61,4880200,733900,670,3,2,2,0,1,3,0,60,2,0,3,0,0
200600031284,6,6,7,2030,1,1,1,1,7,535,4892000,741100,670,3,2,2,0,2,4,0,63,1,0,3,0,0
200600031285,6,6,7,1545,1,2,1,1,7,369,4886800,723100,670,3,2,2,0,1,2,0,65,1,0,4,0,0
200600031286,6,6,27,2030,1,1,1,1,7,201,4884200,712200,670,4,2,1,0,2,1,0,25,1,0,3,0,0
200600031288,6,6,18,2330,3,1,1,1,1,506,4867400,772500,670,3,2,1,0,1,1,0,59,1,5,1,0,0
200600031293,6,6,28,900,1,2,1,1,6,202,4876000,756700,670,3,2,2,0,2,1,0,0,1,0,1,0,0
200600031295,6,6,1,1615,1,1,2,1,3,90,4829200,767200,670,3,2,2,0,1,1,0,0,1,5,1,0,0
200600031300,6,6,3,1530,1,1,1,1,7,440,4891100,807900,670,3,3,2,0,1,1,0,0,1,0,1,0,0
200600031301,6,6,6,1545,1,1,1,1,1,463,4889400,812100,670,4,2,2,0,1,1,0,55,1,0,1,0,1
200600031303,6,6,5,2045,2,1,1,8,6,550,4896000,774000,670,3,2,1,0,1,3,0,60,2,0,1,0,0
200600031304,6,6,21,715,1,1,9,1,1,93,4894000,778100,670,3,0,0,0,1,3,0,80,0,0,1,0,0
200600031307,6,6,17,1900,1,1,1,1,1,36,4805400,753800,680,3,2,2,0,0,1,0,61,1,0,1,0,1
200600031308,6,6,24,1945,1,2,1,1,3,185,4827400,728300,680,4,2,2,0,1,1,0,40,1,0,1,0,0
200600031309,6,6,27,1930,1,1,1,1,1,374,4808300,730100,680,3,2,0,0,1,1,0,70,1,0,1,0,0
200600031310,6,6,2,1400,1,2,1,1,3,355,4755400,731400,680,3,2,2,0,2,0,0,0,1,0,1,0,0
200600031313,6,6,7,1300,1,1,1,1,5,52,4771700,706900,680,2,2,3,0,2,1,0,110,1,0,1,0,1
200600031314,6,6,11,1200,1,1,1,1,1,25,4748800,730000,680,3,2,2,0,3,1,0,63,1,0,1,0,1
200600031315,6,6,21,1315,1,1,2,1,3,235,4799600,738400,680,3,2,0,0,1,1,0,75,1,5,1,0,0
200600031316,6,6,22,515,2,1,1,1,1,287,4794800,727900,680,3,2,2,2,1,1,0,65,9,0,1,0,1
200600031317,6,6,26,1415,1,1,1,1,3,287,4795100,729200,680,3,3,2,0,1,1,15,240,1,0,1,0,0
200600031318,6,6,6,2130,5,2,1,1,3,15,4780500,738100,680,4,2,2,0,1,2,0,51,1,0,1,0,0
200600031321,6,6,14,2030,1,1,1,1,3,163,4769000,751200,680,9,2,0,0,1,1,0,48,1,0,1,0,0
200600031329,6,6,13,1400,1,1,1,1,1,409,4887300,428100,510,2,2,2,0,2,1,0,76,1,0,1,0,0
200600031330,6,6,15,1115,1,1,1,1,6,227,4892200,435700,510,3,2,2,0,1,1,0,72,1,0,3,0,0
200600031334,6,6,25,1700,1,1,1,1,7,594,4874500,413000,510,2,2,0,0,1,1,0,72,1,0,3,0,0
200600031335,6,6,15,1945,1,1,1,1,1,380,4888900,353200,510,3,2,2,0,1,2,0,75,1,0,1,0,0
200600031336,6,6,5,1830,1,1,1,1,6,535,4876100,372200,510,3,0,2,0,1,1,0,0,1,0,3,0,0
200600031341,6,6,7,1445,1,2,1,1,6,28,4907500,404900,510,9,2,0,0,1,2,0,0,1,0,1,0,0
200600031342,6,6,21,2200,2,2,1,1,6,210,4906500,396700,510,3,2,3,0,1,3,0,0,1,0,4,0,0
200600031344,6,6,4,1630,1,1,1,1,1,496,4879200,464200,510,3,2,2,0,3,1,0,60,1,0,1,0,1
200600031346,6,6,5,1827,1,2,1,1,3,141,4883900,452000,510,2,2,2,0,1,1,0,0,1,5,1,0,0
200600031347,6,6,9,1045,1,1,1,1,1,649,4874400,459400,510,2,2,2,0,1,1,0,88,1,0,1,0,0
200600031348,6,6,23,1715,1,1,1,1,1,552,4881100,449600,510,3,2,2,0,1,1,0,65,1,0,1,0,0
200600031350,6,6,20,1315,1,1,1,1,6,635,4881700,486000,510,3,2,2,0,1,1,0,72,1,0,1,0,0
200600031351,6,6,10,1815,1,1,1,1,6,133,4893800,492000,510,3,2,0,0,2,1,0,56,1,0,3,0,0
200600031352,6,6,17,1130,1,1,1,1,7,272,4895100,489500,510,3,2,2,0,0,2,0,54,1,0,3,0,0
200600031354,6,6,6,1430,1,2,1,1,1,237,4984300,476100,80,4,2,2,0,1,1,0,30,1,0,1,0,0
200600031355,6,6,17,1430,1,1,1,1,6,139,4993500,466300,80,3,0,2,0,0,0,0,0,1,0,1,0,0
200600031356,6,6,10,1330,1,1,1,1,7,400,4965700,477900,80,3,2,1,0,1,3,90,62,1,0,1,0,0
200600031357,6,6,29,1200,1,1,1,1,5,295,4972000,463000,80,3,0,2,0,3,2,0,59,1,0,1,0,0
200600031359,6,6,8,1730,1,2,1,1,6,363,4993300,465100,80,4,0,0,0,1,1,0,0,1,0,0,0,0
200600031361,6,6,8,1615,1,1,1,1,3,336,4965900,514300,80,3,2,2,0,2,0,71,0,1,0,1,0,0
200600031362,6,6,12,645,1,1,1,1,3,145,4967700,502400,80,3,2,2,0,1,1,0,73,1,0,1,0,0
200600031364,6,6,24,2345,4,2,1,1,1,8,4952200,450200,80,3,2,0,0,1,2,65,0,1,0,0,0,0
200600031365,6,6,17,900,1,1,6,1,7,381,4950300,413400,80,3,0,1,0,1,2,0,80,1,5,1,0,0
200600031366,6,6,9,1845,1,2,1,1,3,402,4958100,449500,80,9,2,2,0,1,1,0,67,1,0,1,0,0
200600031370,6,6,13,1540,1,2,1,1,6,34,4812000,437300,100,9,1,0,0,1,1,0,0,1,0,1,0,0
200600031372,6,6,24,215,3,1,1,1,7,309,4818000,511000,520,3,2,2,0,1,1,0,55,1,0,1,0,0
200600031378,6,6,18,1700,1,1,1,1,7,332,4800000,553300,520,3,2,2,0,4,1,0,70,1,2,3,0,0
200600031382,6,6,28,330,3,1,1,3,6,424,4774900,544100,520,3,2,0,0,2,3,0,50,2,0,3,0,1
200600031392,6,6,4,1345,1,1,1,1,7,138,4720200,532100,210,3,2,2,0,1,2,0,64,1,0,3,0,0
200600031393,6,6,1,715,1,1,2,1,3,656,4722700,518700,210,3,2,2,0,1,1,0,67,1,5,1,0,0
200600031394,6,6,24,2300,3,1,1,1,1,292,4723300,523600,210,3,2,3,0,1,1,0,106,1,5,1,0,0
200600031396,6,6,23,900,1,1,1,1,3,586,4722200,506800,210,3,2,2,0,1,1,0,73,1,0,1,0,0
200600031397,6,6,3,1130,1,1,1,1,1,421,4755300,492200,210,3,2,1,0,2,2,0,0,1,0,1,0,0
200600031398,6,6,30,800,1,1,1,1,3,127,4748400,508500,210,3,2,2,0,1,1,0,70,1,0,1,0,0
200600031399,6,6,3,1200,1,1,1,1,1,192,4730200,495500,210,3,2,0,0,1,1,0,65,1,0,1,0,0
200600031400,6,6,3,1800,1,1,1,1,1,636,4702000,451300,210,3,2,0,0,1,2,0,0,1,0,1,0,0
200600031401,6,6,4,615,2,1,3,1,6,712,4699800,479400,210,3,2,2,0,1,2,0,0,1,0,1,0,0
200600031402,6,6,11,1415,1,1,1,1,6,86,4700300,482400,210,3,2,2,0,1,2,0,50,1,0,1,0,0
200600031404,6,6,21,1830,1,2,1,1,3,590,4706800,481800,210,4,2,2,0,0,0,0,62,1,0,1,0,0
200600031406,6,6,5,800,1,1,1,1,6,708,4705700,496800,210,3,2,0,0,1,1,0,0,1,0,1,0,0
200600031407,6,6,11,615,1,2,1,1,6,332,4701000,509100,210,3,2,2,0,1,3,60,0,1,0,0,0,0
200600031408,6,6,29,1200,1,1,1,1,6,647,4697900,514200,210,3,2,2,0,1,1,0,80,1,0,0,0,0
200600031410,6,6,17,1,3,1,1,1,1,711,4791000,454500,210,3,2,2,0,0,1,0,44,1,0,1,0,0
200600031414,6,6,11,1730,1,1,2,1,1,584,4728700,421700,210,3,2,2,0,1,1,0,70,1,0,1,0,0
200600031415,6,6,30,1600,1,1,1,1,3,615,4721800,435200,210,3,2,0,0,1,0,0,0,1,0,1,0,0
200600031417,6,6,21,1815,1,1,1,1,3,239,4704800,336900,580,3,2,2,0,1,1,0,65,1,0,1,0,0
200600031423,6,6,9,1330,1,1,1,1,1,263,4739600,344500,580,2,2,2,0,2,1,0,69,1,0,1,0,0
200600031427,6,6,29,1445,1,1,1,1,1,481,4619000,476000,710,2,2,3,0,1,1,0,37,1,0,1,0,1
200600031428,6,6,10,2145,2,2,1,1,6,137,4631000,448400,710,3,2,2,0,2,1,0,0,1,0,1,0,0
200600031429,6,6,20,1400,1,2,1,1,3,137,4643500,466200,710,4,1,1,0,1,0,0,0,1,0,1,0,0
200600031431,6,6,15,715,1,2,1,1,3,383,4643100,487900,710,2,2,2,0,1,1,0,80,1,0,1,0,0
200600031436,6,6,9,1700,1,1,1,1,6,182,4679000,474000,710,3,2,0,0,1,1,0,72,1,0,1,0,1
200600031439,6,6,28,1745,1,1,1,1,3,221,4678000,474000,710,3,2,2,0,0,1,0,74,1,0,1,0,0
200600031442,6,6,30,2315,5,2,1,1,7,512,4663400,486800,710,3,2,0,0,1,1,0,0,1,0,1,0,0
200600031443,6,6,24,1815,1,2,1,1,7,4,4681200,494900,710,2,2,0,0,4,1,0,117,1,5,1,0,0
200600031444,6,6,29,230,3,1,1,1,6,562,4642000,432000,710,3,2,2,0,1,1,0,60,1,0,3,0,1
200600031445,6,6,25,1845,1,1,1,2,7,439,4647900,408600,710,3,2,0,0,1,1,0,54,2,0,1,0,0
200600031452,6,6,30,1400,1,1,1,1,7,237,4761300,367900,890,3,3,2,0,1,1,0,58,1,0,1,0,0
200600031457,6,6,3,1630,3,1,1,1,6,104,4778900,383800,890,3,2,0,0,1,1,0,51,1,0,3,0,0
200600031459,6,6,3,1600,1,1,1,1,6,173,4771300,323700,890,4,2,0,0,1,2,0,0,1,0,3,0,0
200600031462,6,6,3,1445,1,2,1,1,7,160,4814100,328500,890,3,2,0,0,0,0,0,70,1,0,1,0,0
200600031463,6,6,1,700,1,2,1,1,1,309,4829000,320600,890,3,2,2,0,1,1,0,0,1,0,1,0,0
200600031465,6,6,24,15,3,2,1,1,6,450,4821400,315900,890,3,2,1,0,1,2,0,50,1,0,1,0,0
200600031471,6,6,23,1730,1,1,1,1,5,245,4720400,603100,250,3,2,2,0,1,3,0,66,1,0,1,0,0
200600031472,6,6,28,1830,1,1,1,1,1,70,4701900,609100,250,3,2,2,0,2,1,0,60,1,0,1,0,0
200600031476,6,6,7,1100,1,1,1,1,3,571,4729000,687000,250,3,2,0,0,1,1,0,57,1,0,1,0,0
200600031480,6,6,14,1800,1,2,1,1,6,574,4746900,643700,250,3,2,2,0,1,1,0,60,1,0,1,0,0
200600031482,6,6,7,1815,1,2,1,1,1,429,4729200,613000,250,6,1,0,0,0,1,0,0,1,0,0,0,0
200600031483,6,6,12,945,1,1,1,1,2,368,4732600,613200,250,3,2,2,0,0,1,0,142,1,5,1,0,0
200600031484,6,6,1,1845,1,2,1,3,6,432,4713400,652500,250,4,2,2,0,2,2,0,61,2,0,1,0,0
200600031485,6,6,29,730,1,1,1,1,3,262,4712200,660300,250,3,2,2,0,2,1,0,53,1,0,1,0,1
200600031486,6,6,4,1230,1,1,1,1,3,320,4678000,632200,250,3,2,2,0,2,3,0,67,8,0,1,0,0
200600031487,6,6,11,1,3,1,1,1,6,486,4676200,622400,250,3,2,2,0,1,3,0,56,1,0,3,0,0
200600031488,6,6,14,1945,1,2,1,1,2,380,4677900,635900,250,3,2,2,0,1,1,0,56,1,0,1,0,0
200600031489,6,6,2,915,1,2,1,1,3,411,4706000,661000,250,3,2,2,0,1,1,0,80,1,5,1,0,0
200600031498,6,6,29,1200,1,1,1,1,1,81,4770500,641700,700,3,2,2,0,0,2,0,60,1,0,1,0,0
200600031500,6,6,2,1200,1,2,1,1,1,478,4770000,628500,700,2,2,0,0,2,1,0,64,1,0,4,0,0
200600031502,6,6,22,1530,1,1,1,1,1,279,4741000,561000,700,3,2,2,0,3,1,0,60,1,0,1,0,0
200600031503,6,6,12,900,1,1,2,1,3,122,4758800,554200,700,3,2,2,0,1,1,0,79,1,0,1,0,0
200600031505,6,6,29,1345,1,2,1,3,3,87,4767100,691300,900,4,3,0,0,1,1,0,0,2,0,1,0,0
200600031506,6,6,9,30,3,1,1,1,3,46,4751400,707000,900,3,2,0,0,1,1,0,60,1,0,1,0,0
200600031507,6,6,17,1845,1,2,1,1,3,52,4774400,682700,900,3,2,2,0,1,1,0,64,1,0,1,0,0
200600031508,6,6,6,745,1,2,1,1,3,53,4754100,698100,900,2,2,0,0,0,3,0,0,1,0,1,0,0
200600031509,6,6,18,1740,1,2,1,1,2,19,4759800,700000,900,3,0,0,0,1,1,55,0,1,0,1,0,0
200600031510,6,6,5,1315,1,1,1,9,3,298,4538000,480500,380,1,3,0,0,2,2,15,100,1,0,1,0,0
200600031518,6,6,12,1500,1,1,1,1,7,59,4361800,550400,130,2,2,0,0,1,1,0,0,0,0,3,0,0
200600031531,6,6,12,1000,1,2,1,1,1,46,4344000,553900,130,3,2,0,0,0,2,0,70,1,0,1,0,1
200600031541,6,6,3,1200,1,1,1,1,7,189,4376900,593500,40,3,2,2,0,1,2,0,71,1,0,1,0,0
200600031544,6,6,30,45,3,1,1,1,7,226,4437800,662600,40,3,2,2,0,1,3,0,0,1,0,1,0,0
200600031546,6,6,11,1600,1,1,1,1,2,33,4443400,629800,40,3,2,1,0,1,3,0,37,1,0,1,0,0
200600031547,6,6,23,1545,1,1,1,1,1,237,4428300,639000,40,3,2,2,0,1,1,0,61,1,0,1,0,0
200600031548,6,6,1,1315,1,1,1,1,1,104,4397800,573400,40,3,2,0,0,1,1,0,0,1,0,1,0,0
200600031552,6,6,5,1945,1,2,9,1,6,209,4420000,594200,40,4,2,1,0,1,1,0,30,1,0,0,0,0
200600031555,6,6,24,1015,1,2,1,1,3,209,4418400,594900,40,2,2,2,0,1,1,0,68,1,0,1,0,0
200600031557,6,6,9,1900,1,2,5,1,1,134,4434700,602900,40,3,2,2,0,1,1,0,67,1,0,1,3,0
200600031559,6,6,13,1645,1,1,1,7,1,173,4432200,588000,50,4,2,0,0,2,2,0,0,1,0,1,0,0
200600031560,6,6,17,1800,1,1,1,1,2,78,4439100,594000,50,3,1,1,0,1,1,0,64,1,5,1,0,0
200600031562,6,6,9,1845,1,1,1,1,6,129,4437800,552000,50,3,2,2,0,1,1,0,42,1,0,1,0,0
200600031567,6,6,22,1100,1,1,1,1,7,40,4453400,631900,50,3,2,3,0,2,2,0,105,1,0,3,0,0
200600031569,6,6,1,930,1,2,1,1,6,14,4384200,729600,60,3,2,2,0,2,3,0,71,1,0,1,0,0
200600031573,6,6,13,1645,1,1,1,1,1,147,4378700,727600,60,3,2,2,0,2,2,0,67,1,0,1,0,0
200600031574,6,6,23,845,1,1,1,1,1,60,4375500,727600,60,3,2,2,0,0,1,0,53,1,0,1,0,0
200600031579,6,6,2,1630,1,1,1,1,5,161,4362300,711400,60,3,2,0,1,1,1,0,34,1,5,1,0,0
200600031581,6,6,22,945,3,1,1,1,6,161,4365000,708000,60,3,2,3,0,0,2,0,65,1,0,3,0,1
200600031582,6,6,24,1315,1,1,1,1,6,44,4368000,708000,60,3,2,2,0,2,2,0,58,1,0,4,0,0
200600031585,6,6,25,1930,1,2,1,1,3,79,4354700,693600,60,3,1,3,0,1,1,0,105,1,0,1,0,0
200600031594,6,6,16,715,1,1,1,8,1,151,4385700,719800,60,3,1,2,0,2,4,0,83,9,0,1,0,0
200600031596,6,6,21,1000,2,1,1,1,7,16,4410100,701500,60,3,2,0,0,1,2,0,0,1,0,3,0,1
200600031597,6,6,25,1430,1,1,1,1,3,22,4382600,712300,60,3,2,0,0,0,4,0,0,1,0,1,0,0
200600031598,6,6,4,1445,1,1,1,1,6,129,4409000,710700,60,3,2,2,0,0,0,0,25,1,0,1,0,0
200600031599,6,6,5,1445,1,1,1,1,7,129,4409000,710000,60,3,2,2,0,1,3,0,35,1,0,1,0,0
200600031600,6,6,29,1600,1,1,1,3,7,129,4408000,710000,60,3,2,2,0,2,3,50,0,2,0,1,0,0
200600031601,6,6,30,1445,1,1,1,1,7,119,4432000,686000,60,3,2,2,0,0,0,40,0,1,0,0,0,0
200600031603,6,6,26,615,2,1,1,1,1,4,4346800,649700,830,3,2,2,0,1,2,0,70,1,0,1,0,0
200600031613,6,6,7,1800,1,1,1,1,7,25,4351600,592500,830,3,2,2,0,1,1,0,60,1,0,1,0,0
200600031623,6,6,13,1145,1,1,1,1,1,107,4346600,662400,830,4,0,0,0,0,0,0,0,1,0,1,0,0
200600031661,6,6,14,1500,1,2,1,1,3,92,4396700,487500,840,2,2,2,0,1,1,0,80,1,5,1,3,0
200600031665,6,6,12,1630,1,1,1,1,1,9,4378000,561300,840,3,2,2,0,2,4,0,73,1,0,1,0,0
200600031666,6,6,23,1345,1,1,1,1,5,84,4376200,550800,840,3,2,0,0,0,1,0,55,1,0,1,0,0
200600031671,6,6,7,945,1,1,1,1,1,88,4401900,503000,840,3,2,2,0,1,1,0,75,1,0,1,0,1
200600031673,6,6,9,1330,1,2,1,1,3,78,4424400,471400,840,2,3,0,0,1,1,0,0,1,5,1,0,0
200600031674,6,6,10,1000,1,2,1,1,1,19,4429900,475100,840,4,2,0,0,1,1,0,55,1,0,1,3,0
200600031677,6,6,19,845,1,2,6,1,1,63,4426900,467800,840,3,2,2,0,0,3,0,0,8,5,1,0,0
200600031688,6,6,19,1730,1,1,1,1,1,240,4363000,397000,340,3,2,2,0,1,4,0,47,1,0,1,0,0
200600031689,6,6,22,645,1,1,1,1,1,154,4360000,396000,340,3,2,2,0,0,1,70,0,1,0,1,0,1
200600031690,6,6,30,1500,1,1,1,1,1,240,4364600,395400,340,3,2,0,0,0,3,0,0,3,0,1,0,0
200600031694,6,6,28,800,1,2,1,1,7,183,4329600,312000,340,3,2,0,0,0,1,91,0,1,5,3,0,1
200600031696,6,6,7,930,1,2,1,1,6,199,4346000,342400,340,9,2,2,0,0,0,0,0,0,0,0,0,0
200600031697,6,6,16,1715,1,2,1,7,6,199,4346500,342100,340,9,2,0,0,1,1,0,78,1,0,1,0,0
200600031701,6,6,18,715,1,1,1,2,7,300,4339900,332700,340,2,2,2,3,1,1,0,108,2,0,3,0,0