Num_Acc,an,mois,jour,hrmn,lum,agg,int,atm,col,com,lat,long,dep,catr,circ,nbv,vosp,prof,plan,lartpc,larrout,surf,infra,situ,env1,killed
200600031703,6,6,8,2300,5,2,1,1,6,324,4324700,329100,340,4,1,0,0,0,1,40,0,1,0,1,0,0
200600031704,6,6,30,1645,1,2,1,1,1,299,4328700,328400,340,3,2,2,0,1,1,0,0,1,0,1,0,0
200600031706,6,6,1,1715,1,2,7,1,6,204,4356200,352400,340,9,0,2,0,0,1,0,0,1,0,1,0,0
200600031707,6,6,10,1900,1,1,1,1,3,47,4354300,350000,340,3,2,2,0,1,1,0,120,1,0,1,0,0
200600031708,6,6,21,800,2,1,1,1,6,313,4358300,348900,340,3,2,2,0,1,1,0,58,1,0,1,0,0
200600031709,6,6,27,1615,1,2,1,1,3,79,4363300,343300,340,4,2,2,0,1,1,0,60,1,0,1,3,0
200600031710,6,6,27,1700,1,1,1,1,7,79,4362400,341200,340,3,2,2,0,2,1,0,60,1,0,1,0,0
200600031711,6,6,26,1630,1,1,1,1,7,267,4371000,355600,340,3,0,2,0,0,0,0,0,0,0,0,0,0
200600031712,6,6,26,800,1,2,1,1,2,79,4363100,343400,340,4,1,1,0,0,1,0,44,1,0,1,0,0
200600031714,6,6,26,1400,1,1,1,1,7,143,4346700,362600,340,9,0,0,0,0,0,0,0,9,0,3,0,0
200600031716,6,6,3,1905,1,1,1,1,7,99,4327700,242400,110,3,2,2,0,1,1,0,69,1,0,1,0,0
200600031718,6,6,30,1840,1,1,1,1,1,356,4331800,201300,110,3,2,2,0,2,3,0,36,1,0,1,0,0
200600031721,6,6,27,1230,1,2,1,1,7,312,4318100,191500,110,3,2,2,0,1,3,0,60,1,0,3,0,0
200600031722,6,6,7,1715,1,1,1,1,6,90,4311400,227000,110,3,2,1,0,1,1,0,100,1,0,1,0,1
200600031723,6,6,29,630,1,1,1,1,1,8,4300400,225100,110,3,2,0,0,1,1,82,82,2,0,1,0,0
200600031729,6,6,7,1545,1,1,1,1,7,164,4328300,288300,110,3,0,0,0,1,1,67,0,1,0,1,0,1
200600031738,6,6,1,845,1,1,1,1,5,156,4387400,445300,300,3,2,2,0,1,1,0,0,1,0,1,0,0
200600031740,6,6,24,1845,1,1,8,1,7,155,4380000,453400,300,3,2,2,0,2,1,0,0,1,4,1,0,0
200600031743,6,6,17,930,1,1,1,1,3,20,4375700,430900,300,3,2,0,0,1,1,0,50,1,0,1,0,0
200600031745,6,6,6,1900,1,1,1,1,3,294,4413000,415000,300,3,2,2,0,2,1,0,65,1,0,1,0,1
200600031746,6,6,14,1630,1,1,1,1,1,318,4414500,419600,300,3,2,1,0,2,2,0,72,1,0,1,0,1
200600031752,6,6,2,1815,1,1,1,1,6,81,4415200,471000,300,3,2,0,0,0,2,0,0,1,0,3,0,0
200600031756,6,6,11,1845,1,2,1,1,3,89,4385500,460500,300,3,2,0,0,1,1,0,0,1,0,1,0,0
200600031757,6,6,23,2030,1,1,1,1,1,89,4385600,460000,300,3,2,2,0,1,1,0,44,1,0,0,0,0
200600031766,6,6,8,830,1,1,1,1,6,178,4427700,384900,480,2,2,2,0,2,3,0,0,1,0,3,0,1
200600031768,6,6,8,1915,1,1,1,7,3,55,4449800,337600,480,2,2,2,0,2,3,0,62,1,0,1,0,1
200600031773,6,6,9,1945,1,1,1,1,6,187,4282000,252600,660,3,2,2,0,1,2,0,60,1,0,1,0,0
200600031777,6,6,8,1215,1,2,1,1,6,171,4262300,300800,660,4,2,1,0,1,1,0,57,1,6,1,0,0
200600031781,6,6,4,300,5,1,1,1,6,185,4265800,262600,660,3,2,2,0,1,1,0,40,1,0,3,0,0
200600031792,6,6,2,1500,1,1,1,1,7,152,4290400,947400,202,3,2,2,0,1,2,0,60,1,0,3,0,0
200600031796,6,6,12,1030,1,1,1,1,5,150,4259000,882700,202,2,2,3,0,2,2,0,90,1,5,1,0,0
200600031797,6,6,15,1115,1,1,1,1,3,150,4259200,883000,202,2,2,2,0,2,4,0,60,1,0,1,0,0
200600031800,6,6,2,645,1,1,1,1,1,93,4262800,891500,202,2,2,2,0,1,1,0,82,1,0,1,0,0
200600031801,6,6,9,800,1,1,1,1,3,10,4261000,885400,202,2,2,0,0,2,1,0,76,1,0,1,0,0
200600031803,6,6,26,415,3,1,1,1,7,238,4228000,922100,202,2,2,2,0,1,2,0,67,1,0,3,0,0
200600031804,6,6,25,1845,1,2,3,1,3,193,4240000,919000,202,2,3,0,0,2,1,35,64,1,5,1,0,0
200600031806,6,6,27,615,1,1,1,1,7,320,4215500,950600,202,3,2,2,0,1,1,0,78,1,5,1,0,0
200600031807,6,6,30,1445,1,1,1,1,2,9,4209400,950500,202,2,2,2,0,1,1,0,78,1,0,1,0,0
200600031808,6,6,24,1845,1,1,1,1,6,318,4243000,947800,202,3,2,2,0,1,2,0,40,1,0,0,0,0
200600031809,6,6,13,1730,1,1,1,3,3,107,4897400,156900,780,3,2,0,0,1,2,0,60,2,0,1,0,0
200600031811,6,6,17,245,5,2,1,1,6,283,4872400,161700,780,4,2,2,0,1,1,0,0,1,0,1,0,0
200600031813,6,6,14,200,5,2,1,1,7,113,4902200,182700,780,3,2,2,0,2,2,0,50,0,0,1,0,0
200600031820,6,6,6,1530,1,1,1,1,5,62,4887300,187100,780,3,2,2,0,1,1,0,50,1,0,1,0,0
200600031821,6,6,16,1913,1,1,1,1,3,62,4885200,189800,780,3,2,2,0,2,1,0,60,1,0,1,0,0
200600031826,6,6,17,2330,5,2,1,1,6,87,4862300,202700,780,4,1,1,0,2,3,0,42,1,0,1,0,0
200600031829,6,6,18,1430,1,2,1,1,2,86,4862500,239000,910,3,2,4,0,1,1,0,116,1,0,1,0,0
200600031830,6,6,3,1015,1,2,1,1,1,232,4848800,234900,910,9,1,1,0,1,1,0,0,1,0,1,0,0
200600031837,6,6,11,400,3,1,1,1,7,345,4869000,228600,910,2,3,2,1,2,1,5,150,1,0,1,0,0
200600031838,6,6,10,1730,1,2,9,1,3,665,4866700,225200,910,4,0,0,0,0,0,0,0,0,0,0,0,0
200600031843,6,6,13,2330,3,1,1,1,1,241,4905200,244600,950,3,2,2,1,1,3,0,60,1,0,1,0,1
200600031846,6,6,16,445,2,1,1,1,3,381,4862600,297400,770,3,2,1,0,1,1,0,65,1,5,1,0,0
200600031848,6,6,10,1730,1,2,1,1,6,470,4874000,276000,770,9,2,0,0,3,0,0,0,2,0,0,0,0
200600031850,6,6,27,715,1,1,1,1,1,219,4883600,291400,770,4,2,2,0,2,3,0,40,2,0,1,0,0
200600031852,6,6,21,845,1,1,1,1,3,192,4872300,284500,770,2,2,2,0,0,1,0,0,1,3,0,0,0
200600031854,6,6,13,755,1,1,1,1,3,99,4817200,271500,770,3,2,2,0,1,1,0,75,1,5,1,0,0
200600031855,6,6,14,1500,1,1,1,1,3,230,4820100,255800,770,3,2,2,0,1,1,0,76,1,0,0,0,0
200600031856,6,6,16,400,3,1,1,1,6,261,4823000,290000,770,3,2,2,0,0,3,0,70,1,0,1,0,0
200600031857,6,6,18,445,2,1,1,1,7,465,4831000,295000,770,3,2,0,0,2,2,70,0,1,0,1,0,1
200600031858,6,6,25,430,4,1,1,1,1,261,4822600,286700,770,3,2,2,0,2,1,74,37,1,0,1,0,1
200600031859,6,6,8,945,1,2,1,1,3,259,4977400,210800,770,3,2,2,0,1,1,0,60,1,5,1,0,0
200600031860,6,6,7,830,1,1,1,1,6,283,4910900,302400,770,3,2,2,0,1,1,0,70,1,0,1,0,0
200600031861,6,6,29,2200,3,1,1,1,6,231,4865800,266300,770,3,2,2,0,0,2,0,63,1,0,1,0,0
200600031863,6,6,15,1945,1,1,1,1,7,66,4869600,335500,770,2,2,2,0,1,1,0,74,1,0,3,0,0
200600031865,6,6,29,1600,1,1,9,1,2,236,4842200,328200,770,3,2,0,0,1,1,0,68,1,0,1,0,0
200600031870,6,6,15,1915,1,1,1,1,5,24,4781300,166800,450,2,2,2,0,1,1,0,101,1,0,1,0,0
200600031872,6,6,1,1315,1,1,2,1,3,80,4823800,207700,450,3,2,2,0,1,0,94,110,1,0,0,0,0
200600031874,6,6,4,545,2,2,1,1,4,188,4800400,209100,450,2,2,2,0,1,1,0,0,1,0,1,0,0
200600031878,6,6,19,1345,1,2,1,1,1,53,4763700,274000,450,4,2,0,0,1,1,0,0,1,0,1,0,0
200600031882,6,6,27,1700,1,1,1,1,1,83,4794600,292500,450,3,2,1,0,4,2,0,39,1,0,1,0,0
200600031884,6,6,26,1845,1,1,1,1,2,148,4809000,277000,450,3,2,2,0,1,1,0,80,1,0,1,0,0
200600031885,6,6,15,1115,1,2,1,3,7,191,4829900,240700,450,3,2,2,0,1,1,0,70,2,0,1,0,0
200600031886,6,6,20,815,1,1,1,2,1,139,4819100,231200,450,3,2,2,0,1,1,0,65,2,0,1,0,0
200600031890,6,6,9,1000,1,1,1,1,2,118,4705600,300000,180,3,2,2,0,1,1,0,64,1,0,1,0,1
200600031891,6,6,29,415,5,1,1,1,6,240,4716700,291400,180,3,2,2,0,0,1,0,50,1,0,3,0,1
200600031893,6,6,2,1645,1,1,1,1,7,197,4674000,248900,180,2,4,0,0,0,1,0,105,1,0,0,0,0
200600031894,6,6,5,1745,1,1,1,1,3,169,4673000,244000,180,3,2,3,3,1,1,45,68,1,5,1,0,1
200600031895,6,6,11,2310,3,1,1,1,5,155,4683200,298700,180,2,2,2,0,1,1,0,73,1,0,1,0,1
200600031896,6,6,29,1315,1,1,9,1,7,108,4697800,289000,180,3,2,2,0,0,1,0,76,1,0,1,0,0
200600031897,6,6,10,830,1,1,1,1,6,159,4737900,214500,180,3,2,2,0,1,1,0,75,1,0,3,0,0
200600031899,6,6,30,1915,1,1,1,1,2,207,4698900,226800,180,3,2,2,0,1,1,0,63,1,0,1,0,0
200600031900,6,6,11,330,5,2,1,1,6,206,4718400,233100,180,3,2,2,0,1,2,0,72,1,0,0,0,1
200600031901,6,6,12,715,1,1,1,1,6,97,4713800,243000,180,3,3,4,0,0,1,42,177,1,0,1,0,0
200600031902,6,6,9,1615,1,1,1,1,3,201,4852900,153200,280,3,2,2,0,0,1,0,77,1,0,1,0,0
200600031904,6,6,1,1715,1,2,1,1,6,140,4861300,168800,280,4,2,2,0,2,1,0,57,1,0,1,0,0
200600031905,6,6,10,1400,1,2,1,1,1,423,4855400,163400,280,3,2,2,0,1,1,0,0,1,2,1,0,0
200600031906,6,6,24,1345,1,1,1,1,6,42,4852500,174600,280,3,2,2,0,0,0,0,48,0,0,0,0,0
200600031913,6,6,11,1030,1,2,1,1,5,14,4867400,130500,280,9,2,0,0,2,3,0,73,1,5,1,0,0
200600031914,6,6,12,1845,1,1,1,1,6,251,4871600,143700,280,3,2,2,0,1,3,0,59,1,0,1,0,0
200600031918,6,6,27,1800,1,1,1,1,6,226,4862900,112000,280,3,2,2,0,1,3,0,56,1,0,3,0,0
200600031919,6,6,5,1530,1,2,1,1,1,280,4832000,82000,280,3,2,2,0,2,1,0,0,1,0,1,0,0
200600031920,6,6,11,1645,2,1,3,1,3,280,4830900,84200,280,3,2,0,0,2,1,0,67,1,0,1,0,0
200600031921,6,6,15,500,2,1,1,1,6,111,4823100,87300,280,3,2,0,0,2,3,0,0,2,0,3,0,0
200600031922,6,6,17,1745,1,2,1,1,7,18,4820000,89200,280,3,2,2,0,2,3,0,65,1,0,1,0,0
200600031927,6,6,27,1615,1,2,1,1,6,5,4674800,183200,360,3,2,2,0,1,1,26,95,1,0,1,0,0
200600031932,6,6,26,1800,1,1,1,1,6,161,4662800,149000,360,4,2,2,0,1,1,0,91,1,0,1,0,0
200600031933,6,6,3,430,3,1,1,1,7,31,4690700,145900,360,3,2,2,0,1,3,0,52,1,0,3,0,0
200600031934,6,6,3,1900,1,1,1,1,3,149,4693500,131600,360,3,2,2,0,2,1,0,70,1,0,1,0,0
200600031935,6,6,10,1930,1,1,1,1,6,155,4699700,136700,360,3,0,2,0,1,2,0,60,1,0,3,0,0
200600031937,6,6,20,1430,1,2,1,1,6,74,4702300,111000,360,3,2,0,0,1,1,0,74,1,0,3,0,1
200600031938,6,6,28,1115,1,1,1,1,1,203,4700700,123500,360,3,2,2,0,1,3,0,50,1,0,1,0,0
200600031940,6,6,3,845,1,2,1,1,3,228,4716500,157900,360,3,2,2,0,1,1,0,57,1,0,1,0,0
200600031942,6,6,12,1515,1,2,1,1,1,228,4716000,157100,360,3,2,0,0,2,3,0,60,9,0,1,0,0
200600031943,6,6,6,1545,1,1,1,1,7,18,4663600,113800,360,3,2,2,0,1,1,0,75,1,0,3,0,0
200600031944,6,6,17,300,3,1,1,1,2,18,4662900,104200,360,3,2,0,0,1,1,0,76,1,0,1,0,0
200600031947,6,6,24,1915,1,1,1,1,1,81,4652400,163500,360,4,2,2,0,1,3,0,42,1,0,1,0,1
200600031948,6,6,9,1800,1,1,1,1,3,88,4694800,201300,360,3,2,2,0,1,1,0,55,1,0,1,0,0
200600031951,6,6,4,1915,1,1,1,1,5,230,4747800,100800,370,3,2,0,0,1,1,0,65,1,0,1,0,1
200600031954,6,6,3,15,3,1,1,1,7,21,4757300,64200,370,3,2,2,0,1,1,0,0,1,0,3,0,0
200600031958,6,6,23,1715,1,1,1,1,4,240,4759400,93200,370,3,2,2,0,1,1,0,117,1,5,1,0,1
200600031968,6,6,24,845,1,1,1,1,1,264,4733100,47200,370,1,1,2,0,1,1,0,94,1,2,1,0,1
200600031969,6,6,7,1930,1,1,1,1,7,216,4718900,56000,370,3,2,2,0,1,2,0,47,1,0,1,0,0
200600031970,6,6,30,1830,1,1,1,8,6,40,4711900,40900,370,3,2,2,0,0,1,0,57,1,0,3,0,0
200600031971,6,6,30,1845,1,1,1,7,6,148,4698200,46000,370,3,2,2,0,1,3,70,0,1,0,1,0,0
200600031972,6,6,28,2000,1,2,1,1,3,147,4704700,54000,370,3,2,2,0,1,0,0,52,1,0,1,0,0
200600031973,6,6,4,1030,1,2,1,1,6,16,4721400,94700,370,3,2,2,0,1,2,0,62,1,0,3,0,0
200600031981,6,6,3,1445,1,1,1,1,7,55,4753700,126900,410,4,2,0,0,1,1,0,42,1,0,1,0,0
200600031988,6,6,12,1815,1,1,3,1,3,46,4758000,195400,410,3,2,2,0,1,1,0,64,1,0,1,0,0
200600031990,6,6,11,1430,1,1,1,1,7,236,4772300,93700,410,3,2,2,0,1,1,0,57,1,0,1,0,0
200600031991,6,6,26,1730,1,1,1,1,3,78,4790200,92600,410,2,2,2,0,1,1,0,79,1,5,1,0,1
200600031992,6,6,3,1630,1,2,1,1,7,154,4790000,123000,410,4,2,1,0,0,1,0,0,1,0,1,0,0
200600031993,6,6,8,1315,1,2,1,1,6,143,4798600,89500,410,3,1,1,0,0,1,0,79,1,0,1,3,0
200600031995,6,6,30,2100,1,1,1,1,3,203,4522900,114400,330,3,2,0,0,0,2,0,70,1,0,1,0,0
200600031996,6,6,17,1000,1,2,1,1,6,233,4787300,354700,290,3,2,2,0,1,2,0,60,1,6,1,0,0
200600031998,6,6,4,2345,4,2,1,1,1,4,4793400,370000,290,4,2,2,0,1,2,0,73,1,0,1,0,1
200600031999,6,6,16,1100,1,2,6,1,1,241,4796800,384000,290,3,1,2,0,1,2,0,70,1,5,1,0,0
200600032006,6,6,18,1130,1,1,1,1,7,119,4570300,136000,870,3,2,2,0,1,3,0,47,1,0,1,0,0
200600032007,6,6,25,400,5,2,1,3,6,120,4558800,153800,870,3,2,2,0,2,3,0,55,2,0,1,0,0
200600032012,6,6,28,1420,1,1,1,1,6,40,4346700,555900,130,4,2,2,0,3,1,0,40,1,0,1,0,0
200600032014,6,6,29,825,1,1,1,1,6,195,4413000,40000,470,3,2,2,0,2,1,0,70,1,0,1,0,0
200600032016,6,6,16,1615,1,1,1,2,6,398,4292900,295500,110,3,2,0,0,2,3,0,60,2,0,3,0,0
200600032020,6,6,9,1845,1,2,1,1,1,202,4358700,375400,340,9,2,0,0,2,1,0,0,1,0,1,0,0
200600032023,6,6,17,2300,3,1,1,1,3,51,4811900,155600,350,2,1,2,0,1,3,20,70,1,0,1,0,0
200600032024,6,6,24,1900,1,1,1,1,3,146,4318900,249100,110,2,2,4,0,1,1,24,124,1,5,1,0,1
200600032033,6,6,3,45,3,1,1,1,2,189,4838500,433800,290,2,3,0,0,2,1,0,60,1,0,0,0,0
200600032034,6,6,30,930,1,1,9,1,5,333,4826000,273000,770,1,3,3,0,3,1,10,210,1,0,1,0,0
200600032051,6,6,15,1130,1,1,1,1,6,39,4408900,487800,840,1,0,3,0,1,1,35,135,1,0,1,0,0
200600032053,6,6,6,700,1,1,1,1,6,31,4340700,627800,830,1,3,3,0,1,1,10,130,0,0,3,0,0
200600032054,6,6,8,915,1,1,1,1,2,62,4316200,604500,830,1,3,2,0,1,1,10,90,1,0,1,0,0
200600032055,6,6,21,145,3,1,1,1,7,148,4340600,640400,830,1,3,0,0,1,1,20,125,1,0,3,0,0
200600032056,6,6,26,345,3,1,1,1,2,23,4342700,607100,830,1,0,0,0,1,1,5,125,1,0,1,0,0
200600032057,6,6,26,715,1,1,1,1,6,62,4312000,601700,830,1,0,2,0,0,1,20,95,1,0,1,0,0
200600032067,6,6,23,1800,1,1,1,1,3,561,4743600,481500,210,3,2,2,0,1,1,0,76,1,0,1,0,0
200600032068,6,6,29,1700,1,1,1,1,1,462,4741900,504800,210,3,2,2,0,4,1,0,64,1,0,1,0,0
200600032071,6,6,29,1845,1,1,1,1,2,13,4602600,472600,690,1,3,2,0,1,1,15,50,1,0,1,0,0
200600032074,6,6,14,1000,1,1,1,1,6,64,4556400,539000,380,1,3,0,0,1,1,10,140,1,0,1,0,0
200600032077,6,6,1,1400,1,2,2,8,3,118,4771900,742100,680,3,2,2,0,1,1,0,72,1,5,1,0,0
200600032078,6,6,19,915,1,2,1,1,2,580,4909500,256700,950,3,2,2,0,2,1,0,70,1,0,1,3,0
200600032082,6,6,14,600,2,1,1,1,7,114,4775100,153600,410,1,3,0,0,0,1,2,10,1,0,1,0,0
200600032087,6,6,3,615,2,1,1,1,6,188,4297800,297300,110,1,3,3,0,1,1,30,135,1,0,1,0,1
200600032088,6,6,18,1745,1,1,1,1,6,188,4295400,297200,110,1,3,3,3,1,1,30,105,1,0,1,0,1
200600032096,6,6,23,1715,1,1,1,1,1,114,4354000,527800,130,3,2,2,0,1,1,0,50,1,0,1,0,0
200600032099,6,6,4,1300,1,2,4,1,3,295,4758300,137500,410,4,2,2,0,4,2,0,59,1,5,1,0,0
200600032104,6,6,29,1400,1,2,1,1,1,212,4838100,461800,290,3,2,2,0,1,1,0,60,1,0,1,0,0
200600032105,6,6,7,1415,1,1,1,1,2,270,4356800,383900,340,1,1,3,0,1,1,20,135,1,0,1,0,0
200600032110,6,6,20,745,1,1,1,1,1,178,4554000,326000,630,1,2,2,0,1,1,20,70,1,0,1,0,0
200600032112,6,6,6,1830,1,1,1,1,5,284,4368400,130300,400,1,3,0,0,1,1,0,70,1,0,1,0,0
200600032119,6,6,23,1730,1,1,1,1,6,173,4504700,613100,380,2,2,2,0,2,3,0,0,1,0,1,0,0
200600032123,6,6,20,715,1,1,1,1,3,88,4371500,720500,60,1,3,12,0,0,1,0,420,1,7,1,0,0
200600032126,6,6,10,1630,1,1,1,1,6,737,5044700,270200,620,1,1,2,3,1,1,30,110,1,0,3,0,0
200600032127,6,6,21,1340,1,1,1,2,2,701,5058100,237600,620,1,3,2,3,1,1,30,110,2,0,1,0,1
200600032138,6,6,2,1645,1,1,1,1,2,137,4734800,616400,250,1,3,0,3,0,1,30,100,1,0,2,0,0
200600032140,6,6,4,1815,1,1,1,1,3,284,4462000,110000,330,1,0,0,0,0,1,0,0,1,0,1,0,0
200600032141,6,6,8,645,2,1,1,1,2,284,4472000,74000,330,1,3,0,0,1,1,40,100,1,3,1,0,0
200600032142,6,6,17,1430,1,1,1,1,3,284,4463000,89000,330,3,2,0,0,0,1,0,50,0,3,1,0,0
200600032152,6,6,18,1600,1,2,1,1,6,65,4214600,859900,201,4,2,2,0,2,3,0,55,1,0,1,0,0
200600032153,6,6,19,1715,1,1,1,1,7,348,4215300,872600,201,3,2,2,0,1,2,0,57,1,0,3,0,0
200600032154,6,6,15,1745,1,1,1,1,6,200,4200000,918700,201,3,2,2,0,2,3,0,0,1,0,3,0,0
200600032171,6,6,26,2230,5,2,1,1,7,269,4186300,939900,201,3,2,0,0,1,1,0,60,1,0,1,0,0
200600032174,6,6,7,930,1,1,1,1,4,142,4585000,509000,10,1,3,2,0,1,0,15,55,1,0,1,0,0
200600032178,6,6,19,830,1,1,1,1,4,648,4857800,236500,910,3,2,2,0,1,1,0,80,1,0,1,0,0
200600032179,6,6,11,845,1,1,1,1,5,428,4914600,422500,510,3,2,2,0,2,3,0,76,1,0,1,0,1
200600032181,6,6,22,1615,1,1,1,1,6,629,4917800,401300,510,2,2,0,0,1,1,0,78,1,0,1,0,1
200600032183,6,6,24,915,1,2,1,1,1,203,4352000,132900,310,3,2,2,0,1,0,0,80,1,0,1,0,0
200600032186,6,6,6,1530,1,2,1,1,5,19,4542700,481800,380,4,2,0,0,2,0,0,0,1,0,1,0,0
200600032191,6,6,12,1030,1,2,1,1,1,430,4906900,230300,950,3,0,2,0,0,1,0,60,1,0,1,0,1
200600032192,6,6,23,2300,3,1,9,1,6,42,4906000,229900,950,4,2,2,0,1,3,0,66,1,0,1,0,1
200600032196,6,6,11,1500,1,1,1,1,7,20,4561500,420700,420,1,3,2,3,1,1,20,170,1,0,1,0,0
200600032211,6,6,22,1215,1,1,1,1,3,113,4581000,314500,630,1,1,2,0,0,1,0,70,1,0,1,0,0
200600032215,6,6,19,1715,1,2,1,8,1,212,4856500,764600,670,3,2,2,0,1,1,0,0,1,0,1,0,0
200600032216,6,6,2,1700,1,1,1,1,3,389,4865400,774200,670,3,2,2,0,1,1,0,112,1,0,1,0,0
200600032217,6,6,29,1230,1,1,1,1,3,256,4865800,771000,670,3,2,2,0,1,1,0,68,1,0,1,0,1
200600032221,6,6,29,1425,1,1,1,1,7,212,4690000,241700,180,1,3,2,0,1,1,10,70,1,0,3,0,1
200600032224,6,6,23,1230,1,1,1,1,6,103,4429700,590300,50,1,1,2,0,1,1,25,70,1,0,2,0,0
200600032236,6,6,9,530,2,1,1,1,1,261,4329600,117000,310,1,3,2,0,1,1,10,70,1,0,1,0,0
200600032240,6,6,12,1615,1,1,1,1,6,483,4312800,72800,310,1,3,4,0,1,1,20,210,1,0,2,0,0
200600032248,6,6,13,1645,1,1,9,1,2,274,4519200,149400,190,1,3,4,0,1,1,15,140,1,3,1,0,1
200600032256,6,6,29,1700,1,1,1,1,1,143,4873000,209400,780,3,2,2,0,2,2,0,73,1,0,1,0,1
200600032262,6,6,30,915,1,1,1,1,7,311,4914700,53800,140,1,3,0,0,1,2,0,70,1,2,3,0,0
200600032263,6,6,3,1545,1,1,1,1,6,135,4383300,459100,300,3,2,2,0,2,2,65,0,1,0,1,0,1
200600032269,6,6,11,2030,1,2,1,1,3,711,5006500,137300,760,9,2,0,0,1,1,0,111,1,0,1,0,0
200600032270,6,6,11,1715,1,2,6,1,1,509,4949500,122300,760,3,2,2,0,1,1,0,52,1,0,1,0,0
200600032271,6,6,14,1445,1,1,2,3,3,673,4949300,127500,760,3,2,0,0,1,1,0,50,2,0,1,0,0
200600032273,6,6,30,800,1,2,1,1,6,591,4944800,120500,760,3,2,0,0,1,1,20,78,1,0,1,0,0
200600032277,6,6,8,1515,1,1,1,1,3,351,4367000,129600,310,3,2,2,0,1,1,0,54,1,0,1,0,0
200600032278,6,6,14,1915,1,1,1,1,1,351,4366700,130300,310,3,2,2,0,1,1,0,60,1,0,1,0,0
200600032284,6,6,6,1340,1,2,1,7,3,175,4774600,291500,560,3,0,2,0,1,3,0,60,1,0,1,0,0
200600032289,6,6,10,710,1,2,1,1,5,548,5097000,193000,620,3,2,0,0,1,1,0,60,1,0,4,0,1
200600032294,6,6,19,930,1,1,1,8,2,63,4833400,131600,350,1,3,2,0,1,1,25,70,1,0,1,0,0
200600032297,6,6,11,2015,1,2,6,1,6,189,4265900,295000,660,3,3,0,0,1,1,20,62,1,5,1,0,0
200600032298,6,6,22,1415,1,2,6,1,1,189,4265700,295600,660,3,2,2,0,1,1,0,78,1,0,1,0,0
200600039563,6,7,23,1000,1,2,6,1,2,826,4876459,345699,620,4,1,2,0,1,0,80,390,1,0,0,99,0
200600042269,6,7,19,715,1,2,1,1,3,11,5053000,293000,590,3,2,2,0,1,1,0,80,1,0,1,0,0
200600042270,6,7,17,945,1,2,1,7,7,320,5056300,282900,590,4,2,0,0,1,4,0,56,1,0,0,0,0
200600042271,6,7,7,1500,1,2,1,1,1,123,5052000,298800,590,3,0,2,0,0,0,0,80,1,0,1,0,0
200600042272,6,7,24,1545,1,1,1,1,7,462,5051200,303800,590,3,2,2,0,1,1,13,62,1,0,3,0,0
200600042273,6,7,1,645,1,1,1,1,7,82,5099000,240400,590,3,2,2,0,1,1,0,71,1,0,1,0,0
200600042275,6,7,1,645,1,1,1,1,6,416,5070300,250100,590,3,2,2,0,4,3,0,69,1,0,3,0,0
200600042276,6,7,24,815,1,1,3,1,3,535,5077100,270900,590,3,2,2,0,1,1,0,68,1,5,1,0,0
200600042278,6,7,8,1620,1,2,1,1,2,268,5064400,272200,590,3,2,0,0,1,1,0,88,1,0,1,0,0
200600042280,6,7,8,1400,1,1,1,1,6,293,5064400,258500,590,3,2,2,0,1,1,0,57,1,0,3,0,0
200600042281,6,7,7,2045,1,2,1,1,6,18,5083000,240000,590,3,2,0,0,0,1,0,0,1,0,1,0,0
200600042282,6,7,21,730,2,1,1,1,3,536,5079400,251300,590,3,3,2,3,1,1,0,103,1,5,1,0,0
200600042284,6,7,12,1800,1,2,1,1,6,166,5033000,360000,590,3,2,0,0,1,3,0,74,1,0,1,0,1
200600042285,6,7,30,1915,1,1,1,1,1,335,5048400,337100,590,3,2,2,0,1,3,0,57,1,0,1,0,1
200600042286,6,7,13,1830,1,1,1,1,7,164,5016200,357600,590,3,2,2,0,1,1,0,60,1,0,3,0,0
200600042289,6,7,30,2315,3,2,1,1,6,394,5007200,345800,590,3,2,2,0,1,3,0,60,1,0,4,0,0
200600042290,6,7,1,1830,1,2,1,1,3,571,5018800,349400,590,3,2,0,0,0,1,0,74,1,0,1,0,0
200600042294,6,7,3,1215,1,1,1,7,2,548,5030800,372900,590,2,3,4,0,3,1,30,150,1,0,2,0,0
200600042295,6,7,8,530,2,2,1,1,6,76,5034000,397000,590,2,3,2,0,1,1,34,102,1,0,1,0,0
200600042300,6,7,3,1745,1,2,1,7,6,638,5025000,311900,620,3,2,0,0,1,1,19,62,1,5,4,0,0
200600042301,6,7,22,1100,3,2,1,1,3,568,5025000,276900,620,3,2,2,0,1,1,0,76,1,0,1,0,0
200600042302,6,7,31,1745,1,1,1,1,7,865,5033800,296500,620,3,3,0,0,0,1,11,150,1,0,1,0,0
200600042304,6,7,29,1830,1,1,1,1,6,713,5060200,255100,620,3,2,2,0,1,2,0,53,1,0,3,0,0
200600042305,6,7,6,345,3,1,1,1,6,502,5061900,267000,620,3,2,2,0,1,1,0,55,1,0,4,0,0
200600042306,6,7,13,1530,1,1,1,1,3,397,5087000,189100,620,3,2,0,0,1,1,0,60,1,0,1,0,0
200600042308,6,7,16,2015,1,2,1,1,3,571,5046700,157900,620,3,2,0,0,1,1,0,58,1,0,1,0,0
200600042309,6,7,20,130,3,1,1,1,7,461,5038800,204500,620,3,2,2,0,2,1,0,0,1,0,3,0,0