Num_Acc,an,mois,jour,hrmn,lum,agg,int,atm,col,com,lat,long,dep,catr,circ,nbv,vosp,prof,plan,lartpc,larrout,surf,infra,situ,env1,killed
200600042311,6,7,21,1500,1,1,3,1,3,14,5066300,242500,620,3,2,2,0,0,1,57,0,1,5,1,0,0
200600042315,6,7,21,945,1,2,1,1,1,652,5048800,241000,620,3,2,2,0,1,3,0,45,1,0,1,0,0
200600042316,6,7,2,1800,1,2,1,1,6,490,5029300,258100,620,3,2,2,0,1,2,0,59,1,0,3,0,0
200600042317,6,7,22,2045,1,2,1,1,1,113,5034900,254000,620,4,2,2,0,1,2,0,46,1,0,1,0,0
200600042318,6,7,28,1000,1,1,1,1,6,507,5027600,247300,620,3,2,0,0,1,1,0,62,1,0,3,0,0
200600042319,6,7,31,2230,3,1,1,1,6,856,5036200,254100,620,3,2,1,0,1,1,0,46,1,0,1,0,0
200600042320,6,7,16,1415,1,2,1,1,3,554,4988700,201600,800,3,2,2,0,1,1,0,65,1,0,1,0,0
200600042325,6,7,30,1545,1,2,9,1,7,324,4994800,180100,800,4,2,1,0,1,1,0,45,1,0,1,0,0
200600042335,6,7,12,1000,1,2,2,1,1,126,4994200,163600,800,3,2,2,0,0,1,0,82,1,0,1,0,0
200600042339,6,7,8,1930,1,1,1,1,3,633,5021600,167000,800,3,2,2,0,1,2,0,70,1,0,1,0,1
200600042346,6,7,31,1345,1,1,1,1,3,168,5011600,227300,800,3,2,2,0,1,3,0,55,1,0,1,0,0
200600042350,6,7,19,1000,1,2,1,1,6,10,4975900,236400,800,3,0,0,0,1,1,0,0,1,0,3,0,0
200600042352,6,7,18,1545,1,2,1,1,6,620,4993000,293000,800,2,2,2,0,1,1,0,70,1,0,1,0,0
200600042353,6,7,21,1930,1,1,1,1,3,620,4993000,296000,800,3,2,2,0,1,2,0,64,1,0,1,0,0
200600042354,6,7,25,1145,1,2,9,1,7,16,5000200,266200,800,3,2,2,0,0,1,0,60,1,0,1,0,1
200600042358,6,7,26,1515,1,1,1,1,2,743,4998400,276100,800,3,2,0,0,1,1,0,53,1,0,1,0,0
200600042360,6,7,5,715,1,1,1,1,6,46,4965500,361600,20,3,2,2,0,2,1,0,70,2,0,1,0,0
200600042363,6,7,24,800,1,1,1,1,7,282,4956500,369600,20,2,2,2,0,0,1,0,61,1,0,1,0,0
200600042364,6,7,27,1915,1,1,1,1,3,13,4948600,392800,20,3,2,2,0,0,0,0,60,1,0,1,0,0
200600042366,6,7,31,845,1,1,1,5,3,458,4889600,348900,20,3,2,2,0,4,1,38,80,2,5,1,0,0
200600042371,6,7,4,1445,1,2,1,1,6,795,4941300,311000,20,3,2,2,0,1,1,0,65,1,0,4,0,0
200600042373,6,7,14,2115,2,1,1,1,6,103,5001900,373100,20,3,2,2,0,2,2,0,58,1,0,3,0,0
200600042377,6,7,8,115,5,2,1,1,5,381,4992600,408700,20,4,2,0,0,2,1,0,48,2,0,1,0,0
200600042378,6,7,23,555,1,1,1,1,1,381,4995200,406800,20,3,2,2,0,1,1,0,70,1,0,1,0,0
200600042379,6,7,6,45,3,1,1,1,6,30,4935800,209900,600,3,2,2,0,1,2,0,68,1,0,3,0,0
200600042380,6,7,5,1930,1,1,2,1,3,29,4936700,197400,600,3,2,2,0,1,2,0,70,1,5,1,0,0
200600042381,6,7,8,1,3,1,1,2,7,29,4936100,202900,600,3,2,2,0,1,3,0,65,2,0,3,0,0
200600042383,6,7,26,1315,1,2,1,1,6,477,4942500,191800,600,4,2,0,0,1,1,0,50,1,0,4,0,0
200600042412,6,7,20,330,3,1,1,2,6,507,4954500,307000,600,3,2,2,0,0,1,0,80,2,0,1,0,0
200600042417,6,7,9,1615,1,2,1,1,6,282,4918700,238600,600,3,2,2,0,1,1,0,70,1,0,1,0,0
200600042421,6,7,1,1315,1,1,1,1,6,446,4913600,280200,600,4,2,2,0,2,0,0,41,1,0,3,0,1
200600042425,6,7,11,1740,1,1,1,1,1,271,4958700,117000,760,3,2,2,0,2,1,0,59,1,0,1,0,0
200600042426,6,7,12,2235,3,1,1,1,1,331,4962700,109500,760,3,2,2,0,1,0,0,58,1,0,1,0,0
200600042427,6,7,30,1100,1,2,2,2,3,330,4982500,87700,760,3,2,2,0,1,1,0,70,2,0,1,0,0
200600042428,6,7,9,2045,1,2,6,1,3,464,4937900,122900,760,3,2,2,0,0,0,0,0,0,0,0,0,0
200600042435,6,7,28,1815,1,1,1,1,7,421,4953500,44500,760,3,2,1,0,2,4,0,64,1,0,1,0,0
200600042436,6,7,2,1130,1,1,1,7,7,657,4946000,36100,760,9,2,2,0,1,1,0,70,1,0,1,0,1
200600042437,6,7,28,1215,1,1,1,1,3,533,4950100,27000,760,3,2,2,0,1,3,0,77,1,0,1,0,0
200600042438,6,7,30,1730,1,2,1,8,1,537,4920000,103300,760,4,2,1,0,1,2,0,45,1,0,1,0,0
200600042440,6,7,23,600,2,1,1,1,6,263,4946400,150200,760,2,2,2,0,1,3,0,76,1,0,3,0,0
200600042441,6,7,14,300,3,1,2,1,3,718,4961900,68800,760,2,2,2,0,0,1,0,0,1,5,1,0,0
200600042442,6,7,10,1130,1,1,1,1,6,370,4963600,97200,760,3,2,0,0,1,2,0,57,1,0,3,0,0
200600042445,6,7,11,1915,1,2,1,1,7,748,4982300,63700,760,3,2,0,0,0,3,0,60,1,0,1,0,0
200600042448,6,7,9,1200,1,2,1,1,6,158,4978100,84000,760,3,2,2,0,1,1,0,62,1,0,1,0,0
200600042451,6,7,13,1945,1,2,6,1,6,17,4899500,115800,270,4,1,1,0,1,2,0,0,1,0,1,0,0
200600042454,6,7,2,100,3,1,1,1,7,634,4890300,117200,270,2,2,2,0,1,1,0,55,1,0,3,0,0
200600042455,6,7,1,2345,3,1,1,1,2,144,4886800,132000,270,3,2,2,0,1,3,0,41,1,0,1,0,0
200600042458,6,7,23,415,3,1,1,1,7,383,4875100,87600,270,3,2,2,0,1,3,0,67,1,0,3,0,0
200600042463,6,7,29,2215,5,2,1,1,1,67,4929400,171500,270,3,2,2,0,3,2,0,79,1,0,1,0,0
200600042464,6,7,10,1845,1,2,1,1,1,56,4909500,59400,270,9,2,2,0,2,2,0,60,1,0,1,0,0
200600042465,6,7,12,1615,1,2,1,1,3,56,4909600,59500,270,4,2,2,0,1,1,0,60,1,0,1,0,0
200600042467,6,7,21,930,1,1,2,1,3,179,4914800,53900,270,3,2,2,0,1,1,0,43,1,0,1,0,0
200600042468,6,7,22,1700,1,1,1,1,1,569,4910900,52800,270,3,2,2,0,1,3,0,66,1,0,1,0,0
200600042470,6,7,25,2015,1,1,1,2,7,398,4909700,65000,270,3,2,2,0,1,2,0,0,2,0,1,0,0
200600042477,6,7,11,1615,1,1,1,1,2,3,4917000,117400,270,2,3,0,3,1,1,0,177,1,0,2,0,0
200600042478,6,7,8,205,5,2,1,1,7,22,4918000,133900,270,4,2,2,0,0,1,0,56,1,0,4,0,0
200600042481,6,7,13,845,1,1,1,1,2,188,4930800,112000,270,3,2,2,0,1,1,11,83,1,0,1,0,0
200600042485,6,7,2,330,3,1,1,1,6,591,4924400,38100,270,3,2,2,0,2,1,0,68,1,0,3,0,0
200600042489,6,7,15,2115,1,1,1,1,1,143,4827000,199400,350,3,2,0,0,1,1,0,51,1,0,1,0,0
200600042490,6,7,28,2000,2,1,2,1,3,58,4827000,184000,350,3,2,2,0,1,1,0,0,1,0,1,0,0
200600042495,6,7,15,1830,1,1,1,1,1,273,4839000,123800,350,3,2,0,0,0,2,100,0,1,0,1,0,0
200600042496,6,7,16,1130,1,2,3,1,5,4,4846300,149000,350,3,2,0,0,2,1,0,0,1,0,1,0,0
200600042497,6,7,11,1745,1,1,2,1,3,237,4772400,197200,350,3,2,0,0,1,1,0,114,1,5,1,0,0
200600042500,6,7,1,1530,1,2,1,1,3,126,4797100,179100,350,3,2,0,3,1,1,0,0,1,0,1,0,0
200600042502,6,7,10,1330,1,1,1,1,3,168,4791300,199000,350,3,2,2,0,1,1,0,115,1,5,1,0,0
200600042511,6,7,12,1845,1,2,9,7,6,95,4855400,174800,350,4,0,2,1,2,1,0,0,1,0,1,0,0
200600042512,6,7,15,715,1,1,1,1,7,259,4861200,166600,350,4,2,0,0,1,2,40,0,1,0,3,0,0
200600042514,6,7,27,1445,1,1,1,1,6,34,4851900,166300,350,3,2,2,0,1,2,0,60,1,0,3,0,0
200600042516,6,7,5,1830,1,2,1,1,1,228,4857600,205900,350,3,2,2,0,1,4,0,74,2,0,1,0,0
200600042520,6,7,21,2015,5,2,1,3,6,235,4792900,124100,350,3,2,2,0,1,1,0,60,2,0,1,3,0
200600042522,6,7,29,1530,1,1,1,2,1,244,4830200,304200,220,3,2,2,0,1,2,0,62,2,0,1,0,0
200600042523,6,7,9,500,3,1,1,8,7,160,4844000,246900,220,2,3,0,0,1,1,30,70,1,0,3,0,0
200600042524,6,7,17,1145,1,1,1,1,1,160,4845900,246600,220,4,2,2,0,1,2,0,36,1,0,1,0,0
200600042528,6,7,15,2015,1,2,1,1,1,68,4824500,280200,220,4,2,2,0,2,3,0,32,1,0,1,0,0
200600042529,6,7,2,2200,3,1,1,1,3,186,4857300,255000,220,3,2,2,0,2,1,0,60,1,0,1,0,0
200600042530,6,7,15,715,1,1,1,1,6,81,4851300,266800,220,3,3,1,0,1,1,40,65,1,0,3,0,0
200600042531,6,7,15,1015,1,1,1,7,1,242,4862500,240500,220,3,2,0,0,1,1,0,70,1,0,1,0,0
200600042534,6,7,15,1000,1,1,1,1,3,32,4828900,214600,220,3,2,0,0,1,2,0,40,1,0,0,0,0
200600042537,6,7,26,930,1,1,1,1,1,201,4809400,251100,220,3,2,0,0,1,3,0,40,1,0,1,0,0
200600042538,6,7,29,1045,1,1,1,1,1,143,4860000,227400,220,3,2,0,0,1,1,0,0,1,0,1,0,0
200600042539,6,7,30,545,2,2,1,1,6,286,4853200,240100,220,3,2,2,0,1,2,0,0,1,0,1,0,0
200600042540,6,7,31,1530,1,1,1,1,5,174,4862000,233000,220,3,2,2,0,3,1,0,60,1,0,1,0,0
200600042541,6,7,19,1900,1,1,1,1,3,297,4827700,253100,220,3,2,2,0,1,1,0,62,1,5,1,0,0
200600042542,6,7,18,1010,1,2,1,7,6,70,4856000,314000,220,3,2,1,0,1,0,0,0,1,0,1,0,0
200600042543,6,7,19,1630,1,2,1,1,1,70,4856500,315300,220,4,2,2,0,1,1,0,0,1,0,3,0,0
200600042545,6,7,3,1700,1,1,1,1,6,220,4823800,327500,220,4,2,1,0,1,2,0,40,1,0,1,0,0
200600042549,6,7,30,1730,1,1,1,1,2,226,4870300,349800,220,3,2,2,0,1,1,0,52,1,0,1,0,0
200600042551,6,7,19,45,3,2,1,1,7,363,4881300,337300,220,4,0,0,0,3,0,0,0,1,0,1,0,0
200600042552,6,7,12,1515,1,2,1,1,6,362,4879000,322300,220,3,2,1,0,1,1,0,67,1,0,1,0,0
200600042555,6,7,19,1435,1,2,1,1,6,168,4804300,470200,290,3,2,2,0,1,1,0,0,1,0,3,0,0
200600042558,6,7,9,530,4,1,1,2,6,58,4785700,404000,290,3,2,2,0,1,1,0,71,2,0,3,0,0
200600042559,6,7,25,1645,1,1,1,2,7,58,4786700,404600,290,4,2,2,0,0,1,0,50,1,0,3,0,1
200600042560,6,7,6,745,1,1,1,1,3,165,4782900,422800,290,3,2,0,0,1,1,0,63,1,0,1,0,0
200600042562,6,7,22,1115,1,2,1,1,1,135,4783500,417500,290,4,2,1,0,1,1,0,60,1,0,1,3,0
200600042563,6,7,27,1145,1,2,1,1,5,135,4783900,418800,290,3,2,2,0,4,1,0,70,1,5,1,0,0
200600042564,6,7,20,1245,1,2,9,1,6,103,4846400,425300,290,6,2,2,3,1,1,0,0,1,6,1,0,0
200600042565,6,7,29,1845,1,1,1,3,1,181,4847000,422000,290,3,2,0,0,2,2,0,68,2,0,1,0,0
200600042567,6,7,9,1645,1,1,1,1,6,91,4864000,438000,290,3,2,2,0,1,1,0,55,1,0,3,0,0
200600042569,6,7,27,1115,1,1,1,1,1,195,4863500,454200,290,4,2,0,0,1,1,0,50,1,0,1,0,0
200600042570,6,7,17,545,2,1,1,1,1,149,4846900,451400,290,3,2,2,0,1,1,0,77,1,0,1,0,0
200600042571,6,7,26,2000,1,1,1,1,3,176,4810000,424500,290,3,2,2,0,0,4,0,65,1,0,1,0,1
200600042572,6,7,9,1230,1,1,2,1,3,106,4808200,406600,290,3,2,0,0,1,1,0,67,1,0,1,0,0
200600042575,6,7,2,1030,1,1,9,1,3,30,4866400,412700,290,3,2,3,0,1,1,43,80,1,5,1,0,0
200600042579,6,7,17,1000,1,2,1,1,1,8,4762500,291300,560,9,0,0,0,0,0,0,0,0,0,0,0,1
200600042580,6,7,18,850,1,1,1,1,2,206,4769100,276500,560,3,2,2,0,1,1,0,65,1,0,1,0,0
200600042581,6,7,11,1200,1,1,1,1,3,239,4769800,217200,560,4,2,2,0,1,1,0,49,9,0,1,0,0
200600042583,6,7,13,2045,1,1,1,1,7,153,4759800,231200,560,3,2,1,0,2,4,0,50,1,0,1,0,0
200600042588,6,7,8,1845,1,2,1,1,3,34,4757800,306600,560,3,2,2,0,1,1,0,100,1,0,1,0,0
200600042590,6,7,23,1,3,1,1,1,6,168,4759700,311200,560,4,2,0,0,1,1,0,0,1,0,1,0,0
200600042595,6,7,3,1700,1,1,1,1,1,222,4784900,268600,560,3,2,0,0,2,1,0,59,1,0,1,0,1
200600042596,6,7,9,715,1,1,1,1,6,47,4803700,278800,560,3,2,2,0,1,1,0,50,1,0,3,0,0
200600042597,6,7,10,2200,2,1,1,1,6,71,4789400,264000,560,3,2,0,0,1,1,0,46,1,0,1,0,1
200600042598,6,7,1,1010,1,1,1,1,5,151,4806700,284400,560,3,2,2,0,1,1,0,70,1,0,1,0,0
200600042599,6,7,4,915,1,1,2,1,3,41,4811800,312000,560,3,2,0,0,1,0,0,80,1,5,1,0,0
200600042601,6,7,25,745,1,2,2,1,3,213,4811100,288600,560,4,2,2,0,0,1,0,0,1,0,1,0,0
200600042602,6,7,27,1545,1,1,1,1,1,237,4802600,291000,560,3,2,2,0,1,1,0,72,1,0,1,0,1
200600042603,6,7,6,400,3,1,1,1,7,66,4811400,365000,560,4,2,1,0,2,2,0,0,1,0,3,0,0
200600042604,6,7,23,830,1,1,1,1,1,66,4815700,357700,560,3,3,2,0,2,1,0,60,1,0,1,0,0
200600042605,6,7,30,530,2,1,1,5,7,14,4795300,335200,560,3,2,2,0,1,1,0,48,2,0,1,0,1
200600042606,6,7,12,1840,1,1,1,1,1,44,4928900,41600,140,3,2,2,0,1,4,0,55,1,0,1,0,0
200600042608,6,7,3,1915,1,1,1,3,2,160,4906000,28600,140,2,3,4,0,1,1,10,420,2,0,1,0,0
200600042609,6,7,18,2200,1,2,1,1,6,516,4897200,24100,140,9,2,0,0,0,1,0,65,1,0,1,0,0
200600042611,6,7,5,1630,1,1,1,1,7,449,4912200,60000,140,3,2,2,0,1,1,0,0,1,0,3,0,0
200600042616,6,7,25,300,3,1,1,1,6,753,4893700,26400,140,3,2,2,0,1,3,0,0,1,0,0,0,0
200600042617,6,7,4,1115,1,1,1,1,7,489,4907400,1200,140,3,2,2,0,1,1,0,70,1,0,3,0,0
200600042618,6,7,8,100,5,1,1,1,6,431,4907200,6500,140,3,2,2,0,1,2,0,51,1,0,3,0,0
200600042621,6,7,9,1945,1,2,1,1,3,621,4905400,36700,140,3,2,0,0,1,1,63,0,1,0,1,0,0
200600042623,6,7,22,500,3,1,1,1,6,286,4935800,24200,140,3,2,2,0,1,1,0,59,1,0,3,0,1
200600042624,6,7,24,1400,1,1,2,1,3,85,4925700,32700,140,3,2,0,0,1,1,0,38,1,0,1,0,0
200600042626,6,7,30,1030,1,1,1,1,5,70,4919500,4600,140,3,2,0,0,0,3,0,0,2,0,1,0,0
200600042629,6,7,3,900,1,2,1,1,6,762,4884900,88400,140,9,2,2,0,2,1,0,50,1,0,1,0,0
200600042631,6,7,26,1745,1,2,1,1,3,762,4886000,87700,140,3,2,2,0,1,1,0,0,1,0,1,0,0
200600042635,6,7,27,2130,1,1,1,1,1,521,4889200,78300,140,3,2,2,0,1,1,0,52,1,0,1,0,0
200600042636,6,7,14,2345,3,1,1,1,6,180,4900400,109000,500,3,2,2,0,1,1,0,62,1,0,1,0,1
200600042637,6,7,20,900,1,1,1,1,1,338,4888600,108600,500,3,2,0,0,0,4,0,32,8,0,1,0,0
200600042638,6,7,23,1815,1,2,1,1,6,159,4904500,121800,500,3,2,0,0,2,0,0,40,1,0,1,0,1
200600042640,6,7,24,830,1,1,1,1,6,148,4917900,99900,500,3,2,2,0,1,1,0,50,1,0,3,0,0
200600042642,6,7,5,1200,1,1,2,1,3,531,4868600,127300,500,3,2,0,0,1,0,0,60,1,0,1,0,0
200600042643,6,7,4,1545,1,2,1,1,3,167,4871600,149700,500,4,1,0,0,2,1,0,42,0,0,1,3,0
200600042644,6,7,7,1500,1,1,2,2,3,188,4883900,140300,500,3,3,4,0,1,1,33,263,2,5,3,0,0
200600042647,6,7,26,2000,1,1,1,1,3,9,4875300,149400,500,3,2,0,0,1,1,0,62,1,0,1,0,0
200600042650,6,7,1,2045,1,1,1,1,6,643,4958100,171100,500,3,2,2,0,2,1,0,70,1,0,3,0,0
200600042653,6,7,13,1630,1,1,1,1,3,77,4964800,150700,500,3,0,2,0,1,1,0,70,1,0,1,0,0
200600042660,6,7,3,1730,1,1,1,1,3,249,4936800,128100,500,3,1,0,0,1,1,0,38,1,3,1,0,0
200600042662,6,7,14,1000,1,1,1,1,6,194,4943700,133600,500,2,3,2,0,1,1,20,85,0,0,1,0,0
200600042663,6,7,17,1300,1,1,2,1,3,49,4938900,163400,500,3,2,0,0,1,1,0,47,1,0,1,0,0
200600042666,6,7,21,500,3,1,1,1,6,506,4906900,154700,500,3,2,2,0,1,3,0,66,1,0,3,0,0
200600042668,6,7,24,1745,1,1,1,1,3,111,4904200,130400,500,3,2,2,0,2,1,0,80,1,0,1,0,0
200600042671,6,7,22,530,2,1,1,1,1,267,4921600,151800,500,3,2,2,0,1,4,0,72,1,0,1,0,0
200600042673,6,7,31,315,3,1,1,1,6,131,4871000,102000,500,3,2,2,0,1,3,0,60,1,0,3,0,0
200600042679,6,7,6,1230,1,1,1,1,6,275,4870000,31000,610,3,2,2,0,2,4,0,70,1,0,3,0,0
200600042681,6,7,28,1145,1,1,1,1,2,193,4878000,56000,610,3,2,1,0,1,1,0,56,1,0,1,0,0
200600042685,6,7,10,2100,1,2,1,1,2,200,4852000,44500,610,3,2,2,0,1,1,0,52,1,0,1,0,0
200600042695,6,7,28,2330,5,1,6,1,1,215,4717400,148000,440,4,2,0,2,0,1,0,70,0,5,1,0,0
200600042698,6,7,15,900,1,1,1,1,6,28,4734700,134600,440,3,2,2,0,1,2,100,90,1,0,3,0,0
200600042699,6,7,18,1015,1,1,1,1,1,54,4767000,129000,440,3,2,2,0,1,1,0,69,1,0,1,0,1
200600042701,6,7,18,830,1,1,1,7,5,7,4763900,195600,440,3,2,2,0,1,1,0,64,1,0,1,0,1
200600042704,6,7,12,2030,1,1,1,1,3,149,4751400,155700,440,3,2,2,0,1,1,0,67,1,0,1,0,0
200600042707,6,7,24,1545,1,1,1,1,7,73,4742000,163000,440,3,2,0,0,4,1,0,0,1,0,3,0,0
200600042708,6,7,25,1345,1,1,1,1,7,73,4745000,161000,440,3,2,0,0,0,1,0,0,1,0,1,0,0
200600042709,6,7,30,1800,1,1,1,1,6,113,4757000,163400,440,2,3,4,0,1,1,50,70,1,0,2,0,0
200600042710,6,7,3,1845,1,2,9,1,3,166,4720400,173500,440,4,0,0,0,2,3,0,0,1,0,1,0,0
200600042712,6,7,2,1815,1,2,1,1,2,40,4712200,192900,440,3,2,2,0,0,1,0,60,1,0,1,0,0
200600042713,6,7,8,715,1,1,1,1,4,40,4712400,192200,440,3,2,0,0,1,3,0,72,1,0,1,0,1
200600042714,6,7,26,430,3,1,1,1,6,106,4711000,195500,440,3,2,0,0,0,2,0,0,1,0,1,0,0
200600042715,6,7,11,1930,1,1,1,1,3,182,4718200,213100,440,3,2,2,0,1,2,0,60,1,0,1,0,0
200600042716,6,7,26,2015,1,2,6,1,3,154,4725900,216600,440,9,2,2,0,1,1,0,70,1,5,1,0,0
200600042717,6,7,29,1915,1,2,1,1,1,187,4721100,204300,440,4,2,2,0,0,1,0,70,1,5,1,0,0
200600042718,6,7,31,215,3,1,1,1,1,5,4711900,195500,440,3,2,2,0,1,1,60,0,1,0,1,0,0
200600042726,6,7,7,1415,1,1,1,1,3,98,4747700,219900,440,3,2,2,0,1,1,0,60,1,0,1,0,1
200600042729,6,7,13,2030,1,1,1,1,6,161,4752300,204000,440,3,2,0,0,1,1,0,0,1,0,1,0,0
200600042730,6,7,28,1630,1,1,1,1,6,98,4752600,210800,440,3,2,2,0,4,2,0,60,1,0,3,0,0
200600042731,6,7,28,2015,1,1,1,1,1,98,4750700,212700,440,3,2,0,0,1,1,0,81,1,0,1,0,0
200600042735,6,7,9,100,4,1,1,1,3,78,4734000,42800,490,3,2,2,0,3,1,0,80,1,0,1,0,1
200600042737,6,7,26,1930,1,2,1,1,1,318,4739000,43000,490,3,2,2,0,3,3,0,65,1,0,1,0,1
200600042739,6,7,4,1545,1,1,1,1,3,323,4751200,48000,490,3,2,2,0,2,1,70,0,1,0,1,0,0
200600042740,6,7,24,1845,1,1,1,1,2,377,4754900,43400,490,3,2,2,0,1,1,0,62,1,0,1,0,0
200600042746,6,7,8,100,5,2,1,1,6,23,4720300,99500,490,3,2,2,0,2,3,0,80,1,0,4,0,0
200600042747,6,7,17,1915,1,2,1,1,6,281,4715300,75900,490,9,2,2,0,2,3,0,0,1,0,1,0,0
200600042748,6,7,23,30,5,2,1,1,7,23,4720400,99500,490,3,2,2,0,2,1,0,80,1,0,1,0,0
200600042762,6,7,5,1,3,1,1,3,7,374,4725400,1200,490,2,2,2,0,0,1,0,0,2,0,1,0,0
200600042766,6,7,2,1730,1,1,1,1,7,321,4746300,95900,490,3,2,0,0,3,1,0,40,1,0,3,0,0
200600042767,6,7,21,1645,1,1,2,1,3,132,4768500,43700,490,3,2,0,0,1,0,0,0,1,0,0,0,0
200600042769,6,7,6,1830,1,1,1,1,7,265,4810800,29900,530,3,2,2,0,2,3,0,36,1,0,1,0,0
200600042772,6,7,31,2230,2,1,1,1,6,136,4784400,70200,530,4,2,2,0,1,1,0,38,1,0,3,0,0
200600042775,6,7,21,1945,1,2,1,1,6,125,4848300,103200,530,9,2,3,0,0,0,0,0,0,0,0,0,0
200600042777,6,7,17,1345,1,1,1,7,6,230,4851200,41600,530,3,2,2,0,2,1,0,75,1,2,3,0,1
200600042785,6,7,12,1530,1,1,1,1,3,253,4789000,9000,720,3,2,0,0,2,3,0,50,1,0,1,0,1
200600042787,6,7,27,1700,1,1,1,1,6,25,4770100,17100,720,3,2,0,0,4,2,0,50,1,0,1,0,0
200600042788,6,7,14,1230,1,1,1,1,6,183,4773700,54200,720,3,2,1,0,0,1,0,80,1,0,1,0,0
200600042789,6,7,19,1815,1,1,1,1,1,28,4777000,39500,720,3,2,2,0,0,4,0,35,1,0,1,0,0
200600042790,6,7,6,1945,1,2,1,1,3,136,4790600,22000,720,3,2,2,0,4,1,0,65,1,0,1,0,0
200600042791,6,7,29,1830,1,1,1,1,7,377,4774100,10700,720,4,2,2,0,4,3,0,32,1,0,0,0,0
200600042793,6,7,8,15,3,1,1,1,6,226,4781100,11100,720,3,2,0,0,2,3,0,47,1,0,1,0,0
200600042798,6,7,30,1315,1,1,1,1,6,39,4820500,44800,720,3,2,2,0,2,2,0,50,9,0,1,0,0
200600042803,6,7,11,1215,1,1,1,1,6,137,4844900,25600,720,3,2,2,0,4,3,70,0,1,0,1,0,0
200600042807,6,7,8,2130,1,1,6,1,7,27,4695100,135000,850,3,0,1,0,1,0,0,0,1,0,0,0,0
200600042813,6,7,6,830,1,1,1,2,5,111,4634000,90600,850,3,2,2,0,0,1,0,61,2,0,1,0,0
200600042814,6,7,15,1845,1,1,1,1,3,297,4641200,117900,850,3,2,0,0,1,2,0,60,1,0,1,0,0
200600042815,6,7,17,1145,1,2,1,1,3,117,4645000,126600,850,3,2,0,0,1,1,0,60,1,0,1,0,0
200600042819,6,7,21,2330,3,1,1,1,1,59,4664100,72300,850,3,2,0,0,2,4,0,60,1,0,1,0,0
200600042820,6,7,1,1000,1,1,2,1,3,96,4689100,188700,850,3,2,2,0,1,1,0,60,1,0,1,0,1
200600042844,6,7,27,1330,1,1,1,1,6,233,4512000,37000,330,2,3,2,0,1,1,30,110,1,0,1,0,1
200600042845,6,7,19,1600,1,1,1,3,3,434,4493800,54400,330,3,2,2,0,1,1,0,70,2,0,1,0,0
200600042846,6,7,23,1900,1,1,1,1,7,487,4496900,47200,330,3,2,2,0,1,1,0,60,1,0,1,0,0
200600042847,6,7,15,2300,5,2,6,1,3,140,4477900,34600,330,3,1,0,0,1,2,0,0,1,0,1,0,0
200600042850,6,7,5,1215,1,1,1,1,3,337,4455000,31000,330,3,2,0,0,1,1,0,70,1,5,1,0,0
200600042851,6,7,16,2245,3,1,1,1,7,327,4465000,34000,330,3,2,2,0,1,1,0,70,1,2,1,0,0
200600042852,6,7,31,1200,1,1,1,1,7,30,4461000,32000,330,3,2,2,0,1,1,0,50,1,0,1,0,0
200600042853,6,7,8,1415,1,2,1,1,6,227,4455900,24700,330,3,1,2,0,1,2,0,60,1,0,1,0,0
200600042854,6,7,12,1715,1,2,1,1,6,60,4455000,35500,330,4,2,2,0,1,1,0,50,1,5,1,0,0
200600042855,6,7,1,815,1,2,1,1,1,46,4437000,24000,330,2,2,2,0,1,3,0,68,1,0,1,0,0
200600042856,6,7,12,1000,1,1,1,1,3,305,4446700,30200,330,3,2,2,0,1,1,0,110,1,5,1,0,0
200600042858,6,7,28,700,1,1,1,1,6,95,4429300,25600,330,2,0,0,0,1,2,0,72,1,0,1,0,0
200600042860,6,7,24,915,1,2,9,1,3,484,4443000,48700,330,3,2,0,0,1,1,0,58,1,0,1,0,0
200600042864,6,7,1,1845,1,2,1,1,6,248,4507800,79100,330,2,2,2,0,2,1,10,80,1,0,1,0,0
200600042865,6,7,31,600,2,1,1,1,3,248,4505300,79700,330,2,2,2,0,1,1,0,0,1,0,1,0,0
200600042866,6,7,30,1515,3,1,1,1,6,314,4523600,86200,330,4,2,0,0,1,2,0,52,1,0,3,0,0
200600042867,6,7,22,2000,1,1,1,1,1,490,4543700,104800,330,2,2,2,0,1,1,0,0,1,5,1,0,0
200600042870,6,7,29,1545,1,1,1,1,3,157,4482200,25300,330,3,2,3,0,1,1,0,0,1,5,1,0,0
200600042873,6,7,24,145,5,1,6,1,6,207,4492000,34300,330,3,3,2,0,1,1,60,0,1,0,1,0,0
200600042884,6,7,3,30,3,2,1,1,6,572,4463000,84000,240,3,3,0,0,1,1,5,69,1,0,1,0,1
200600042889,6,7,18,1900,1,2,1,1,1,352,4524900,35400,240,4,2,0,0,0,1,0,44,1,0,1,0,1
200600042890,6,7,11,1530,1,1,1,1,1,299,4502900,37500,240,3,2,2,0,1,3,0,62,1,0,1,0,1
200600042893,6,7,31,215,3,1,1,1,3,510,4484200,111900,240,3,2,2,0,1,1,0,66,1,0,1,0,0
200600042894,6,7,27,1530,1,2,1,1,1,62,4392300,60400,400,3,2,0,0,0,2,0,0,1,0,1,0,0
200600042899,6,7,7,1700,1,1,1,1,3,150,4382700,125800,400,3,2,2,0,0,1,0,60,1,5,1,0,0
200600042900,6,7,16,1645,1,1,1,1,3,157,4403000,128200,400,3,2,2,0,1,3,0,62,1,0,1,0,1