Num_Acc,an,mois,jour,hrmn,lum,agg,int,atm,col,com,lat,long,dep,catr,circ,nbv,vosp,prof,plan,lartpc,larrout,surf,infra,situ,env1,killed
200600042901,6,7,5,1645,1,2,1,1,5,224,4355000,110300,400,2,2,2,0,1,1,0,75,1,0,1,0,0
200600042902,6,7,10,1015,1,1,1,1,6,212,4357800,114300,400,3,0,2,0,2,1,0,88,1,0,3,0,1
200600042903,6,7,10,1115,1,1,1,1,1,77,4355000,103500,400,2,2,0,0,3,1,0,65,1,0,1,0,0
200600042904,6,7,25,2300,3,1,1,1,6,132,4354800,100100,400,3,2,2,0,2,2,0,0,1,0,3,0,0
200600042905,6,7,1,430,3,2,1,1,7,36,4363500,136600,400,2,2,1,3,1,1,0,0,1,0,1,0,1
200600042908,6,7,13,1715,1,1,1,1,3,296,4368000,138400,400,3,2,2,0,1,1,0,59,1,0,1,0,0
200600042909,6,7,14,1700,3,1,1,1,6,304,4366700,138100,400,3,2,2,0,2,1,0,68,1,0,3,0,0
200600042910,6,7,28,630,3,1,1,2,6,296,4372700,141400,400,3,2,2,0,4,2,0,61,2,0,3,0,1
200600042916,6,7,9,130,5,2,1,1,6,307,4433500,58700,400,3,2,2,0,1,2,0,51,1,0,3,0,0
200600042921,6,7,12,1200,1,1,1,1,6,16,4366800,50100,400,3,2,2,0,2,2,0,50,1,0,3,0,0
200600042931,6,7,15,2030,1,1,1,1,7,114,4438000,10600,470,3,2,2,0,1,1,0,70,1,0,1,0,0
200600042932,6,7,17,1945,1,1,1,1,1,233,4455200,8400,470,2,2,2,0,1,1,0,80,1,0,1,0,0
200600042934,6,7,19,1930,1,2,1,1,1,326,4451000,22000,470,3,2,0,0,1,1,0,70,1,0,1,3,0
200600042937,6,7,15,1930,1,1,1,1,7,144,4458800,43600,470,3,2,2,0,3,2,0,57,1,0,1,0,0
200600042942,6,7,30,400,3,1,1,1,6,26,4434400,5000,470,3,2,2,0,2,1,0,55,1,0,3,0,0
200600042953,6,7,18,2115,1,2,1,1,6,386,4318000,24000,640,3,2,2,0,1,3,0,68,1,0,1,0,1
200600042956,6,7,15,1300,1,1,1,1,6,484,4317100,121700,640,3,2,0,0,1,1,0,110,1,0,1,0,0
200600042959,6,7,7,1700,1,2,1,1,2,430,4349000,76000,640,2,2,2,0,1,1,20,66,1,0,1,0,0
200600042963,6,7,8,1845,1,1,1,1,1,297,4656400,26400,860,3,2,2,0,0,1,0,0,1,0,1,0,0
200600042964,6,7,13,830,1,1,1,1,5,256,4652300,48200,860,3,2,2,0,1,1,0,57,1,0,1,0,0
200600042969,6,7,26,1545,1,2,1,1,1,82,4630300,18200,860,4,2,2,0,1,1,0,68,1,0,1,0,0
200600042975,6,7,18,1045,1,1,1,1,7,129,4682500,79800,860,4,2,0,0,2,3,0,36,1,0,3,0,0
200600042977,6,7,1,330,3,1,1,1,1,170,4634900,79600,860,2,2,2,0,1,1,0,72,1,0,1,0,1
200600042978,6,7,2,1515,1,1,1,1,5,170,4632200,82400,860,2,2,2,0,1,1,0,76,1,0,1,0,0
200600042979,6,7,22,1100,1,2,1,1,6,165,4642300,85400,860,3,2,2,0,1,1,0,62,1,0,1,0,0
200600042982,6,7,10,2100,1,1,1,1,7,285,4642300,63200,860,3,2,2,0,1,1,0,48,1,0,3,0,0
200600042983,6,7,2,945,1,1,1,1,3,118,4645200,98500,860,3,2,2,0,1,1,0,64,1,5,1,0,0
200600042984,6,7,24,1645,1,1,1,1,4,276,4545600,15400,160,2,3,4,3,1,1,10,160,1,0,1,0,1
200600042988,6,7,6,1715,1,2,1,2,6,409,4601500,8600,160,3,2,2,0,1,1,0,65,2,0,3,0,1
200600042993,6,7,8,445,2,1,1,1,2,407,4620500,102800,170,2,3,4,0,1,1,30,70,1,0,1,0,0
200600043007,6,7,22,1430,1,2,1,7,1,104,4530800,23300,170,2,2,2,0,1,1,0,59,1,0,1,0,0
200600043008,6,7,2,1500,1,1,1,1,7,189,4583100,100400,170,4,0,1,0,1,1,0,26,9,0,3,0,1
200600043010,6,7,30,2100,2,1,1,1,3,58,4583900,113300,170,3,2,2,1,1,1,0,68,1,0,1,0,1
200600043014,6,7,14,2200,2,2,1,1,1,225,4573000,117500,170,4,2,0,1,1,1,0,0,1,0,1,0,0
200600043018,6,7,8,1830,1,1,1,1,6,86,4573400,58800,170,3,2,2,0,1,2,0,69,1,0,1,0,0
200600043025,6,7,25,345,3,1,1,1,7,239,4579000,33000,170,3,2,2,0,1,3,0,62,1,0,3,0,0
200600043027,6,7,5,1930,1,1,1,1,3,298,4626400,44300,790,4,2,0,0,1,2,0,62,1,0,1,0,0
200600043028,6,7,8,2015,1,1,2,1,3,270,4642700,21200,790,3,2,2,0,2,3,0,0,1,0,1,0,0
200600043029,6,7,14,1700,1,2,2,1,3,270,4642100,19700,790,9,2,2,0,0,1,0,66,1,0,1,0,0
200600043032,6,7,2,1215,1,2,1,1,6,52,4684400,54900,790,3,2,2,0,1,3,25,79,1,0,1,0,0
200600043038,6,7,25,1115,1,2,6,1,7,62,4683200,66200,790,3,1,1,0,1,2,0,50,1,5,4,0,0
200600043039,6,7,15,1515,1,1,1,1,7,327,4628000,24300,790,3,2,3,0,1,1,0,114,0,0,0,0,0
200600043040,6,7,30,1700,1,1,2,1,3,55,4613600,32600,790,3,2,2,0,1,1,0,50,1,0,1,0,0
200600043045,6,7,23,30,4,2,1,1,3,172,4653600,32100,790,3,2,2,0,2,1,0,65,1,0,1,0,0
200600043046,6,7,7,1530,1,1,1,1,2,239,4665800,29000,790,3,2,2,0,1,1,0,60,1,0,1,0,0
200600043049,6,7,9,330,3,1,1,1,7,112,4569200,100800,870,2,2,2,0,2,3,0,76,1,0,0,0,1
200600043051,6,7,11,1615,1,1,1,1,5,28,4621900,91100,870,3,2,2,0,1,1,0,77,1,0,1,0,1
200600043052,6,7,26,900,1,1,1,1,3,100,4603700,94900,870,3,2,2,0,1,1,0,64,1,0,1,0,1
200600043053,6,7,20,2100,1,1,1,1,3,110,4591700,103200,870,3,2,2,0,1,2,0,54,1,0,1,0,0
200600043055,6,7,30,1830,1,1,1,1,7,126,4581800,83400,870,3,2,2,0,3,4,0,61,1,0,3,0,0
200600043057,6,7,23,315,5,2,1,1,1,101,4524600,179200,190,3,2,2,0,2,1,0,68,1,0,1,0,0
200600043058,6,7,8,200,3,1,1,1,6,221,4511800,196300,190,3,2,2,0,2,3,0,60,9,0,3,0,1
200600043064,6,7,27,1530,1,1,1,1,6,57,4506400,166600,190,9,2,2,0,1,2,0,52,1,0,1,0,0
200600043067,6,7,15,1,3,1,1,1,7,246,4523700,144600,190,4,2,2,0,1,1,24,0,1,0,1,0,0
200600043068,6,7,8,2330,5,2,1,1,3,28,4540100,251800,190,9,2,0,0,0,1,0,86,1,0,1,0,0
200600043071,6,7,17,1600,1,1,1,1,3,52,4613300,182100,230,4,2,2,0,1,2,0,32,1,0,1,0,0
200600043072,6,7,28,1830,1,1,1,1,1,32,4636000,221900,230,3,2,2,0,1,1,0,59,2,0,1,0,0
200600043073,6,7,10,1845,1,1,1,1,1,245,4620300,185500,230,3,2,0,0,1,2,0,43,9,0,1,0,0
200600043077,6,7,3,815,1,1,1,1,3,291,4360700,125900,310,2,2,2,0,1,1,0,82,1,0,1,0,0
200600043078,6,7,16,1330,1,2,1,1,1,424,4356500,129800,310,3,2,2,0,2,1,0,68,1,0,1,0,0
200600043079,6,7,15,1130,1,2,1,1,2,433,4352900,140100,310,3,3,4,0,1,1,10,70,1,0,1,0,0
200600043080,6,7,17,1430,1,2,1,1,2,433,4353700,140900,310,3,2,4,0,0,1,150,0,1,0,1,0,0
200600043081,6,7,17,845,1,1,1,1,2,458,4351200,134800,310,3,2,2,0,0,1,75,0,1,0,0,0,0
200600043082,6,7,8,1500,1,2,1,1,3,561,4366100,148000,310,2,2,2,1,0,1,0,75,1,0,1,0,0
200600043085,6,7,26,1015,1,2,1,1,1,117,4368300,153400,310,4,2,0,0,0,1,0,30,1,0,1,0,0
200600043086,6,7,23,1730,1,1,1,1,7,248,4345000,138000,310,4,2,2,0,1,3,0,31,1,0,3,0,0
200600043087,6,7,5,2015,1,2,3,1,3,33,4335500,147700,310,3,2,0,0,1,1,0,60,1,0,1,0,0
200600043088,6,7,15,200,3,1,1,1,1,572,4343000,145700,310,3,2,2,0,1,1,0,72,1,0,1,0,0
200600043089,6,7,17,1745,1,1,1,1,3,233,4342100,144400,310,3,2,2,0,1,1,0,63,1,0,1,0,0
200600043090,6,7,19,1200,1,1,1,1,6,145,4334300,153400,310,3,2,0,0,1,1,0,50,1,0,1,0,0
200600043092,6,7,24,1345,1,1,1,1,3,71,4334600,116300,310,3,2,2,0,1,1,0,47,1,0,1,0,0
200600043093,6,7,23,15,3,1,1,1,6,422,4316800,107300,310,3,2,0,0,4,2,0,52,1,2,3,0,0
200600043095,6,7,25,1115,1,1,1,1,1,76,4312200,65300,310,2,2,0,0,1,1,0,71,1,0,1,0,1
200600043101,6,7,29,1500,1,2,1,1,7,37,4337100,178200,310,2,2,2,0,1,1,0,80,1,0,3,0,0
200600043105,6,7,19,1500,1,2,1,1,3,160,4293600,185300,90,3,2,2,0,1,1,0,55,1,0,1,3,0
200600043109,6,7,9,2045,1,1,1,1,7,229,4295900,192600,90,4,2,0,0,1,1,0,25,1,0,1,0,0
200600043113,6,7,26,2100,1,2,1,1,7,257,4313000,117000,90,4,2,2,0,4,1,0,30,1,0,3,0,0
200600043115,6,7,2,530,2,1,1,1,6,33,4447000,273700,120,3,2,2,0,1,1,60,0,1,0,1,0,1
200600043116,6,7,8,630,2,1,1,5,6,87,4445600,284200,120,3,2,2,0,2,2,48,0,1,0,1,0,1
200600043117,6,7,29,1545,1,1,1,1,1,120,4438900,280700,120,2,2,2,0,1,3,0,74,1,0,1,0,0
200600043119,6,7,5,1130,1,1,1,1,1,142,4440500,235600,120,3,2,2,0,4,2,0,55,2,0,1,0,1
200600043122,6,7,20,1300,1,1,1,1,3,110,4462700,257900,120,4,2,1,0,2,3,0,43,9,0,1,0,0
200600043128,6,7,21,1245,1,1,1,1,6,213,4417800,300800,120,3,2,2,0,1,1,0,73,1,0,1,0,0
200600043129,6,7,23,1230,1,1,1,1,1,253,4414800,277300,120,9,0,2,0,0,0,0,40,0,0,0,0,0
200600043131,6,7,30,215,3,1,1,1,6,196,4434800,296500,120,2,2,2,0,0,3,0,68,1,0,1,0,0
200600043132,6,7,1,1645,1,1,1,1,6,292,4391000,290700,120,3,2,2,0,1,1,0,52,1,0,3,0,0
200600043133,6,7,9,1440,1,2,6,1,6,203,4397900,296200,120,3,2,2,0,2,1,0,0,1,5,1,0,1
200600043134,6,7,26,1545,1,1,1,1,1,25,4382300,277600,120,3,2,2,0,1,1,0,61,1,0,1,0,0
200600043135,6,7,30,1730,1,2,1,1,1,39,4377400,294900,120,4,2,1,0,1,1,0,59,1,0,1,0,0
200600043136,6,7,26,145,5,2,1,1,6,117,4367200,56300,320,3,2,2,0,1,1,0,62,1,0,1,0,0
200600043141,6,7,19,2015,1,1,1,7,7,180,4391400,19600,320,3,2,2,0,1,1,0,60,1,0,1,0,0
200600043143,6,7,19,1400,1,2,1,1,6,208,4393800,63300,320,2,2,2,0,1,1,0,70,1,0,1,0,0
200600043144,6,7,9,915,1,1,1,1,1,256,4351500,42000,320,3,2,2,0,0,2,0,70,1,0,1,0,0
200600043145,6,7,16,1745,1,1,1,1,1,181,4342900,28300,320,2,2,2,0,1,1,0,74,1,0,1,0,1
200600043147,6,7,26,1100,1,1,1,1,4,233,4352000,18100,320,3,2,2,0,1,1,0,62,1,0,1,0,0
200600043148,6,7,11,1730,1,1,1,1,3,27,4369400,24100,320,3,2,2,0,1,1,0,50,1,0,1,0,0
200600043150,6,7,3,730,1,1,1,1,6,62,4450600,120800,460,3,2,2,0,2,1,0,65,1,0,3,0,1
200600043160,6,7,23,430,3,1,1,1,6,16,4490900,153400,460,3,2,2,0,1,1,0,60,1,0,3,0,0
200600043161,6,7,6,1500,1,1,1,1,3,215,4477300,147800,460,3,2,4,0,2,2,0,196,1,5,1,0,0
200600043166,6,7,4,1915,1,2,1,1,4,304,4345900,4000,650,3,2,2,0,1,1,0,64,1,0,1,0,0
200600043173,6,7,12,1930,1,1,5,1,3,303,4394800,248900,810,3,2,0,0,1,1,0,64,1,0,1,0,1
200600043174,6,7,26,1715,1,1,1,1,6,277,4399100,225800,810,3,2,2,0,2,3,0,66,1,0,3,0,0
200600043176,6,7,29,2215,5,2,1,1,6,23,4375600,283100,810,3,2,2,0,2,1,0,54,1,0,1,0,0
200600043177,6,7,15,1930,1,1,1,1,6,215,4376500,186500,810,3,2,2,0,1,3,0,72,1,0,3,0,0
200600043178,6,7,18,1615,1,1,1,1,7,140,4372300,177300,810,3,2,2,0,1,3,0,67,1,0,3,0,1
200600043180,6,7,4,1515,1,2,1,1,2,99,4390400,188800,810,3,2,2,0,1,1,0,0,1,0,1,0,0
200600043181,6,7,12,1500,1,1,1,1,1,38,4388800,191000,810,3,1,2,0,2,1,0,53,1,0,1,0,0
200600043186,6,7,20,2200,3,1,1,1,6,219,4359400,196700,810,3,2,2,0,1,3,0,55,1,0,3,0,1
200600043190,6,7,8,1715,1,1,1,1,3,161,4406800,149700,820,3,2,2,0,1,1,0,65,1,0,1,0,0
200600043194,6,7,29,1845,1,1,1,1,1,114,4389600,124200,820,2,2,2,0,1,1,0,72,1,0,1,0,0
200600043198,6,7,30,2115,1,1,1,1,6,42,4417400,123500,820,4,2,0,0,1,1,0,28,1,0,1,0,1
200600043200,6,7,23,830,1,1,1,1,7,112,4411800,114700,820,3,2,2,0,1,2,0,0,1,0,1,0,0
200600043201,6,7,10,1945,2,1,6,1,1,123,4390400,130800,820,3,2,0,0,1,2,0,40,1,5,1,0,0
200600043203,6,7,24,2100,1,1,1,1,6,105,4387600,120100,820,3,2,2,0,1,1,0,60,1,0,3,0,0
200600043208,6,7,28,800,1,2,1,1,6,204,4569900,479500,690,4,1,0,0,1,0,0,0,1,0,1,0,0
200600043210,6,7,17,1330,1,1,1,1,6,289,4566000,502800,690,3,2,1,0,1,4,0,0,1,0,1,0,0
200600043225,6,7,20,2000,1,2,1,1,3,219,4564900,467700,690,4,2,2,0,1,3,0,0,1,0,1,0,0
200600043227,6,7,9,1830,1,2,1,1,6,58,4618500,466700,690,3,2,0,0,1,1,0,0,1,0,3,0,0
200600043228,6,7,23,1730,1,1,1,1,7,16,4620000,441000,690,3,2,1,0,1,1,0,42,9,0,3,0,0
200600043229,6,7,29,2000,1,1,1,1,6,15,4620200,460000,690,3,2,2,0,2,2,0,68,1,0,3,0,0
200600043231,6,7,10,1800,1,2,2,1,3,19,4611100,473300,690,4,2,1,0,1,1,0,0,1,0,1,0,0
200600043232,6,7,30,1730,1,2,1,2,3,206,4606000,472000,690,3,2,0,0,1,1,0,0,2,0,1,0,0
200600043233,6,7,29,2045,1,1,1,1,7,23,4605000,466000,690,3,2,2,0,1,3,0,60,9,0,1,0,0
200600043261,6,7,2,1900,1,2,1,1,3,135,4628700,602100,10,4,2,2,0,1,1,0,48,1,0,1,0,0
200600043281,6,7,21,945,1,2,1,1,6,181,4475000,474000,70,2,2,2,0,1,1,0,100,1,6,1,0,0
200600043283,6,7,10,1100,1,2,1,1,7,119,4482000,407000,70,4,2,0,0,1,1,0,37,9,0,1,0,1
200600043285,6,7,10,1945,1,1,1,1,1,87,4466000,427000,70,3,2,2,0,1,1,0,49,1,0,1,0,1
200600043289,6,7,2,1530,1,1,1,1,7,324,4506900,478800,70,3,2,0,0,1,1,0,78,1,0,1,0,0
200600043293,6,7,28,1045,1,1,1,1,1,108,4493200,439900,70,3,2,2,0,1,4,0,72,1,0,1,0,0
200600043294,6,7,29,30,5,1,1,2,6,204,4501900,440300,70,3,2,2,0,3,3,0,70,2,5,3,0,1
200600043295,6,7,3,700,1,1,1,1,1,35,4492000,470700,70,4,2,2,0,2,2,0,35,1,0,1,0,0
200600043297,6,7,3,245,3,1,1,1,6,292,4518000,466700,70,4,0,0,0,1,1,0,0,1,0,0,0,0
200600043302,6,7,21,1545,1,1,1,1,6,108,4475600,512800,260,3,2,0,0,0,3,0,70,1,0,1,0,0
200600043307,6,7,16,1730,1,2,1,1,1,106,4464900,478900,260,3,2,2,0,3,2,0,59,1,0,1,0,0
200600043309,6,7,10,1650,1,1,1,1,7,145,4441800,474300,260,3,2,2,0,1,2,50,135,1,0,1,0,0
200600043310,6,7,5,1415,1,1,1,1,2,188,4439100,530600,260,3,2,0,0,2,1,0,52,1,0,1,0,0
200600043311,6,7,11,2225,3,1,1,1,6,203,4449100,487700,260,3,2,0,0,2,1,0,50,1,0,1,0,0
200600043312,6,7,13,1800,1,2,1,1,7,73,4440800,484100,260,4,0,0,0,0,0,0,0,1,0,0,0,0
200600043329,6,7,2,30,5,2,1,1,2,111,4511400,569000,380,2,2,2,0,1,1,0,70,1,0,1,0,0
200600043330,6,7,11,730,1,2,6,1,5,317,4513200,570000,380,2,3,1,0,1,2,0,0,1,5,1,0,0
200600043334,6,7,2,115,5,1,1,1,1,395,4531000,587900,380,3,2,2,0,2,2,0,0,1,0,1,0,0
200600043335,6,7,4,445,3,1,1,1,3,140,4527200,589400,380,3,2,4,0,0,1,0,0,1,3,1,0,0
200600043336,6,7,16,2200,3,1,1,1,7,504,4528600,599600,380,3,2,2,0,0,1,0,0,1,0,3,0,0
200600043338,6,7,22,600,2,1,1,1,7,181,4533200,597000,380,3,2,2,0,1,1,0,73,1,0,3,0,0
200600043347,6,7,14,1830,1,1,4,3,3,266,4496800,571800,380,3,2,0,0,2,2,166,0,2,0,1,0,1
200600043352,6,7,19,1730,1,2,1,1,3,505,4532400,517100,380,3,2,2,0,1,1,55,45,1,0,1,0,0
200600043353,6,7,6,1800,1,2,1,1,6,517,4530000,549000,380,2,2,2,0,1,1,0,70,1,0,1,0,0
200600043355,6,7,18,1200,1,1,1,1,6,138,4572500,525500,380,3,2,0,0,1,2,0,65,1,0,1,0,0
200600043357,6,7,18,1600,1,1,1,1,6,287,4541900,545900,380,3,2,2,0,1,1,0,150,1,5,1,0,0
200600043358,6,7,22,400,3,1,1,1,6,42,4537300,541100,380,2,2,2,0,0,1,0,72,1,0,1,0,0
200600043359,6,7,4,845,1,1,1,1,2,26,4585900,533600,380,3,2,2,0,1,1,0,73,1,0,1,0,0
200600043361,6,7,30,845,5,2,1,1,6,541,4563200,553800,380,2,0,2,0,0,1,0,70,1,0,1,0,0
200600043362,6,7,10,1145,1,2,1,7,3,292,4548400,556900,380,3,2,2,0,1,1,0,51,1,0,1,0,0
200600043363,6,7,13,1800,1,2,1,1,3,315,4554000,567100,380,2,0,0,0,0,0,0,0,0,0,0,0,0
200600043364,6,7,20,1045,1,2,2,1,3,315,4553800,567200,380,3,0,2,0,1,1,0,60,1,5,1,0,0
200600043369,6,7,5,1600,1,1,1,8,1,131,4546000,486600,380,4,2,2,0,2,4,0,42,2,0,1,0,0
200600043370,6,7,13,1715,1,1,1,1,6,336,4549000,483300,380,2,2,2,0,0,2,28,83,1,0,1,0,0
200600043372,6,7,29,1415,1,1,1,1,2,238,4550500,501100,380,3,2,2,0,1,1,0,135,1,5,1,0,0
200600043373,6,7,3,1715,1,1,1,1,7,300,4534700,518300,380,3,2,2,0,1,1,0,0,1,0,0,0,1
200600043375,6,7,2,1645,1,1,1,1,7,34,4543300,517700,380,4,2,2,0,2,1,0,39,1,0,1,0,1
200600043376,6,7,14,2145,5,2,1,1,3,130,4539100,527300,380,3,2,2,0,1,1,37,108,2,5,1,0,0
200600043377,6,7,22,2115,5,2,6,1,1,134,4544800,500000,380,3,2,1,0,2,1,0,50,1,5,1,0,0
200600043378,6,7,29,1815,1,1,2,1,1,130,4539100,525300,380,4,2,1,0,1,1,0,0,1,5,1,0,0
200600043379,6,7,10,1215,1,2,1,1,6,189,4564100,505200,380,4,2,2,0,0,2,0,100,1,0,3,0,1
200600043380,6,7,1,2030,1,1,1,1,6,11,4578800,515800,380,3,2,2,0,1,2,0,66,1,0,3,0,0
200600043381,6,7,1,1130,1,2,1,1,2,344,4537500,480700,380,3,2,2,0,1,1,0,80,1,0,1,0,0
200600043383,6,7,27,1330,1,1,1,1,1,23,4530300,458000,420,2,2,2,0,1,1,0,70,1,0,1,0,0
200600043385,6,7,29,945,1,2,1,1,6,5,4553100,425600,420,3,2,2,0,2,1,0,70,1,0,1,0,0
200600043391,6,7,7,1930,1,2,1,1,1,222,4559100,431600,420,9,2,2,0,1,1,65,0,1,0,1,0,0
200600043392,6,7,10,1900,1,2,1,1,3,323,4555600,428000,420,9,2,2,0,1,1,60,0,1,0,1,0,0
200600043396,6,7,8,2330,3,1,1,1,7,332,4599900,404400,420,3,2,2,0,1,4,0,60,1,0,1,0,0
200600043401,6,7,18,1530,1,1,1,1,6,325,4596000,412700,420,2,2,3,0,0,1,0,104,1,0,1,0,1
200600043402,6,7,16,1900,1,1,1,1,5,52,4617200,417300,420,3,2,2,0,1,1,0,53,1,0,1,0,0
200600043403,6,7,25,1025,1,2,1,1,7,7,4614100,428000,420,4,0,0,0,2,0,0,0,1,0,1,0,0
200600043404,6,7,18,1345,1,1,1,7,6,157,4612000,399000,420,3,2,2,0,1,1,0,60,1,0,3,0,0
200600043410,6,7,1,1445,1,1,1,1,6,81,4568000,612000,730,4,2,2,0,1,1,0,65,1,0,0,0,0
200600043413,6,7,4,1215,1,1,1,1,1,156,4564200,578800,730,3,2,2,0,1,2,0,54,1,0,1,0,0
200600043415,6,7,5,1945,1,1,1,1,6,229,4545000,580000,730,2,2,2,0,2,2,0,60,2,0,3,0,0
200600043416,6,7,20,1915,1,1,1,1,1,191,4557300,579500,730,3,2,2,0,1,1,0,70,1,0,1,0,0
200600043417,6,7,13,1445,1,2,1,1,6,215,4546100,611800,730,9,0,0,0,1,1,0,0,1,0,1,0,0
200600043418,6,7,7,1515,1,1,1,1,1,124,4565600,635700,730,3,2,2,0,1,1,0,70,1,2,1,0,0
200600043423,6,7,20,930,1,1,1,1,3,256,4519700,646800,730,3,2,0,0,2,1,0,70,1,0,1,0,0
200600043425,6,7,30,1000,1,1,1,1,7,256,4519800,646900,730,3,2,2,0,2,3,0,70,1,0,1,0,0
200600043426,6,7,11,2015,1,2,1,1,1,182,4591900,608900,740,4,2,2,0,1,1,0,80,1,0,1,0,0
200600043431,6,7,31,1650,1,1,1,8,3,267,4584500,615500,740,2,3,2,0,1,1,0,0,1,0,1,0,0
200600043433,6,7,9,645,1,2,1,1,7,80,4590800,642400,740,4,2,0,0,2,1,0,0,1,0,0,0,0
200600043435,6,7,11,2200,5,1,1,1,6,280,4590300,629500,740,6,0,0,0,1,0,0,0,1,0,0,0,0
200600043440,6,7,24,1845,1,1,1,1,4,280,4589800,633900,740,3,0,2,1,1,1,0,84,1,0,1,0,0
200600043443,6,7,8,2245,3,2,1,1,6,81,4606500,657900,740,9,2,2,0,1,1,0,104,1,0,1,0,0
200600043453,6,7,2,1700,2,1,1,1,2,309,4611800,600800,740,2,2,0,0,0,1,74,0,1,5,1,0,1
200600043456,6,7,2,2215,3,1,1,1,5,29,4600700,582000,740,3,2,2,0,1,2,0,65,1,0,1,0,1
200600043457,6,7,1,1315,1,1,1,1,1,195,4601400,595500,740,2,2,1,0,1,3,0,76,1,0,1,0,0
200600043458,6,7,14,1815,1,1,1,1,5,131,4602000,593100,740,3,2,3,0,1,2,0,105,1,0,1,0,1
200600043463,6,7,8,1845,1,2,1,1,6,126,4628000,642000,740,4,2,2,0,1,2,0,49,1,0,3,0,1
200600043464,6,7,13,1030,5,2,1,1,1,105,4631000,630300,740,2,4,3,0,1,1,0,100,1,0,1,0,0
200600043465,6,7,14,1145,1,2,1,1,6,210,4631400,645300,740,4,2,2,0,2,2,0,47,1,0,0,0,0
200600043468,6,7,9,1515,1,1,1,1,1,34,4627700,663300,740,3,2,2,0,2,2,0,60,1,0,1,0,0
200600043469,6,7,26,1040,1,1,1,1,2,950,4620400,675000,740,3,2,2,0,2,1,0,65,1,0,1,0,0
200600043471,6,7,12,1800,1,1,1,1,6,236,4559300,277300,630,3,2,2,0,2,2,0,57,1,0,1,0,0
200600043472,6,7,4,800,1,2,1,1,7,263,4577100,301800,630,3,2,2,0,1,1,0,55,1,0,3,0,0
200600043473,6,7,16,1045,1,1,1,1,7,263,4577800,302700,630,3,2,2,0,1,1,0,45,1,0,1,0,1
200600043474,6,7,14,1700,1,1,1,1,2,264,4563000,282000,630,3,2,2,0,2,1,0,40,1,0,1,0,0
200600043475,6,7,3,1915,1,1,1,1,3,126,4568900,314400,630,3,2,3,3,1,1,0,105,1,0,1,0,0
200600043478,6,7,25,1700,1,2,1,1,1,396,4566100,308900,630,3,2,2,0,2,1,0,70,9,0,1,0,0
200600043479,6,7,30,630,2,1,1,1,7,282,4562500,313900,630,3,0,2,0,1,3,0,0,1,0,1,0,0
200600043482,6,7,25,1630,1,2,1,1,5,178,4554800,320700,630,3,2,2,0,1,1,0,73,1,0,1,0,0
200600043483,6,7,16,1145,1,1,1,1,1,77,4558200,288300,630,3,2,1,0,2,1,0,60,1,0,3,0,0
200600043484,6,7,17,1000,1,1,1,1,7,77,4559600,286200,630,3,2,1,0,2,1,0,64,1,0,3,0,0
200600043486,6,7,30,230,3,2,1,1,6,182,4542800,334300,630,3,2,2,0,1,1,0,54,9,0,3,0,0
200600043489,6,7,14,1445,1,1,1,1,6,183,4551200,254900,630,3,2,2,0,1,1,0,54,1,0,3,0,0
200600043490,6,7,31,1240,1,1,1,1,6,426,4554800,262600,630,3,2,3,0,2,2,0,106,1,0,1,0,0
200600043493,6,7,4,730,1,1,3,1,3,322,4587100,319300,630,3,2,2,0,1,1,0,62,1,0,1,0,0
200600043494,6,7,7,1245,1,1,1,1,7,232,4600000,340000,630,3,2,2,0,1,3,0,40,1,0,1,0,0
200600043495,6,7,14,1300,1,1,1,1,3,143,4606600,329600,630,3,2,2,0,1,2,0,72,1,5,1,0,0
200600043497,6,7,31,1740,1,1,1,1,6,107,4586900,326700,630,3,2,2,0,1,1,0,44,1,0,3,0,0
200600043501,6,7,4,845,1,1,1,1,6,419,4617600,295300,630,3,2,2,0,1,2,50,50,1,0,1,0,1
200600043503,6,7,28,900,1,2,1,1,6,338,4617100,283200,630,2,2,2,0,0,3,0,0,1,6,1,0,0
200600043504,6,7,1,1445,1,1,3,1,1,420,4581800,333800,630,2,2,2,0,1,1,0,200,1,5,1,0,0
200600043505,6,7,4,1145,1,1,1,1,6,16,4573900,364600,630,3,2,2,0,1,2,0,50,1,0,3,0,0
200600043506,6,7,15,715,1,1,1,1,1,210,4592300,333900,630,3,2,2,0,1,1,0,76,1,0,1,0,0
200600043507,6,7,27,1915,1,1,1,1,6,210,4594400,334300,630,3,2,2,0,1,1,0,70,1,0,3,0,0
200600043508,6,7,28,1100,1,2,3,1,3,271,4593200,349900,630,3,2,2,0,1,1,0,70,1,0,1,3,0
200600043511,6,7,15,1415,1,1,1,1,5,87,4666700,289000,30,3,0,2,0,0,1,0,60,1,0,3,0,0
200600043517,6,7,24,1,3,2,9,1,7,83,4635400,331000,30,3,2,2,0,1,2,0,63,1,0,4,0,1
200600043521,6,7,18,845,1,2,1,1,3,217,4636100,269700,30,3,2,2,0,1,1,0,86,1,0,1,0,0
200600043523,6,7,30,2000,1,1,1,1,7,48,4663300,277400,30,3,2,0,0,1,2,0,60,1,0,1,0,1
200600043524,6,7,31,1130,1,1,1,1,6,31,4641000,275000,30,3,2,2,0,1,1,0,63,1,0,1,0,1
200600043532,6,7,29,1345,1,1,1,1,5,156,4481900,248300,150,3,2,2,0,0,3,0,75,1,0,3,0,1