Num_Acc,an,mois,jour,hrmn,lum,agg,int,atm,col,com,lat,long,dep,catr,circ,nbv,vosp,prof,plan,lartpc,larrout,surf,infra,situ,env1,killed
200600043536,6,7,28,1645,1,1,1,1,6,45,4503400,384600,430,3,2,0,0,0,3,0,70,9,0,3,0,0
200600043537,6,7,28,2200,5,1,1,1,6,257,4505200,371600,430,3,2,2,0,1,1,0,49,1,0,1,0,0
200600043539,6,7,26,745,1,2,1,1,1,42,4493700,381100,430,4,2,0,0,0,3,0,26,1,0,1,0,0
200600043540,6,7,5,1500,1,1,1,3,7,217,4525100,390200,430,3,2,0,0,0,1,0,62,2,0,1,0,0
200600043541,6,7,19,1530,1,2,2,1,5,32,4506400,398800,430,4,2,2,0,1,1,0,38,1,0,1,0,0
200600043543,6,7,15,1800,1,1,1,1,1,43,4517600,374400,430,3,2,2,0,1,2,0,57,1,0,1,0,0
200600043545,6,7,3,130,3,1,1,1,6,117,4524300,346100,430,2,2,0,0,0,3,0,0,1,0,1,0,0
200600043546,6,7,28,645,2,1,1,2,6,56,4508500,352000,430,3,2,0,0,2,3,0,0,2,0,1,0,0
200600043547,6,7,27,1550,1,1,9,1,6,268,4518500,413200,430,2,1,2,0,0,1,0,80,1,0,2,0,1
200600043551,6,7,1,1045,1,2,1,1,2,159,4519300,429500,430,3,2,2,0,0,0,48,0,0,0,0,0,0
200600043552,6,7,8,2315,5,2,1,1,3,622,4919100,603400,570,2,2,2,0,3,1,0,71,1,0,1,0,0
200600043553,6,7,28,2330,3,1,1,1,6,256,4912300,604700,570,2,2,0,0,3,2,0,104,1,0,1,0,0
200600043564,6,7,6,830,1,1,1,2,6,434,4872200,676400,570,3,2,0,0,0,1,0,70,2,0,3,0,0
200600043567,6,7,21,1700,1,1,9,1,5,222,4916100,688300,570,3,2,2,0,1,0,0,73,1,0,1,0,0
200600043571,6,7,29,1915,1,2,1,1,1,360,4917200,696600,570,3,2,0,0,1,3,0,0,1,5,1,0,0
200600043572,6,7,26,1715,1,1,3,1,3,316,4911100,685600,570,3,3,2,0,1,1,0,70,1,0,1,0,0
200600043580,6,7,16,730,1,1,1,1,7,206,4929100,613100,570,3,2,0,0,2,1,0,58,1,0,3,0,0
200600043583,6,7,25,745,1,1,1,1,7,296,4874500,633300,540,3,2,0,0,1,1,70,0,1,0,0,0,0
200600043584,6,7,4,1700,1,2,1,1,5,27,4889000,609000,540,3,2,2,0,0,1,0,72,1,0,1,3,0
200600043585,6,7,20,130,5,2,6,1,1,150,4879500,614300,540,3,2,1,0,1,2,0,67,1,5,1,0,0
200600043586,6,7,26,1830,1,2,1,1,7,430,4877300,612800,540,4,2,0,0,1,1,0,0,1,0,1,0,0
200600043587,6,7,17,1945,1,2,4,7,1,459,4859600,616900,540,3,2,2,0,1,1,0,80,1,0,0,0,0
200600043592,6,7,16,1315,1,1,1,1,7,109,4855100,618600,540,3,2,2,0,3,1,0,70,1,0,3,0,0
200600043593,6,7,16,2015,1,1,1,1,2,473,4844100,612600,540,3,2,2,0,2,1,0,70,1,0,1,0,0
200600043599,6,7,2,1345,1,2,1,1,3,222,4849800,650900,540,3,2,0,0,3,1,0,67,1,5,1,0,0
200600043601,6,7,8,1315,1,1,1,1,6,222,4852000,648900,540,3,2,2,0,0,2,0,75,1,0,1,0,0
200600043609,6,7,11,1230,1,1,1,1,6,472,4867000,543000,550,3,2,2,0,1,4,0,0,1,0,3,0,0
200600043611,6,7,7,1630,1,2,1,1,6,279,4949500,516300,550,3,2,2,0,1,1,0,70,1,0,1,0,0
200600043613,6,7,20,1045,1,2,1,1,1,502,4949000,518000,550,3,2,2,0,0,1,0,45,1,0,1,0,0
200600043614,6,7,26,730,1,1,2,1,3,510,4952000,535000,550,3,1,0,0,3,1,0,41,1,0,1,0,0
200600043618,6,7,1,935,1,1,9,1,1,515,4908500,561200,550,3,2,2,0,1,2,0,60,1,0,1,0,0
200600043622,6,7,26,1045,1,1,1,1,6,458,4839200,623700,880,2,3,4,0,2,1,10,70,1,0,1,0,0
200600043626,6,7,12,1345,1,2,1,1,1,402,4839400,658900,880,3,2,2,0,1,1,0,66,1,0,1,0,0
200600043627,6,7,5,1315,1,2,1,1,6,443,4825000,567600,880,3,2,2,0,1,1,0,0,1,0,1,0,0
200600043631,6,7,4,745,1,1,1,1,1,488,4820000,608900,880,3,2,2,0,0,1,0,76,1,0,1,0,0
200600043632,6,7,8,2130,2,2,1,1,6,516,4820700,596700,880,3,2,2,0,1,2,0,60,1,0,4,0,0
200600043633,6,7,28,900,1,2,1,1,6,114,4818700,589500,880,3,2,0,0,0,1,0,50,1,0,1,3,0
200600043642,6,7,28,1115,1,1,1,1,1,76,4825100,673100,880,3,2,2,0,1,3,0,75,1,0,1,0,0
200600043644,6,7,11,2015,1,2,1,1,1,216,4836700,758600,670,4,2,2,0,1,3,0,70,1,0,4,0,0
200600043645,6,7,14,1815,1,1,1,1,7,28,4838100,759400,670,3,2,2,0,1,2,0,60,1,5,1,0,0
200600043646,6,7,15,425,5,2,1,1,6,246,4834100,754200,670,2,3,0,3,1,1,0,68,1,0,1,0,0
200600043647,6,7,1,2040,1,1,1,1,7,378,4846000,771900,670,3,2,2,0,1,2,24,69,1,0,1,0,0
200600043649,6,7,26,430,2,2,1,1,6,331,4877500,774200,670,9,2,2,0,1,1,0,60,1,0,4,0,0
200600043650,6,7,25,1100,1,2,2,1,1,540,4879400,769900,670,4,2,2,0,1,1,0,60,1,0,1,0,0
200600043653,6,7,15,1800,1,2,2,7,3,300,4854200,749900,670,3,2,2,0,1,1,10,110,1,5,1,0,0
200600043654,6,7,21,2130,5,2,1,1,3,300,4854700,748900,670,4,0,2,0,0,1,0,50,0,0,1,0,0
200600043659,6,7,25,1745,1,2,1,7,6,282,4862500,749700,670,4,2,0,0,1,1,0,0,1,0,1,0,0
200600043660,6,7,5,1715,1,2,1,1,5,372,4885100,761200,670,4,2,0,0,1,1,0,50,1,0,1,0,0
200600043671,6,7,22,2015,1,1,1,1,7,119,4868200,770000,670,3,2,0,0,0,3,0,65,1,0,3,0,0
200600043672,6,7,11,1830,1,1,1,1,1,293,4877900,762400,670,3,2,0,0,1,1,0,63,1,0,1,0,0
200600043673,6,7,1,1530,1,1,6,1,6,532,4868300,750700,670,3,2,2,0,1,3,0,70,1,5,1,0,0
200600043675,6,7,11,1845,1,1,1,1,1,118,4859400,767400,670,4,2,2,0,1,1,0,70,1,0,1,0,0
200600043677,6,7,21,1745,1,1,1,1,2,84,4834600,744400,670,2,2,2,0,0,0,0,0,1,0,1,0,0
200600043678,6,7,13,1715,1,1,1,1,1,143,4833400,727600,670,3,2,2,0,2,3,0,52,1,0,1,0,1
200600043679,6,7,16,1445,1,1,1,1,6,477,4836900,723200,670,3,2,0,0,0,2,0,60,1,0,1,0,0
200600043680,6,7,3,1115,1,2,1,1,1,479,4901300,793300,670,4,2,2,0,0,0,0,0,1,0,1,3,0
200600043681,6,7,7,1200,1,2,1,1,7,344,4902400,791700,670,4,2,0,0,1,1,0,65,1,0,4,0,0
200600043682,6,7,10,2030,1,1,1,1,2,25,4885600,810300,670,3,2,2,0,1,1,0,71,1,0,1,0,1
200600043683,6,7,8,1745,1,1,1,1,6,416,4903100,789300,670,3,2,2,0,2,4,0,60,1,0,3,0,0
200600043684,6,7,19,1230,1,2,1,1,6,474,4894200,788300,670,3,2,0,0,0,1,0,0,1,0,1,0,0
200600043685,6,7,9,1430,1,1,1,1,1,263,4902200,778000,670,3,2,2,0,1,3,0,63,1,0,3,0,0
200600043689,6,7,18,2000,2,2,1,1,1,329,4805600,710700,680,3,2,0,0,2,1,0,0,1,0,1,0,0
200600043690,6,7,5,15,3,1,1,1,6,19,4810700,753500,680,3,2,0,0,1,1,0,0,1,0,3,0,0
200600043692,6,7,18,1930,1,1,1,1,6,9,4813700,757500,680,3,2,2,0,1,1,0,70,1,0,1,0,0
200600043693,6,7,18,1700,1,1,1,1,1,227,4811200,747200,680,3,2,0,0,0,2,0,116,1,0,1,0,0
200600043694,6,7,2,600,1,1,1,1,7,269,4818600,734100,680,3,2,1,0,1,3,0,63,1,0,3,0,0
200600043695,6,7,13,1145,1,2,1,1,3,26,4815000,732300,680,4,2,0,0,0,1,0,60,1,0,1,0,0
200600043696,6,7,17,1915,1,1,1,1,7,296,4823600,738100,680,3,2,0,0,1,1,0,74,9,0,3,0,0
200600043699,6,7,13,2045,2,1,1,1,7,257,4750200,717100,680,3,2,2,0,2,4,0,65,1,0,0,0,0
200600043702,6,7,26,1530,1,2,1,1,3,250,4794000,723400,680,3,2,2,0,0,1,0,60,1,5,1,0,0
200600043703,6,7,7,1000,1,1,2,1,3,82,4787300,736100,680,3,2,2,0,1,1,0,80,1,5,1,0,0
200600043705,6,7,18,1345,1,1,1,1,1,287,4795800,728800,680,4,2,0,0,2,3,0,30,1,0,1,0,0
200600043706,6,7,24,2000,1,1,1,1,2,32,4784200,722700,680,2,3,4,0,1,1,20,74,1,0,1,0,0
200600043708,6,7,30,1530,1,2,1,1,1,70,4772200,729300,680,3,2,0,0,2,1,0,76,1,0,1,0,0
200600043709,6,7,17,1515,1,1,1,1,1,135,4759400,754900,680,3,2,3,0,3,1,0,118,1,3,1,0,0
200600043710,6,7,27,730,1,2,3,1,1,286,4764100,753100,680,9,2,1,0,1,1,0,28,1,2,1,0,0
200600043715,6,7,29,415,2,1,1,1,7,566,4893200,422100,510,3,2,2,0,0,0,0,74,1,0,3,0,0
200600043716,6,7,19,1930,1,1,1,1,3,389,4913400,432800,510,3,2,2,0,1,3,0,77,1,0,1,0,0
200600043719,6,7,30,1045,1,1,1,1,2,248,4875000,396600,510,3,3,2,0,1,1,30,310,1,5,1,0,0
200600043720,6,7,30,1200,1,1,1,1,7,545,4873800,422100,510,2,3,4,0,1,1,10,72,1,0,2,0,0
200600043721,6,7,5,630,1,1,1,8,6,124,4863400,364900,510,3,2,2,0,1,3,0,0,2,0,3,0,0
200600043722,6,7,23,1630,1,2,1,1,6,36,4866000,369000,510,4,2,2,0,4,3,0,45,1,0,3,0,0
200600043724,6,7,1,1615,1,1,1,1,2,569,4926400,395900,510,3,2,0,0,1,1,0,0,1,5,1,0,0
200600043725,6,7,4,800,1,1,1,1,3,310,4920900,392000,510,3,2,0,0,0,3,0,0,1,5,1,0,0
200600043726,6,7,21,1630,1,1,1,1,6,391,4927300,392100,510,9,1,1,0,2,3,0,73,1,3,3,0,0
200600043729,6,7,28,1515,1,1,1,1,5,334,4871600,464300,510,2,2,2,0,1,1,0,73,1,0,1,0,0
200600043730,6,7,8,1000,1,1,1,1,7,531,4876900,490400,510,3,2,0,0,3,1,0,60,1,0,3,0,0
200600043732,6,7,27,1915,1,1,1,1,7,322,4858000,453500,510,3,2,2,0,1,2,0,70,1,0,3,0,0
200600043734,6,7,1,2130,2,2,1,1,3,448,4987800,480000,80,3,2,2,0,1,4,0,73,1,0,1,0,0
200600043740,6,7,5,1800,1,2,1,1,1,145,4967700,502600,80,3,2,0,0,1,0,73,0,1,0,1,0,0
200600043741,6,7,6,1315,1,1,1,1,6,324,4961900,451900,80,3,2,2,0,1,2,0,70,1,0,3,0,0
200600043742,6,7,8,1715,1,1,1,1,6,51,4820100,400300,100,2,2,2,0,0,1,0,73,1,0,3,0,0
200600043748,6,7,23,2115,2,1,1,1,1,238,4824600,437300,100,2,2,2,0,2,2,0,76,1,0,1,0,0
200600043750,6,7,11,1330,1,2,3,1,3,401,4824200,447100,100,4,2,0,0,2,1,0,38,1,0,1,0,0
200600043753,6,7,29,2245,3,1,1,1,6,39,4818000,467000,100,3,2,2,0,4,3,0,43,1,0,3,0,1
200600043755,6,7,14,400,3,1,1,1,6,253,4849900,457400,100,3,2,2,0,1,3,0,60,1,0,3,0,0
200600043756,6,7,19,930,1,1,1,1,3,64,4839500,453300,100,3,2,2,0,1,1,30,173,1,5,1,0,0
200600043757,6,7,16,2200,3,1,1,1,6,141,4804800,454800,100,3,2,0,0,2,3,0,50,1,0,3,0,0
200600043758,6,7,16,1315,1,2,1,1,1,317,4799800,437000,100,9,2,0,0,1,2,0,0,1,0,1,0,0
200600043759,6,7,25,800,1,1,1,1,3,55,4813100,436000,100,2,2,2,0,1,1,41,90,1,5,1,0,0
200600043761,6,7,23,1945,1,1,1,1,7,469,4803100,506100,520,3,2,2,0,1,3,0,60,1,0,3,0,0
200600043762,6,7,26,1830,1,1,1,1,6,251,4814200,507800,520,2,2,2,0,1,1,0,79,1,0,3,0,1
200600043763,6,7,1,1545,1,1,1,1,7,133,4818800,544700,520,4,2,2,0,3,1,0,40,1,0,3,0,0
200600043770,6,7,2,30,3,2,1,1,3,914,4799700,555000,520,3,2,0,0,2,2,0,67,1,2,1,0,0
200600043771,6,7,2,1200,1,1,9,1,1,60,4794400,579500,520,3,3,0,0,0,1,0,70,1,5,1,0,0
200600043772,6,7,1,1845,1,1,1,1,1,492,4782300,546400,520,3,2,1,0,2,3,0,51,1,0,1,0,1
200600043775,6,7,16,815,2,1,1,1,7,414,4852500,510500,520,3,2,0,0,1,2,0,50,1,0,3,0,0
200600043776,6,7,17,900,1,2,1,1,7,265,4855400,507600,520,3,2,0,0,1,3,47,0,1,0,1,3,0
200600043777,6,7,12,1400,1,2,1,1,3,250,4844300,514400,520,4,2,2,0,1,1,0,18,1,0,1,0,0
200600043778,6,7,19,515,2,2,1,1,7,512,4846300,514000,520,3,2,2,0,1,1,0,105,1,0,4,0,0
200600043781,6,7,5,545,2,1,1,1,7,128,4728100,451200,210,1,1,0,0,0,1,30,70,1,0,3,0,1
200600043783,6,7,4,1745,1,1,1,1,5,657,4734800,513100,210,3,3,4,3,1,1,10,60,1,0,1,0,0
200600043785,6,7,7,1245,1,1,1,1,1,317,4754400,513100,210,3,2,2,0,0,3,0,0,1,0,3,0,0
200600043786,6,7,12,1345,1,1,8,1,2,638,4751500,517200,210,3,2,0,0,1,1,0,72,1,4,1,0,0
200600043788,6,7,3,800,1,2,1,1,3,412,4698100,476900,210,3,2,0,0,1,1,0,90,1,0,1,0,0
200600043789,6,7,3,1715,1,2,1,1,3,492,4701200,479800,210,3,2,0,0,1,1,0,73,1,0,1,0,0
200600043790,6,7,5,1800,1,1,1,1,3,712,4700300,478600,210,4,2,0,0,1,1,0,20,1,0,1,0,0
200600043792,6,7,13,2100,1,1,1,1,7,534,4701000,492000,210,3,2,2,0,1,2,0,71,1,0,3,0,0
200600043793,6,7,23,1330,1,1,1,1,1,569,4701100,471000,210,3,2,2,0,2,3,0,62,9,0,1,0,0
200600043794,6,7,27,1745,1,2,2,1,1,492,4700900,479600,210,3,2,0,0,1,1,0,69,1,0,1,0,0
200600043796,6,7,26,2045,1,1,1,1,7,711,4752300,489300,210,3,2,2,0,1,1,0,50,1,0,1,0,0
200600043797,6,7,9,1945,1,1,1,1,1,685,4768000,449400,210,3,2,2,0,2,2,0,48,1,0,1,0,0
200600043798,6,7,12,2330,3,1,1,1,7,415,4765400,486500,210,3,2,1,0,3,2,0,62,1,0,3,0,1
200600043803,6,7,15,845,1,1,1,1,6,112,4695100,331300,580,3,2,2,0,1,1,0,51,1,0,0,0,0
200600043804,6,7,25,1345,1,2,1,1,2,232,4700000,339400,580,3,2,2,0,1,1,0,65,1,0,1,0,0
200600043806,6,7,16,515,2,1,1,1,7,293,4674100,342200,580,3,2,2,0,0,2,0,51,1,0,1,0,0
200600043809,6,7,17,1100,1,1,1,1,7,10,4703600,407300,580,3,2,2,0,2,2,0,72,1,0,3,0,0
200600043811,6,7,21,1230,1,1,1,1,1,156,4731000,337000,580,3,2,3,0,3,3,0,90,1,0,1,0,0
200600043812,6,7,30,1245,1,1,1,1,7,205,4719900,393900,580,3,2,2,0,4,4,0,60,9,0,1,0,0
200600043814,6,7,13,2045,1,1,1,1,6,147,4715000,340300,580,3,2,2,0,1,1,0,56,1,0,3,0,0
200600043816,6,7,19,1700,1,1,3,1,3,90,4623000,478000,710,2,2,3,0,0,1,27,110,1,5,1,0,0
200600043817,6,7,7,1730,1,1,1,1,3,441,4633000,455000,710,3,2,2,0,1,1,0,65,1,0,1,0,0
200600043819,6,7,23,400,5,2,1,1,1,350,4633000,469000,710,3,2,2,0,1,1,0,65,1,0,1,0,0
200600043820,6,7,6,2230,5,2,1,8,3,543,4656200,491600,710,2,2,0,0,2,3,0,0,8,0,1,0,0
200600043822,6,7,26,2145,2,1,1,1,2,494,4641900,487800,710,2,2,3,0,1,1,0,127,1,0,1,0,1
200600043824,6,7,29,345,3,1,1,1,7,317,4672300,409300,710,3,2,2,0,2,1,0,73,1,0,3,0,0
200600043827,6,7,30,1015,1,1,1,1,1,109,4688800,470200,710,3,2,2,0,3,3,0,54,1,0,1,0,1
200600043834,6,7,18,1415,1,1,1,1,3,428,4620300,430700,710,3,2,2,0,0,1,0,0,1,0,1,0,0
200600043836,6,7,27,1015,1,1,1,1,7,382,4650100,391700,710,3,2,2,0,1,4,0,0,1,0,1,0,0
200600043846,6,7,9,1845,1,2,1,1,6,213,4654500,503600,710,3,2,2,0,2,1,0,65,1,0,3,0,0
200600043851,6,7,5,845,1,1,1,1,7,252,4766100,349800,890,2,2,2,0,0,2,0,70,1,0,3,0,0
200600043852,6,7,24,1945,1,1,1,1,6,61,4797400,380800,890,3,2,2,0,1,1,0,80,1,0,3,0,0
200600043854,6,7,29,45,3,1,1,1,7,68,4783000,378800,890,3,2,0,0,1,1,0,60,1,0,3,0,0
200600043858,6,7,26,2000,1,1,1,1,7,364,4746800,377200,890,3,2,2,0,0,4,0,45,1,0,3,0,0
200600043859,6,7,3,1045,1,2,1,1,3,206,4798700,341200,890,3,2,2,0,1,1,0,70,1,0,1,0,0
200600043863,6,7,10,1800,1,2,9,1,1,257,4797200,353200,890,3,2,0,0,1,1,0,60,1,0,1,0,0
200600043865,6,7,16,600,1,1,1,1,1,443,4814600,330500,890,2,2,0,0,1,1,0,0,1,0,1,0,1
200600043866,6,7,16,1330,1,1,9,1,3,122,4827100,353500,890,3,2,2,0,1,1,0,0,1,0,1,0,0
200600043867,6,7,21,1300,1,2,1,1,3,354,4821700,326600,890,3,2,2,0,2,1,0,30,1,0,1,0,0
200600043870,6,7,1,1130,1,1,1,1,5,209,4819600,295600,890,4,2,1,0,1,1,0,33,1,0,1,0,0
200600043873,6,7,27,1,3,1,1,2,6,264,4819100,307000,890,3,0,2,0,1,1,0,74,2,0,1,0,0
200600043879,6,7,17,930,1,2,1,1,3,428,4754900,684900,250,3,2,2,0,0,1,0,62,1,0,1,0,0
200600043880,6,7,23,2130,2,2,1,1,1,367,4745500,680300,250,2,2,2,2,1,1,0,81,1,0,5,0,0
200600043883,6,7,17,2015,1,1,1,1,7,182,4749900,642900,250,3,2,2,0,2,1,0,53,1,0,3,0,1
200600043888,6,7,16,1900,1,1,1,1,1,565,4679700,635700,250,3,2,2,0,2,3,0,72,1,3,1,0,0
200600043892,6,7,17,715,1,1,1,1,1,555,4682600,553400,390,3,2,2,0,1,1,0,56,1,0,1,0,1
200600043893,6,7,2,1115,1,1,1,1,1,389,4673200,589200,390,3,2,2,0,4,1,0,44,1,0,1,0,0
200600043894,6,7,13,1845,1,1,1,1,1,13,4690200,574000,390,2,2,2,0,2,1,0,75,1,0,1,0,0
200600043895,6,7,25,2030,1,2,2,1,3,434,4683900,570800,390,2,1,0,0,2,1,0,50,1,0,1,0,0
200600043901,6,7,13,1315,1,2,1,1,1,396,4715400,566200,390,4,2,2,0,1,3,0,52,1,0,1,0,0
200600043903,6,7,9,1145,1,1,1,1,1,487,4657100,593700,390,3,2,2,0,0,3,0,70,1,0,1,0,0
200600043907,6,7,25,1700,1,2,2,1,3,153,4775600,575600,700,2,2,2,0,2,1,0,73,1,0,1,3,1
200600043911,6,7,19,815,1,1,1,1,1,413,4769300,673800,700,3,2,2,0,1,1,0,0,1,0,1,0,0
200600043915,6,7,5,1830,1,1,1,1,7,311,4781400,635300,700,3,2,2,0,1,1,0,70,1,0,3,0,0
200600043916,6,7,11,1630,1,1,1,1,5,245,4786800,638200,700,2,2,2,0,2,2,0,69,1,0,1,0,0
200600043918,6,7,30,1200,1,1,9,1,1,529,4743000,559000,700,3,2,2,0,0,1,0,63,1,0,1,0,0
200600043920,6,7,7,2300,3,2,6,2,7,4,4760600,681800,900,2,1,1,0,1,2,200,93,2,5,1,0,0
200600043923,6,7,29,800,1,1,1,1,4,72,4532700,481300,380,1,3,3,0,1,1,50,105,1,0,1,0,0
200600043926,6,7,1,1845,1,1,1,1,6,62,4342700,548100,130,3,2,2,0,2,1,0,70,1,0,1,0,0
200600043930,6,7,1,2200,3,2,1,1,7,110,4345000,567300,130,4,2,1,0,1,1,0,35,1,0,1,0,0
200600043935,6,7,15,845,1,2,1,1,3,27,4388800,485200,130,3,2,2,0,1,1,0,68,1,0,1,0,0
200600043936,6,7,29,2230,3,2,1,1,1,66,4388100,489900,130,4,2,2,0,1,0,0,40,1,0,1,0,0
200600043937,6,7,16,1500,1,1,1,1,7,97,4360500,476200,130,3,2,2,0,0,3,0,70,1,5,3,0,0
200600043940,6,7,13,1930,1,2,3,1,5,22,4322200,554200,130,4,2,2,0,0,3,0,68,1,0,1,0,0
200600043941,6,7,17,2330,3,1,1,1,1,22,4323800,558900,130,3,2,2,0,2,4,0,66,1,0,1,0,0
200600043946,6,7,6,715,1,1,1,1,6,113,4412900,628100,40,3,2,2,0,1,1,78,0,0,2,3,0,0
200600043949,6,7,9,1500,1,1,1,1,6,54,4402400,620900,40,2,2,3,0,0,3,0,0,1,0,1,0,0
200600043951,6,7,14,1415,1,1,1,1,6,161,4440100,648500,40,3,3,2,0,2,1,20,40,1,0,3,0,1
200600043952,6,7,21,645,1,1,1,1,7,198,4445000,639400,40,3,2,2,0,2,3,0,68,1,0,3,0,1
200600043953,6,7,16,1315,1,1,1,1,1,92,4382800,657500,40,2,2,2,0,2,2,0,66,1,0,1,0,1
200600043955,6,7,31,1500,1,1,1,1,6,43,4393700,679300,40,3,2,2,0,2,2,0,38,1,0,1,0,0
200600043957,6,7,1,1915,1,1,2,1,3,88,4392100,578600,40,3,0,0,0,0,0,0,0,1,0,0,0,0
200600043958,6,7,1,1515,3,1,1,1,1,160,4386700,567600,40,2,2,2,0,2,1,0,70,1,0,1,0,1
200600043959,6,7,19,2100,2,1,1,1,3,242,4389800,587600,40,2,3,2,0,0,1,0,0,0,0,0,0,0
200600043960,6,7,22,1630,1,2,1,1,1,242,4389700,586100,40,4,2,0,0,0,1,0,40,1,0,1,0,0
200600043961,6,7,25,2000,1,2,6,1,3,242,4389800,587000,40,4,2,0,0,0,0,0,0,1,5,1,0,0
200600043962,6,7,26,745,2,1,1,1,7,192,4389100,572100,40,2,2,0,0,1,2,0,60,1,0,1,0,0
200600043963,6,7,19,2315,3,1,1,1,6,18,4399300,565100,40,3,2,2,0,1,3,0,63,1,0,3,0,0
200600043965,6,7,3,1745,1,1,1,3,5,123,4428600,584900,40,2,2,2,0,1,3,0,80,2,0,1,0,0
200600043971,6,7,22,15,3,2,1,1,6,123,4456300,595400,50,3,2,0,0,0,2,0,70,1,2,3,0,0
200600043975,6,7,27,1745,1,1,1,1,3,174,4491700,667300,50,2,2,0,0,3,1,0,132,1,5,1,0,0
200600043981,6,7,9,615,2,2,1,1,1,124,4458200,612500,50,2,2,0,0,3,3,0,0,1,0,1,0,0
200600043982,6,7,12,1615,1,1,1,1,2,17,4457700,617500,50,3,2,0,0,1,1,0,74,1,0,1,0,0
200600043983,6,7,13,1525,1,1,1,1,5,106,4453400,636600,50,3,2,2,0,1,1,0,74,1,0,1,0,0
200600043985,6,7,22,1500,1,1,1,1,6,84,4455800,624200,50,2,2,2,0,1,1,0,71,1,0,3,3,0
200600043986,6,7,7,1045,1,2,6,1,3,65,4466400,664900,50,3,2,2,0,1,3,0,0,1,5,1,0,0
200600043992,6,7,15,530,4,1,1,1,6,74,4396000,727300,60,3,2,2,0,2,4,0,65,1,0,3,0,0
200600043998,6,7,8,1600,1,2,9,1,3,161,4363900,713000,60,3,2,2,0,1,1,0,40,1,5,1,0,0
200600044001,6,7,23,400,5,2,1,1,6,79,4354000,694600,60,4,3,1,0,1,3,0,0,1,0,1,0,0
200600044007,6,7,9,1200,1,1,1,1,6,163,4412500,756800,60,3,2,2,0,2,3,0,0,8,0,1,0,0
200600044008,6,7,30,2015,1,1,1,1,6,23,4392300,751900,60,3,2,2,0,1,3,0,0,1,0,1,0,0
200600044010,6,7,1,1615,1,2,1,1,6,153,4407000,720000,60,3,2,2,0,0,2,60,0,1,0,1,0,0
200600044011,6,7,29,2300,3,1,1,1,6,42,4397100,715200,60,3,2,0,0,1,1,0,70,1,0,1,0,0
200600044022,6,7,16,1145,1,1,1,1,1,46,4354400,614900,830,3,2,0,0,2,3,0,60,1,0,1,0,0
200600044031,6,7,9,1915,1,1,1,1,5,107,4346700,664800,830,2,2,2,0,1,1,0,71,1,0,0,0,1
200600044048,6,7,10,1830,1,1,1,1,1,65,4325300,658200,830,4,2,2,0,1,0,0,45,1,0,1,0,0
200600044050,6,7,20,2030,1,1,1,1,3,65,4326700,660700,830,3,2,2,0,1,1,0,71,1,0,1,0,0
200600044052,6,7,27,1900,1,2,1,1,1,119,4326800,662700,830,3,2,2,0,1,1,0,80,1,0,1,0,0
200600044054,6,7,30,2300,1,2,1,1,6,91,4323000,614300,830,3,2,1,0,2,1,0,60,1,0,1,3,0
200600044055,6,7,24,1715,1,1,1,1,3,47,4313600,604600,830,2,2,0,3,1,2,0,94,1,0,1,0,1
200600044063,6,7,30,1400,1,1,1,1,1,27,4316200,573300,830,3,2,2,0,2,1,0,60,1,0,1,0,0
200600044066,6,7,15,1415,1,2,3,1,3,54,4317000,604000,830,2,2,0,0,1,1,0,73,1,0,1,0,0
200600044072,6,7,22,1745,1,1,1,1,3,54,4389300,504300,840,3,2,2,0,1,1,0,68,1,0,1,0,0
200600044075,6,7,12,1915,1,2,1,8,3,92,4395800,486400,840,9,2,1,0,1,1,0,36,1,0,1,0,1
200600044077,6,7,25,1610,1,1,1,1,7,26,4375200,536400,840,3,0,1,0,1,4,0,0,1,0,1,0,0
200600044083,6,7,14,1745,1,1,1,7,1,142,4395100,502900,840,3,2,2,1,1,1,0,108,1,0,1,0,0
200600044085,6,7,10,630,1,1,1,9,6,91,4418500,479000,840,3,2,0,0,1,4,0,0,0,0,1,0,0
200600044086,6,7,20,2300,3,1,1,1,1,39,4410500,491400,840,3,2,2,2,2,1,0,98,1,0,1,0,0
200600044089,6,7,7,1215,1,2,1,1,7,19,4432500,474600,840,4,2,2,0,1,1,0,0,1,0,1,0,0
200600044092,6,7,1,2000,1,1,1,1,7,42,4390700,370000,340,3,2,2,0,0,0,0,60,1,0,1,0,0
200600044093,6,7,1,800,1,2,1,1,6,344,4357000,409400,340,4,2,1,0,0,2,0,75,1,0,3,0,0
200600044094,6,7,31,1745,1,1,1,1,6,344,4356400,402600,340,3,3,0,0,1,1,30,40,1,0,3,0,0
200600044097,6,7,8,330,3,1,1,1,6,238,4384700,363500,340,3,2,2,0,2,3,0,45,1,0,1,0,0
200600044100,6,7,23,845,1,2,1,1,1,28,4363200,316300,340,3,2,1,0,1,2,0,69,1,0,1,0,1
200600044101,6,7,30,1415,1,1,1,1,7,55,4369000,296200,340,3,2,2,0,3,2,0,59,1,0,1,0,0
200600044107,6,7,22,445,3,2,1,1,6,199,4346800,343300,340,3,2,2,0,0,1,0,70,1,0,3,0,0
200600044110,6,7,31,1700,1,1,1,1,1,86,4348400,268600,340,3,2,2,0,0,3,0,81,1,0,1,0,0
200600044112,6,7,10,2115,1,1,1,1,3,209,4329700,336000,340,3,2,0,0,1,1,0,0,1,0,1,0,0