Num_Acc,an,mois,jour,hrmn,lum,agg,int,atm,col,com,lat,long,dep,catr,circ,nbv,vosp,prof,plan,lartpc,larrout,surf,infra,situ,env1,killed
200600044113,6,7,30,630,2,2,1,1,6,299,4328900,327900,340,3,2,0,0,2,2,0,72,1,0,4,0,1
200600044115,6,7,16,730,1,1,6,1,1,210,4359800,350000,340,3,2,0,0,1,0,0,88,1,5,1,0,0
200600044127,6,7,7,200,3,1,1,1,6,22,4327300,268100,110,3,2,2,0,1,2,0,53,1,0,1,0,0
200600044128,6,7,5,445,3,1,1,1,6,192,4328900,207400,110,2,2,0,0,1,1,0,0,1,0,1,0,1
200600044133,6,7,6,2245,3,1,1,1,6,90,4311000,225400,110,3,2,2,0,2,1,0,66,1,0,1,0,0
200600044138,6,7,25,2000,1,2,3,1,1,203,4320600,275300,110,2,3,3,0,1,2,0,100,1,5,1,0,0
200600044146,6,7,28,30,3,1,1,1,7,145,4391700,450800,300,3,2,0,0,0,0,0,60,1,0,1,0,0
200600044148,6,7,4,745,1,1,1,1,1,333,4374600,429300,300,3,2,0,0,0,1,0,0,1,5,1,0,0
200600044149,6,7,19,1730,1,1,1,1,3,6,4367900,421200,300,3,2,2,0,1,1,0,70,1,0,1,0,0
200600044150,6,7,25,715,1,1,1,1,6,6,4367500,421200,300,3,2,0,0,1,1,0,0,1,2,1,0,0
200600044154,6,7,30,1745,1,1,1,1,1,10,4406500,398500,300,3,2,0,0,1,3,0,60,1,0,1,0,0
200600044156,6,7,2,900,1,2,1,1,6,77,4415200,405600,300,4,2,2,0,1,1,0,60,1,0,1,0,0
200600044158,6,7,25,745,1,1,1,1,7,109,4407000,424200,300,3,2,2,0,1,1,0,60,1,0,1,0,0
200600044160,6,7,31,1430,1,1,1,1,4,46,4399900,418800,300,2,2,0,0,0,1,0,0,1,0,1,0,0
200600044166,6,7,18,1745,1,1,1,7,3,73,4395900,455300,300,3,2,0,0,3,1,0,0,1,0,1,0,0
200600044167,6,7,29,15,3,2,1,1,5,73,4397600,456100,300,3,0,0,0,0,0,0,0,0,0,0,0,1
200600044169,6,7,29,2215,3,2,1,1,6,141,4409600,469300,300,3,2,2,0,1,2,0,61,1,0,1,0,1
200600044172,6,7,10,1445,1,2,1,1,1,229,4400000,366000,300,3,2,2,0,1,1,0,50,1,0,1,0,0
200600044173,6,7,19,1800,1,2,1,1,6,350,4399400,360900,300,3,2,3,3,1,1,20,102,1,0,1,0,0
200600044174,6,7,26,1900,1,2,1,1,6,339,4408500,364300,300,4,2,1,0,1,1,0,64,1,0,1,0,0
200600044176,6,7,20,1645,1,2,1,1,3,58,4395000,381000,300,3,2,0,0,2,1,0,70,1,0,1,0,0
200600044177,6,7,28,900,3,1,1,1,1,106,4399000,394000,300,3,2,0,0,1,1,0,73,1,0,1,0,0
200600044178,6,7,30,2145,5,2,1,1,1,210,4390000,400000,300,3,2,2,0,1,1,0,74,1,0,1,0,0
200600044180,6,7,21,30,3,1,9,1,6,83,4469100,343200,480,3,2,0,0,1,1,0,43,1,0,1,0,0
200600044183,6,7,19,1315,1,2,1,1,1,70,4478000,363000,480,3,0,0,0,1,1,0,54,1,0,1,0,1
200600044184,6,7,6,1015,1,1,1,1,7,93,4446800,373100,480,9,0,0,0,2,1,0,30,2,0,1,0,0
200600044188,6,7,2,2000,1,1,1,1,1,178,4427000,386000,480,2,2,2,0,1,3,0,63,1,0,1,0,0
200600044192,6,7,14,1730,1,1,1,1,1,63,4478200,334900,480,3,2,2,0,1,1,0,50,1,0,1,0,0
200600044199,6,7,15,1945,1,2,1,1,1,187,4281400,250600,660,3,2,2,0,2,2,0,0,1,0,4,0,0
200600044200,6,7,26,100,3,1,1,1,7,96,4277300,264900,660,3,2,2,0,1,1,0,60,1,0,3,0,0
200600044202,6,7,5,1130,1,2,1,1,6,71,4277600,269900,660,3,2,2,0,1,1,0,0,1,0,1,0,0
200600044205,6,7,8,1600,1,1,1,1,1,55,4266000,266000,660,4,2,1,0,2,2,0,20,1,0,1,0,0
200600044212,6,7,21,1700,1,1,1,1,4,50,4278300,290800,660,3,2,2,0,1,1,0,65,1,0,1,0,0
200600044214,6,7,25,1700,1,2,1,1,2,212,4276000,299500,660,3,2,2,0,1,1,0,62,1,0,1,0,0
200600044215,6,7,30,2215,3,1,1,1,2,17,4283400,303700,660,3,2,2,0,1,1,0,70,1,0,1,0,0
200600044216,6,7,31,1530,1,1,1,1,2,212,4275500,302100,660,3,2,2,0,1,1,0,65,1,0,3,0,0
200600044219,6,7,29,300,3,1,1,1,1,226,4259500,284400,660,3,2,2,0,1,1,0,52,1,0,1,0,0
200600044222,6,7,30,1800,1,2,1,1,6,196,4253800,295800,660,3,2,2,0,1,1,0,60,1,0,3,0,0
200600044232,6,7,23,900,1,1,1,1,3,247,4156900,933600,201,4,2,2,0,1,2,0,60,1,0,1,0,0
200600044234,6,7,16,630,1,1,1,1,1,272,4165700,893000,201,2,2,0,0,1,2,0,72,1,0,1,0,1
200600044236,6,7,3,1700,1,2,1,1,6,211,4179400,898000,201,2,2,2,0,2,1,0,70,1,0,4,0,0
200600044238,6,7,22,2000,1,1,1,1,4,211,4181200,896000,201,2,0,1,0,2,3,0,80,1,0,1,0,0
200600044239,6,7,31,2145,2,1,1,1,6,276,4173300,881100,201,3,2,2,0,2,1,0,52,1,0,3,0,0
200600044243,6,7,2,1915,1,1,1,1,1,205,4269900,937200,202,3,2,2,0,2,3,0,68,1,0,1,0,0
200600044246,6,7,24,1530,1,1,1,1,4,50,4255500,878000,202,2,2,2,0,2,1,0,70,1,0,1,0,0
200600044247,6,7,31,1730,1,2,1,1,3,50,4256900,875500,202,4,3,2,0,1,1,5,50,1,0,1,0,0
200600044249,6,7,21,1115,1,1,1,1,1,168,4263500,895400,202,2,2,2,0,0,1,0,64,1,5,1,0,0
200600044250,6,7,7,30,3,1,1,1,7,220,4243000,920000,202,2,2,0,0,1,2,0,70,1,0,1,0,1
200600044251,6,7,7,2030,2,1,1,1,6,248,4241000,919000,202,2,2,2,0,1,1,0,65,1,0,3,0,0
200600044252,6,7,28,500,3,2,6,1,7,169,4246600,920700,202,2,0,0,0,1,2,0,41,1,0,1,0,0
200600044260,6,7,27,1130,1,1,9,1,5,303,4228100,955100,202,2,2,3,3,1,1,11,104,1,5,1,0,1
200600044264,6,7,20,1815,1,1,1,1,2,207,4245300,950800,202,2,2,2,0,1,1,0,73,1,0,1,0,0
200600044267,6,7,29,1915,1,1,1,1,3,82,4896400,157800,780,3,2,2,0,3,2,0,61,1,0,1,0,0
200600044270,6,7,5,600,1,1,1,1,7,71,4849000,184800,780,2,2,2,0,1,1,0,0,1,0,1,0,0
200600044271,6,7,9,1030,1,1,1,1,2,128,4868000,198000,780,3,2,2,0,1,1,0,70,1,0,1,0,0
200600044274,6,7,1,215,3,1,1,1,6,562,4874100,177800,780,3,2,2,0,0,4,0,60,0,0,1,0,0
200600044275,6,7,6,1430,1,2,1,1,7,62,4885000,187000,780,3,2,0,0,0,3,0,70,1,0,1,0,0
200600044276,6,7,26,1000,1,1,1,1,5,615,4884000,190000,780,3,2,2,0,1,1,0,60,1,5,1,0,0
200600044278,6,7,15,1715,1,2,1,1,5,386,4857000,244300,910,3,2,2,0,1,1,60,0,1,0,1,0,0
200600044283,6,7,9,1000,1,1,6,2,3,568,4858200,213900,910,3,0,0,0,1,0,0,0,2,5,1,0,0
200600044285,6,7,13,1200,1,1,9,7,3,41,4856400,222500,910,3,2,2,0,2,4,0,76,1,3,1,0,0
200600044292,6,7,3,1700,1,2,1,1,6,453,4853300,275700,770,3,2,2,0,1,1,0,62,1,0,1,0,0
200600044293,6,7,1,1345,1,1,1,1,3,381,4862600,297400,770,3,2,2,0,1,1,0,70,1,0,1,0,0
200600044294,6,7,12,1015,1,1,8,1,3,10,4861300,290300,770,3,2,2,0,1,1,0,50,1,4,1,0,0
200600044295,6,7,17,1145,1,1,1,1,1,191,4856100,296900,770,3,2,2,0,1,1,0,70,1,5,1,0,0
200600044296,6,7,25,1745,1,1,1,1,2,211,4857600,296100,770,3,2,2,0,1,1,0,70,1,0,1,0,0
200600044298,6,7,19,1430,1,1,1,7,5,436,4879300,319800,770,2,2,2,0,2,1,0,0,1,0,1,0,0
200600044299,6,7,4,1600,1,2,1,7,6,183,4894500,312700,770,9,2,2,0,1,1,0,70,1,0,1,0,0
200600044301,6,7,9,415,3,1,1,1,7,466,4882700,287600,770,3,2,2,0,1,1,0,70,1,0,1,0,0
200600044302,6,7,26,2315,3,1,1,8,7,176,4879200,300500,770,3,2,2,0,1,1,0,0,1,0,1,0,0
200600044303,6,7,28,1535,1,2,1,1,3,477,4834700,260300,770,2,2,2,0,1,1,0,0,1,0,1,0,0
200600044305,6,7,21,1230,1,1,1,1,2,153,4910400,215700,770,3,2,2,0,1,1,0,79,1,0,1,0,0
200600044306,6,7,1,1730,1,2,1,1,6,5,4853900,218200,770,4,2,2,0,1,1,0,50,1,0,3,0,1
200600044307,6,7,23,1815,1,1,1,1,3,474,4859600,234300,770,2,2,2,0,1,1,30,90,1,5,1,0,0
200600044308,6,7,5,1430,1,2,1,1,6,483,4900700,254600,770,4,2,0,0,1,1,0,0,1,6,1,0,0
200600044309,6,7,27,600,2,1,4,1,3,239,4868800,310600,770,3,2,2,0,1,1,0,70,1,0,1,0,0
200600044310,6,7,12,1045,1,2,1,1,6,311,4845300,305400,770,3,2,2,0,2,1,0,0,1,0,3,0,0
200600044317,6,7,11,300,3,1,1,1,7,89,4792200,200700,450,2,3,2,0,1,1,0,0,1,0,3,0,0
200600044319,6,7,22,45,3,1,1,2,2,324,4779700,222600,450,3,2,2,0,1,1,0,0,2,0,1,0,0
200600044320,6,7,26,2330,3,1,1,3,7,28,4779200,157300,450,3,2,2,0,1,4,0,65,2,0,0,0,0
200600044323,6,7,31,1645,1,1,1,1,2,195,4811300,217500,450,2,2,2,0,1,1,0,80,1,0,1,0,0
200600044326,6,7,18,1315,1,1,2,1,3,108,4759500,249900,450,3,2,2,0,1,1,0,0,1,5,1,0,0
200600044329,6,7,30,1200,1,1,1,1,3,138,4771700,283000,450,3,2,2,0,1,1,0,57,1,0,1,0,1
200600044332,6,7,10,745,1,1,1,1,1,329,4794400,297500,450,3,2,2,0,1,1,0,60,0,0,1,0,0
200600044334,6,7,17,2145,1,1,1,1,7,145,4810000,281000,450,3,2,2,0,1,2,0,60,1,0,1,0,1
200600044336,6,7,29,530,2,1,1,1,7,106,4828100,235400,450,4,2,2,0,4,0,0,36,1,0,1,0,0
200600044339,6,7,28,1045,1,1,1,1,3,110,4725500,291500,180,3,2,2,0,1,1,60,0,1,5,1,0,0
200600044342,6,7,15,2000,1,2,1,1,7,29,4674900,276500,180,3,2,2,0,1,3,0,54,1,0,3,0,1
200600044343,6,7,27,1000,1,2,9,1,3,197,4673600,250400,180,3,2,0,0,1,1,0,80,1,5,1,0,0
200600044347,6,7,9,1115,1,1,1,1,2,242,4680900,291700,180,3,2,2,0,1,1,0,66,1,0,1,0,1
200600044349,6,7,24,2215,3,1,1,1,7,175,4694400,279700,180,4,2,1,0,2,3,0,35,1,0,3,0,0
200600044350,6,7,14,330,5,2,1,1,7,170,4747900,251300,180,3,2,2,0,1,3,0,68,1,0,4,0,0
200600044351,6,7,16,1745,3,1,1,1,3,170,4749800,251500,180,3,2,2,0,1,1,0,59,1,5,1,0,0
200600044352,6,7,21,1215,1,2,1,1,1,141,4715000,222000,180,3,0,0,0,0,0,0,0,0,0,0,0,0
200600044353,6,7,21,2000,1,1,1,1,6,36,4716500,214700,180,3,2,0,0,1,1,0,60,1,0,1,0,0
200600044354,6,7,12,1400,1,1,1,1,3,19,4718600,273000,180,3,2,2,0,1,1,0,36,1,0,1,0,0
200600044358,6,7,1,1630,1,1,1,1,3,116,4845300,130100,280,3,2,3,0,1,1,0,105,1,0,1,0,0
200600044359,6,7,15,530,2,1,1,1,7,21,4836000,132000,280,3,2,0,0,1,1,0,60,1,0,1,0,0
200600044360,6,7,5,1830,1,2,1,1,1,357,4854000,159000,280,3,2,2,0,1,0,0,52,1,0,1,0,0
200600044361,6,7,6,1700,1,1,1,2,7,191,4860000,167900,280,3,2,0,0,3,2,0,0,2,0,1,0,0
200600044362,6,7,23,1900,1,2,1,1,6,168,4852000,169000,280,4,2,2,0,1,2,0,60,1,0,1,0,0
200600044363,6,7,22,1745,1,2,7,1,6,169,4844000,192000,280,3,2,2,0,1,2,0,0,1,0,4,0,0
200600044365,6,7,21,1630,1,2,1,1,1,320,4826300,156800,280,3,2,0,0,1,3,0,0,1,0,1,0,0
200600044366,6,7,1,2330,5,2,1,1,3,12,4810600,112000,280,3,2,2,0,1,2,0,60,1,0,1,0,0
200600044370,6,7,18,2315,3,1,1,1,7,62,4875800,152000,280,3,2,1,0,1,1,0,64,1,0,1,0,0
200600044371,6,7,26,1645,1,1,9,1,6,96,4888800,146500,280,3,2,1,0,1,3,0,48,1,0,0,0,0
200600044372,6,7,21,1345,1,1,1,7,6,202,4862100,90300,280,3,2,2,0,1,1,0,60,1,0,3,0,1
200600044373,6,7,4,1845,1,1,1,3,5,415,4867300,145100,280,3,2,2,0,2,2,0,55,1,0,0,0,0
200600044376,6,7,19,845,1,1,1,1,2,18,4819600,87100,280,3,2,0,0,2,1,0,60,1,0,1,0,0
200600044379,6,7,2,1130,1,1,1,1,7,89,4667600,179200,360,3,2,1,0,0,1,0,70,1,0,1,0,0
200600044380,6,7,6,820,1,2,1,1,1,5,4674700,183200,360,4,1,1,0,2,1,0,35,1,0,1,3,0
200600044382,6,7,28,1800,1,1,1,1,3,35,4642400,124800,360,3,2,2,0,4,1,0,54,1,0,1,0,1
200600044383,6,7,8,1800,1,1,1,1,7,139,4677000,147000,360,3,2,0,0,1,1,0,0,1,0,1,0,0
200600044387,6,7,22,1,3,1,9,3,7,228,4715900,151700,360,3,2,2,0,1,1,0,60,2,0,3,0,0
200600044389,6,7,28,1430,1,2,1,1,3,228,4715700,156600,360,3,2,0,0,0,3,0,0,1,5,1,0,0
200600044391,6,7,27,1800,1,1,1,1,1,173,4670600,123500,360,3,2,2,0,1,1,0,47,1,0,1,0,0
200600044392,6,7,5,1810,1,1,1,1,5,143,4665400,194800,360,3,2,3,0,1,1,0,108,1,5,1,0,0
200600044393,6,7,9,1715,1,2,4,1,3,46,4658700,199100,360,4,2,2,0,4,1,0,40,1,0,1,0,0
200600044399,6,7,29,1845,1,1,1,1,7,169,4680100,203000,360,3,2,2,0,1,3,0,0,9,0,1,0,0
200600044401,6,7,24,1445,1,1,2,1,3,3,4739000,100000,370,3,2,2,0,1,1,0,80,1,5,1,0,0
200600044402,6,7,1,945,1,1,1,1,7,182,4745100,51200,370,3,2,2,0,1,1,0,57,1,0,0,0,0
200600044403,6,7,19,1515,1,1,1,1,4,245,4751700,59100,370,2,3,2,0,1,1,0,60,1,0,1,0,0
200600044404,6,7,11,1100,1,1,1,1,7,92,4753200,83200,370,3,2,2,0,1,1,0,0,1,0,1,0,0
200600044408,6,7,21,1030,1,1,1,1,1,74,4723700,10700,370,2,2,2,0,1,1,0,72,1,0,1,0,0
200600044409,6,7,23,1545,1,2,7,1,3,14,4722500,49700,370,3,2,2,0,1,1,0,62,1,0,1,0,0
200600044411,6,7,8,1200,1,2,1,1,1,174,4705600,55100,370,4,2,2,0,1,1,0,0,1,0,3,0,0
200600044412,6,7,9,215,3,1,1,1,6,174,4705100,55000,370,4,2,0,0,1,1,0,0,1,0,3,0,0
200600044413,6,7,29,2345,3,1,1,1,1,65,4702200,33000,370,3,2,2,0,1,2,0,56,1,0,1,0,0
200600044418,6,7,6,1045,1,1,1,1,3,55,4754400,123500,410,3,2,2,0,2,1,0,48,1,0,1,0,0
200600044421,6,7,8,1145,1,2,1,1,3,151,4734700,118900,410,4,2,2,0,1,1,0,50,1,0,1,0,0
200600044425,6,7,13,630,1,1,9,1,6,175,4789700,118000,410,2,2,2,0,0,1,0,80,1,2,1,0,0
200600044429,6,7,1,930,1,1,1,1,7,214,4498000,105000,330,3,2,2,0,1,1,0,60,1,0,1,0,0
200600044430,6,7,7,2300,5,2,1,1,6,333,4487500,109100,330,3,2,2,0,1,3,0,62,1,0,1,0,1
200600044432,6,7,26,1200,1,1,1,1,7,97,4508600,104600,330,3,3,0,0,1,1,60,0,1,0,0,0,0
200600044433,6,7,23,950,1,1,1,1,3,31,4779500,354800,290,3,2,2,0,2,4,0,61,1,0,1,0,0
200600044435,6,7,3,855,1,1,1,2,6,138,4572100,149600,870,3,2,0,0,2,2,0,0,2,0,1,0,0
200600044437,6,7,11,1715,1,1,1,1,2,169,4571200,124300,870,3,2,2,0,2,1,0,67,1,0,1,0,0
200600044438,6,7,3,930,1,1,1,1,2,234,4478500,49900,330,3,2,2,0,1,1,0,70,1,0,1,0,0
200600044440,6,7,19,1900,1,1,1,1,7,22,4707800,327300,580,3,2,2,0,1,2,0,0,1,0,3,0,0
200600044441,6,7,30,1415,1,1,1,1,6,207,4709900,318200,580,3,2,1,0,1,1,0,0,1,0,3,0,0
200600044443,6,7,14,1530,1,1,9,1,3,25,4349300,556200,130,2,2,2,0,1,1,0,70,1,0,1,0,1
200600044444,6,7,31,1600,1,1,1,7,1,87,4349300,564000,130,2,2,2,0,1,1,0,72,1,0,1,0,0
200600044445,6,7,12,815,1,1,1,1,5,195,4412800,29100,470,3,2,2,0,1,2,0,78,1,0,1,0,0
200600044448,6,7,18,1350,1,1,1,1,6,195,4413900,35800,470,3,2,2,0,2,2,0,60,1,0,0,0,0
200600044452,6,7,11,1845,1,2,1,7,7,334,4815500,158000,350,3,2,2,0,1,2,0,60,1,0,3,0,0
200600044453,6,7,13,1100,1,1,1,1,7,51,4812400,155900,350,4,2,2,0,2,2,0,40,1,0,1,0,0
200600044454,6,7,31,1920,1,2,9,1,1,51,4813700,162200,350,3,2,0,0,1,2,0,74,1,0,1,0,0
200600044457,6,7,21,115,3,1,1,1,6,363,4841700,189900,280,1,3,3,0,1,1,294,270,1,0,1,0,0
200600044460,6,7,25,1015,1,1,1,1,7,92,4836800,187800,280,1,3,0,0,1,1,24,270,1,0,1,0,0
200600044471,6,7,12,1330,1,1,1,1,3,333,4826800,272500,770,1,3,3,0,1,1,20,260,1,0,1,0,0
200600044495,6,7,14,830,1,1,2,1,4,116,4394600,461300,300,1,1,3,0,4,1,15,105,1,0,1,0,1
200600044496,6,7,23,1600,3,1,1,1,6,73,4318700,604500,830,1,3,2,0,1,1,20,80,1,0,1,0,1
200600044497,6,7,21,1015,1,1,1,1,3,73,4340600,630800,830,1,3,3,0,0,1,20,135,1,0,1,0,0
200600044509,6,7,26,1115,1,1,1,1,6,27,4738300,503300,210,3,2,2,0,1,2,0,74,1,0,3,0,0
200600044510,6,7,3,1730,1,1,1,1,5,13,4603000,472600,690,1,0,3,0,1,1,100,0,1,0,1,0,0
200600044511,6,7,26,1430,1,1,1,1,6,115,4598100,473600,690,1,0,0,0,1,1,0,0,1,7,1,0,0
200600044512,6,7,4,500,3,1,1,1,7,53,4560800,525500,380,1,3,3,0,1,1,20,100,1,0,3,0,0
200600044517,6,7,14,1515,1,2,1,1,6,371,4909600,250200,950,4,2,0,0,1,1,0,0,1,0,1,0,0
200600044522,6,7,8,200,4,1,1,1,2,101,4762200,118700,410,1,1,0,0,1,1,9,135,1,0,1,0,0
200600044523,6,7,18,1930,1,1,1,1,6,101,4761000,112000,410,1,0,3,0,1,1,8,105,1,0,1,0,0
200600044525,6,7,25,2145,2,1,1,1,7,156,4768000,140000,410,1,3,3,0,1,1,23,105,1,0,0,0,0
200600044529,6,7,23,1945,1,1,1,1,1,40,4315700,287500,110,1,3,2,0,1,1,30,70,1,0,1,0,1
200600044530,6,7,24,1550,1,1,1,1,7,144,4289900,299200,110,1,3,3,3,1,1,30,90,1,0,1,0,0
200600044551,6,7,14,2000,1,1,1,1,1,62,4736800,140500,410,4,0,0,0,0,3,0,31,1,0,1,0,0
200600044564,6,7,1,1625,1,1,1,1,6,178,4554000,326000,630,1,3,2,3,1,1,12,70,1,0,1,0,0
200600044565,6,7,16,600,2,1,1,1,6,242,4540000,327000,630,1,3,2,3,0,1,20,70,1,0,1,0,1
200600044566,6,7,19,20,3,1,1,1,4,404,4557000,324000,630,1,3,2,3,1,1,20,140,1,0,1,0,0
200600044567,6,7,18,1230,1,1,1,1,7,102,4348000,144000,640,1,1,2,0,1,2,2,40,9,3,1,0,0
200600044568,6,7,3,2015,1,2,1,1,6,486,4517300,568000,380,3,2,0,0,2,2,0,0,1,0,1,0,0
200600044577,6,7,30,615,2,1,1,1,2,88,4372700,722700,60,1,1,3,0,0,1,0,0,1,1,1,0,0
200600044582,6,7,10,1530,1,1,1,1,5,516,5055100,246900,620,1,1,2,0,1,1,30,70,1,3,1,0,0
200600044583,6,7,18,900,1,1,1,1,6,186,5044400,270400,620,1,1,1,0,0,3,0,45,1,3,1,0,0
200600044586,6,7,18,1845,1,1,1,1,6,40,4345800,555600,130,1,3,3,0,1,1,35,105,1,0,3,0,0
200600044599,6,7,10,2230,2,1,2,1,5,617,4866300,251800,910,2,3,0,0,1,1,30,220,1,5,1,0,1
200600044601,6,7,11,1145,1,1,1,1,4,161,4348000,153000,310,1,1,3,0,1,1,200,135,1,0,0,0,0
200600044602,6,7,25,815,1,1,1,1,7,260,4448300,82800,330,1,3,0,0,0,1,150,100,0,0,1,0,0
200600044624,6,7,31,700,1,1,1,1,6,424,4539800,60400,170,1,1,2,0,1,1,10,70,1,0,3,0,0
200600044625,6,7,7,1815,1,1,1,2,3,187,4854000,278000,220,3,2,2,0,1,1,0,130,2,5,1,0,0
200600044628,6,7,31,1745,1,1,1,1,3,922,4170700,935900,201,2,2,2,0,1,1,0,75,1,0,1,0,0
200600044633,6,7,2,830,1,1,1,1,6,244,4590600,523000,10,1,3,2,0,1,1,15,55,1,0,3,0,0
200600044636,6,7,3,1655,1,2,1,1,6,279,4550900,426400,420,4,0,2,0,2,2,0,0,1,0,1,0,0
200600044638,6,7,31,1445,1,1,1,1,1,279,4549700,424500,420,3,0,2,0,2,2,0,62,1,0,1,0,0
200600044639,6,7,3,815,1,1,1,1,7,244,4855200,240800,910,2,2,1,0,1,1,0,80,1,0,3,0,0
200600044640,6,7,18,1645,1,1,1,1,7,45,4853300,240900,910,3,2,1,0,0,3,0,0,1,0,1,0,0
200600044641,6,7,5,1430,1,1,1,1,2,428,4913100,424100,510,2,2,2,0,1,1,0,73,1,0,1,0,0
200600044642,6,7,16,430,2,1,1,1,6,333,4914000,410700,510,3,2,2,0,2,4,0,70,1,0,1,0,0
200600044643,6,7,19,1545,1,1,1,1,6,906,5086300,202100,620,1,3,2,0,1,1,10,204,1,0,1,0,1
200600044644,6,7,7,1725,1,1,1,1,5,748,5091000,213000,620,3,2,2,0,1,1,0,56,9,0,1,0,1
200600044653,6,7,30,945,1,1,1,1,6,137,4600200,617700,740,2,2,2,0,1,1,0,80,1,0,1,0,0
200600044657,6,7,7,855,1,1,1,1,1,318,4275900,177100,90,2,2,2,0,4,3,0,70,1,0,1,0,1
200600044661,6,7,13,1430,1,1,3,1,1,240,4754100,274000,560,3,3,1,0,1,1,10,70,1,5,1,0,0
200600044662,6,7,14,345,3,1,1,1,2,84,4759300,268600,560,3,2,0,0,1,1,0,71,1,0,1,0,1
200600044671,6,7,12,1330,1,1,1,1,2,331,4610900,545100,10,1,3,3,3,2,1,0,0,1,0,1,0,0
200600044672,6,7,16,1745,1,1,1,1,2,331,4610900,544900,10,1,3,3,3,2,1,10,107,1,0,1,0,1
200600044673,6,7,22,915,1,1,1,1,7,273,4608200,536500,10,1,3,0,0,1,1,0,0,1,0,1,0,0
200600044679,6,7,13,1115,1,1,9,1,2,164,4584300,316200,630,1,3,2,0,1,1,0,0,1,7,1,0,0
200600044681,6,7,27,435,3,1,1,1,1,110,4752000,35000,490,1,3,0,0,1,2,25,150,1,0,1,0,1
200600044689,6,7,24,1715,1,2,1,1,1,471,4863900,774200,670,4,2,2,0,1,1,0,60,1,0,1,0,0
200600044694,6,7,31,1215,1,1,1,1,2,31,4639000,271000,30,1,3,2,0,0,1,40,100,1,0,1,0,0
200600044695,6,7,6,1630,1,1,1,1,7,126,4694400,242000,180,1,3,2,0,1,1,10,70,1,0,3,0,0
200600044696,6,7,15,1040,1,1,1,1,6,63,4688700,242000,180,1,3,2,0,1,1,10,70,1,0,1,0,1
200600044697,6,7,4,1630,1,1,1,1,5,638,4752800,520000,210,1,3,2,3,1,1,30,100,1,0,1,0,1
200600044698,6,7,11,1041,1,1,1,1,6,638,4754200,519900,210,1,3,0,0,1,1,30,105,1,0,1,0,0
200600044699,6,7,27,920,1,1,1,1,2,21,4735300,516300,210,1,3,4,0,1,1,28,140,1,0,1,0,0
200600044705,6,7,29,1530,1,1,1,1,1,213,4556700,594800,730,1,1,3,3,1,1,20,84,1,0,1,0,0
200600044717,6,7,10,1,3,1,1,1,7,50,4366900,525100,130,2,2,2,0,2,3,0,0,1,0,1,0,0
200600044718,6,7,18,245,3,1,1,1,7,91,4362300,525200,130,3,2,0,0,1,2,0,60,1,0,3,0,0
200600044735,6,7,2,1415,1,1,1,1,6,134,4640000,146000,360,1,3,4,0,1,1,30,100,1,0,1,0,0
200600044736,6,7,25,1200,1,1,1,1,5,202,4680000,166500,360,1,1,0,0,1,1,30,105,1,0,1,0,0
200600044737,6,7,31,900,1,1,1,1,2,231,4675000,162000,360,1,3,4,0,1,1,30,100,1,0,1,0,0
200600044745,6,7,9,1845,1,1,1,1,1,255,4816600,14900,720,3,2,2,0,1,1,0,51,1,0,1,0,0
200600044748,6,7,18,945,1,1,1,1,2,86,4735400,292500,580,1,3,2,0,1,1,15,68,1,0,1,0,0
200600044754,6,7,30,1045,1,1,1,2,7,311,4914800,53600,140,1,1,2,0,0,1,75,0,2,0,3,0,0
200600044755,6,7,11,2045,1,1,1,1,7,47,4378500,445400,300,2,2,0,0,1,1,0,114,1,0,1,0,0
200600044756,6,7,20,1815,1,1,1,1,1,34,4376700,452700,300,3,2,3,0,0,1,0,115,1,0,1,0,0
200600044757,6,7,28,815,1,1,1,1,3,60,4380500,440400,300,3,2,2,0,1,2,0,70,1,0,1,0,0
200600044758,6,7,12,730,1,1,1,1,7,503,4968300,466200,80,1,0,2,0,1,2,10,70,1,0,3,0,0
200600044770,6,7,5,2000,1,1,2,1,3,571,4957900,132500,760,3,2,2,0,1,1,0,40,1,0,1,0,0
200600044774,6,7,30,2200,5,2,1,1,7,212,4728100,598800,250,4,2,0,0,2,2,0,60,1,0,1,0,0
200600044778,6,7,15,1200,1,1,1,1,1,177,4781900,294600,560,3,2,2,0,2,1,0,60,1,0,1,0,0
200600044780,6,7,9,545,2,1,1,1,7,135,4926600,65900,140,2,3,2,0,2,2,20,70,1,0,3,0,0
200600044783,6,7,30,2330,3,1,1,1,3,70,4718800,141700,440,2,3,4,0,0,1,76,0,1,0,1,0,0
200600044789,6,7,11,545,2,1,1,1,2,186,4267100,297300,660,3,2,2,0,1,1,0,60,1,0,1,0,1
200600044839,6,8,30,730,1,2,1,7,1,52,5051400,290400,590,3,2,2,0,1,1,0,60,1,0,1,0,0
200600044840,6,8,6,1950,1,1,1,1,4,524,5057900,290100,590,3,2,2,0,1,3,0,63,1,0,1,0,1
200600044843,6,8,8,750,1,1,1,7,3,663,5088800,249300,590,3,2,2,1,1,1,60,0,1,0,1,0,0
200600044848,6,8,19,445,5,2,1,1,6,168,5057200,322300,590,3,2,2,0,1,3,15,83,1,0,1,0,0