Num_Acc,an,mois,jour,hrmn,lum,agg,int,atm,col,com,lat,long,dep,catr,circ,nbv,vosp,prof,plan,lartpc,larrout,surf,infra,situ,env1,killed
200600044850,6,8,15,1730,1,2,1,1,7,92,5029000,331000,590,4,2,2,0,1,3,0,0,1,0,1,0,0
200600044851,6,8,25,1400,1,2,1,1,6,387,5029000,327000,590,4,2,2,0,2,1,0,60,1,0,4,0,0
200600044854,6,8,4,2215,5,2,2,1,1,255,5029100,319700,590,4,2,0,0,1,1,0,60,1,0,1,0,0
200600044858,6,8,29,1907,1,1,1,2,1,517,5008000,321000,590,3,2,2,0,2,3,0,66,2,0,1,0,0
200600044859,6,8,26,1815,1,2,1,1,6,224,5027000,321000,590,3,2,2,0,1,1,0,0,2,0,4,0,0
200600044860,6,8,29,1415,1,2,1,1,1,97,5024500,266000,620,2,2,0,0,0,1,0,98,1,0,1,0,0
200600044861,6,8,14,1945,1,1,1,3,7,42,5032000,284000,620,2,3,2,0,1,3,0,72,2,0,3,0,0
200600044862,6,8,23,1215,1,2,1,1,6,728,5024600,306600,620,4,2,0,0,1,1,0,32,1,0,1,0,1
200600044863,6,8,22,1515,1,1,1,1,3,162,5057300,245700,620,2,2,3,3,1,1,0,115,1,5,1,0,0
200600044868,6,8,27,2000,1,2,7,1,6,268,5067200,183600,620,4,1,1,0,1,2,0,30,1,0,4,0,0
200600044870,6,8,6,1645,1,1,1,1,7,312,5051000,179700,620,3,2,2,0,1,1,0,56,1,0,3,0,0
200600044872,6,8,15,330,4,2,1,1,7,275,5033500,187300,620,3,2,2,0,1,0,0,0,1,0,1,0,0
200600044873,6,8,21,1530,1,1,1,1,3,533,5052600,217600,620,3,2,0,0,1,3,0,42,1,0,1,0,0
200600044875,6,8,8,700,1,1,1,1,5,14,5071200,233300,620,3,2,0,0,0,1,70,0,1,0,1,0,0
200600044878,6,8,24,1230,1,2,2,2,3,905,5075000,213000,620,3,2,2,0,1,1,0,54,2,0,1,0,0
200600044879,6,8,25,2200,4,2,1,1,6,258,5035700,226000,620,3,2,2,0,1,1,61,0,1,0,3,0,0
200600044880,6,8,31,1800,1,2,1,1,6,767,5038600,233600,620,2,2,2,0,1,1,0,71,1,0,1,0,1
200600044881,6,8,4,1715,1,1,1,1,6,857,5037200,260400,620,3,2,2,0,0,1,0,74,1,0,0,0,1
200600044882,6,8,10,2045,2,1,1,2,3,198,5038800,263000,620,3,2,2,0,3,3,0,0,2,0,1,0,0
200600044883,6,8,13,500,3,2,1,3,6,63,5027900,253800,620,3,2,2,0,0,3,0,74,2,0,3,0,1
200600044885,6,8,29,430,3,1,1,8,6,784,5020300,252200,620,2,2,0,0,2,1,0,74,8,0,3,0,1
200600044894,6,8,20,600,2,2,1,2,6,70,5009000,239000,800,3,2,2,0,1,1,0,70,2,0,4,0,1
200600044895,6,8,19,1800,1,1,9,2,4,685,4971700,279000,800,3,2,0,0,0,1,0,71,2,0,0,0,0
200600044898,6,8,25,645,1,1,1,1,7,242,4981700,249700,800,9,3,2,0,2,2,0,0,1,0,1,0,0
200600044903,6,8,22,1500,1,2,1,2,6,16,5001000,264900,800,3,2,2,0,1,1,0,80,2,0,1,0,0
200600044904,6,8,19,330,3,2,1,1,6,737,4973400,391100,20,3,2,2,0,1,0,0,60,1,0,1,0,0
200600044905,6,8,21,900,1,1,2,1,3,238,4960200,352100,20,2,2,2,0,1,1,0,63,1,5,1,0,0
200600044907,6,8,25,1800,1,2,1,1,2,617,4968800,358900,20,3,2,0,0,1,1,0,0,1,0,1,0,0
200600044914,6,8,17,1030,1,1,1,1,6,186,4898800,339500,20,3,2,2,0,0,2,0,0,1,0,1,0,0
200600044916,6,8,5,1800,1,1,1,1,2,323,4993200,337300,20,3,2,2,0,1,1,0,63,1,0,1,0,0
200600044922,6,8,12,1145,1,1,1,1,6,232,4925000,303700,20,2,3,0,0,2,2,36,47,1,0,1,0,0
200600044925,6,8,14,15,3,2,1,2,6,544,4993500,403200,20,3,2,2,0,1,1,0,49,2,0,1,0,0
200600044926,6,8,5,500,3,1,1,1,7,103,4942800,226100,600,3,2,2,0,1,3,0,50,1,0,3,0,0
200600044927,6,8,5,1630,1,2,1,1,2,220,4944200,187200,600,4,2,2,0,1,2,0,54,1,0,1,0,0
200600044946,6,8,26,1530,1,1,1,8,1,655,4957100,306100,600,3,2,2,0,1,4,0,60,2,0,1,0,0
200600044947,6,8,4,1230,1,2,1,2,6,323,4941200,615600,570,2,0,2,0,2,3,0,77,2,0,4,0,0
200600044954,6,8,16,1930,1,1,1,1,1,658,4924500,302400,600,2,3,2,0,2,1,0,0,2,0,1,0,1
200600044958,6,8,19,1800,1,1,6,1,3,245,4955000,104000,760,2,2,0,0,1,1,0,117,1,5,1,0,0
200600044960,6,8,19,1300,1,1,1,1,7,85,4982000,105700,760,3,2,2,0,1,1,0,50,1,0,1,0,0
200600044961,6,8,20,2000,1,2,1,1,7,162,4976900,115100,760,3,2,2,0,1,1,0,50,1,0,1,0,0
200600044962,6,8,2,1245,1,1,2,1,3,274,4969700,95700,760,3,2,2,0,0,1,0,60,1,0,1,0,0
200600044963,6,8,9,1445,1,1,1,2,3,449,4967800,114800,760,2,2,2,0,2,1,77,0,2,0,1,0,0
200600044964,6,8,1,300,5,2,1,2,5,475,4940000,115000,760,2,2,2,0,1,1,22,96,2,0,1,0,0
200600044973,6,8,3,1845,1,1,1,1,1,714,4955700,40200,760,9,2,1,0,2,1,0,26,1,0,1,0,0
200600044974,6,8,31,2045,5,2,2,1,3,238,4956900,22900,760,3,2,2,0,2,1,0,76,1,5,1,0,0
200600044977,6,8,18,1915,1,1,3,1,3,537,4974400,162000,760,4,2,2,0,1,0,0,35,1,0,1,0,0
200600044978,6,8,22,1545,1,1,1,1,4,263,4946600,154600,760,2,2,2,0,3,1,0,82,1,0,1,0,0
200600044980,6,8,2,1900,1,2,3,1,3,493,4985200,62500,760,3,2,2,0,1,1,0,56,1,0,1,0,0
200600044981,6,8,14,2130,3,2,2,1,1,172,4986200,84000,760,3,2,2,0,1,1,0,31,1,0,1,0,0
200600044982,6,8,29,945,1,2,9,1,3,159,4979100,64300,760,3,2,2,0,2,1,0,50,1,0,1,0,0
200600044984,6,8,26,1245,1,1,1,8,1,240,4971600,36100,760,3,2,0,0,1,2,0,55,2,0,1,0,0
200600044986,6,8,15,1045,1,1,1,1,1,489,4907600,122300,270,3,2,2,0,1,1,30,61,1,5,1,0,0
200600044987,6,8,18,1815,1,2,1,8,1,652,4910300,110500,270,4,2,2,0,1,2,0,30,1,0,1,0,0
200600044992,6,8,15,745,2,1,1,1,7,195,4879200,98400,270,3,2,2,0,1,3,0,65,1,0,3,0,0
200600044996,6,8,31,1830,1,2,1,1,6,477,4914000,144400,270,3,2,2,0,1,1,0,60,1,0,3,0,0
200600044998,6,8,14,1415,1,2,1,1,1,324,4935900,172600,270,4,2,0,0,1,2,0,45,1,0,1,0,0
200600045000,6,8,20,415,3,1,1,1,6,398,4910300,62900,270,3,2,1,0,0,1,0,70,2,0,0,0,0
200600045005,6,8,20,1500,1,1,2,1,1,50,4909700,80400,270,3,2,2,0,0,1,70,0,1,0,1,0,0
200600045007,6,8,7,1700,1,2,2,2,3,3,4917500,117700,270,3,2,2,0,1,1,0,89,2,5,1,0,0
200600045011,6,8,27,1945,1,1,1,1,1,517,4914300,131700,270,3,3,2,0,3,1,37,115,1,5,1,0,0
200600045012,6,8,31,1645,1,2,1,1,6,676,4920200,129700,270,3,2,2,0,1,2,0,62,1,0,1,3,0
200600045013,6,8,25,2330,3,2,1,1,6,469,4930300,115200,270,3,2,2,0,1,2,0,60,1,0,0,0,0
200600045014,6,8,2,1650,1,1,2,1,3,698,4917800,87900,270,3,2,2,0,1,4,0,68,1,0,1,0,0
200600045015,6,8,11,1400,1,1,2,1,3,354,4917500,95200,270,3,2,2,0,1,1,0,47,1,0,1,0,1
200600045020,6,8,4,2045,1,2,1,1,5,167,4931300,62600,270,3,0,2,0,1,4,0,47,1,0,1,0,0
200600045022,6,8,31,1915,1,2,1,1,3,177,4822000,175300,350,9,2,2,0,0,1,0,0,1,0,1,0,0
200600045026,6,8,5,115,3,1,1,1,6,243,4834800,129400,350,2,3,4,0,1,1,11,200,1,0,1,0,1
200600045029,6,8,9,1045,1,2,1,1,6,83,4846200,138900,350,3,2,2,0,0,1,0,40,1,5,1,0,0
200600045031,6,8,23,2330,3,1,1,2,7,323,4843000,132500,350,3,2,2,0,0,1,0,43,2,0,1,0,1
200600045032,6,8,27,2100,1,1,1,1,6,236,4767300,205800,350,3,2,2,0,2,1,0,51,1,0,3,0,0
200600045034,6,8,8,2045,1,1,1,1,7,33,4792900,171600,350,3,2,2,0,2,1,0,0,1,0,3,0,0
200600045038,6,8,21,1100,1,1,2,1,3,85,4840600,176000,350,3,2,0,0,1,1,0,70,1,0,1,0,0
200600045039,6,8,23,1700,1,2,1,1,3,95,4855200,174900,350,4,2,2,0,1,1,0,70,1,0,1,0,0
200600045041,6,8,14,1430,1,1,1,1,1,287,4863200,212000,350,4,2,0,0,2,1,0,45,1,0,1,0,0
200600045045,6,8,4,1700,1,2,1,1,1,68,4810900,140700,350,3,2,2,0,1,1,0,63,1,0,1,0,1
200600045050,6,8,24,1615,1,1,1,1,1,384,4828300,283200,220,3,2,2,0,1,1,0,69,1,0,1,0,1
200600045051,6,8,22,1015,1,2,9,8,6,162,4878300,304600,220,6,0,0,0,0,0,0,0,1,0,0,0,0
200600045056,6,8,2,1300,1,1,1,1,6,380,4838100,209300,220,3,2,2,0,1,1,0,82,1,0,3,0,0
200600045059,6,8,29,1315,1,2,1,1,3,213,4852000,202000,220,3,2,2,0,2,3,0,65,1,0,1,0,0
200600045061,6,8,8,245,3,1,1,1,6,143,4860300,228800,220,3,2,2,0,0,1,0,70,1,0,3,0,1
200600045064,6,8,28,2000,1,1,1,1,1,14,4849200,225200,220,3,2,2,0,1,4,0,0,1,0,1,0,0
200600045066,6,8,27,1915,1,1,1,1,3,297,4827700,253100,220,3,2,2,0,1,1,0,62,1,5,1,0,0
200600045067,6,8,4,100,3,1,1,1,7,150,4858500,306300,220,3,2,2,0,1,1,0,69,1,0,0,0,1
200600045068,6,8,17,1400,1,2,7,1,6,70,4857100,315300,220,9,4,0,0,0,0,0,0,1,0,4,0,0
200600045070,6,8,31,2330,3,1,1,1,6,248,4861400,311600,220,3,2,2,0,1,1,0,52,9,0,3,0,0
200600045073,6,8,15,430,3,1,1,5,7,207,4860200,347500,220,4,2,0,0,1,3,0,40,2,0,3,0,0
200600045076,6,8,6,130,3,1,1,1,1,247,4875600,324300,220,3,2,2,0,3,3,0,65,1,0,1,0,0
200600045087,6,8,31,545,3,1,1,8,7,161,4792300,406200,290,3,2,2,2,2,1,0,0,1,0,5,0,1
200600045088,6,8,6,515,3,1,1,1,6,220,4788800,420600,290,3,2,2,1,1,1,0,70,1,0,1,0,0
200600045089,6,8,5,1530,1,1,1,1,7,85,4784900,416800,290,9,0,1,0,1,1,0,34,1,0,1,0,0
200600045090,6,8,29,1800,1,2,1,1,3,174,4790100,428800,290,3,2,2,0,1,1,0,60,1,0,1,0,0
200600045091,6,8,28,1630,1,1,1,1,3,37,4788200,413500,290,3,3,0,2,1,2,30,120,1,5,1,0,0
200600045092,6,8,26,230,3,1,1,2,7,91,4863400,438400,290,3,2,0,0,2,1,0,52,2,2,0,0,1
200600045093,6,8,15,1500,1,1,1,1,5,195,4861400,453200,290,3,2,2,0,1,1,0,60,1,0,1,0,1
200600045095,6,8,24,1145,1,1,1,1,2,109,4855800,472900,290,3,2,2,0,1,1,0,60,1,0,1,0,0
200600045096,6,8,7,1515,1,2,1,2,1,302,4826000,408400,290,3,2,0,0,2,3,0,78,2,0,1,0,1
200600045097,6,8,13,1700,1,1,1,1,5,172,4819800,418800,290,3,2,2,0,1,1,0,60,1,0,1,0,0
200600045098,6,8,12,1015,1,1,9,1,3,175,4825000,382000,290,3,2,3,0,1,1,0,102,1,5,1,0,0
200600045099,6,8,23,1415,1,1,1,2,3,291,4811800,389300,290,4,2,2,0,1,1,0,45,2,0,1,0,0
200600045100,6,8,9,1330,1,1,1,1,1,280,4825000,438000,290,3,2,1,0,1,4,0,66,2,0,1,0,1
200600045106,6,8,1,1915,1,2,2,1,5,185,4865800,417700,290,3,2,2,0,1,2,0,75,1,0,1,0,0
200600045118,6,8,11,1700,1,2,1,1,6,7,4768300,301100,560,6,0,0,0,1,1,0,0,1,0,4,0,0
200600045121,6,8,11,330,5,2,1,1,6,34,4757700,307700,560,4,1,1,0,1,1,0,53,1,0,1,0,0
200600045122,6,8,12,1315,1,2,6,1,3,34,4758300,308100,560,3,2,0,0,0,1,0,60,0,5,1,0,0
200600045130,6,8,28,1445,1,1,1,1,7,68,4801000,248600,560,3,2,2,0,2,4,70,0,1,0,3,0,0
200600045132,6,8,1,1645,1,2,9,1,1,738,4916100,45600,140,9,2,2,3,2,1,60,0,1,0,1,3,0
200600045134,6,8,23,1315,1,1,1,1,2,738,4916800,47300,140,3,2,2,0,1,1,0,56,1,0,1,0,0
200600045135,6,8,26,1900,1,2,1,1,6,123,4924200,44900,140,3,3,2,0,0,3,0,100,1,0,1,0,0
200600045136,6,8,30,1330,1,1,1,1,1,610,4918700,48700,140,3,2,0,0,1,1,0,60,1,5,1,0,0
200600045137,6,8,19,1815,1,2,1,1,1,100,4904500,32000,140,3,2,0,0,0,3,0,57,2,0,1,0,1
200600045139,6,8,1,1245,1,1,1,1,6,46,4924800,18400,140,3,2,2,0,1,1,0,66,1,0,1,0,1
200600045141,6,8,1,1745,1,1,1,1,3,162,4891200,48400,140,3,2,0,0,0,2,0,114,1,5,1,0,0
200600045143,6,8,22,1930,2,1,1,1,7,226,4895700,40900,140,3,2,2,0,1,2,0,38,1,0,1,0,0
200600045144,6,8,26,2030,2,1,1,1,6,284,4886000,26100,140,3,2,2,0,1,3,0,50,1,0,3,0,1
200600045145,6,8,28,1730,1,2,1,1,6,656,4894100,50600,140,3,2,2,0,1,1,0,60,1,0,4,0,0
200600045148,6,8,24,1830,1,1,3,1,3,460,4919000,30000,140,3,2,2,0,1,2,0,45,1,0,1,0,0
200600045149,6,8,20,1100,1,1,1,2,3,593,4927600,16800,140,3,2,0,0,2,1,0,70,2,0,1,0,0
200600045152,6,8,4,1045,1,1,1,1,1,347,4904100,72900,140,3,2,0,0,3,1,105,0,1,5,1,0,0
200600045154,6,8,19,530,3,1,1,1,6,84,4901700,62300,140,3,2,2,0,1,1,0,0,1,0,1,0,0
200600045155,6,8,22,1945,1,2,1,1,6,746,4884400,79600,140,3,2,1,0,1,1,30,0,1,0,1,0,0
200600045157,6,8,7,1300,1,1,1,1,1,313,4902700,114500,500,3,2,2,0,2,1,0,0,1,0,1,0,1
200600045162,6,8,18,1815,1,1,1,1,1,554,4868500,132000,500,3,2,2,0,0,1,0,61,1,0,1,0,0
200600045163,6,8,18,2345,3,2,1,8,6,386,4970300,184300,500,3,0,2,0,1,1,0,54,1,0,1,0,0
200600045171,6,8,2,1500,1,1,1,1,3,449,4916500,138600,500,3,2,2,0,1,1,0,56,1,0,1,0,0
200600045174,6,8,20,1415,1,1,2,1,3,378,4898000,124000,500,3,2,2,0,2,1,0,60,1,5,1,0,0
200600045176,6,8,9,1130,1,1,1,1,1,372,4931700,153900,500,3,2,2,0,2,1,0,73,1,0,1,0,1
200600045177,6,8,11,1545,1,2,1,1,3,63,4930500,157600,500,3,2,2,0,0,1,0,109,1,5,1,0,1
200600045178,6,8,30,1630,1,1,1,1,1,78,4925500,163400,500,3,2,2,0,1,0,0,82,1,0,1,0,1
200600045179,6,8,4,945,1,1,1,1,7,359,4864000,94000,500,3,2,0,0,2,2,0,0,1,0,1,0,0
200600045180,6,8,11,845,1,1,1,1,7,381,4860000,96000,500,3,2,2,0,2,2,0,51,1,0,1,0,0
200600045181,6,8,16,1900,1,1,1,8,1,462,4857000,77000,500,3,2,0,0,1,2,0,0,2,0,1,0,0
200600045186,6,8,1,1500,1,1,1,1,6,472,4876900,300,610,3,2,2,0,0,2,70,0,1,0,1,0,0
200600045188,6,8,29,1915,1,1,1,2,7,39,4862600,700,610,4,2,0,0,2,3,0,0,2,0,3,0,0
200600045191,6,8,31,930,1,1,1,1,1,394,4829500,58800,610,3,2,0,0,0,1,43,0,1,0,0,0,0
200600045192,6,8,19,1430,1,1,8,1,3,22,4705000,115100,440,5,0,0,0,1,1,0,0,1,4,0,0,1
200600045193,6,8,24,1530,1,1,1,1,1,100,4712000,135600,440,3,2,2,0,0,1,0,62,1,0,1,0,1
200600045194,6,8,5,315,3,1,1,1,7,96,4742000,125100,440,3,2,2,0,0,2,0,55,1,0,3,0,0
200600045196,6,8,23,2145,3,1,1,2,7,96,4742100,124900,440,3,2,2,0,1,3,0,58,2,0,3,0,0
200600045199,6,8,18,330,3,1,1,8,6,115,4736400,123400,440,3,2,2,0,0,2,0,72,2,0,3,0,0
200600045200,6,8,20,2200,3,1,1,1,6,144,4755100,126700,440,3,2,2,0,1,1,0,70,1,0,3,0,0
200600045201,6,8,24,100,3,1,1,3,6,202,4747200,131600,440,4,2,2,0,0,2,0,37,2,0,3,0,1
200600045203,6,8,22,930,1,1,1,1,1,199,4773200,132700,440,3,2,0,0,1,3,0,64,1,0,1,0,1
200600045204,6,8,10,1900,1,1,1,1,3,36,4771900,135600,440,3,2,2,0,1,1,0,60,1,0,1,0,0
200600045206,6,8,23,1915,1,1,2,1,3,99,4767200,138000,440,3,2,0,0,1,1,0,56,1,5,1,0,0
200600045207,6,8,31,1400,1,1,1,1,1,99,4763700,137800,440,3,0,2,0,0,1,0,91,1,0,1,0,1
200600045208,6,8,5,1230,1,1,1,1,6,15,4750700,177300,440,4,2,2,0,1,2,0,0,1,0,1,0,0
200600045209,6,8,16,1930,1,2,1,3,1,138,4752600,161800,440,3,2,2,0,2,4,60,0,2,0,1,0,1
200600045211,6,8,15,45,5,2,1,1,3,101,4719000,168000,440,3,2,2,0,1,1,0,50,1,0,1,0,0
200600045212,6,8,16,1800,1,2,1,2,6,18,4714000,169000,440,3,2,0,0,1,1,0,0,2,0,1,0,1
200600045215,6,8,27,2330,3,1,1,1,2,164,4711200,185800,440,3,2,2,0,1,1,0,0,0,0,1,0,0
200600045216,6,8,6,1145,1,2,1,1,7,187,4721000,205200,440,3,2,2,0,1,1,0,65,1,5,1,0,0
200600045217,6,8,21,2345,5,2,2,1,3,182,4716300,217200,440,4,0,2,0,1,1,0,55,1,5,1,0,0
200600045218,6,8,23,1715,1,2,1,1,3,187,4722000,204000,440,3,2,2,0,1,1,0,70,1,5,1,0,0
200600045219,6,8,24,1730,1,1,1,1,3,187,4722500,209300,440,3,2,2,0,1,1,0,58,1,0,1,0,1
200600045221,6,8,2,600,2,1,1,1,6,145,4719600,184000,440,3,2,2,0,1,1,60,0,1,0,1,0,0
200600045222,6,8,2,1530,1,2,1,2,3,119,4697000,175500,440,3,2,2,0,1,1,59,0,2,0,1,0,0
200600045226,6,8,28,1215,1,2,1,2,1,69,4737000,237900,440,3,2,2,0,1,3,0,0,2,0,1,0,0
200600045228,6,8,4,2000,1,1,2,1,3,21,4744400,22900,490,2,2,2,0,0,3,70,0,1,0,1,0,1
200600045229,6,8,4,1030,1,1,2,1,3,49,4746400,10200,490,3,2,2,0,3,1,0,56,1,5,1,0,0
200600045230,6,8,7,2000,1,2,1,1,7,21,4744200,22100,490,4,1,1,0,1,3,0,0,9,0,1,0,0
200600045231,6,8,11,1430,1,1,3,2,5,194,4745600,26200,490,2,2,2,0,0,1,15,122,1,5,1,0,0
200600045232,6,8,1,745,1,1,1,1,1,363,4734000,48000,490,3,2,2,0,1,2,0,49,1,0,1,0,0
200600045238,6,8,25,1915,1,1,6,1,3,129,4751000,50400,490,3,2,2,0,1,1,0,60,1,0,1,0,0
200600045239,6,8,19,1945,1,1,1,1,7,212,4738400,88100,490,3,2,2,0,1,1,0,60,1,0,3,0,1
200600045240,6,8,22,1715,1,1,1,1,1,76,4761500,28300,490,3,2,2,0,1,3,0,37,1,0,1,0,1
200600045242,6,8,13,1800,1,2,1,1,6,23,4720100,99300,490,4,2,2,0,2,1,0,68,1,0,3,0,1
200600045251,6,8,6,1330,1,1,1,1,6,303,4757700,7200,490,3,2,2,0,1,2,0,0,1,0,1,0,0
200600045252,6,8,10,1915,1,2,1,1,1,125,4720100,28800,490,9,2,0,0,1,3,0,59,1,0,1,0,0
200600045254,6,8,10,1945,1,1,1,1,1,374,4724000,3000,490,2,2,2,0,1,2,0,64,1,0,1,0,0
200600045257,6,8,28,1145,1,1,1,2,1,26,4753100,80400,490,3,2,2,0,1,1,0,70,2,0,1,0,0
200600045263,6,8,22,1400,1,1,1,1,1,7,4810700,62000,530,3,2,0,0,0,3,0,56,1,0,0,0,0
200600045264,6,8,2,1230,1,2,1,2,3,97,4815400,41300,530,3,0,2,0,1,1,0,70,2,0,1,0,0
200600045265,6,8,20,1530,1,1,1,1,7,163,4816900,44600,530,4,2,2,0,1,3,0,0,1,0,1,0,0
200600045266,6,8,30,2145,5,2,1,1,3,14,4782400,68800,530,3,2,2,0,1,1,0,53,1,5,1,0,0
200600045270,6,8,30,1815,1,2,9,1,3,147,4829900,61600,530,2,2,2,0,1,1,70,50,1,0,1,0,0
200600045271,6,8,12,1845,1,1,1,1,1,155,4830300,89600,530,2,2,0,0,1,1,0,70,1,0,1,0,0
200600045274,6,8,21,1245,1,1,1,1,6,190,4836300,41300,530,3,2,1,0,1,1,0,55,2,0,3,0,1
200600045275,6,8,11,2100,2,1,1,8,6,158,4805600,66100,720,3,2,0,0,0,1,0,61,2,0,3,0,1
200600045278,6,8,31,2100,3,1,1,1,6,150,4812900,24300,720,4,2,1,0,1,1,0,21,1,0,1,0,0
200600045279,6,8,13,1530,1,1,1,1,3,45,4802300,4300,720,2,2,2,0,0,1,0,68,1,0,1,0,0
200600045283,6,8,31,1100,1,1,3,1,1,100,4779900,1000,720,3,2,2,0,1,1,0,73,1,0,1,0,0
200600045284,6,8,10,2030,1,1,1,1,7,182,4775200,14700,720,3,2,0,0,2,2,0,61,1,0,1,0,0
200600045287,6,8,30,1630,1,2,2,1,3,264,4784900,33600,720,3,2,0,0,0,1,0,0,1,0,1,3,0
200600045290,6,8,24,1230,1,1,1,1,3,331,4808900,55700,720,2,2,3,0,3,1,0,0,1,0,1,0,0
200600045291,6,8,3,100,3,1,1,1,6,171,4832500,9400,720,3,2,2,0,0,0,0,0,0,0,0,0,0
200600045292,6,8,13,515,3,1,1,1,5,139,4832200,9500,720,2,2,2,0,1,1,0,72,1,0,1,0,0
200600045303,6,8,12,1145,1,1,1,1,2,297,4639700,119700,850,3,2,0,0,0,1,0,0,1,0,1,0,0
200600045304,6,8,13,145,3,1,1,1,6,216,4644500,110100,850,3,2,0,0,1,1,0,75,1,0,3,0,0
200600045305,6,8,29,815,1,1,1,2,6,128,4648800,118400,850,3,2,2,0,1,1,0,61,2,0,3,0,0
200600045306,6,8,30,1745,1,2,1,1,6,128,4645900,116700,850,3,0,0,0,0,1,0,70,1,6,1,0,0
200600045311,6,8,16,1645,1,1,1,2,6,31,4680600,92100,850,3,2,2,0,1,2,0,52,2,0,1,0,0
200600045312,6,8,3,745,1,2,1,1,1,96,4689500,183000,850,3,2,1,0,1,1,0,0,1,4,3,0,1
200600045313,6,8,4,1900,1,1,1,1,6,6,4676100,171500,850,3,2,0,0,1,1,0,64,1,0,1,0,1
200600045314,6,8,23,1815,1,2,1,1,2,280,4686000,189900,850,3,2,2,0,1,1,0,0,1,0,1,0,0
200600045315,6,8,25,1335,1,1,1,1,3,204,4680800,177900,850,3,2,2,0,2,1,0,70,1,0,1,0,0
200600045331,6,8,4,1620,1,1,1,1,3,473,4518000,44000,330,3,2,2,0,1,1,0,58,1,5,1,0,1
200600045332,6,8,27,1900,1,2,1,1,3,382,4514000,51000,330,3,2,0,0,0,1,0,50,1,0,1,0,0
200600045333,6,8,7,1445,1,1,1,1,6,438,4459100,22600,330,4,2,2,0,2,1,0,40,1,0,3,0,1
200600045334,6,8,6,1030,1,1,1,1,6,49,4488300,38100,330,2,0,0,0,0,1,25,70,1,0,3,0,0
200600045340,6,8,25,1730,1,2,2,1,3,227,4455500,23900,330,2,2,0,0,1,1,0,115,1,5,1,0,0
200600045341,6,8,29,1215,1,2,1,1,6,227,4455800,24700,330,6,1,1,0,0,0,0,0,1,0,1,0,0
200600045342,6,8,25,430,3,1,1,2,7,289,4464700,6100,330,3,2,2,0,3,0,0,0,2,0,3,0,0
200600045343,6,8,20,1115,1,2,1,1,6,336,4440600,35000,330,3,2,2,0,1,1,0,50,1,0,3,0,0
200600045349,6,8,7,1745,1,1,3,1,3,514,4553700,109900,330,2,0,0,0,0,1,0,83,1,5,1,0,0
200600045353,6,8,20,330,3,1,1,1,6,466,4483000,28000,330,3,2,0,0,3,2,0,58,1,0,3,0,1
200600045354,6,8,25,1115,1,1,1,3,1,350,4478400,13600,330,3,2,2,0,3,2,0,58,2,0,1,0,1
200600045355,6,8,28,1415,1,1,2,1,3,393,4498400,14800,330,2,2,0,0,1,1,0,70,1,0,1,0,1
200600045356,6,8,31,645,3,1,1,1,1,393,4498600,14600,330,3,2,2,0,1,1,0,75,1,0,1,0,0
200600045358,6,8,28,615,2,1,1,2,6,385,4509400,200,330,3,2,2,0,2,3,0,78,2,0,1,0,1
200600045360,6,8,22,615,2,1,1,1,1,179,4499200,26900,330,3,2,0,0,1,1,0,66,1,0,1,0,0
200600045365,6,8,11,2330,3,1,1,1,1,9,4531700,111800,240,3,2,2,0,1,1,0,52,1,0,0,0,0
200600045366,6,8,21,1630,1,1,1,1,3,540,4531300,86900,240,3,2,2,0,2,3,0,50,1,0,1,0,0
200600045372,6,8,2,1845,1,1,1,3,1,311,4552800,66100,240,3,2,2,0,4,3,0,0,2,0,1,0,0
200600045373,6,8,9,1730,1,2,1,1,3,227,4539000,113700,240,3,2,2,0,1,2,0,105,1,5,1,0,0
200600045374,6,8,19,1845,1,1,1,8,3,551,4541400,92500,240,2,4,3,0,1,1,0,110,1,5,1,0,0
200600045376,6,8,8,830,1,2,1,1,1,243,4528500,54600,240,3,2,1,0,1,1,0,64,1,0,1,0,0
200600045377,6,8,19,1145,1,1,1,1,6,247,4532900,31100,240,3,2,2,0,1,1,0,52,1,0,3,0,0
200600045378,6,8,19,1500,1,1,9,8,3,553,4525800,49000,240,3,2,2,0,1,1,0,60,2,0,1,0,0
200600045379,6,8,10,1430,1,2,1,1,1,329,4502900,6700,240,3,2,0,0,1,1,0,0,1,0,1,0,0
200600045382,6,8,3,1115,1,2,1,1,2,67,4491600,93900,240,9,2,2,0,0,1,0,60,1,0,1,0,0
200600045384,6,8,1,1100,1,1,1,8,6,34,4359600,110800,400,3,2,2,0,2,4,0,43,2,0,1,0,1
200600045385,6,8,4,2200,3,1,1,1,7,199,4359200,88400,400,3,2,2,0,1,2,0,110,8,0,1,0,0
200600045387,6,8,9,900,1,1,1,1,6,233,4361700,101400,400,3,2,2,0,1,1,0,60,1,0,3,0,0
200600045394,6,8,11,1800,1,1,1,1,1,209,4356000,145000,400,2,1,2,0,4,1,30,136,1,5,1,0,0
200600045404,6,8,10,1530,1,1,1,1,1,238,4385600,30500,400,3,2,2,0,1,1,0,76,1,0,1,0,0
200600045405,6,8,27,915,1,1,1,1,6,158,4412000,10500,400,4,2,0,0,1,1,0,39,1,0,1,0,0
200600045407,6,8,16,1145,1,2,1,1,6,145,4413900,66500,470,3,2,0,0,0,3,0,0,1,0,4,0,1
200600045408,6,8,17,1100,1,2,1,1,6,31,4418200,63600,470,3,2,4,0,1,1,5,66,1,5,1,0,1
200600045411,6,8,27,1415,1,1,1,1,2,69,4423700,55100,470,3,2,2,0,1,1,0,60,1,0,1,0,0