Num_Acc,an,mois,jour,hrmn,lum,agg,int,atm,col,com,lat,long,dep,catr,circ,nbv,vosp,prof,plan,lartpc,larrout,surf,infra,situ,env1,killed
200600045412,6,8,2,1730,1,1,1,1,1,4,4429900,34300,470,2,2,0,3,0,1,0,101,1,5,1,0,0
200600045413,6,8,9,1,1,1,2,1,3,191,4448000,10800,470,3,2,2,0,1,1,0,61,1,0,1,0,0
200600045414,6,8,5,1945,1,1,1,1,2,233,4454900,8900,470,2,2,0,0,0,3,0,0,1,0,1,0,0
200600045417,6,8,10,800,2,1,1,8,6,310,4437000,32000,470,2,2,1,0,0,1,0,75,1,0,3,0,1
200600045420,6,8,25,1400,1,1,1,2,1,65,4437000,36000,470,3,2,2,0,2,1,0,68,2,0,1,0,0
200600045423,6,8,27,430,5,2,1,1,6,310,4439600,31400,470,9,2,2,0,1,2,0,74,1,0,1,0,0
200600045424,6,8,20,1900,1,1,1,1,7,127,4436500,44900,470,3,2,2,0,1,1,0,74,1,0,1,0,0
200600045429,6,8,12,1030,1,1,1,1,3,511,4339900,37800,640,2,2,3,3,4,1,0,105,1,0,1,0,1
200600045437,6,8,5,1015,1,1,3,1,3,38,4345200,151700,640,3,2,2,0,0,1,0,70,1,5,1,0,0
200600045438,6,8,25,2215,3,1,1,1,7,188,4323000,84200,640,3,2,2,0,3,2,0,48,1,0,3,0,1
200600045440,6,8,19,1415,3,1,1,2,6,422,4322200,62600,640,3,2,2,0,1,0,0,44,1,0,1,0,1
200600045442,6,8,31,1445,1,1,1,1,1,510,4355600,70900,640,3,0,0,0,0,0,0,0,0,0,0,0,0
200600045453,6,8,13,1045,1,1,1,1,6,254,4634800,87500,860,3,2,2,0,2,3,0,47,1,0,0,0,0
200600045454,6,8,17,1000,1,1,1,1,1,170,4632100,82600,860,2,2,2,0,1,1,76,76,1,0,1,0,0
200600045458,6,8,5,1,4,2,1,1,6,350,4531900,24900,160,3,2,0,0,4,2,0,0,1,0,3,0,0
200600045461,6,8,6,500,3,2,1,1,6,28,4546400,17100,160,4,2,2,0,1,2,0,0,1,0,1,0,0
200600045464,6,8,21,1600,1,1,1,8,7,268,4597000,26100,160,3,2,2,0,1,1,0,38,1,0,3,0,0
200600045467,6,8,3,2245,3,2,1,1,6,419,4581800,7700,160,3,0,2,0,1,3,0,60,1,0,4,0,1
200600045473,6,8,12,415,5,2,1,1,6,194,4613500,100500,170,9,2,2,0,1,1,0,46,1,0,1,3,0
200600045477,6,8,22,2145,3,1,1,1,6,121,4620200,141400,170,3,2,0,0,1,4,0,67,1,0,1,0,0
200600045478,6,8,29,1915,1,2,1,7,6,369,4620900,136200,170,4,3,2,3,0,0,70,0,1,7,1,0,0
200600045479,6,8,6,2330,3,1,1,1,2,351,4581500,106800,170,3,2,0,0,1,3,0,78,1,0,1,0,0
200600045480,6,8,10,2230,3,1,1,1,6,375,4593000,101600,170,3,2,2,0,2,1,0,0,1,0,3,0,1
200600045485,6,8,17,1440,1,1,1,1,6,140,4591100,126700,170,4,0,0,0,0,0,0,0,0,0,0,0,0
200600045486,6,8,26,1230,1,1,3,1,5,385,4593600,129200,170,3,2,0,0,1,1,0,126,1,5,1,0,0
200600045490,6,8,8,945,1,2,9,1,6,155,4573800,110100,170,3,2,0,0,1,1,0,52,1,0,1,0,0
200600045491,6,8,30,1745,1,2,1,1,1,452,4578200,114300,170,4,2,0,0,0,0,0,67,1,0,1,0,0
200600045493,6,8,14,830,1,1,1,1,3,353,4599300,105500,170,3,2,0,0,1,1,0,63,1,0,1,0,0
200600045500,6,8,12,300,3,1,1,1,6,304,4568400,49700,170,3,2,2,0,1,1,0,38,1,0,3,0,1
200600045501,6,8,13,1800,1,1,1,1,3,310,4559200,76500,170,3,2,1,0,1,1,0,52,1,0,1,0,0
200600045505,6,8,1,855,1,1,1,1,1,334,4605200,40300,170,3,2,2,0,3,2,0,63,1,0,1,0,1
200600045506,6,8,12,715,1,2,1,1,7,257,4627300,70700,790,3,2,2,0,1,1,54,0,1,0,3,0,0
200600045512,6,8,6,545,2,1,1,1,6,172,4654000,31000,790,3,2,0,0,1,3,0,65,1,0,1,0,0
200600045517,6,8,29,1445,1,1,1,3,6,139,4617000,95700,870,2,2,0,0,2,3,0,69,2,0,3,0,0
200600045518,6,8,14,1830,1,1,1,1,7,159,4604200,139400,870,3,2,0,0,1,1,0,32,1,0,1,0,0
200600045519,6,8,30,615,2,1,1,5,7,135,4582800,92300,870,3,2,1,0,1,2,0,52,1,0,3,0,0
200600045520,6,8,4,845,1,1,2,1,3,207,4525000,162300,190,3,2,2,0,1,1,0,65,1,5,0,0,0
200600045526,6,8,26,1045,1,1,9,1,5,192,4511600,191400,190,2,2,2,0,1,1,0,76,1,0,1,0,0
200600045527,6,8,13,2100,3,1,1,2,6,176,4537800,206000,190,3,2,2,0,2,2,0,70,2,0,3,0,0
200600045530,6,8,17,635,2,1,1,2,1,23,4512900,171700,190,3,2,0,0,2,2,0,70,2,0,1,0,0
200600045531,6,8,21,1445,1,1,1,1,7,23,4513000,171600,190,3,2,0,0,0,2,0,70,1,0,3,0,0
200600045533,6,8,6,600,2,1,1,1,7,285,4537300,153500,190,4,2,2,0,1,3,0,60,1,0,3,0,0
200600045534,6,8,9,1430,1,1,1,1,7,285,4537500,153100,190,3,2,0,0,1,2,0,60,9,0,1,0,0
200600045535,6,8,27,1830,1,1,1,1,3,204,4558200,235700,190,3,2,2,0,3,1,0,66,1,0,1,0,0
200600045538,6,8,23,1100,1,1,2,1,3,68,4613300,212300,230,3,2,0,0,1,1,0,58,1,0,1,0,0
200600045540,6,8,24,1100,1,1,1,8,1,224,4571600,229200,230,3,2,2,0,2,4,0,59,2,0,1,0,0
200600045542,6,8,18,730,1,1,1,1,1,145,4627000,238000,230,2,2,2,0,1,1,0,110,1,0,1,0,1
200600045543,6,8,25,230,3,1,9,1,7,114,4619000,235000,230,3,2,2,0,2,1,0,58,1,0,0,0,0
200600045544,6,8,14,1745,1,1,1,1,6,124,4609000,156900,230,4,2,2,0,0,3,0,28,1,0,3,0,0
200600045545,6,8,7,1815,1,1,1,1,7,227,4593200,183900,230,3,2,2,0,1,2,0,66,1,0,0,0,0
200600045548,6,8,31,1600,1,2,1,1,3,232,4377600,129300,310,4,2,2,0,1,1,0,0,1,0,0,0,0
200600045551,6,8,26,2100,3,1,1,1,1,297,4366300,121000,310,3,2,2,0,1,1,0,58,1,0,1,0,0
200600045552,6,8,14,815,1,1,3,1,3,433,4352000,141900,310,3,0,2,0,1,1,0,59,1,0,1,0,0
200600045553,6,8,25,1330,1,2,1,2,6,293,4370900,138400,310,4,2,2,0,1,1,20,65,2,0,1,0,0
200600045554,6,8,2,1115,1,1,1,1,7,52,4337000,133000,310,3,2,2,0,1,1,0,65,1,0,3,0,0
200600045555,6,8,14,1215,1,1,1,1,7,33,4335000,143000,310,3,2,2,0,2,1,0,70,1,0,1,0,0
200600045556,6,8,13,2130,3,1,1,1,1,33,4334000,147000,310,3,2,2,0,1,1,0,55,1,0,1,0,0
200600045557,6,8,12,1000,1,1,1,1,5,84,4317800,96500,310,2,2,2,0,1,1,0,90,1,0,1,0,0
200600045558,6,8,4,1930,1,2,1,1,2,499,4352100,118100,310,3,2,2,0,2,1,0,62,1,5,1,0,1
200600045560,6,8,15,1745,1,1,2,8,5,255,4304000,60000,310,3,2,2,0,0,1,0,60,2,5,1,0,0
200600045561,6,8,17,1915,1,2,1,1,6,238,4308000,60000,310,4,2,2,0,1,1,0,50,1,0,3,0,0
200600045562,6,8,3,1215,1,1,1,2,1,177,4293200,66700,310,2,2,2,0,1,1,0,71,2,0,3,0,0
200600045563,6,8,20,1715,1,1,1,1,5,40,4290000,62200,310,3,2,2,0,2,3,0,59,1,0,1,0,1
200600045566,6,8,12,545,5,2,1,1,6,106,4353300,175900,310,3,2,2,0,1,1,0,50,1,0,3,0,0
200600045567,6,8,17,1445,1,1,1,8,2,4,4345200,160100,310,2,2,3,0,1,1,0,90,1,0,1,0,0
200600045568,6,8,28,1030,1,1,1,8,6,401,4342400,149400,310,3,2,0,0,1,1,0,69,1,0,3,0,0
200600045570,6,8,21,1100,1,1,1,1,1,42,4301600,144400,90,3,2,2,0,1,1,0,72,1,0,1,0,1
200600045572,6,8,23,1700,1,2,1,1,3,312,4310900,165200,90,4,2,2,0,1,1,0,39,1,0,1,0,0
200600045573,6,8,17,1815,1,1,1,1,6,224,4310600,143800,90,3,2,2,0,2,2,0,62,1,0,3,0,0
200600045574,6,8,9,2230,1,1,1,1,1,161,4298700,189800,90,3,2,0,0,1,2,0,40,1,0,1,0,1
200600045583,6,8,17,1815,1,1,1,2,1,171,4450200,243900,120,3,2,0,0,1,3,63,0,2,0,1,0,0
200600045584,6,8,30,745,1,2,1,1,3,288,4444700,244000,120,3,2,2,0,1,2,0,80,1,0,1,0,0
200600045585,6,8,21,1045,1,1,1,1,3,238,4424600,295400,120,3,2,2,0,2,1,0,75,1,5,1,0,0
200600045586,6,8,27,1100,1,1,1,1,6,270,4428100,307300,120,3,2,2,0,4,2,0,75,1,0,1,0,1
200600045588,6,8,22,1815,1,1,1,1,3,249,4371200,85400,320,3,2,2,0,1,2,0,70,1,0,1,0,0
200600045589,6,8,27,1045,1,1,1,1,7,229,4374000,80600,320,3,2,2,0,2,1,0,40,1,0,3,0,0
200600045593,6,8,23,1030,1,2,1,1,3,459,4388400,38600,320,3,2,2,0,1,2,30,68,1,5,1,0,1
200600045594,6,8,3,1130,1,1,1,1,6,305,4383100,8900,320,4,2,0,0,2,1,0,27,1,0,1,0,0
200600045597,6,8,25,1600,1,1,1,2,2,296,4378500,2800,320,3,2,0,0,1,1,0,71,2,0,1,0,0
200600045600,6,8,28,1945,1,1,1,1,6,264,4393900,9200,320,3,2,2,0,1,1,0,65,1,0,3,0,0
200600045603,6,8,16,1715,1,1,1,1,1,136,4361700,1300,320,9,2,2,0,1,1,0,42,1,0,1,0,0
200600045604,6,8,21,1100,1,1,2,1,3,362,4357500,6600,320,3,2,2,0,1,1,0,55,1,0,1,0,0
200600045605,6,8,29,1315,1,1,1,1,6,330,4360600,1600,320,3,2,2,0,1,1,0,60,1,0,3,0,0
200600045606,6,8,24,1820,1,1,3,1,1,148,4434200,157700,460,3,2,2,0,1,3,0,57,1,0,1,0,0
200600045607,6,8,13,400,3,1,1,1,6,263,4436000,122800,460,3,2,0,0,1,1,0,60,1,0,3,0,0
200600045610,6,8,2,1030,1,2,1,1,6,102,4461300,202300,460,3,2,1,0,1,3,0,67,1,6,1,0,1
200600045611,6,8,6,1145,1,2,1,1,6,15,4467400,217000,460,2,2,2,0,1,1,0,70,1,0,3,0,0
200600045614,6,8,12,304,3,1,1,1,7,122,4489800,177500,460,3,2,2,0,1,2,0,64,1,0,1,0,1
200600045618,6,8,25,1125,1,1,1,2,3,83,4500800,151700,460,3,2,2,0,2,1,0,78,2,0,1,0,0
200600045619,6,8,21,1545,1,1,1,1,1,153,4487000,147900,460,3,2,3,0,2,3,0,120,1,0,1,0,0
200600045620,6,8,11,1430,1,1,1,1,1,235,4320000,900,650,2,2,0,0,1,1,0,66,1,0,1,0,1
200600045623,6,8,30,1230,1,2,1,1,2,235,4320700,3900,650,3,3,0,0,0,1,32,64,1,0,1,0,0
200600045628,6,8,17,1730,1,1,1,1,3,182,4298400,16700,650,3,2,0,0,2,1,0,63,1,0,1,0,0
200600045635,6,8,23,1115,1,1,1,1,1,306,4407000,238000,810,3,2,2,0,2,4,0,58,1,0,1,0,0
200600045636,6,8,8,1830,1,1,1,1,4,315,4363400,210300,810,3,2,2,0,1,1,0,73,1,0,1,0,0
200600045640,6,8,26,1700,1,1,1,1,6,78,4367000,199200,810,3,2,0,0,1,2,0,61,1,0,1,0,1
200600045641,6,8,6,130,5,1,1,1,6,276,4390700,169400,810,3,2,2,0,1,3,0,55,1,0,3,0,1
200600045642,6,8,31,1800,1,1,1,1,1,209,4351800,238800,810,4,2,2,0,1,3,0,58,1,0,1,0,1
200600045643,6,8,6,1345,1,2,3,1,3,143,4353200,209700,810,3,2,2,0,1,1,0,66,1,5,1,0,0
200600045644,6,8,9,1015,1,1,1,1,2,32,4354400,201200,810,3,2,2,0,1,1,0,57,1,0,1,0,0
200600045648,6,8,27,530,3,1,1,1,2,149,4414400,151000,820,2,2,2,0,1,1,0,79,1,0,1,0,0
200600045657,6,8,11,915,1,2,2,1,3,112,4410900,109000,820,3,2,2,0,1,1,0,101,1,5,1,0,0
200600045658,6,8,11,1915,1,2,9,1,6,112,4410500,108200,820,4,2,2,0,4,2,20,76,1,0,1,0,0
200600045659,6,8,13,1030,1,2,6,7,6,125,4396100,123300,820,3,2,2,0,1,3,0,60,1,5,1,0,0
200600045660,6,8,28,1200,1,1,1,1,7,105,4390600,116800,820,4,2,2,0,0,1,0,50,1,0,3,0,1
200600045679,6,8,14,2030,1,1,1,1,6,165,4613800,464000,690,3,2,2,0,2,1,0,60,9,0,3,0,0
200600045680,6,8,26,1,1,1,1,1,1,35,4625900,467900,690,3,2,2,0,2,1,0,50,1,0,1,0,0
200600045681,6,8,3,815,1,1,1,8,6,206,4604000,467000,690,4,0,0,0,0,1,0,0,2,0,3,0,0
200600045682,6,8,9,1830,1,1,1,1,6,197,4605000,466000,690,3,2,0,0,2,2,0,0,1,0,1,0,0
200600045683,6,8,15,2045,2,1,1,6,6,206,4609000,472000,690,3,2,3,0,1,1,0,150,1,0,1,0,0
200600045685,6,8,26,1,1,1,1,1,6,206,4605900,471700,690,3,2,0,0,1,1,40,0,1,0,1,0,0
200600045693,6,8,15,1545,1,1,1,1,3,352,4640800,500900,10,3,2,0,0,0,1,60,0,1,0,1,0,0
200600045694,6,8,30,1945,1,1,1,1,6,337,4644000,497000,10,3,2,2,0,1,1,0,66,1,0,3,0,0
200600045697,6,8,19,1145,1,2,1,1,6,39,4586100,574700,10,3,2,2,0,2,3,0,57,1,0,1,0,0
200600045708,6,8,25,1615,1,1,1,1,3,173,4636600,602700,10,3,2,2,0,2,2,0,66,1,0,1,0,0
200600045711,6,8,25,1730,1,1,1,1,3,109,4612800,590300,10,3,2,1,0,2,1,0,0,1,0,1,0,0
200600045719,6,8,31,1945,1,2,1,1,7,157,4602100,476800,10,4,2,0,0,1,1,70,0,1,0,3,0,1
200600045720,6,8,18,2115,5,2,1,1,3,42,4438200,464700,70,4,2,1,0,1,1,0,79,1,0,1,0,1
200600045721,6,8,26,2315,3,1,1,1,3,259,4428000,462000,70,2,2,2,0,1,1,0,59,1,0,1,0,0
200600045722,6,8,27,230,3,1,1,1,6,42,4437000,464000,70,2,2,2,0,1,1,0,72,1,0,3,0,1
200600045726,6,8,8,1645,1,2,1,1,6,349,4481000,478000,70,3,2,2,0,1,1,0,0,1,0,1,0,0
200600045727,6,8,8,2000,1,1,9,1,1,298,4470000,470000,70,3,2,0,0,2,3,0,0,1,0,1,0,0
200600045728,6,8,30,130,3,1,1,1,7,237,4482800,468800,70,4,2,1,0,1,3,0,39,1,0,1,0,0
200600045730,6,8,16,2045,2,1,1,1,3,142,4475600,388200,70,2,2,0,0,1,1,70,0,1,0,1,0,0
200600045731,6,8,16,1615,1,1,1,1,5,330,4439600,440400,70,3,2,0,0,1,1,0,59,1,0,1,0,1
200600045732,6,8,26,1,3,1,1,1,6,328,4436500,437100,70,3,2,2,0,2,2,0,64,1,0,3,0,0
200600045735,6,8,12,1200,1,2,1,2,7,269,4494700,436600,70,3,2,2,0,1,3,0,68,1,0,0,0,0
200600045737,6,8,5,1545,1,1,1,1,6,338,4491300,465400,70,3,2,0,0,2,3,0,60,1,0,3,0,0
200600045738,6,8,14,1900,1,1,1,1,3,166,4503100,452900,70,4,2,2,0,2,3,0,30,1,5,1,0,0
200600045739,6,8,5,1515,1,1,1,1,1,292,4516700,469600,70,3,2,2,0,2,1,0,61,1,0,1,0,0
200600045743,6,8,26,145,3,1,1,1,7,121,4454400,479600,260,3,2,1,0,1,1,0,40,2,0,1,0,0
200600045745,6,8,2,1445,1,2,6,1,1,235,4438000,470000,260,3,0,0,0,1,2,0,0,1,2,1,0,0
200600045750,6,8,10,1730,1,2,1,1,2,348,4444700,498100,260,3,2,2,0,0,0,0,76,1,0,1,0,0
200600045751,6,8,1,1845,1,1,1,1,2,84,4499600,491200,260,3,2,2,1,0,1,0,105,1,5,1,0,0
200600045752,6,8,1,845,1,1,1,1,3,301,4512400,499900,260,3,2,2,0,0,3,0,70,1,5,1,0,0
200600045755,6,8,31,2315,3,1,1,1,1,273,4498100,515100,260,3,2,1,0,1,1,56,34,1,0,1,0,0
200600045760,6,8,7,1845,2,1,2,1,3,10,4527400,486200,260,3,2,2,0,1,3,0,110,1,0,1,0,0
200600045763,6,8,27,115,3,1,1,2,6,422,4516500,581700,380,3,2,2,0,2,4,0,90,2,0,3,0,0
200600045765,6,8,5,430,5,2,4,2,6,158,4516100,574400,380,4,2,2,1,1,3,0,65,2,5,3,0,0
200600045767,6,8,5,330,5,2,1,2,2,317,4513300,570700,380,2,3,2,3,1,1,30,84,2,0,1,0,1
200600045771,6,8,11,2045,1,2,1,1,5,376,4544300,577400,380,3,2,0,0,1,0,0,60,1,0,1,0,0
200600045772,6,8,23,930,1,1,1,1,3,501,4530800,595500,380,3,2,2,0,1,1,2,65,1,0,1,0,0
200600045774,6,8,26,1600,1,2,1,1,3,21,4517800,554000,380,4,2,0,0,1,0,0,0,1,0,1,0,0
200600045778,6,8,12,1730,1,2,1,1,1,400,4534000,557400,380,3,1,1,0,1,1,0,34,1,5,1,0,0
200600045779,6,8,13,530,3,1,1,1,6,400,4532500,559600,380,2,2,0,0,1,1,0,70,2,0,1,0,0
200600045780,6,8,11,2215,5,2,1,1,6,133,4536800,559200,380,2,2,2,0,4,3,0,0,1,0,1,0,0
200600045782,6,8,4,1930,2,1,1,1,6,219,4531200,511000,380,3,2,2,0,1,3,0,70,1,0,3,0,0
200600045783,6,8,10,1925,1,1,1,1,6,559,4520900,539900,380,2,2,2,0,1,1,0,73,1,0,1,0,1
200600045784,6,8,5,1130,1,1,1,1,5,455,4563400,529200,380,3,2,2,0,1,1,0,70,1,0,1,0,0
200600045785,6,8,10,1930,1,2,1,1,3,149,4559000,524500,380,4,0,0,0,1,1,0,0,1,0,1,0,0
200600045786,6,8,12,1700,1,1,1,7,1,374,4564800,539300,380,3,2,0,0,0,1,0,0,1,0,1,0,0
200600045788,6,8,26,1750,1,1,1,1,6,554,4572500,519700,380,5,0,0,0,1,1,0,0,9,0,0,0,0
200600045789,6,8,4,1145,1,1,1,2,1,257,4548800,539500,380,3,2,2,0,0,3,0,59,2,0,1,0,0
200600045791,6,8,3,230,3,1,1,3,6,26,4584000,532800,380,3,2,0,0,1,1,0,0,0,0,1,0,0
200600045795,6,8,2,1615,1,1,9,1,6,487,4556400,482400,380,3,2,2,0,1,4,35,70,1,0,1,0,0
200600045796,6,8,15,2100,2,2,6,2,7,336,4547600,483000,380,2,2,2,0,1,1,26,100,2,5,1,0,0
200600045798,6,8,2,915,1,1,1,1,3,69,4544000,529000,380,2,0,0,0,1,1,0,80,1,0,1,0,0
200600045799,6,8,13,1945,1,2,1,1,3,34,4534000,506000,380,3,2,2,0,1,1,35,65,1,0,1,0,0
200600045803,6,8,10,15,3,1,1,1,6,3,4532000,486000,380,3,2,2,0,1,1,0,70,1,0,3,0,1
200600045805,6,8,31,1845,1,2,9,1,3,468,4535000,481000,380,3,3,2,0,1,1,0,0,1,0,1,0,0
200600045808,6,8,31,1115,1,1,1,1,3,172,4538000,444200,420,3,0,1,0,1,2,0,70,1,0,1,0,0
200600045813,6,8,11,130,3,1,1,1,6,197,4574200,406700,420,2,2,0,0,1,1,0,72,1,0,1,0,0
200600045818,6,8,18,1800,5,2,1,1,6,91,4542100,401200,420,3,2,2,0,1,1,0,63,2,0,4,0,0
200600045819,6,8,5,1015,1,1,1,1,6,59,4563100,439000,420,4,2,0,0,1,1,0,40,1,0,1,0,0
200600045821,6,8,10,2100,2,1,1,1,6,129,4536300,470100,420,4,2,0,0,1,1,0,46,1,0,3,0,0
200600045822,6,8,29,1600,1,1,1,3,7,272,4538400,474900,420,3,2,0,0,1,3,0,52,2,0,3,0,0
200600045827,6,8,25,1640,1,1,1,1,5,52,4617600,419300,420,3,2,2,0,1,1,0,73,1,0,1,0,0
200600045831,6,8,10,1745,1,1,1,1,6,204,4553800,567800,730,2,2,0,0,1,3,70,0,1,0,1,0,0
200600045835,6,8,23,900,1,1,1,1,1,34,4565700,658000,730,3,2,0,0,0,4,0,46,0,0,1,0,0
200600045840,6,8,5,1015,1,1,1,1,5,217,4596000,612700,740,2,2,2,0,2,3,0,76,2,0,1,0,0
200600045847,6,8,20,130,3,1,1,2,1,83,4590100,664000,740,4,2,2,0,2,2,0,60,2,0,1,0,0
200600045852,6,8,23,1700,1,1,3,1,3,31,4610800,610000,740,2,2,3,0,1,1,32,108,1,5,1,0,1
200600045853,6,8,1,1300,1,1,1,8,1,94,4619300,629500,740,3,2,3,0,0,2,0,0,1,0,1,0,0
200600045855,6,8,28,1700,1,2,1,2,3,94,4618700,627400,740,4,2,2,0,1,1,0,0,2,0,1,0,0
200600045857,6,8,7,800,1,2,1,1,1,309,4612200,603700,740,4,2,2,0,2,2,0,100,1,0,1,0,0
200600045858,6,8,13,715,1,2,1,2,5,171,4632600,634200,740,2,2,2,0,0,1,0,68,2,0,1,0,1
200600045859,6,8,19,1100,1,1,1,1,6,105,4629900,631100,740,4,2,2,0,2,3,0,45,9,0,1,0,1
200600045864,6,8,2,1045,1,1,1,1,4,127,4635500,653300,740,3,2,2,0,1,1,0,65,1,0,1,0,0
200600045865,6,8,4,2130,3,1,1,2,7,249,4635900,665500,740,3,2,1,0,2,3,0,56,2,0,1,0,0
200600045867,6,8,23,2315,3,2,1,1,6,175,4640600,675600,740,2,2,2,0,1,4,0,74,1,0,1,0,0
200600045870,6,8,15,2315,3,1,2,2,3,263,4578200,301800,630,3,2,2,0,2,1,0,77,2,0,1,0,0
200600045871,6,8,2,1330,1,1,1,1,1,351,4573100,253100,630,4,2,2,0,1,1,0,30,1,0,1,0,0
200600045872,6,8,5,1810,1,2,1,1,3,457,4564700,324500,630,4,2,1,0,1,1,0,76,1,0,1,0,0
200600045873,6,8,13,245,3,1,1,6,6,26,4568900,294000,630,2,2,2,0,1,2,0,115,0,0,1,0,0
200600045874,6,8,24,1115,1,1,1,1,6,394,4549000,391200,630,3,2,2,0,2,1,0,67,1,0,3,0,0
200600045882,6,8,10,1950,1,1,1,1,3,470,4586800,301700,630,3,2,2,0,2,4,0,70,1,0,1,0,0
200600045883,6,8,23,2115,5,2,1,1,1,68,4595100,314000,630,3,2,2,0,1,1,0,80,1,0,1,3,0
200600045884,6,8,2,1615,1,1,1,1,1,295,4601600,335700,630,3,2,0,0,2,3,0,58,1,0,1,0,0
200600045885,6,8,30,530,5,2,1,8,6,288,4595300,308100,630,4,2,2,0,2,2,0,0,2,0,0,0,0
200600045887,6,8,10,1745,1,1,1,1,3,381,4585200,288900,630,3,2,2,0,1,1,0,69,1,0,1,0,0
200600045888,6,8,8,1700,1,1,1,1,7,286,4608000,298600,630,2,2,0,0,0,1,0,67,1,0,3,0,0
200600045893,6,8,26,1145,1,1,1,1,1,469,4578500,363900,630,4,2,2,0,2,3,0,38,2,0,1,0,0
200600045894,6,8,18,730,1,1,1,1,3,301,4601200,348800,630,3,2,2,0,1,1,0,74,2,0,1,0,0
200600045895,6,8,19,1015,3,1,1,1,6,180,4588800,331900,630,3,2,0,0,1,1,0,0,1,0,3,0,0
200600045906,6,8,2,600,2,1,1,1,7,159,4630600,278800,30,3,2,2,0,1,3,0,0,1,0,3,0,0
200600045908,6,8,5,30,3,1,9,1,6,243,4632600,300300,30,3,2,0,0,1,1,0,71,1,0,3,0,0
200600045909,6,8,10,1630,1,1,1,1,7,58,4638700,291600,30,4,0,0,0,2,1,0,0,0,0,0,0,0
200600045910,6,8,29,1,1,2,1,1,3,118,4610300,319900,30,2,2,0,0,1,1,0,60,1,0,1,0,0
200600045911,6,8,21,1100,1,2,2,1,3,118,4609800,320100,30,4,0,0,0,1,1,0,84,1,0,0,0,0
200600045912,6,8,12,1200,1,2,1,8,3,240,4639800,368600,30,3,2,2,0,0,1,0,65,2,0,1,0,0
200600045913,6,8,13,1815,1,2,2,1,3,138,4625300,363400,30,4,2,2,0,1,1,0,61,1,0,1,0,0
200600045915,6,8,6,130,3,1,1,1,6,194,4475000,221500,150,4,2,0,0,1,1,0,47,1,0,1,0,0
200600045918,6,8,2,1500,1,2,3,1,3,37,4535700,242200,150,3,2,2,0,1,1,0,59,1,0,1,0,0
200600045919,6,8,25,1245,1,1,1,1,3,250,4536500,250500,150,3,2,2,0,1,1,0,80,1,0,1,0,0
200600045920,6,8,14,1545,1,1,1,1,6,188,4501500,315600,150,3,2,0,0,2,3,0,89,1,0,1,0,0
200600045922,6,8,25,1115,1,1,1,1,7,124,4510200,378000,430,2,2,2,0,1,2,0,65,1,0,3,0,0
200600045923,6,8,3,1000,1,2,1,1,6,77,4489900,385000,430,2,2,2,0,1,1,0,78,1,0,1,0,0
200600045925,6,8,22,830,1,2,1,2,6,180,4478400,383900,430,3,2,0,0,2,1,0,47,2,0,1,0,0
200600045926,6,8,19,2345,3,1,1,2,6,111,4486100,384800,430,2,2,2,0,1,1,0,76,2,0,0,0,0
200600045927,6,8,3,1500,1,1,1,1,3,135,4494000,399000,430,4,0,1,0,2,3,0,21,9,0,1,0,0
200600045928,6,8,17,1500,1,1,1,3,3,144,4493600,411800,430,3,2,2,0,2,3,0,70,2,0,1,0,0
200600045929,6,8,14,1,5,1,1,1,6,165,4513400,394200,430,4,2,0,0,2,3,0,0,1,0,1,0,0
200600045930,6,8,29,1130,1,1,2,2,3,256,4496000,348000,430,3,2,0,0,3,1,0,60,2,0,0,0,1
200600045931,6,8,27,1715,1,1,1,1,6,178,4531700,354700,430,3,0,2,0,2,1,0,66,9,0,1,0,0
200600045932,6,8,12,1045,1,1,1,2,6,56,4508500,352000,430,3,2,0,0,2,3,0,0,2,0,1,0,0
200600045934,6,8,6,2230,3,1,3,1,3,258,4537500,330100,430,2,2,2,0,2,1,0,76,1,0,3,0,0
200600045936,6,8,15,830,1,1,1,1,3,162,4522400,402200,430,3,2,2,0,0,2,60,47,1,0,1,0,0
200600045937,6,8,14,2130,3,1,1,1,6,268,4514900,411200,430,3,1,1,0,2,1,0,38,1,0,2,0,0
200600045938,6,8,20,730,1,1,1,1,6,268,4511100,415700,430,3,2,2,0,1,1,0,68,1,0,3,0,0
200600045943,6,8,12,1545,1,1,1,3,1,51,4503900,434800,430,3,2,2,0,0,3,0,70,2,0,1,0,0
200600045945,6,8,21,1700,1,1,1,1,7,142,4516100,431300,430,9,4,1,0,1,1,0,30,9,0,1,0,0
200600045946,6,8,29,1630,1,1,1,2,1,87,4521800,438100,430,3,2,2,0,1,3,0,70,2,0,1,0,0
200600045948,6,8,16,2200,3,1,1,1,6,622,4918700,606000,570,3,2,2,0,3,1,0,76,1,0,3,0,0
200600045949,6,8,28,900,1,2,1,3,6,620,4919800,600000,570,2,2,2,0,1,1,0,70,2,0,1,0,0
200600045952,6,8,21,1300,1,2,1,1,5,452,4917500,618700,570,3,2,2,0,1,1,0,80,1,0,1,0,0
200600045954,6,8,31,2145,3,1,1,1,7,162,4904500,615500,570,3,2,2,0,1,1,0,0,1,0,1,0,0
200600045960,6,8,4,2300,3,1,1,1,1,483,4895000,666100,570,2,2,0,0,1,3,0,75,1,0,1,0,0
200600045962,6,8,9,830,1,1,1,1,7,82,4905800,676700,570,3,2,2,0,1,1,0,0,1,0,1,0,0