Num_Acc,an,mois,jour,hrmn,lum,agg,int,atm,col,com,lat,long,dep,catr,circ,nbv,vosp,prof,plan,lartpc,larrout,surf,infra,situ,env1,killed
200600045969,6,8,5,1430,1,1,1,3,3,499,4908000,704100,570,3,2,2,0,3,0,0,0,2,0,1,0,1
200600045970,6,8,7,2000,1,2,1,1,3,767,4933000,623800,570,3,2,2,0,1,1,21,84,1,0,1,0,0
200600045973,6,8,3,2015,1,1,1,9,3,351,4880000,607900,540,3,2,2,0,0,4,0,0,2,0,1,0,0
200600045974,6,8,3,545,2,2,1,1,7,397,4862100,609200,540,3,2,2,0,1,2,0,70,1,0,3,0,0
200600045975,6,8,5,640,2,1,1,2,1,364,4860300,613800,540,3,2,2,0,1,3,0,70,2,0,1,0,0
200600045979,6,8,15,1400,1,1,9,2,3,142,4847300,624400,540,3,2,2,0,1,1,0,0,2,3,1,0,0
200600045980,6,8,16,630,2,2,1,2,3,94,4840800,619400,540,3,2,2,0,0,2,0,60,2,0,1,0,0
200600045981,6,8,18,1015,1,1,1,1,7,417,4852900,606300,540,3,2,0,0,1,2,0,65,9,0,1,0,0
200600045989,6,8,4,1730,1,1,9,3,2,39,4845200,675400,540,2,3,2,0,2,2,0,110,2,0,2,0,0
200600045995,6,8,21,2115,1,2,1,1,6,122,4876500,559100,550,3,2,2,0,1,1,0,0,1,5,1,0,0
200600045996,6,8,27,415,3,1,1,8,7,196,4879600,564200,550,3,2,2,0,2,2,0,0,2,0,1,0,0
200600045999,6,8,15,1945,1,2,1,1,3,502,4949800,518900,550,4,2,2,0,1,1,0,60,1,0,1,0,0
200600046002,6,8,15,445,3,1,1,1,6,482,4907100,535100,550,3,2,2,0,1,1,0,65,2,0,3,0,1
200600046003,6,8,20,1900,1,1,1,1,1,171,4917200,545300,550,2,2,0,0,0,3,0,114,9,5,1,0,0
200600046005,6,8,1,1345,1,1,1,8,2,449,4836100,620300,880,3,2,2,0,0,1,0,61,1,0,1,0,0
200600046006,6,8,12,1500,1,1,1,1,7,173,4837800,625900,880,2,2,0,0,3,3,0,35,1,0,1,0,1
200600046007,6,8,28,1145,1,1,1,3,1,16,4808700,602800,880,3,3,0,0,2,3,0,0,2,0,1,0,0
200600046009,6,8,25,1845,1,1,1,1,1,225,4809900,649600,880,4,2,2,0,1,1,0,40,1,0,1,0,1
200600046010,6,8,25,1030,1,2,1,1,6,321,4836000,570100,880,2,0,0,0,2,1,0,61,1,0,1,0,0
200600046012,6,8,15,415,5,2,1,1,1,95,4830700,583400,880,3,2,2,0,2,1,0,76,1,5,1,0,0
200600046021,6,8,11,1815,1,1,1,2,7,146,4832000,767300,670,3,2,0,0,1,1,0,65,2,0,0,0,0
200600046022,6,8,14,1145,1,1,1,8,3,464,4835600,753900,670,3,2,0,0,1,1,0,48,1,0,1,0,0
200600046023,6,8,11,815,1,2,1,2,1,137,4849400,769400,670,3,2,0,0,1,0,0,63,2,0,1,0,0
200600046025,6,8,31,1600,1,2,2,1,1,87,4884300,768000,670,3,2,2,0,1,1,0,0,1,0,1,0,0
200600046026,6,8,13,915,1,2,1,8,3,46,4876800,786000,670,3,2,2,0,1,1,0,72,1,0,1,0,0
200600046028,6,8,9,1315,1,2,1,1,3,127,4857500,752900,670,3,2,0,0,1,1,0,54,1,5,1,0,0
200600046029,6,8,29,2030,5,2,1,1,3,313,4853600,746500,670,3,2,2,0,1,1,40,80,1,0,1,0,0
200600046033,6,8,11,2130,5,2,1,1,1,222,4888200,744700,670,3,2,2,0,1,1,0,78,1,0,1,0,0
200600046034,6,8,10,1615,1,2,1,1,6,89,4876100,747100,670,3,2,1,0,2,1,0,64,1,0,1,0,0
200600046038,6,8,16,2015,3,1,1,8,6,535,4892000,739700,670,3,2,2,0,1,3,0,67,1,0,3,0,1
200600046042,6,8,27,1230,1,1,1,1,6,509,4894100,729600,670,3,2,0,0,0,2,0,50,1,0,1,0,0
200600046045,6,8,5,1500,1,2,1,1,2,506,4866400,772200,670,2,2,0,0,1,1,0,88,1,0,1,0,0
200600046050,6,8,28,2330,3,1,1,8,6,239,4827800,733800,670,2,2,0,0,1,1,0,0,1,0,3,0,0
200600046054,6,8,10,1800,1,1,1,1,3,455,4895600,790200,670,3,2,2,0,3,1,76,76,1,0,1,0,0
200600046055,6,8,21,1430,1,1,2,1,5,260,4888900,771900,670,3,2,2,0,1,1,0,69,1,0,1,0,0
200600046057,6,8,18,800,1,2,1,2,6,311,4800000,706500,680,3,0,2,0,0,0,0,0,0,0,0,0,0
200600046058,6,8,19,1700,1,1,1,1,3,23,4817300,734700,680,3,2,2,0,1,1,0,70,1,0,1,0,0
200600046059,6,8,19,1600,1,1,1,1,1,150,4803800,727600,680,3,2,0,0,0,3,0,45,1,0,1,0,0
200600046060,6,8,27,1730,1,1,1,1,7,134,4802200,734400,680,3,2,0,0,1,1,0,50,1,0,3,0,0
200600046061,6,8,1,1245,1,2,1,1,7,192,4762800,706200,680,3,2,0,0,0,1,0,80,1,0,3,0,0
200600046062,6,8,3,1500,1,2,1,1,1,202,4759600,713100,680,3,2,2,0,2,1,0,75,1,0,1,0,0
200600046063,6,8,3,1700,1,1,1,2,7,186,4747500,729300,680,3,2,2,0,0,2,0,0,2,0,1,0,0
200600046064,6,8,30,1800,1,1,1,3,7,347,4752900,731600,680,3,2,2,0,1,2,0,65,2,0,0,0,0
200600046066,6,8,24,1745,1,2,1,1,7,122,4786600,721000,680,3,2,2,0,4,1,0,40,1,0,3,0,0
200600046067,6,8,3,2000,2,1,1,1,5,300,4778300,738200,680,3,3,0,0,1,1,28,0,1,3,1,0,0
200600046069,6,8,23,1645,1,2,1,1,3,70,4772300,729700,680,3,2,0,0,4,1,0,79,1,5,1,0,0
200600046070,6,8,6,745,1,1,1,2,6,253,4779900,752400,680,3,2,2,0,0,1,0,0,2,0,1,0,0
200600046073,6,8,23,445,3,1,1,1,6,103,4768000,743000,680,3,2,2,0,1,1,0,80,1,0,1,0,0
200600046075,6,8,5,2315,3,1,1,1,1,63,4780800,719100,680,3,2,1,0,2,3,0,0,1,3,1,0,0
200600046079,6,8,17,1500,1,1,1,1,6,193,4899300,457300,510,3,2,2,0,1,1,0,63,1,0,1,0,0
200600046081,6,8,22,715,1,1,1,1,1,548,4899100,462500,510,3,2,2,0,1,1,0,0,1,0,1,0,1
200600046085,6,8,8,830,1,1,1,1,2,99,4881500,424000,510,3,2,0,0,1,1,0,76,1,0,1,0,0
200600046086,6,8,8,1800,1,2,1,1,2,248,4875700,398600,510,4,2,2,0,1,1,0,89,1,0,1,3,0
200600046087,6,8,26,730,1,2,1,1,6,99,4880900,426300,510,3,2,2,0,0,3,0,70,1,5,1,0,0
200600046088,6,8,3,1245,1,1,1,8,1,535,4874100,371800,510,3,2,2,0,3,3,0,78,2,0,1,0,0
200600046089,6,8,15,1945,2,1,1,1,6,124,4863400,364900,510,3,2,2,0,1,3,0,78,1,0,1,0,1
200600046090,6,8,24,2330,3,2,1,1,6,254,4862500,368800,510,3,2,2,0,3,1,0,67,1,0,1,0,0
200600046093,6,8,2,1845,1,1,1,2,6,302,4988500,473000,80,3,2,2,0,1,2,0,72,2,0,3,0,0
200600046094,6,8,12,1615,1,1,1,3,1,237,4983100,477400,80,3,2,2,0,2,3,0,0,2,0,1,0,0
200600046095,6,8,15,1515,1,1,1,1,3,302,4989500,474300,80,3,2,2,0,2,1,0,60,1,0,1,0,0
200600046096,6,8,26,45,5,2,1,1,1,81,4986600,475000,80,3,2,2,0,1,3,0,69,1,0,1,0,0
200600046097,6,8,10,745,1,2,7,1,3,185,4999600,470200,80,2,3,2,0,1,0,0,88,1,0,1,0,0
200600046098,6,8,19,1900,1,2,9,2,3,487,5008100,473100,80,4,2,2,0,1,1,0,0,2,0,1,3,0
200600046099,6,8,31,1845,1,2,1,1,6,488,4973500,482800,80,4,2,2,0,2,1,0,45,1,0,1,0,0
200600046100,6,8,15,1800,1,2,1,1,1,25,4948200,457900,80,3,2,2,0,1,1,0,60,1,0,1,0,0
200600046101,6,8,29,800,1,1,1,1,7,364,4949100,465000,80,3,2,2,0,1,4,0,53,2,0,3,0,0
200600046104,6,8,14,1630,1,1,4,1,1,329,4959000,441100,80,3,2,2,0,1,1,0,58,1,5,0,0,0
200600046105,6,8,12,1800,1,1,1,2,6,436,4855000,424000,100,3,2,2,0,1,1,0,80,2,0,1,0,0
200600046107,6,8,11,445,3,1,1,2,6,8,4825900,460500,100,3,2,2,0,1,3,0,60,2,0,1,0,0
200600046112,6,8,28,1815,1,1,1,8,1,70,4781100,529000,520,3,2,0,0,2,4,0,48,2,0,1,0,1
200600046116,6,8,16,1830,1,1,1,1,7,247,4748700,417800,210,1,3,2,0,1,1,20,100,1,0,3,0,0
200600046118,6,8,14,1345,1,1,1,1,1,295,4722700,492800,210,3,2,2,0,2,4,0,60,1,0,1,0,0
200600046119,6,8,4,2345,3,1,1,1,7,41,4761800,500100,210,3,2,1,0,1,2,0,52,1,0,0,0,0
200600046120,6,8,8,1000,1,2,1,8,3,317,4752700,511400,210,3,4,2,3,1,1,0,85,1,5,1,0,0
200600046121,6,8,29,700,1,1,1,1,1,290,4749300,515500,210,3,2,2,0,1,1,0,0,1,0,1,0,0
200600046123,6,8,2,1545,1,1,1,1,7,363,4710200,447200,210,3,2,2,0,4,1,0,0,1,0,1,0,0
200600046124,6,8,13,845,1,1,1,1,7,189,4700800,502000,210,3,2,2,0,2,1,0,110,2,0,3,0,0
200600046126,6,8,17,745,1,1,1,5,6,102,4719100,427700,210,3,2,2,0,1,1,0,72,2,0,3,0,0
200600046128,6,8,6,1800,1,1,1,1,1,247,4701800,331100,580,3,2,2,0,2,2,0,73,1,0,1,0,0
200600046132,6,8,23,1700,1,1,1,1,3,260,4686900,314600,580,2,2,2,0,1,1,0,78,1,0,1,0,0
200600046135,6,8,31,1530,1,1,9,1,1,141,4712000,399600,580,3,2,2,0,2,1,0,80,1,0,1,0,0
200600046138,6,8,27,1815,1,1,1,1,4,298,4711000,307000,580,3,2,2,0,3,1,0,68,1,0,1,0,1
200600046139,6,8,6,815,1,1,9,1,6,64,4728400,323700,580,2,2,2,0,1,1,0,57,1,0,0,0,1
200600046141,6,8,26,1500,1,1,1,1,1,288,4648000,461000,710,3,2,2,0,4,4,0,40,1,0,1,0,0
200600046142,6,8,29,1800,1,1,1,1,6,137,4643000,466000,710,3,2,2,0,1,1,0,0,1,0,1,0,0
200600046143,6,8,10,1830,1,2,1,1,3,442,4684900,463600,710,3,2,2,0,2,1,0,61,1,0,1,0,0
200600046144,6,8,18,930,1,1,1,1,3,442,4684500,463700,710,3,2,0,0,2,2,0,0,1,0,1,0,0
200600046151,6,8,15,1015,1,1,1,1,1,312,4680900,500800,710,3,2,2,0,1,1,0,70,1,0,1,0,0
200600046152,6,8,4,1200,1,1,1,1,6,473,4625800,436400,710,4,2,2,0,0,1,35,0,1,0,3,0,0
200600046153,6,8,15,1645,1,2,1,1,3,133,4629700,432400,710,3,2,1,0,1,1,0,50,1,0,1,0,0
200600046156,6,8,12,445,3,1,1,2,6,588,4647500,404100,710,3,0,2,0,1,1,0,75,2,0,3,0,0
200600046157,6,8,31,2115,3,1,1,1,1,590,4645000,415700,710,3,2,2,0,1,1,0,72,1,0,1,0,0
200600046160,6,8,26,2030,2,2,1,8,1,47,4662900,378400,710,3,2,2,0,1,2,0,85,2,0,1,0,0
200600046166,6,8,15,1415,1,1,2,1,5,523,4672300,517700,710,2,2,2,3,1,1,0,124,1,5,1,0,0
200600046177,6,8,16,1545,1,1,1,8,7,55,4800500,361800,890,3,2,2,0,1,3,61,0,1,0,1,0,0
200600046178,6,8,22,600,3,1,1,8,1,214,4827300,347400,890,3,2,2,0,3,2,0,64,2,0,1,0,0
200600046181,6,8,24,1900,1,2,1,2,3,480,4835400,313800,890,3,2,0,0,1,2,0,55,2,0,1,0,0
200600046194,6,8,22,1800,1,2,1,1,3,527,4718700,581600,250,5,1,0,0,2,1,0,60,1,0,1,0,0
200600046195,6,8,16,1645,1,1,1,1,7,57,4753600,679400,250,3,2,2,0,2,2,80,0,1,2,1,0,0
200600046201,6,8,27,2045,2,1,1,8,3,11,4754400,688300,250,3,2,2,0,1,1,0,55,2,0,1,0,0
200600046202,6,8,11,1200,1,1,1,1,3,456,4720300,666400,250,4,2,2,0,1,1,0,30,1,0,1,0,0
200600046204,6,8,14,1800,1,1,1,1,1,181,4750900,642000,250,3,2,2,0,3,1,0,66,1,0,1,0,0
200600046207,6,8,9,1900,1,2,1,1,1,560,4728100,606400,250,4,2,2,0,0,2,0,65,1,0,1,0,0
200600046208,6,8,2,1130,1,1,1,1,1,333,4727600,657100,250,3,2,2,0,0,3,0,69,1,0,1,0,0
200600046209,6,8,2,1530,1,1,1,1,3,601,4720100,639800,250,3,2,0,0,2,1,0,65,1,0,1,0,1
200600046210,6,8,12,515,5,1,6,2,7,222,4716500,625600,250,2,2,4,0,1,2,0,80,2,5,1,0,0
200600046211,6,8,15,1830,1,1,1,1,6,222,4716100,626800,250,3,2,2,0,1,1,0,74,1,2,3,0,1
200600046215,6,8,23,1845,1,1,1,1,6,160,4704000,656400,250,3,2,2,0,1,4,0,0,1,0,1,0,1
200600046216,6,8,30,1900,1,1,1,1,7,620,4701000,648700,250,9,2,2,0,1,2,0,66,1,0,3,0,1
200600046218,6,8,2,110,3,1,1,1,6,310,4678100,555900,390,2,3,4,0,2,1,79,152,1,0,1,0,1
200600046219,6,8,24,1200,1,2,9,2,1,56,4675300,545600,390,3,2,0,0,1,1,0,81,2,0,1,0,0
200600046220,6,8,19,415,3,1,1,1,1,320,4656700,541200,390,2,2,2,0,3,1,0,74,1,0,1,0,0
200600046221,6,8,25,2000,2,1,1,1,1,13,4690200,579200,390,3,2,0,0,0,3,0,60,1,0,1,0,0
200600046222,6,8,27,1630,1,1,1,1,5,188,4726000,556100,390,3,2,2,0,1,1,0,76,1,0,1,0,1
200600046226,6,8,24,1815,1,1,1,8,6,63,4660300,586800,390,2,2,2,0,1,2,0,74,2,0,1,0,0
200600046227,6,8,31,2245,5,1,1,1,7,470,4651100,602900,390,3,2,2,0,0,1,0,68,1,0,3,0,0
200600046233,6,8,21,2345,5,2,1,1,2,310,4768600,649900,700,4,2,0,0,1,1,0,58,1,0,1,0,0
200600046234,6,8,13,1745,1,1,1,2,6,380,4776400,619900,700,3,2,2,0,4,1,0,0,2,0,3,0,0
200600046235,6,8,22,2130,5,2,1,1,1,227,4784700,656400,700,3,2,2,0,1,1,0,0,1,5,1,0,0
200600046238,6,8,2,2015,2,1,1,7,1,104,4762200,689900,900,3,2,2,0,2,2,0,68,1,0,1,0,0
200600046239,6,8,10,1445,1,1,1,3,3,22,4757400,685800,900,2,2,2,0,1,1,0,0,2,2,1,0,0
200600046241,6,8,24,2315,3,1,1,8,6,54,4772500,689400,900,3,2,2,0,1,2,0,74,2,0,1,0,0
200600046246,6,8,27,2145,3,1,1,1,2,339,4460800,479400,260,1,3,3,0,1,1,20,120,1,0,1,0,0
200600046247,6,8,31,815,1,1,2,1,2,116,4445200,475400,260,1,1,3,3,1,1,35,105,1,0,1,0,0
200600046248,6,8,23,1130,1,1,1,1,1,48,4368600,565700,130,2,2,2,0,1,1,0,75,1,0,1,0,1
200600046256,6,8,20,600,5,2,1,1,6,57,4378700,475500,130,3,2,2,0,2,3,0,65,1,0,3,0,0
200600046260,6,8,3,1430,1,2,1,1,6,23,4321800,563100,130,4,2,2,0,0,1,0,68,1,0,1,0,0
200600046261,6,8,27,330,5,2,1,1,6,14,4350400,516700,130,3,3,0,0,0,2,25,50,1,0,3,0,0
200600046267,6,8,27,600,3,1,1,1,6,94,4378300,582100,40,3,2,2,0,3,1,0,64,1,0,1,0,1
200600046274,6,8,21,1515,2,1,1,1,1,198,4444800,634400,40,3,2,2,0,1,3,0,79,1,0,1,0,0
200600046275,6,8,6,1445,1,1,1,1,6,69,4387700,656800,40,4,2,2,0,1,2,0,70,1,2,4,0,0
200600046276,6,8,24,1015,1,1,1,1,7,148,4381200,659800,40,2,2,2,0,2,3,0,72,1,0,0,0,0
200600046288,6,8,28,1245,1,1,1,1,3,72,4466000,608600,50,2,2,2,0,2,1,0,72,1,5,1,0,0
200600046289,6,8,31,1645,1,2,9,1,3,142,4478700,602800,50,4,2,2,0,1,1,0,43,1,0,1,0,0
200600046290,6,8,5,1400,1,2,1,1,6,162,4443200,601100,50,4,2,2,0,1,1,0,70,1,0,4,0,0
200600046293,6,8,3,1330,1,1,1,2,6,139,4416800,8300,50,3,2,0,0,2,3,0,50,2,0,0,0,0
200600046301,6,8,4,1855,1,2,1,7,3,40,4454900,627200,50,2,2,2,0,1,1,0,70,1,0,1,0,0
200600046303,6,8,14,1915,1,1,1,1,1,40,4456000,626000,50,4,2,0,0,0,1,0,0,1,0,1,0,0
200600046311,6,8,21,745,1,2,1,1,6,92,4378700,737400,60,3,2,2,0,1,4,0,40,1,0,1,0,0
200600046314,6,8,6,1600,1,1,1,1,6,20,4399400,733100,60,3,2,2,0,1,2,0,63,1,0,1,0,1
200600046315,6,8,11,1800,1,1,1,1,5,74,4395200,728700,60,3,2,2,0,1,1,0,66,1,0,1,0,0
200600046316,6,8,12,1730,1,1,1,1,6,20,4399400,733100,60,3,2,2,0,1,2,0,50,1,0,1,0,0
200600046317,6,8,11,1330,1,2,1,1,3,161,4364400,713800,60,3,4,4,0,2,1,0,0,1,0,1,0,0
200600046328,6,8,8,1645,2,1,1,3,3,905,4406000,758700,60,3,2,0,0,1,1,0,70,2,0,1,0,0
200600046329,6,8,31,1115,1,1,1,1,2,99,4395800,691000,60,3,2,2,0,1,1,0,69,1,0,1,0,0
200600046330,6,8,6,1745,1,1,1,2,1,53,4403400,682700,60,4,2,1,0,2,2,0,21,2,2,1,0,0
200600046331,6,8,30,1615,3,1,1,1,7,9,4398200,713000,60,3,2,0,0,0,3,0,64,1,0,3,0,0
200600046332,6,8,26,2030,2,1,1,1,5,4,4345800,651000,830,2,2,2,0,2,2,0,103,1,0,1,0,1
200600046339,6,8,24,1845,1,1,1,1,1,31,4336600,638300,830,3,2,2,0,2,3,0,71,1,0,1,0,0
200600046347,6,8,19,1830,1,1,1,1,7,100,4328000,614000,830,3,2,2,0,1,2,0,60,1,0,3,0,0
200600046352,6,8,13,400,5,2,1,1,3,107,4335200,671500,830,3,2,0,0,1,2,0,76,1,0,3,0,0
200600046377,6,8,14,1130,1,1,1,1,3,101,4325800,664000,830,3,2,0,0,1,1,0,69,1,0,1,0,0
200600046382,6,8,10,730,1,2,6,1,1,47,4315400,607500,830,3,0,0,0,0,0,0,50,1,5,1,0,0
200600046384,6,8,22,905,1,2,1,1,1,47,4315000,606900,830,3,2,2,0,1,1,0,60,1,0,1,0,0
200600046390,6,8,21,2000,1,1,1,1,7,71,4317600,621600,830,3,2,2,0,1,3,0,70,1,0,3,0,0
200600046391,6,8,5,2115,3,2,1,1,3,54,4316000,604000,830,3,2,0,0,1,1,0,40,1,0,1,0,1
200600046394,6,8,11,1530,1,1,1,1,6,36,4393800,495000,840,3,2,2,0,3,1,0,0,1,0,1,0,0
200600046401,6,8,4,1745,1,1,1,1,6,14,4372000,571900,840,2,2,2,0,1,1,0,80,1,0,3,0,1
200600046402,6,8,18,1700,1,2,1,1,2,133,4372800,554700,840,3,2,2,0,1,2,0,60,1,0,1,0,0
200600046409,6,8,26,1245,1,2,1,1,6,19,4432700,474900,840,9,0,0,0,1,0,0,0,0,0,0,0,0
200600046410,6,8,26,2200,5,2,1,1,3,19,4429100,475400,840,4,2,2,0,1,1,0,0,1,0,1,0,0
200600046418,6,8,10,2145,5,2,1,1,2,344,4356000,409000,340,9,2,4,0,0,1,12,130,1,5,1,0,0
200600046421,6,8,13,1530,1,1,1,1,6,276,4376500,388700,340,3,2,2,0,1,2,0,63,1,0,3,0,0
200600046422,6,8,2,1715,1,1,1,1,3,28,4360400,317100,340,3,2,0,0,0,3,0,62,1,0,0,0,0
200600046424,6,8,6,1645,1,1,1,1,3,260,4366800,305800,340,3,2,0,0,1,1,0,51,1,0,1,0,1
200600046425,6,8,13,1145,1,1,1,1,3,312,4366000,314400,340,3,2,2,0,0,4,0,61,1,0,1,0,0
200600046426,6,8,13,1715,1,1,1,1,5,55,4368900,292100,340,3,2,2,0,2,3,0,0,1,0,1,0,0
200600046431,6,8,13,2100,5,2,1,1,3,245,4342800,295100,340,3,2,2,0,1,1,0,57,1,0,1,3,0
200600046432,6,8,23,1130,1,1,1,1,7,21,4345900,289700,340,3,2,2,0,2,4,0,60,1,0,1,0,0
200600046437,6,8,2,1700,1,1,3,1,3,214,4348100,328200,340,3,2,2,0,1,1,0,68,1,0,1,0,0
200600046438,6,8,5,645,2,1,1,1,6,1,4345000,329500,340,3,2,2,0,1,3,0,58,1,0,1,0,1
200600046440,6,8,30,830,1,1,1,1,7,300,4342900,328800,340,3,2,2,0,0,1,0,0,1,0,1,0,0
200600046442,6,8,11,400,3,1,1,1,3,329,4327500,323200,340,9,2,0,0,1,1,0,40,1,0,1,0,1
200600046443,6,8,12,1030,1,1,1,1,1,299,4329700,329300,340,3,2,2,0,0,1,70,0,1,0,1,0,0
200600046445,6,8,28,500,3,1,6,1,6,329,4324400,325400,340,3,2,0,0,1,2,0,60,1,0,3,0,0
200600046447,6,8,3,1945,2,2,1,1,1,51,4360500,348700,340,3,2,0,0,1,1,0,44,1,0,1,0,0
200600046448,6,8,10,1630,1,1,1,1,3,175,4361500,332200,340,3,2,2,0,2,3,0,70,1,0,3,0,0
200600046449,6,8,12,245,3,1,1,1,6,313,4356000,349000,340,3,2,2,0,1,2,0,62,1,0,3,0,1
200600046450,6,8,13,330,3,1,1,1,7,13,4357500,345800,340,3,2,2,0,0,2,0,70,1,0,0,0,0
200600046452,6,8,18,1315,1,2,1,1,2,16,4361000,361000,340,3,2,2,0,1,3,0,0,1,0,1,0,0
200600046462,6,8,28,800,1,1,1,1,6,341,4351500,358400,340,3,2,0,0,1,1,0,42,1,0,1,0,0
200600046465,6,8,7,1345,1,1,1,1,1,221,4341700,232300,110,4,2,2,0,2,4,0,31,1,0,1,0,0
200600046467,6,8,16,600,2,1,1,1,6,16,4310200,250000,110,3,0,0,0,0,1,0,39,1,2,1,0,0
200600046468,6,8,1,1900,1,1,1,1,3,356,4328700,200700,110,3,2,2,0,0,1,0,0,1,5,1,0,0
200600046472,6,8,16,215,3,2,1,1,6,85,4318000,232600,110,3,2,2,0,2,0,0,58,1,2,0,0,0
200600046475,6,8,14,1515,1,1,1,1,6,147,4276900,209700,110,3,0,2,0,0,3,0,45,1,0,1,0,0
200600046476,6,8,20,1100,1,1,1,1,7,165,4287600,215500,110,3,2,2,0,2,2,0,68,1,0,1,0,0
200600046477,6,8,24,2115,3,1,1,1,7,109,4294400,228600,110,3,2,0,0,0,3,0,58,1,0,0,0,0
200600046490,6,8,13,1545,1,2,1,1,1,341,4370400,427300,300,3,2,2,0,1,1,0,62,1,0,1,0,0
200600046491,6,8,15,1000,1,2,1,1,3,344,4374800,421500,300,3,2,0,0,2,1,0,75,1,5,1,0,0
200600046492,6,8,20,915,1,1,1,1,1,6,4369900,416900,300,2,2,2,0,1,1,0,70,1,0,1,0,1
200600046493,6,8,28,30,3,2,1,1,7,59,4368000,423700,300,3,2,0,0,1,1,0,0,1,0,4,0,0
200600046496,6,8,10,1315,1,1,1,1,1,320,4411900,428600,300,3,2,2,0,1,1,0,70,1,0,1,0,1
200600046498,6,8,2,1830,1,1,1,1,1,267,4400500,407700,300,3,2,2,0,1,1,0,60,1,0,1,0,0
200600046503,6,8,28,315,3,1,1,1,7,215,4423300,427600,300,3,2,2,0,1,1,0,0,1,0,3,0,0
200600046507,6,8,30,1445,1,2,1,1,6,334,4401000,442000,300,3,1,1,0,1,1,0,0,1,0,1,0,0
200600046509,6,8,2,530,2,1,1,1,3,116,4394500,461300,300,2,2,2,0,3,3,0,60,1,0,0,0,0
200600046510,6,8,3,2000,1,2,6,1,6,212,4394300,457700,300,2,0,0,0,0,0,0,50,1,0,1,0,0
200600046512,6,8,23,300,1,2,1,1,6,235,4393000,454500,300,2,2,2,1,1,1,14,73,1,0,1,0,1
200600046517,6,8,7,745,1,1,1,1,1,329,4407400,394600,300,3,2,2,0,1,1,0,60,1,0,1,0,0
200600046520,6,8,3,845,1,1,1,2,7,13,4454000,354400,480,2,2,2,0,1,2,0,59,2,0,1,0,0
200600046523,6,8,8,1600,1,1,1,1,1,80,4472100,386300,480,3,0,2,0,1,3,0,65,1,0,1,0,0
200600046538,6,8,1,1945,1,1,1,1,7,118,4276000,268100,660,3,2,0,0,1,1,60,0,1,0,3,0,0
200600046540,6,8,12,1815,1,2,1,1,7,9,4245800,263100,660,3,2,2,0,1,1,0,50,1,0,1,0,0
200600046546,6,8,24,1530,1,1,1,1,5,53,4253300,307900,660,3,2,2,0,1,3,0,0,1,0,1,0,0
200600046549,6,8,23,1810,1,1,1,1,7,114,4150500,911200,201,3,2,2,0,1,2,0,60,1,0,1,0,0
200600046550,6,8,20,715,1,1,1,1,5,35,4163900,884000,201,3,2,2,0,0,2,0,56,1,0,1,0,0
200600046551,6,8,25,2345,5,2,1,1,6,362,4175500,917400,201,3,2,0,0,1,1,0,0,1,0,1,0,0
200600046552,6,8,9,600,2,1,1,1,3,71,4176500,893900,201,2,2,2,0,2,4,0,82,1,0,1,0,0
200600046553,6,8,11,600,2,1,1,1,6,21,4181400,902300,201,3,2,2,0,1,3,0,60,1,0,3,0,0
200600046557,6,8,2,730,1,2,1,1,4,305,4273900,946300,202,3,2,2,0,2,2,70,0,1,0,1,0,0
200600046558,6,8,22,1,3,2,3,1,1,298,4269200,931600,202,3,2,0,0,0,1,0,87,1,0,1,0,0
200600046559,6,8,7,600,1,1,1,1,6,121,4242800,872600,202,3,2,2,0,2,2,0,60,1,0,3,0,0
200600046563,6,8,18,2300,5,2,1,1,1,34,4259100,902200,202,2,2,2,0,2,2,0,70,1,0,1,0,0
200600046566,6,8,18,500,3,1,1,1,7,354,4213500,913900,202,2,2,2,0,2,2,0,72,1,0,3,0,0
200600046568,6,8,8,1245,1,2,1,1,6,123,4201800,940500,202,2,2,2,0,1,1,0,55,1,0,1,0,0
200600046569,6,8,5,1545,1,1,1,1,5,143,4220500,953600,202,2,2,2,0,1,3,0,71,1,0,1,0,0
200600046572,6,8,8,900,1,2,1,1,4,307,4238200,953000,202,3,2,2,0,1,1,0,70,1,0,1,0,0
200600046574,6,8,15,315,3,1,1,1,7,335,4233900,953700,202,2,2,2,0,1,1,0,62,1,0,3,0,0
200600046575,6,8,23,1815,1,1,1,1,7,252,4244900,946000,202,3,2,2,0,2,2,0,50,1,0,1,0,0
200600046576,6,8,25,530,2,1,1,1,6,319,4242900,952900,202,2,2,2,0,0,3,0,72,1,0,1,0,0
200600046577,6,8,4,715,1,2,1,1,5,484,4896800,163200,780,3,2,2,0,1,3,0,50,0,0,1,0,0
200600046578,6,8,19,1030,1,2,1,1,3,255,4905200,160400,780,9,2,2,0,1,1,0,0,1,0,1,0,0
200600046581,6,8,23,1,5,1,1,1,6,239,4902500,169800,780,3,3,2,0,4,1,5,60,1,0,3,0,0
200600046584,6,8,6,1915,1,1,1,1,3,160,4871600,203000,780,3,2,2,0,0,3,0,0,1,0,1,0,0
200600046585,6,8,2,2045,1,1,1,1,7,321,4880000,185000,780,2,3,2,0,1,1,0,0,1,0,1,0,0
200600046586,6,8,17,1030,1,2,1,1,2,683,4881500,190200,780,3,2,2,0,2,1,0,73,1,0,1,0,0
200600046591,6,8,12,515,3,1,1,1,6,130,4843100,207200,910,3,2,2,0,1,1,0,54,1,0,1,0,0