Num_Acc,an,mois,jour,hrmn,lum,agg,int,atm,col,com,lat,long,dep,catr,circ,nbv,vosp,prof,plan,lartpc,larrout,surf,infra,situ,env1,killed
200600046594,6,8,23,2300,3,1,1,1,1,639,4844900,235800,910,3,2,2,0,1,4,0,0,1,0,1,0,0
200600046595,6,8,29,2230,3,1,1,1,6,129,4848300,231800,910,2,2,2,0,1,1,63,0,1,0,1,0,0
200600046598,6,8,9,900,1,1,1,1,3,546,4856800,204200,910,3,2,2,0,1,3,0,85,1,0,1,0,0
200600046599,6,8,17,1800,1,2,1,1,7,540,4855600,212800,910,4,2,2,0,1,1,0,50,1,0,1,0,0
200600046600,6,8,29,1315,1,1,2,3,1,411,4811700,210800,910,3,2,2,0,0,2,0,58,2,0,1,0,1
200600046604,6,8,28,900,1,1,1,3,1,241,4904300,244600,950,3,2,2,1,1,2,0,55,4,0,1,0,1
200600046605,6,8,27,1730,1,1,1,1,6,145,4860500,274200,770,9,0,1,0,0,1,0,40,1,0,3,0,1
200600046606,6,8,6,345,5,2,1,1,6,47,4888200,288800,770,3,3,2,0,1,1,0,64,0,0,1,0,0
200600046607,6,8,29,615,2,2,1,1,1,142,4886500,290700,770,2,2,0,0,1,0,0,92,1,0,1,0,0
200600046608,6,8,2,1145,1,2,2,1,6,182,4878700,330500,770,3,2,2,0,1,3,0,50,1,0,1,0,0
200600046611,6,8,17,830,1,2,1,1,6,244,4828800,260600,770,4,2,2,0,0,3,0,40,9,0,3,0,0
200600046614,6,8,27,345,5,2,1,1,6,282,4786500,182800,450,4,2,2,0,1,2,0,65,1,0,1,0,0
200600046623,6,8,13,1730,1,1,1,2,1,115,4805900,308700,450,2,2,2,0,2,3,0,0,2,0,1,0,0
200600046624,6,8,25,1800,1,1,6,1,4,281,4803800,300600,450,2,3,1,0,1,1,25,60,1,5,1,0,0
200600046628,6,8,19,2115,2,1,1,1,7,35,4804900,236800,450,3,2,2,0,1,1,0,27,1,0,0,0,0
200600046634,6,8,4,2330,3,1,1,1,5,242,4685000,293900,180,3,2,2,0,2,1,0,48,1,0,1,0,0
200600046641,6,8,10,349,3,2,1,1,1,55,4699800,211400,180,2,2,2,0,0,1,0,76,1,0,3,0,0
200600046642,6,8,28,2330,3,2,1,1,7,35,4714500,267900,180,3,2,0,0,4,2,0,52,1,0,1,0,0
200600046645,6,8,13,900,1,1,1,8,7,325,4846900,137300,280,3,2,2,0,0,1,0,65,1,0,1,0,0
200600046649,6,8,16,1830,1,2,1,1,1,140,4860000,168000,280,4,2,2,0,2,1,0,80,1,0,1,0,0
200600046650,6,8,20,1345,1,2,1,1,1,15,4847000,177000,280,3,2,2,0,1,1,0,65,1,0,1,0,0
200600046651,6,8,28,1015,3,1,1,1,1,15,4845400,177500,280,3,2,2,0,1,1,0,59,1,0,1,0,1
200600046652,6,8,29,1615,1,1,1,1,1,397,4847000,163000,280,2,2,2,0,1,1,0,116,1,0,1,0,1
200600046653,6,8,31,1340,1,2,2,1,3,425,4851000,170000,280,3,2,2,0,1,1,0,48,1,0,1,0,0
200600046654,6,8,18,1715,1,1,1,1,3,47,4833500,169300,280,3,2,2,0,1,3,0,65,2,0,1,0,0
200600046655,6,8,3,1700,1,1,1,1,7,51,4817700,140600,280,3,2,2,0,0,1,0,56,1,0,0,0,0
200600046656,6,8,8,1200,1,1,1,1,1,424,4821700,119300,280,3,2,2,0,1,2,0,49,1,0,1,0,0
200600046657,6,8,11,1930,1,2,1,1,1,12,4809800,112300,280,3,2,2,0,2,3,0,63,1,0,1,0,0
200600046660,6,8,27,900,1,2,1,1,6,3,4872800,130200,280,3,2,2,0,1,2,0,64,1,0,3,0,0
200600046661,6,8,31,1845,1,2,1,1,7,96,4888800,148900,280,4,2,0,0,2,1,0,0,9,0,1,0,1
200600046666,6,8,7,1715,1,1,1,1,6,16,4652300,114700,360,3,2,2,0,4,1,0,60,1,0,3,0,0
200600046668,6,8,17,700,1,1,1,8,6,148,4659300,127400,360,3,2,2,0,1,3,0,58,2,0,3,0,1
200600046670,6,8,31,1720,1,2,1,1,1,6,4658700,151300,360,3,2,1,0,1,1,0,70,1,0,1,0,0
200600046672,6,8,21,1445,1,1,1,1,4,74,4702100,111400,360,3,2,2,0,1,1,0,76,1,0,1,0,1
200600046673,6,8,15,2100,3,1,1,1,7,7,4694600,144000,360,3,0,2,0,1,1,0,53,1,0,1,0,0
200600046675,6,8,7,100,3,1,1,1,1,92,4708200,152000,360,4,2,0,0,2,1,0,40,1,0,1,0,0
200600046683,6,8,5,1530,1,2,1,1,6,1,4643900,182500,360,3,2,2,0,1,1,0,52,1,0,4,0,0
200600046684,6,8,7,115,3,1,1,1,6,84,4660200,173300,360,3,2,0,0,2,2,0,62,1,0,3,0,0
200600046685,6,8,18,45,3,1,1,1,6,146,4648400,168700,360,3,2,0,0,2,2,0,53,2,0,3,0,0
200600046687,6,8,17,1415,1,1,1,1,7,88,4693300,197200,360,3,2,2,0,1,1,0,44,1,0,3,0,0
200600046689,6,8,21,1130,1,1,2,8,1,52,4693900,206000,360,3,2,2,0,1,1,0,60,1,0,1,0,1
200600046691,6,8,31,1830,1,2,3,1,3,88,4694800,201300,360,3,2,1,0,1,1,0,78,1,0,1,0,0
200600046692,6,8,15,1730,1,1,1,1,6,158,4746600,95600,370,3,2,2,0,1,1,47,0,1,0,3,0,0
200600046697,6,8,19,1515,1,1,1,1,6,128,4731600,45000,370,3,2,2,0,2,2,0,57,1,0,1,0,0
200600046698,6,8,22,2230,3,1,1,1,1,123,4734700,33400,370,3,2,2,0,0,0,0,0,0,0,0,0,1
200600046699,6,8,13,1915,1,1,1,1,6,35,4699500,32700,370,3,2,2,0,2,3,0,54,1,0,1,0,1
200600046700,6,8,27,1800,1,1,1,7,3,216,4712700,57800,370,4,2,0,0,1,3,0,0,1,0,1,0,0
200600046701,6,8,2,1415,1,2,1,1,1,132,4713300,100100,370,3,2,2,0,1,1,0,61,1,0,1,0,0
200600046703,6,8,31,1615,1,1,9,1,3,132,4712000,98000,370,2,1,0,0,0,0,0,0,0,0,0,0,0
200600046708,6,8,24,900,3,1,1,1,6,137,4751400,111000,410,3,2,2,0,3,1,0,35,1,0,3,0,0
200600046709,6,8,16,1415,1,1,1,1,3,136,4769600,151300,410,3,2,0,0,1,1,0,65,1,0,1,0,0
200600046710,6,8,2,1345,1,2,1,1,3,146,4735000,129600,410,3,2,2,0,0,2,50,0,1,0,1,0,0
200600046712,6,8,21,830,1,2,1,7,1,51,4734000,113800,410,3,2,2,0,1,1,0,89,1,0,1,0,0
200600046714,6,8,24,1515,1,1,1,1,6,2,4733600,125800,410,2,2,2,0,1,1,0,75,1,0,1,0,0
200600046715,6,8,17,1200,1,1,1,8,6,46,4764700,191100,410,3,2,2,0,2,3,0,70,2,0,3,0,0
200600046716,6,8,11,2330,3,1,1,1,6,78,4789600,94200,410,3,2,3,0,1,1,0,114,1,0,3,0,1
200600046717,6,8,12,315,3,1,1,1,7,78,4790700,96300,410,2,2,2,0,1,1,0,67,1,0,3,0,0
200600046718,6,8,14,2000,1,1,1,1,6,120,4781000,91400,410,4,2,2,0,1,3,0,55,1,0,1,0,1
200600046719,6,8,14,1730,1,2,1,7,2,149,4776300,87700,410,3,2,2,0,1,1,0,60,1,0,1,0,0
200600046720,6,8,18,1130,1,2,1,1,6,149,4776400,87900,410,4,2,0,0,1,1,0,0,1,5,1,0,0
200600046721,6,8,22,1345,1,1,1,1,7,238,4786800,82100,410,3,2,2,0,1,3,0,0,1,0,3,0,0
200600046725,6,8,13,1915,1,2,1,1,3,214,4498600,109500,330,9,2,2,0,1,1,0,61,1,0,1,0,0
200600046726,6,8,18,1430,1,1,1,1,1,214,4500700,118200,330,3,2,2,0,1,1,0,60,1,0,1,0,0
200600046727,6,8,6,445,3,1,1,1,2,234,4785400,346200,290,3,2,2,0,3,1,0,110,1,0,1,0,0
200600046729,6,8,4,1730,1,1,1,7,1,150,4780400,369900,290,3,2,0,1,1,1,0,62,1,0,1,0,1
200600046730,6,8,8,1200,1,1,1,1,6,31,4778300,355600,290,3,2,0,0,1,3,0,0,0,0,1,0,0
200600046731,6,8,16,1615,1,1,1,1,3,293,4782900,385600,290,4,2,2,0,2,1,0,50,1,0,0,0,1
200600046738,6,8,8,1145,1,1,1,1,6,221,4411100,22500,470,4,2,0,0,1,0,0,30,1,0,0,0,0
200600046739,6,8,20,1445,1,1,1,1,1,195,4416700,30800,470,3,2,0,0,0,1,89,0,1,0,1,0,0
200600046741,6,8,1,1515,1,1,1,1,1,134,4358600,379400,340,3,2,0,0,1,1,0,40,1,0,1,0,0
200600046742,6,8,18,1845,1,2,1,1,3,270,4357500,381300,340,2,0,0,0,1,1,0,70,1,0,1,0,0
200600046743,6,8,10,845,1,1,1,7,6,51,4816000,160200,350,2,3,4,0,0,3,0,0,1,0,2,0,0
200600046744,6,8,1,800,1,1,1,2,7,276,4827100,185300,280,1,3,0,0,1,2,24,270,2,0,1,0,0
200600046745,6,8,2,1015,1,1,1,1,6,363,4842100,190100,280,1,3,3,0,1,1,24,270,1,0,2,0,0
200600046755,6,8,13,1315,1,2,1,1,3,5,4473100,107900,330,4,3,2,0,1,1,50,74,1,5,1,0,0
200600046762,6,8,12,30,3,1,1,1,2,431,4829400,268500,770,1,3,3,3,1,1,30,135,2,0,1,0,1
200600046763,6,8,13,2030,1,1,1,1,6,359,4848000,251700,770,1,0,0,0,0,1,0,105,1,3,2,0,0
200600046764,6,8,27,1715,1,1,1,1,5,185,4846400,257700,770,2,3,4,0,0,1,0,0,0,0,1,0,1
200600046781,6,8,11,1330,1,1,1,1,2,23,4342300,609200,830,1,3,3,3,1,1,15,135,1,0,1,0,1
200600046782,6,8,20,1630,1,1,1,1,7,57,4340600,621700,830,1,3,3,0,1,1,20,135,1,0,1,0,0
200600046788,6,8,23,1700,1,1,1,1,3,206,4607100,473900,690,1,1,3,0,0,1,10,110,1,0,1,0,0
200600046789,6,8,26,615,1,1,1,1,5,77,4616600,477100,690,1,3,3,3,1,1,10,110,1,0,1,0,0
200600046790,6,8,30,715,1,1,1,1,6,19,4610400,475000,690,1,3,3,0,1,1,10,110,1,0,3,0,0
200600046792,6,8,27,2115,2,1,1,1,7,5,4816500,82000,530,3,2,2,0,1,1,0,77,1,1,3,0,1
200600046793,6,8,27,645,5,2,1,1,6,467,4370000,141200,310,3,2,2,0,1,2,0,62,1,0,4,0,1
200600046795,6,8,5,915,1,1,1,1,3,39,4768300,140400,410,1,3,0,0,1,1,8,135,1,0,3,0,0
200600046796,6,8,31,1515,1,1,1,1,1,208,4758500,106400,410,1,3,3,0,1,1,26,35,1,0,2,0,0
200600046806,6,8,31,1030,1,1,1,1,1,8,4734400,88100,370,3,2,2,0,3,1,0,70,1,0,1,0,0
200600046811,6,8,22,1710,1,1,1,1,2,224,4606700,629300,740,1,3,2,0,1,1,7,41,1,0,1,0,0
200600046813,6,8,3,2055,3,1,1,3,6,44,4548600,539800,380,1,1,2,0,1,1,10,70,2,0,1,0,0
200600046821,6,8,8,1700,1,1,9,1,1,157,4343500,356100,340,1,3,3,0,1,1,30,105,1,0,1,0,0
200600046823,6,8,28,1950,2,1,1,1,2,329,4330600,321600,340,1,1,0,0,1,1,10,125,1,0,1,0,0
200600046825,6,8,16,1600,1,1,1,1,3,506,4357200,153200,310,3,2,2,0,2,3,0,60,1,0,1,0,0
200600046826,6,8,25,1315,1,1,1,3,7,38,4345100,154300,640,3,3,2,0,2,3,20,75,2,0,1,0,0
200600046827,6,8,13,1445,1,1,1,3,6,569,4925200,395600,510,1,1,1,0,2,3,10,64,2,3,1,0,0
200600046829,6,8,31,1800,1,2,3,1,5,81,4578000,478500,690,4,2,0,0,0,2,15,70,1,5,1,0,0
200600046830,6,8,27,1230,1,2,1,1,1,486,4516900,569900,380,4,2,2,0,1,1,0,0,1,0,1,0,0
200600046835,6,8,7,1845,1,1,1,1,1,88,4373900,731400,60,1,1,3,3,2,3,0,115,1,0,1,0,0
200600046837,6,8,18,445,3,1,1,2,6,88,4371400,719700,60,1,3,3,3,2,3,10,110,1,0,1,0,0
200600046840,6,8,14,215,3,1,1,8,7,480,5050200,267200,620,1,3,2,0,1,1,30,70,2,0,3,0,0
200600046841,6,8,18,2100,1,1,1,3,7,224,5054100,254400,620,1,1,0,0,1,1,20,125,2,0,3,0,0
200600046848,6,8,14,2015,1,1,1,1,6,25,4348500,556000,130,1,1,0,0,1,1,38,76,1,0,1,0,0
200600046849,6,8,20,1845,1,1,1,1,5,1,4352000,543200,130,1,1,4,0,1,1,0,0,1,0,1,0,0
200600046850,6,8,25,300,3,1,1,1,6,25,4348600,556300,130,1,1,0,0,1,2,0,105,1,3,1,0,1
200600046857,6,8,6,1,3,2,1,1,6,547,5019600,341800,590,3,2,2,0,1,1,0,0,1,0,1,0,0
200600046860,6,8,20,115,3,1,1,9,6,225,4867800,250000,910,2,3,4,0,1,1,15,140,2,0,3,0,0
200600046862,6,8,4,1845,1,1,1,1,7,122,4471000,75200,330,1,0,2,0,1,1,150,105,1,0,1,0,0
200600046864,6,8,5,1245,1,1,1,3,6,266,4790100,737500,680,1,3,2,0,1,1,50,72,2,0,3,0,0
200600046867,6,8,10,545,3,1,1,1,1,186,4421700,45100,470,1,1,2,0,1,1,47,73,1,0,1,0,0
200600046884,6,8,25,1645,1,2,1,1,5,268,4589200,610500,740,2,2,5,0,0,1,0,155,1,0,1,0,0
200600046885,6,8,1,1800,1,1,1,1,2,43,4582500,499500,10,1,3,3,0,1,1,0,0,1,7,1,0,0
200600046887,6,8,22,2315,5,2,1,1,6,629,4916800,401800,510,3,2,0,0,1,2,0,60,1,0,3,0,0
200600046889,6,8,18,2100,2,2,1,1,6,157,4354000,133000,310,3,2,2,0,1,1,0,60,1,0,4,0,0
200600046890,6,8,22,110,5,2,1,1,6,203,4352000,133400,310,3,2,2,0,1,1,0,58,1,0,3,0,0
200600046891,6,8,31,1100,1,2,1,1,1,157,4353800,136100,310,3,2,0,0,1,1,0,85,1,5,1,0,0
200600046895,6,8,29,1700,1,1,1,3,2,33,4587000,488000,690,3,2,0,0,1,3,0,70,2,0,1,0,0
200600046896,6,8,2,2230,5,2,1,2,1,340,4546000,476900,380,3,0,0,0,1,0,0,56,2,2,1,0,0
200600046902,6,8,1,800,1,1,9,9,1,152,4885900,196700,780,3,2,1,0,4,3,30,60,2,3,1,0,0
200600046906,6,8,12,2045,1,1,6,1,2,243,4761800,273800,560,4,1,1,0,1,2,0,25,1,5,1,0,0
200600046907,6,8,17,2100,2,1,1,2,7,240,4754200,269500,560,3,2,2,0,1,1,0,50,2,0,3,0,1
200600046908,6,8,15,2015,1,1,1,1,1,240,4754000,274200,560,3,2,4,0,1,1,0,150,1,0,1,0,0
200600046909,6,8,19,1200,1,1,1,1,2,240,4751400,280700,560,3,0,2,2,1,1,0,64,1,0,1,0,0
200600046910,6,8,28,1900,1,1,1,1,5,240,4753000,280000,560,3,2,2,0,1,2,0,76,1,0,1,0,0
200600046911,6,8,29,1545,1,1,1,1,2,5,4754000,288000,560,3,2,2,0,4,1,0,76,1,0,1,0,1
200600046912,6,8,15,2200,3,1,1,3,4,75,4557900,421900,420,1,2,2,0,0,1,30,70,2,0,1,0,0
200600046913,6,8,29,1945,2,1,1,2,6,47,4585000,379000,420,1,3,4,0,2,2,15,200,2,0,2,0,0
200600046918,6,8,4,1600,1,1,1,2,7,77,4611400,546400,10,1,3,3,3,2,1,0,0,2,0,1,0,0
200600046919,6,8,5,1915,1,1,1,2,7,228,4613500,551800,10,1,3,2,0,2,2,20,100,2,0,3,0,0
200600046920,6,8,24,845,1,1,1,1,3,430,4934200,56900,140,3,2,2,0,0,1,0,70,1,0,1,0,0
200600046924,6,8,29,2345,3,1,1,1,7,238,4752200,43000,490,1,1,0,0,1,1,0,0,1,3,3,0,0
200600046925,6,8,2,1815,1,2,1,1,3,112,4367700,698800,60,4,2,0,0,3,4,0,40,1,0,1,0,0
200600046930,6,8,25,230,3,1,1,1,1,57,4322000,600,650,1,1,2,0,1,1,20,70,1,0,1,0,0
200600046933,6,8,8,1830,1,1,1,1,2,599,4762000,518300,210,1,3,3,0,2,1,15,130,1,0,1,0,1
200600046942,6,8,18,1745,1,1,3,1,3,164,4609000,649300,740,3,2,2,0,1,1,0,70,1,5,1,0,0
200600046948,6,8,4,1530,1,1,1,1,6,274,4520000,150000,190,1,3,4,0,1,1,20,140,1,0,2,0,0
200600046953,6,8,21,1500,1,1,1,1,7,219,4621900,138600,230,1,3,4,0,1,1,22,146,1,0,3,0,1
200600046959,6,8,25,1730,1,1,1,8,6,36,4371000,332900,340,1,3,2,0,1,3,0,0,2,0,1,0,0
200600046960,6,8,27,600,3,1,1,1,6,259,4363300,377800,340,3,3,2,0,1,2,55,36,1,0,1,0,0
200600046972,6,8,21,1245,1,1,1,1,6,34,4377000,453000,300,3,2,2,0,1,1,0,70,1,0,3,0,0
200600046973,6,8,21,1915,1,1,1,1,6,34,4374000,449000,300,3,2,0,0,1,1,0,70,1,0,3,0,0
200600046975,6,8,24,730,1,1,1,1,7,1,4950800,435100,80,2,3,2,0,1,2,10,70,1,0,1,0,0
200600046978,6,8,6,930,1,2,6,1,3,192,4353900,394000,340,3,1,2,0,1,2,0,60,1,0,1,0,0
200600046983,6,8,10,1245,1,2,1,1,1,509,4949500,121700,760,3,2,2,0,1,2,0,0,1,0,1,0,0
200600046984,6,8,18,2030,1,1,1,1,7,571,4957400,133800,760,3,2,2,0,1,2,0,55,1,0,1,0,0
200600046988,6,8,22,545,2,1,1,1,7,204,4684000,485000,710,3,2,0,0,0,1,0,0,1,0,3,0,0
200600046992,6,8,5,1915,1,1,1,1,6,177,4777400,307700,560,3,2,2,0,4,1,0,56,1,2,3,0,0
200600046994,6,8,26,1715,1,2,1,1,3,77,4366100,388900,340,4,2,2,0,1,1,0,70,1,0,1,0,0
200600046995,6,8,2,1745,1,1,1,1,2,214,4890800,111300,500,1,3,4,3,0,1,15,68,1,0,1,0,0
200600046997,6,8,11,1045,1,2,1,8,6,359,4849000,253000,770,3,2,2,0,2,3,0,0,1,0,1,0,0
200600048347,6,8,24,2040,1,1,1,1,6,95,4432000,345699,480,3,2,2,0,2,3,0,61,1,0,1,0,1
200600050682,6,9,3,2230,5,2,1,1,3,11,5053800,294800,590,3,2,2,0,1,1,0,60,1,0,1,0,0
200600050683,6,9,12,1530,1,2,1,1,3,477,5051000,291000,590,3,2,2,0,1,1,0,60,1,5,1,0,0
200600050684,6,9,10,1545,1,1,9,1,6,320,5055400,282400,590,9,0,1,1,1,1,0,10,1,0,5,0,0
200600050685,6,9,7,830,1,1,1,1,7,320,5054900,282700,590,2,2,3,0,1,1,0,0,1,0,1,0,0
200600050686,6,9,29,1230,1,1,3,1,3,208,5062400,294100,590,3,2,2,0,1,1,0,72,1,0,1,0,0
200600050690,6,9,3,1115,1,1,1,1,1,576,5096200,232200,590,3,2,2,0,0,1,0,0,2,0,1,0,0
200600050692,6,9,11,1500,1,2,2,1,1,663,5088600,247000,590,3,2,0,0,1,1,0,80,0,0,1,0,0
200600050693,6,9,22,1815,1,1,1,1,3,535,5077400,274100,590,3,2,2,0,1,0,65,0,1,0,1,0,1
200600050695,6,9,13,1330,1,1,1,1,7,400,5066000,260700,590,3,2,2,0,1,3,0,65,1,5,1,0,0
200600050696,6,9,13,1700,1,1,1,1,6,173,5072800,294900,590,3,2,2,0,1,1,0,60,1,0,3,0,0
200600050699,6,9,6,1730,1,2,1,1,3,335,5047800,341300,590,3,2,2,0,0,3,0,60,1,0,1,0,0
200600050701,6,9,25,2245,3,1,1,2,7,601,5006200,411900,590,3,2,2,0,1,3,0,65,2,0,3,0,1
200600050702,6,9,12,1445,1,1,1,1,7,219,5023800,328700,590,3,2,2,0,2,2,0,0,1,0,3,0,0
200600050704,6,9,15,2215,5,2,1,1,6,341,5010700,328000,590,3,2,2,0,1,4,0,60,1,0,4,0,1
200600050708,6,9,10,1130,1,1,9,1,2,589,5036300,267200,620,3,2,2,0,1,1,0,67,1,0,1,0,1
200600050710,6,9,19,1730,1,1,1,1,3,184,5019900,301700,620,3,2,2,0,1,1,0,60,1,5,1,0,0
200600050711,6,9,17,1925,1,1,6,1,7,582,5027800,286500,620,9,1,0,0,1,3,0,0,1,0,1,0,0
200600050712,6,9,2,2215,5,2,3,1,3,128,5031500,295000,620,3,2,2,0,1,1,0,74,1,5,1,0,0
200600050714,6,9,25,830,1,1,1,3,1,383,5031300,306600,620,3,2,0,0,2,3,0,67,4,0,1,0,0
200600050715,6,9,10,930,1,2,1,1,3,473,5061900,245900,620,4,2,2,0,1,1,0,78,1,0,1,0,0
200600050716,6,9,16,15,5,2,1,1,6,750,5057500,241900,620,3,2,2,0,1,3,0,59,1,0,3,0,1
200600050717,6,9,18,2300,4,2,1,1,7,195,5060600,260900,620,4,2,1,0,1,2,0,52,1,0,0,0,0
200600050718,6,9,9,1745,1,1,1,1,2,491,5061100,277600,620,3,2,2,0,1,1,0,55,1,0,1,0,1
200600050722,6,9,22,1245,1,2,1,8,1,560,5081700,171000,620,4,2,0,0,1,2,0,0,1,0,1,0,0
200600050724,6,9,6,1530,1,2,1,1,6,412,5081000,182500,620,3,2,0,0,1,1,0,80,1,0,1,0,0
200600050725,6,9,2,215,5,2,1,1,6,170,5042700,269700,620,3,2,0,0,0,2,0,0,1,0,1,0,0
200600050726,6,9,2,1915,1,1,1,1,3,602,5036000,173000,620,3,2,0,0,0,1,0,0,1,0,1,0,0
200600050728,6,9,7,1800,1,2,1,1,1,289,5044000,176000,620,3,2,2,0,0,0,80,0,1,5,1,0,0
200600050733,6,9,27,1715,1,2,1,1,3,57,5089400,208900,620,4,2,2,0,1,1,0,37,1,0,1,0,0
200600050734,6,9,29,1345,1,1,1,1,3,756,5091400,215600,620,3,2,2,0,1,1,0,50,1,0,1,0,0
200600050735,6,9,4,1745,1,1,1,1,1,696,5057700,216700,620,3,2,2,0,1,3,0,50,1,0,1,0,1
200600050736,6,9,26,945,1,1,1,1,4,53,5057500,212700,620,3,2,0,0,1,1,0,37,1,0,3,0,0
200600050738,6,9,7,1830,1,2,1,1,3,45,5035000,258000,620,2,2,2,0,1,1,0,130,1,5,1,0,0
200600050739,6,9,16,2345,5,2,1,1,7,113,5035300,252500,620,4,2,2,0,1,3,0,50,1,0,1,0,0
200600050740,6,9,20,2115,5,2,1,1,1,63,5028300,252900,620,3,2,2,0,1,1,0,51,1,0,1,0,0
200600050741,6,9,9,1230,1,2,1,1,6,346,5026700,222500,620,3,2,2,0,1,1,0,59,1,0,1,0,0
200600050745,6,9,21,730,1,1,1,1,7,354,4999000,176600,800,3,2,2,0,1,3,58,0,1,0,1,0,0
200600050749,6,9,6,1600,1,1,1,1,7,66,4998800,243900,800,3,2,2,0,1,1,0,60,1,0,1,0,0
200600050750,6,9,18,1200,1,1,1,1,3,24,4994600,223100,800,2,2,2,0,1,1,0,70,1,5,1,0,1
200600050756,6,9,7,1600,1,1,1,1,6,815,5032300,175100,800,2,2,0,0,4,1,0,75,1,0,3,0,1
200600050758,6,9,17,1130,1,1,6,1,2,649,5031100,164000,800,3,0,0,0,1,2,0,0,1,5,1,0,0
200600050762,6,9,26,1130,1,1,1,1,6,70,5009900,239300,800,3,2,2,0,1,1,0,60,1,0,1,0,1
200600050780,6,9,17,1400,1,2,1,1,6,742,4976600,379100,20,2,2,2,0,1,1,0,60,1,0,1,0,0
200600050794,6,9,9,1345,1,1,1,1,7,3,4933000,341600,20,3,2,2,0,1,3,0,60,1,0,1,0,0
200600050796,6,9,17,415,3,1,1,1,6,810,4927000,312800,20,2,2,2,0,1,3,0,68,1,0,3,0,1
200600050797,6,9,23,2245,5,2,1,3,6,795,4941000,313700,20,3,0,2,0,1,1,0,61,2,0,0,0,1
200600050799,6,9,23,1800,1,2,1,1,6,830,5001800,359700,20,3,2,2,0,4,2,0,0,1,0,4,0,0
200600050800,6,9,1,1830,1,2,1,1,1,103,4940900,225400,600,4,2,2,0,1,1,0,80,1,5,1,0,0
200600050801,6,9,21,1700,1,2,1,1,1,277,4942800,204000,600,4,2,2,0,1,1,0,70,1,0,1,0,0
200600050802,6,9,22,1015,1,1,1,8,7,703,4941200,204500,600,3,2,2,0,2,1,0,73,2,0,1,0,1
200600050803,6,9,22,815,1,1,1,1,7,339,4949200,221500,600,3,2,2,0,1,1,0,58,1,0,3,0,0
200600050804,6,9,9,2230,3,2,1,1,6,333,4945800,191600,600,3,2,2,0,0,2,0,48,1,0,3,0,0
200600050806,6,9,12,1045,1,1,1,1,3,187,4944000,184000,600,2,2,2,0,1,1,0,76,1,0,1,0,0
200600050807,6,9,14,1630,1,1,1,1,3,187,4944800,183000,600,2,2,2,0,1,1,0,73,1,0,1,0,0
200600050809,6,9,24,1800,5,2,1,2,3,626,4939100,173800,600,3,2,2,0,1,1,0,74,2,0,1,3,0
200600050822,6,9,27,1345,1,2,2,1,3,146,4960800,236800,600,3,2,0,0,1,1,0,0,1,0,1,0,0
200600050829,6,9,27,2000,3,1,1,1,4,643,4956700,257900,600,3,2,2,0,1,1,0,0,1,0,1,0,1
200600050834,6,9,22,2215,5,2,1,1,6,325,4938400,277100,600,3,2,2,0,1,1,0,60,1,0,4,0,0
200600050835,6,9,27,1245,1,1,1,1,6,441,4941300,266000,600,3,2,2,0,1,1,0,0,1,0,3,0,0
200600050837,6,9,4,1445,1,2,1,1,6,471,4958500,301600,600,3,2,2,0,0,1,0,65,1,0,1,0,0
200600050842,6,9,15,2115,5,2,9,1,1,612,4921300,260800,600,2,2,2,0,1,1,0,0,1,0,1,0,0
200600050843,6,9,19,730,1,1,1,1,5,612,4921100,260800,600,2,2,2,0,1,1,0,45,1,0,1,0,0
200600050856,6,9,19,715,2,1,1,2,3,517,4952100,117300,760,3,2,2,0,1,1,0,70,2,0,1,0,0
200600050863,6,9,28,1815,1,1,1,1,3,401,4947500,76400,760,3,2,2,0,2,1,0,75,1,0,1,0,1
200600050865,6,9,3,2000,2,1,1,2,1,593,4957000,44000,760,4,2,2,0,2,3,0,40,2,0,1,0,0
200600050869,6,9,19,1615,1,1,1,1,6,35,4979000,174000,760,3,2,0,0,0,2,0,81,1,0,3,0,0
200600050870,6,9,1,1915,1,1,9,1,3,666,4958000,160400,760,3,2,2,0,3,1,0,72,1,0,1,0,0
200600050875,6,9,20,1700,1,2,1,1,3,312,4948800,172100,760,3,2,0,0,1,1,0,103,1,0,1,0,0
200600050877,6,9,8,1630,1,2,1,7,1,253,4968000,78900,760,3,0,2,0,1,2,0,55,1,0,1,0,0
200600050880,6,9,13,1015,1,2,1,1,6,82,4899500,104000,270,3,2,2,0,1,1,0,40,1,0,1,0,0
200600050881,6,9,20,1000,1,1,1,1,2,402,4893400,98900,270,3,2,2,0,1,1,0,50,1,0,1,0,0
200600050883,6,9,17,1530,1,1,1,1,1,144,4888000,129800,270,3,2,2,0,2,2,0,55,1,0,1,0,0
200600050884,6,9,30,530,3,1,1,1,6,507,4892700,127200,270,3,2,2,0,1,1,0,60,1,0,3,0,1
200600050892,6,9,13,1330,1,1,1,1,6,516,4906900,58700,270,4,2,0,0,2,2,0,34,1,0,3,0,0
200600050893,6,9,14,815,1,2,9,1,3,56,4910000,61100,270,4,2,2,0,0,0,0,0,1,0,1,0,0
200600050894,6,9,30,500,3,1,1,1,6,56,4908500,58900,270,9,0,2,0,1,1,40,0,1,0,1,0,0
200600050903,6,9,20,1715,1,1,1,1,6,3,4916100,118200,270,2,3,2,3,1,1,40,137,1,0,2,0,0