Num_Acc,an,mois,jour,hrmn,lum,agg,int,atm,col,com,lat,long,dep,catr,circ,nbv,vosp,prof,plan,lartpc,larrout,surf,infra,situ,env1,killed
200600050906,6,9,14,1030,1,2,1,1,1,539,4912500,139300,270,4,2,0,0,2,1,0,50,1,0,1,0,0
200600050907,6,9,23,1130,1,2,1,1,1,553,4914000,129000,270,4,2,2,0,1,1,0,45,1,0,3,0,0
200600050908,6,9,13,1410,1,2,1,1,1,348,4932400,114300,270,3,2,2,0,2,1,0,65,1,0,1,0,0
200600050912,6,9,26,830,1,2,9,1,1,695,4914400,87300,270,4,2,2,0,1,3,0,42,2,0,1,0,0
200600050915,6,9,12,1715,1,1,1,1,7,542,4923800,58500,270,3,2,2,0,4,2,0,0,9,1,3,0,0
200600050916,6,9,7,2055,3,2,1,1,1,7,4829700,163200,350,3,2,2,0,2,2,0,80,1,0,1,0,0
200600050917,6,9,10,1000,1,2,1,1,3,326,4833700,153300,350,3,2,2,0,2,1,0,0,1,0,1,0,0
200600050924,6,9,17,1645,1,1,1,1,3,178,4827900,142100,350,3,2,2,0,1,2,0,70,1,0,1,0,0
200600050926,6,9,24,30,3,1,1,2,7,348,4831000,130800,350,3,2,0,0,1,1,0,0,2,0,1,0,0
200600050927,6,9,30,1445,1,1,2,3,3,205,4843100,161000,350,3,2,2,0,2,1,0,66,2,0,1,0,0
200600050930,6,9,10,530,3,1,1,1,7,176,4778600,182900,350,4,0,0,0,0,0,50,0,0,0,0,0,0
200600050931,6,9,24,830,1,1,1,1,1,12,4784700,171500,350,3,2,2,0,1,1,0,67,1,0,1,0,0
200600050933,6,9,27,1830,1,1,1,1,5,124,4773800,177700,350,3,2,2,0,1,2,0,54,1,0,1,0,0
200600050940,6,9,1,1930,1,1,1,1,2,172,4842000,183900,350,3,2,0,0,1,1,0,106,1,5,1,0,0
200600050941,6,9,12,1330,1,1,3,1,3,9,4854400,180700,350,3,2,1,0,1,1,0,48,2,0,1,0,0
200600050942,6,9,21,1145,1,1,1,1,3,85,4841400,170300,350,3,2,2,0,0,1,0,0,1,0,0,0,0
200600050952,6,9,28,1145,1,1,1,2,1,390,4870700,307000,220,3,2,2,0,2,3,0,50,2,0,1,0,0
200600050961,6,9,3,1130,1,1,1,1,7,194,4863400,365000,220,4,2,0,0,2,2,0,35,1,0,3,0,0
200600050962,6,9,30,1900,1,1,1,1,2,218,4884500,322800,220,3,2,0,0,1,1,0,53,1,0,1,0,0
200600050965,6,9,23,1345,1,1,1,1,3,165,4780600,422800,290,4,2,2,0,2,1,0,0,1,0,1,0,0
200600050967,6,9,1,1900,1,2,9,1,3,103,4845000,426500,290,3,3,4,3,1,1,18,159,1,5,1,0,1
200600050968,6,9,24,330,3,1,1,8,6,181,4850200,421900,290,5,0,0,0,0,0,0,0,0,0,0,0,0
200600050969,6,9,1,2145,3,1,1,1,1,209,4855000,445000,290,3,2,2,0,0,2,0,55,2,0,1,0,0
200600050970,6,9,3,500,3,1,1,1,6,117,4858200,454900,290,3,2,2,0,0,3,0,74,2,0,1,0,0
200600050971,6,9,14,1215,1,1,1,1,2,209,4855000,450500,290,3,2,2,0,4,1,0,86,1,5,1,0,0
200600050974,6,9,13,1900,1,1,6,1,1,113,4864300,370600,290,3,2,2,0,1,1,0,71,1,0,1,0,0
200600050976,6,9,9,745,1,1,1,1,6,163,4854700,384100,290,4,2,2,0,2,1,0,49,1,0,1,0,1
200600050977,6,9,24,1245,1,1,1,8,7,163,4848700,387100,290,3,2,0,0,1,2,0,70,2,0,3,0,1
200600050981,6,9,29,1830,1,1,1,1,1,176,4767300,294700,560,3,2,2,0,1,1,0,63,1,0,1,0,0
200600050982,6,9,5,1345,1,2,6,1,3,78,4777700,352100,560,3,2,2,0,0,2,0,70,1,5,1,0,0
200600050984,6,9,22,1600,1,1,1,1,1,244,4785900,246200,560,3,2,2,0,1,1,0,62,2,0,1,0,0
200600050985,6,9,19,930,1,2,6,1,1,178,4807200,296600,560,3,2,2,0,1,3,60,0,1,0,1,0,0
200600050987,6,9,25,1600,1,1,1,1,6,66,4814600,362500,560,3,1,0,0,0,3,0,0,1,0,3,0,1
200600050989,6,9,2,1200,1,1,1,1,1,5,4908400,14300,140,3,2,2,0,0,2,0,60,1,0,3,0,0
200600050990,6,9,14,1845,1,2,9,1,5,119,4915300,26000,140,3,2,3,3,1,1,0,106,1,0,1,0,1
200600050992,6,9,16,445,3,2,1,2,6,589,4900500,30400,140,4,2,2,0,1,1,0,50,2,0,1,0,0
200600050993,6,9,21,215,5,1,1,1,1,456,4912000,15100,140,3,3,2,0,2,2,10,60,1,0,1,0,1
200600050994,6,9,30,830,1,2,2,1,3,538,4908500,22400,140,3,2,0,0,1,1,0,65,1,0,1,0,0
200600050995,6,9,22,2215,5,2,1,1,6,365,4929500,32800,140,4,2,2,0,1,1,0,0,1,0,1,0,0
200600050998,6,9,2,2015,3,1,1,1,3,728,4928800,73500,140,3,2,2,0,2,0,0,46,1,0,1,0,0
200600050999,6,9,2,15,3,1,1,1,1,370,4922900,90300,140,3,2,0,0,1,1,0,46,1,0,1,0,0
200600051000,6,9,9,1930,1,2,9,1,3,714,4922300,79000,140,3,2,2,0,0,1,0,70,1,0,0,0,0
200600051001,6,9,9,1930,1,1,1,1,3,342,4931000,109100,140,3,2,2,0,2,1,0,67,1,0,1,0,0
200600051003,6,9,19,1845,1,2,1,1,6,235,4932100,93900,140,3,2,0,0,0,2,46,0,1,0,1,0,0
200600051004,6,9,26,1715,1,1,1,1,5,258,4892400,18700,140,3,2,0,0,1,1,0,72,1,0,1,0,0
200600051006,6,9,20,1500,2,1,1,1,1,654,4903400,5600,140,3,2,2,0,2,2,0,56,1,0,1,0,0
200600051007,6,9,20,645,2,1,1,1,1,654,4903100,5300,140,3,2,2,0,1,3,0,63,0,0,1,0,0
200600051008,6,9,7,1830,1,1,1,1,7,615,4901000,18400,140,3,2,0,0,1,2,0,45,1,0,1,0,0
200600051011,6,9,20,300,5,2,1,1,7,754,4932400,400,140,3,1,1,0,2,1,0,40,1,0,4,0,0
200600051013,6,9,14,915,1,1,1,3,1,730,4886700,84000,140,3,2,2,0,2,1,60,0,2,0,1,0,0
200600051014,6,9,23,845,1,2,1,7,6,762,4884100,88200,140,3,2,2,0,3,1,0,50,1,0,1,0,0
200600051018,6,9,24,1200,1,1,1,1,7,48,4886700,116600,500,3,2,1,0,2,1,0,41,1,0,3,0,1
200600051021,6,9,29,1945,1,1,2,1,3,248,4919700,119000,500,3,2,2,0,1,1,0,0,1,0,1,0,0
200600051022,6,9,14,730,2,1,6,2,3,224,4897200,94600,500,3,2,2,0,1,1,0,77,2,5,1,0,0
200600051025,6,9,10,1600,1,2,1,1,3,199,4869300,147900,500,3,2,2,0,1,1,0,56,1,0,1,0,0
200600051026,6,9,14,1045,1,1,1,8,1,590,4880300,131900,500,3,2,2,0,2,4,0,73,2,0,1,0,0
200600051027,6,9,17,530,3,1,1,1,1,410,4856700,151700,500,2,2,2,0,1,1,0,80,1,2,1,0,0
200600051028,6,9,26,1015,1,2,1,7,6,639,4884200,122200,500,3,2,2,0,1,1,0,98,1,0,1,0,0
200600051031,6,9,12,545,3,1,1,1,6,41,4967600,185500,500,3,2,3,0,1,2,0,120,1,0,1,0,0
200600051033,6,9,15,1400,1,2,2,1,3,402,4951400,181100,500,9,2,2,0,1,1,59,0,1,0,0,0,0
200600051036,6,9,12,1515,1,1,1,1,3,196,4967900,127200,500,3,2,2,0,0,1,70,0,1,0,1,0,0
200600051038,6,9,23,1215,1,1,1,1,3,419,4897900,148200,500,3,2,0,0,1,1,0,56,1,0,1,0,0
200600051039,6,9,8,1645,1,1,1,1,7,198,4913600,156000,500,3,2,0,0,0,0,0,65,1,0,0,0,0
200600051040,6,9,10,100,3,2,1,1,6,482,4923500,164200,500,4,2,0,0,0,1,0,0,1,0,3,0,0
200600051043,6,9,7,1720,1,1,1,1,7,381,4858700,97100,500,3,2,2,0,1,1,0,45,1,0,1,0,0
200600051044,6,9,20,845,1,1,1,1,7,582,4873600,90700,500,3,2,2,0,0,4,0,90,1,0,3,0,0
200600051049,6,9,23,1515,1,1,1,1,3,415,4850900,31400,610,2,3,0,0,1,1,0,0,1,0,1,0,1
200600051052,6,9,9,1115,1,1,3,1,3,198,4890800,20900,610,3,0,2,0,0,0,0,0,1,0,1,0,0
200600051058,6,9,20,815,1,2,1,1,1,63,4870000,36200,610,3,2,2,0,0,1,0,60,1,0,1,3,0
200600051061,6,9,13,1745,1,1,1,2,1,163,4865500,50300,610,4,2,0,0,0,2,0,40,9,0,1,0,0
200600051063,6,9,5,1500,1,1,1,1,1,440,4873900,64700,610,3,2,2,0,1,1,0,71,1,0,1,0,1
200600051066,6,9,26,1715,1,2,1,1,6,26,4729900,149200,440,9,2,2,0,1,1,0,60,1,0,1,0,0
200600051067,6,9,1,800,1,2,1,1,3,81,4689000,160800,440,3,2,2,0,0,3,0,58,1,0,1,0,0
200600051073,6,9,19,1845,1,2,1,1,2,180,4752900,118200,440,3,2,0,0,1,1,0,55,1,0,1,0,0
200600051078,6,9,10,600,3,1,1,1,6,107,4742900,134500,440,3,2,2,0,2,1,62,62,1,0,1,0,1
200600051079,6,9,23,1130,1,1,1,1,2,107,4742400,129200,440,3,2,2,0,4,1,0,64,1,0,1,0,0
200600051081,6,9,9,1615,1,1,1,1,3,146,4776400,142100,440,3,2,2,0,0,3,0,64,1,0,1,0,1
200600051082,6,9,15,1645,1,1,2,2,1,99,4767200,138000,440,3,2,0,0,2,1,0,50,2,5,1,0,0
200600051083,6,9,16,1100,1,2,1,1,3,99,4762400,137800,440,3,2,0,0,1,1,0,83,1,0,1,0,0
200600051085,6,9,2,930,1,1,1,1,6,44,4766700,177900,440,3,2,2,0,1,2,0,0,1,0,3,0,1
200600051090,6,9,10,645,3,1,1,1,1,130,4711000,159300,440,3,2,2,0,1,1,0,71,1,0,1,0,1
200600051091,6,9,15,745,2,2,1,1,2,18,4716000,160100,440,9,2,2,1,1,1,0,64,1,0,5,0,0
200600051092,6,9,23,2200,5,2,1,2,6,18,4715100,170100,440,3,2,0,0,1,1,0,0,2,0,1,0,0
200600051093,6,9,9,1745,1,1,1,1,5,131,4711700,203000,440,3,2,2,0,2,1,0,80,1,0,1,0,1
200600051095,6,9,9,1630,1,1,2,1,1,87,4698700,190300,440,3,2,2,0,1,1,0,0,1,5,1,0,0
200600051097,6,9,22,1530,1,2,6,1,6,47,4722000,168100,440,4,2,2,0,1,1,0,60,1,0,1,0,0
200600051099,6,9,1,1315,1,1,1,1,3,69,4730400,238500,440,3,2,2,0,2,1,0,74,1,0,1,0,0
200600051100,6,9,5,930,1,1,2,1,1,69,4730000,243300,440,3,2,2,0,1,0,0,0,1,5,1,0,0
200600051105,6,9,26,1630,1,1,1,1,3,98,4750700,212700,440,3,2,0,0,1,0,27,64,1,5,1,0,0
200600051109,6,9,9,1815,1,1,1,1,2,35,4742900,61300,490,3,2,0,0,2,1,0,32,1,0,3,0,0
200600051110,6,9,19,1515,1,1,1,1,1,278,4742400,59300,490,3,2,2,0,1,1,40,110,1,5,1,0,0
200600051112,6,9,24,1350,1,2,1,2,6,49,4744700,15500,490,4,2,2,0,4,0,0,32,2,0,3,0,0
200600051113,6,9,29,1515,1,1,1,2,6,194,4749200,27500,490,4,2,0,0,1,1,0,43,2,0,3,0,1
200600051114,6,9,1,1200,1,1,1,1,3,363,4732700,49700,490,3,2,2,0,1,1,0,51,1,0,1,0,0
200600051115,6,9,6,1800,1,1,2,7,3,78,4734000,42800,490,3,2,2,0,0,1,0,80,1,5,1,0,0
200600051117,6,9,1,2330,5,2,1,1,7,238,4751700,46200,490,2,3,2,0,2,1,20,70,1,5,1,0,0
200600051119,6,9,6,1300,1,1,1,1,2,323,4754500,48700,490,3,2,2,0,1,1,0,60,1,0,1,0,0
200600051121,6,9,9,330,3,1,1,1,3,281,4716900,75400,490,2,2,2,0,1,1,0,70,1,0,1,0,0
200600051122,6,9,22,2230,5,2,6,1,3,375,4715000,106300,490,3,2,2,0,1,1,0,70,1,5,1,0,0
200600051123,6,9,27,1445,1,2,1,1,6,23,4720800,98200,490,4,2,2,0,1,1,0,85,1,0,1,3,0
200600051131,6,9,27,1300,1,1,1,1,7,324,4725100,99000,490,3,2,2,0,1,0,0,0,1,0,3,0,0
200600051132,6,9,9,1815,1,1,1,1,3,261,4737300,23800,490,4,2,1,0,0,1,0,36,1,5,1,0,0
200600051135,6,9,6,1300,1,1,1,1,6,249,4756700,81400,490,3,2,2,0,1,1,0,0,1,0,1,0,0
200600051138,6,9,25,1700,1,1,1,1,6,183,4754900,96700,490,3,2,0,0,0,1,0,75,0,0,1,0,0
200600051140,6,9,25,1700,1,2,6,3,6,97,4815000,39100,530,9,2,2,0,1,3,0,61,2,0,1,0,0
200600051141,6,9,22,1130,1,2,1,8,7,62,4783200,72300,530,3,2,1,0,1,1,0,65,2,0,3,0,0
200600051143,6,9,5,1715,1,1,1,1,5,144,4831800,47700,530,3,2,2,0,1,3,0,65,1,0,1,0,0
200600051144,6,9,9,2355,5,2,1,1,6,147,4831300,60500,530,2,2,3,0,2,1,0,100,1,0,3,0,0
200600051145,6,9,14,1630,1,1,1,1,1,195,4817200,68300,530,2,2,2,0,0,1,0,103,1,0,1,0,0
200600051147,6,9,5,2215,3,1,1,1,1,127,4845300,46600,530,3,2,2,0,3,1,0,62,1,0,1,0,0
200600051148,6,9,17,1800,1,1,1,1,6,246,4840500,10800,530,3,2,2,0,1,3,0,53,1,0,1,0,1
200600051150,6,9,30,1715,1,2,1,2,6,80,4848700,29500,530,3,2,2,0,1,2,0,45,2,0,4,0,0
200600051151,6,9,3,30,3,1,1,1,7,231,4794200,34800,720,3,0,2,0,1,4,0,70,1,0,3,0,0
200600051153,6,9,13,815,1,2,1,1,1,8,4793600,18600,720,4,2,0,0,1,1,0,59,1,0,1,3,0
200600051157,6,9,8,900,1,1,1,1,3,386,4801500,28400,720,3,4,0,0,1,3,0,100,1,5,1,0,0
200600051162,6,9,7,2115,3,1,1,1,1,376,4787700,50800,720,3,2,2,0,1,1,0,63,1,0,1,0,0
200600051166,6,9,3,915,1,1,1,2,1,276,4826700,44800,720,3,2,2,0,0,2,0,74,2,0,1,0,0
200600051169,6,9,16,1155,1,1,2,1,5,39,4819400,42100,720,3,2,2,0,0,1,16,105,1,0,1,0,0
200600051172,6,9,30,1800,1,1,6,1,6,132,4819300,63600,720,3,2,2,0,2,1,0,100,8,0,1,0,0
200600051173,6,9,9,530,5,1,1,1,2,34,4838500,8900,720,2,2,3,0,2,1,19,144,1,0,1,0,1
200600051174,6,9,27,645,2,1,1,1,6,97,4831500,13700,720,3,2,2,0,1,1,72,0,1,0,1,0,0
200600051178,6,9,20,1410,1,1,1,7,6,121,4642000,96000,850,3,2,2,0,0,2,0,65,1,0,3,0,0
200600051179,6,9,9,1150,1,2,1,1,7,131,4648200,122000,850,3,2,0,0,1,0,0,0,1,4,1,0,0
200600051180,6,9,11,1730,1,1,1,1,3,297,4640100,119300,850,3,2,0,0,0,1,0,63,1,0,1,0,1
200600051181,6,9,15,1755,1,1,1,3,1,297,4640500,118500,850,3,2,1,0,1,0,0,0,2,0,1,0,0
200600051182,6,9,19,1730,1,2,2,1,1,128,4647200,115200,850,3,2,2,0,1,1,0,100,0,0,1,0,0
200600051184,6,9,9,1200,1,1,2,1,3,59,4664600,73000,850,3,2,2,0,2,1,0,80,1,5,1,0,0
200600051193,6,9,10,2130,3,1,2,1,3,284,4681100,188100,850,3,2,2,0,1,3,0,80,1,5,1,0,0
200600051194,6,9,11,2050,3,1,1,1,1,284,4677300,193000,850,3,2,2,0,1,1,0,62,1,0,1,0,0
200600051204,6,9,19,1130,1,2,1,1,1,73,4525200,62500,330,3,2,2,0,1,1,0,72,1,0,1,0,0
200600051206,6,9,8,915,1,2,9,1,1,433,4492500,44700,330,3,2,2,0,1,1,0,76,1,0,1,0,0
200600051209,6,9,15,1200,1,2,3,8,3,80,4475500,54700,330,2,2,2,0,1,1,35,68,1,5,1,3,0
200600051210,6,9,8,630,1,1,1,1,1,30,4459800,32700,330,3,2,2,0,0,1,0,50,1,0,3,0,0
200600051211,6,9,5,815,1,1,1,1,1,415,4502300,44600,330,2,2,0,0,1,1,0,80,1,0,1,0,0
200600051212,6,9,5,1915,1,2,1,1,1,143,4497000,45400,330,4,2,0,0,1,1,0,0,1,0,1,0,0
200600051213,6,9,14,1715,1,2,1,1,3,227,4454900,25100,330,9,2,2,0,1,1,0,0,1,0,1,3,0
200600051215,6,9,12,1130,1,1,1,1,3,36,4441900,21900,330,3,2,3,3,1,1,10,147,1,5,1,0,0
200600051216,6,9,5,830,1,1,1,7,6,429,4443700,45900,330,3,2,2,0,1,1,0,62,1,0,1,0,0
200600051217,6,9,14,1015,1,1,1,2,6,68,4435900,45000,330,3,2,2,0,1,2,0,46,2,0,3,0,1
200600051219,6,9,8,815,3,1,2,1,3,314,4521400,78100,330,3,2,0,0,1,1,53,0,1,5,1,0,0
200600051222,6,9,23,1130,1,1,1,1,5,296,4485000,4900,330,3,2,0,0,2,1,0,70,1,5,1,0,0
200600051224,6,9,15,1830,3,1,1,3,6,437,4488100,8900,330,3,0,0,0,1,0,0,46,2,0,1,0,0
200600051225,6,9,13,1630,1,1,1,1,3,393,4499300,17000,330,3,2,2,0,3,3,0,66,1,0,1,0,0
200600051227,6,9,4,645,1,2,1,1,3,219,4499500,36900,330,3,3,2,0,1,0,0,70,1,0,1,0,0
200600051231,6,9,29,900,1,2,1,1,6,372,4515000,52800,240,9,2,0,0,1,1,0,60,1,5,1,3,0
200600051233,6,9,19,815,1,2,2,1,5,103,4520000,89300,240,4,2,2,0,0,1,0,54,1,0,1,3,0
200600051234,6,9,28,745,1,1,1,1,1,137,4531100,98100,240,4,2,0,0,0,2,0,40,1,0,1,0,0
200600051236,6,9,9,945,1,1,1,1,6,27,4480800,73300,240,3,2,1,0,1,2,0,61,1,0,1,0,0
200600051239,6,9,17,500,3,1,1,1,6,320,4541200,119700,240,3,2,2,0,1,3,0,54,1,0,3,0,0
200600051240,6,9,20,1100,1,1,3,1,3,551,4544400,93300,240,2,2,2,0,4,2,0,75,1,0,1,0,0
200600051241,6,9,10,1045,1,1,1,1,6,38,4530800,34800,240,3,2,2,0,1,1,0,50,1,0,1,0,0
200600051242,6,9,26,1800,1,1,2,1,3,564,4523500,26400,240,3,2,2,0,3,1,0,64,1,0,1,0,0
200600051243,6,9,10,1800,1,2,1,1,6,299,4503300,35000,240,3,0,0,0,0,1,0,0,1,0,1,0,0
200600051245,6,9,3,1745,1,1,1,1,6,392,4496500,125100,240,3,2,2,0,1,2,0,0,1,0,0,0,0
200600051247,6,9,17,1800,1,1,1,1,6,81,4488400,137500,240,3,2,2,0,1,3,0,60,1,0,3,0,1
200600051253,6,9,3,1830,1,1,1,7,3,274,4393100,67600,400,3,2,2,0,1,2,0,58,1,0,1,0,0
200600051257,6,9,17,600,5,2,1,2,6,224,4355100,111200,400,2,0,2,0,1,1,0,120,2,0,4,0,0
200600051258,6,9,16,1800,1,1,1,2,6,118,4359300,92100,400,3,2,2,0,1,3,0,60,2,2,1,0,0
200600051265,6,9,27,1800,1,1,1,1,1,227,4432800,77800,400,2,2,2,0,2,4,0,75,1,0,1,0,0
200600051268,6,9,28,1245,1,1,1,1,3,82,4372500,39400,400,3,2,0,0,1,1,0,56,1,5,1,0,1
200600051269,6,9,16,945,1,1,1,3,1,238,4386900,30700,400,3,2,2,0,1,2,0,79,2,0,1,0,0
200600051270,6,9,30,915,1,1,1,1,7,267,4401700,26600,400,3,2,2,0,2,4,0,75,1,0,3,0,1
200600051277,6,9,1,1030,1,1,9,1,3,22,4425100,41300,470,2,2,2,0,1,1,0,73,1,0,1,0,1
200600051278,6,9,6,1445,1,1,1,1,6,66,4424500,46300,470,2,2,0,0,1,1,0,108,1,0,3,0,1
200600051279,6,9,27,815,1,1,1,7,2,276,4432400,50600,470,3,2,2,0,1,1,0,45,1,0,1,0,0
200600051280,6,9,5,745,1,2,1,1,1,67,4414900,79700,470,2,2,2,0,2,3,0,100,1,0,1,0,0
200600051282,6,9,14,1815,1,1,1,2,1,157,4451400,19300,470,3,2,2,0,1,1,0,70,2,0,1,0,0
200600051283,6,9,17,830,1,1,1,7,6,157,4451200,16600,470,9,2,2,0,0,1,0,0,1,0,3,0,0
200600051284,6,9,19,900,1,2,1,1,6,157,4450200,16700,470,9,2,2,0,0,1,0,0,1,0,1,0,0
200600051288,6,9,13,1830,1,1,1,2,6,88,4455800,23900,470,3,2,2,0,1,2,0,50,2,0,3,0,0
200600051289,6,9,20,1930,1,1,1,1,7,204,4457200,31000,470,3,2,2,0,2,3,0,54,1,0,1,0,0
200600051293,6,9,4,1015,1,1,1,1,1,315,4444700,87400,470,3,2,2,0,1,3,0,73,1,0,1,0,1
200600051296,6,9,19,745,3,1,1,1,6,84,4464600,56600,470,3,2,2,0,2,2,0,50,1,0,3,0,1
200600051301,6,9,11,700,1,1,1,1,1,519,4337000,38000,640,2,2,0,0,1,1,0,107,1,0,1,0,1
200600051304,6,9,7,1845,2,1,1,1,5,23,4323400,25700,640,3,2,2,0,1,1,72,0,1,0,1,0,1
200600051305,6,9,12,2000,3,1,1,3,5,496,4347800,144200,640,3,2,0,0,2,2,0,85,2,0,1,0,0
200600051306,6,9,12,2130,3,1,1,2,6,540,4350500,132600,640,3,2,2,0,1,3,0,63,2,0,3,0,1
200600051309,6,9,13,845,1,2,1,1,3,495,4336200,154800,640,3,2,2,0,2,1,0,57,1,0,1,3,0
200600051311,6,9,14,700,2,1,1,3,3,279,4334500,140100,640,3,2,2,0,1,1,0,66,2,0,1,0,1
200600051312,6,9,2,345,3,1,1,2,6,261,4317000,54000,640,2,2,0,0,1,1,0,0,2,0,3,0,0
200600051313,6,9,3,1730,1,2,1,1,5,430,4348400,74500,640,2,2,2,0,1,1,0,75,1,0,1,0,0
200600051314,6,9,11,1630,1,1,1,1,6,131,4346000,72000,640,3,2,2,0,1,1,12,62,1,0,3,3,0
200600051316,6,9,29,2330,3,1,1,1,6,88,4349000,68000,640,3,3,2,0,1,2,0,60,1,0,3,0,0
200600051319,6,9,6,1945,1,1,1,1,6,293,4638700,21900,860,2,3,2,0,2,1,20,75,1,0,3,0,0
200600051324,6,9,19,1215,1,2,2,2,3,160,4679100,17900,860,3,2,1,0,2,3,0,57,2,0,1,0,0
200600051328,6,9,10,500,3,1,9,1,6,260,4694900,29700,860,4,0,0,0,0,0,0,0,0,0,0,0,0
200600051334,6,9,8,1315,1,2,1,1,1,28,4548800,15600,160,3,2,2,0,1,1,0,52,1,0,1,3,0
200600051336,6,9,25,1815,1,2,1,1,2,28,4547800,15500,160,3,2,2,0,2,1,0,55,1,0,1,0,0
200600051337,6,9,2,130,3,1,1,1,2,85,4582000,44000,160,2,3,4,0,2,1,10,70,1,2,1,0,1
200600051338,6,9,1,2045,2,1,1,1,6,261,4580000,35000,160,3,2,0,0,0,1,0,41,1,0,0,0,0
200600051344,6,9,16,1300,1,1,1,2,3,348,4567000,3900,160,3,2,2,0,1,3,0,54,2,0,1,0,0
200600051351,6,9,11,1600,1,1,2,1,5,396,4623000,87000,170,3,4,0,0,2,1,0,115,1,0,1,0,1
200600051352,6,9,17,1815,1,2,9,1,6,19,4621000,151900,170,3,2,2,0,1,1,0,0,1,0,3,0,0
200600051356,6,9,19,815,1,1,1,1,6,36,4589700,100700,170,4,2,2,0,1,1,0,53,1,0,3,0,0
200600051358,6,9,24,230,3,1,1,1,3,337,4596400,130000,170,3,2,2,0,0,3,0,0,2,2,1,0,0
200600051370,6,9,7,1945,2,1,1,1,3,398,4563500,51200,170,3,2,2,0,1,1,0,44,1,5,1,0,0
200600051374,6,9,6,1830,1,1,1,7,2,257,4597800,22500,170,3,2,2,0,1,2,0,63,1,0,1,0,0
200600051375,6,9,22,2130,4,2,1,1,1,24,4602400,34600,170,4,2,0,0,1,1,0,60,1,0,1,0,0
200600051378,6,9,12,1955,1,1,1,1,1,66,4647100,36900,790,3,2,3,0,1,1,0,100,1,0,1,0,1
200600051379,6,9,16,1530,1,1,1,2,1,78,4615000,46000,790,3,2,1,0,1,1,60,60,2,0,1,0,0
200600051384,6,9,18,945,1,1,2,1,3,173,4619900,16900,790,3,2,2,0,1,1,0,78,1,5,1,0,0
200600051385,6,9,15,1400,1,1,1,2,7,307,4613300,9400,790,3,2,2,0,1,3,0,0,2,0,1,0,0
200600051386,6,9,17,1600,1,1,1,1,6,140,4606300,1200,790,3,2,0,0,1,1,0,0,1,0,3,0,1
200600051387,6,9,19,930,3,1,1,2,6,83,4613100,8700,790,3,2,2,0,1,1,0,63,2,0,3,0,0
200600051389,6,9,10,1,3,1,1,1,7,322,4662800,32100,790,3,2,2,0,2,3,0,65,1,0,3,0,0
200600051391,6,9,24,1700,1,1,1,3,7,156,4678000,21900,790,3,2,2,0,1,1,30,77,2,0,1,0,0
200600051392,6,9,19,1215,1,1,1,1,7,311,4660000,41700,790,3,2,2,0,1,1,0,63,2,0,3,0,0
200600051393,6,9,9,2000,1,1,1,1,6,1,4578900,112700,870,3,2,0,0,2,2,0,60,1,0,3,0,0
200600051397,6,9,23,1830,1,2,1,3,3,142,4577300,153800,870,3,2,2,0,2,3,0,72,2,0,1,0,0
200600051398,6,9,5,2200,3,1,1,1,7,161,4583400,148200,870,3,2,2,0,1,2,0,56,0,0,3,0,1
200600051399,6,9,23,2000,3,1,1,2,6,187,4555000,113000,870,3,2,2,0,2,3,0,62,2,0,3,0,0
200600051400,6,9,23,2315,3,1,1,1,7,32,4562600,98400,870,2,2,2,0,3,1,0,76,2,0,3,0,1
200600051402,6,9,16,1815,1,2,1,1,1,122,4603500,133700,870,3,2,0,0,0,1,0,56,1,0,1,0,0
200600051403,6,9,22,2330,3,1,1,1,7,45,4599200,103700,870,3,2,2,0,4,2,0,0,1,0,0,0,0
200600051404,6,9,10,530,5,1,1,1,6,111,4573000,88000,870,3,2,2,0,1,1,0,70,1,0,3,0,1
200600051405,6,9,5,1100,1,1,1,1,1,207,4528800,162200,190,3,2,2,0,1,3,0,54,1,0,1,0,0
200600051407,6,9,1,1900,2,1,3,7,5,248,4546900,151700,190,3,2,2,0,3,3,0,71,1,5,1,0,0
200600051412,6,9,4,415,3,1,1,1,7,274,4519200,148700,190,1,1,2,0,2,2,0,32,1,3,1,0,0
200600051413,6,9,4,1000,1,1,1,1,3,11,4538900,140000,190,3,0,0,0,1,1,0,0,1,0,1,0,0
200600051414,6,9,2,445,3,1,1,1,6,89,4636400,199000,230,3,2,1,0,2,2,1,62,1,0,1,0,0
200600051415,6,9,29,1600,1,2,1,1,1,31,4634900,222700,230,3,2,2,0,2,3,0,60,1,0,1,0,0
200600051416,6,9,8,1930,1,2,1,1,2,2,4621100,199700,230,2,2,0,0,1,1,0,61,1,0,1,3,0
200600051417,6,9,28,1130,1,1,1,1,3,222,4594700,207700,230,3,2,2,0,1,1,0,65,1,0,1,0,0
200600051418,6,9,8,1530,1,1,1,1,7,145,4627000,238000,230,2,2,2,0,0,1,0,72,1,0,3,0,0
200600051419,6,9,24,1745,2,1,1,3,5,35,4624600,248600,230,3,2,2,0,0,4,0,57,2,0,1,0,1
200600051420,6,9,15,1800,1,1,1,2,1,230,4594000,165100,230,3,2,2,0,1,3,0,76,2,0,1,0,0
200600051421,6,9,3,1630,1,1,1,1,7,165,4581600,189500,230,3,2,2,0,1,2,0,60,1,0,1,0,0
200600051422,6,9,3,1100,1,1,1,1,5,25,4349500,144100,310,3,2,2,0,1,1,0,63,1,0,1,0,0
200600051424,6,9,13,2000,5,2,1,1,6,507,4370600,122200,310,4,2,2,0,2,1,0,35,1,0,3,0,0