Num_Acc,an,mois,jour,hrmn,lum,agg,int,atm,col,com,lat,long,dep,catr,circ,nbv,vosp,prof,plan,lartpc,larrout,surf,infra,situ,env1,killed
200600051427,6,9,23,1730,1,1,1,1,3,424,4356700,128900,310,3,2,0,0,1,1,0,68,1,0,1,0,0
200600051428,6,9,22,2000,3,2,1,2,6,433,4353000,140100,310,2,3,4,0,1,1,20,350,2,5,1,0,0
200600051429,6,9,29,415,5,2,1,1,3,446,4355200,147400,310,3,2,2,0,1,1,0,105,1,0,1,0,0
200600051430,6,9,19,1445,1,2,1,1,7,182,4368300,140800,310,3,2,2,0,1,1,0,50,1,0,1,0,0
200600051432,6,9,3,815,1,1,1,1,1,395,4347000,127400,310,3,2,0,0,1,1,0,61,1,0,1,0,1
200600051434,6,9,17,845,1,1,1,8,7,395,4346400,137000,310,3,2,2,0,1,1,0,60,2,0,3,0,1
200600051436,6,9,5,1130,1,2,1,1,1,572,4343800,144400,310,4,2,0,0,1,1,0,60,1,0,1,0,0
200600051437,6,9,30,1715,1,2,1,1,3,33,4335600,148400,310,3,2,1,0,2,1,60,0,1,0,1,3,0
200600051438,6,9,30,1645,1,2,1,1,7,33,4336200,148700,310,3,2,0,0,0,2,60,0,1,0,3,0,0
200600051439,6,9,5,1045,1,2,1,1,2,399,4336200,127500,310,3,2,0,3,1,1,0,80,1,5,1,0,0
200600051440,6,9,4,45,3,1,1,1,6,425,4316600,112000,310,3,2,2,0,1,3,0,60,1,0,3,0,0
200600051441,6,9,25,1645,1,2,1,1,3,135,4322000,108700,310,3,2,2,0,1,1,0,60,1,0,1,0,0
200600051442,6,9,1,1615,1,1,1,1,1,308,4302000,61000,310,3,0,2,0,0,1,0,62,1,0,1,0,1
200600051444,6,9,20,1200,1,1,1,1,6,408,4304200,71500,310,4,0,0,0,4,1,30,0,0,0,3,0,1
200600051445,6,9,27,1745,1,1,1,1,1,582,4341400,170700,310,2,2,2,0,1,1,0,74,1,0,1,0,0
200600051446,6,9,2,1315,1,2,9,1,6,381,4346300,157600,310,3,2,2,0,1,1,90,90,1,5,0,0,0
200600051447,6,9,25,945,1,2,1,8,6,48,4346000,161600,310,3,2,2,0,1,2,0,80,2,0,3,0,0
200600051451,6,9,29,2030,3,1,1,1,3,332,4308400,165300,90,3,2,2,0,1,3,0,56,1,0,1,0,0
200600051452,6,9,18,1445,1,1,1,2,6,224,4310300,144700,90,3,2,0,0,1,3,0,72,2,0,3,0,0
200600051455,6,9,3,1915,1,1,1,1,7,50,4424000,275300,120,3,2,0,0,2,2,0,72,1,0,1,0,0
200600051456,6,9,26,1715,1,1,9,1,3,90,4438400,245500,120,3,2,2,0,2,1,0,112,1,5,1,0,0
200600051458,6,9,11,1145,1,1,2,1,3,230,4404800,248900,120,3,2,2,0,4,1,0,65,1,0,1,0,0
200600051460,6,9,13,1800,1,1,1,8,5,172,4458100,265100,120,3,2,2,0,1,3,0,68,2,2,1,0,0
200600051464,6,9,15,1530,1,1,1,3,5,136,4442900,212500,120,3,2,2,0,1,1,0,0,2,0,1,0,0
200600051465,6,9,19,1245,1,2,1,1,6,300,4435700,203200,120,4,2,2,0,2,3,0,55,1,0,3,3,0
200600051466,6,9,23,1200,1,1,1,2,1,300,4434200,204900,120,3,2,3,0,2,3,0,105,2,0,1,0,1
200600051467,6,9,12,1800,1,1,1,2,6,160,4361300,96100,320,2,2,2,0,1,1,0,60,2,0,3,0,0
200600051473,6,9,2,1945,1,1,1,1,7,94,4378400,5500,320,3,2,2,0,2,2,0,46,1,0,3,0,0
200600051474,6,9,13,530,3,1,1,1,6,125,4377500,13200,320,2,2,2,0,1,2,0,71,1,0,3,0,0
200600051475,6,9,1,2000,2,1,1,1,2,208,4392700,62400,320,2,2,0,0,1,1,0,0,1,0,1,0,0
200600051478,6,9,1,2100,3,1,1,1,6,114,4457200,112300,460,3,2,2,0,2,2,0,60,1,0,3,0,0
200600051479,6,9,3,630,2,2,1,1,6,182,4448200,128900,460,3,2,2,0,1,1,0,65,1,2,1,0,0
200600051480,6,9,4,1445,1,1,1,1,6,277,4452200,101300,460,3,2,2,0,1,1,0,57,1,0,3,0,0
200600051482,6,9,19,1600,1,2,1,1,6,128,4478100,172800,460,9,2,0,0,0,1,0,61,1,0,0,0,0
200600051483,6,9,22,1800,1,1,1,2,1,265,4494900,165100,460,3,2,1,0,2,1,0,63,2,0,3,0,1
200600051484,6,9,8,1315,1,2,1,1,3,309,4489700,147900,460,3,2,0,0,1,3,0,50,1,0,1,0,0
200600051487,6,9,20,1515,1,1,1,1,2,432,4354600,1500,650,3,2,2,0,1,1,0,68,1,0,1,0,0
200600051489,6,9,23,2030,3,2,1,1,3,59,4308600,16600,650,3,2,2,0,2,3,0,69,1,0,1,0,1
200600051493,6,9,1,1145,1,1,1,1,3,281,4361900,209900,810,3,2,0,0,1,1,0,61,0,0,1,0,0
200600051494,6,9,5,400,3,1,1,1,1,140,4370900,179800,810,3,2,2,0,1,1,0,0,1,0,1,0,1
200600051497,6,9,28,1630,1,1,1,1,5,38,4389100,190800,810,3,2,2,0,0,1,0,81,1,0,1,0,0
200600051498,6,9,4,1115,1,1,1,1,3,220,4389400,170100,810,3,2,2,0,1,3,0,50,1,0,1,0,0
200600051499,6,9,23,1800,1,1,1,1,4,70,4379600,175900,810,3,2,2,0,3,1,0,70,1,2,1,0,1
200600051501,6,9,22,500,2,1,1,6,6,142,4352500,207500,810,3,2,2,0,1,2,0,117,9,0,3,0,0
200600051502,6,9,17,1415,1,2,1,1,3,179,4417900,162100,820,4,2,2,0,1,1,0,40,1,0,1,0,0
200600051504,6,9,25,1037,1,1,1,1,1,131,4423000,148500,820,3,2,0,0,2,3,0,60,2,0,1,0,0
200600051509,6,9,23,1845,2,1,1,1,6,26,4405900,164700,820,4,2,2,0,1,1,0,37,1,0,1,0,0
200600051511,6,9,15,1830,1,1,1,1,3,59,4386000,98500,820,4,0,0,0,3,3,0,47,1,0,1,0,0
200600051512,6,9,22,1345,1,1,1,2,6,93,4394500,109500,820,3,2,2,0,1,3,0,64,2,0,1,0,0
200600051513,6,9,27,1000,1,1,1,1,6,102,4403700,85100,820,3,2,2,0,1,1,0,60,1,0,3,0,0
200600051521,6,9,20,1600,1,1,1,1,7,277,4574100,502700,690,3,2,2,0,1,1,0,54,1,0,5,0,0
200600051530,6,9,14,1300,1,2,1,1,6,204,4568400,479000,690,6,1,0,0,1,3,0,0,1,0,1,0,0
200600051531,6,9,20,1830,1,2,4,1,3,204,4572400,477300,690,3,2,2,0,2,1,0,0,1,0,1,0,0
200600051532,6,9,5,1930,2,2,1,1,3,289,4565200,501300,690,3,2,2,0,1,1,7,0,1,0,1,0,0
200600051533,6,9,28,1845,1,1,1,1,1,299,4570000,507800,690,3,2,1,0,2,1,0,0,1,0,0,0,0
200600051545,6,9,6,1600,1,1,1,1,3,255,4574400,468800,690,3,2,0,0,2,1,0,0,1,0,0,0,0
200600051546,6,9,9,15,3,1,1,1,1,249,4567000,463000,690,3,2,2,0,0,3,0,65,1,0,1,0,0
200600051558,6,9,9,1915,1,2,1,1,3,36,4612300,467000,690,3,2,0,0,1,1,0,74,1,0,1,0,0
200600051559,6,9,15,1000,1,2,1,2,1,19,4611200,474300,690,3,2,2,0,1,1,0,0,2,0,1,3,0
200600051560,6,9,18,1245,1,1,1,1,3,198,4607900,464700,690,3,0,0,0,0,1,0,0,1,5,1,0,0
200600051563,6,9,30,445,3,1,9,1,6,225,4589000,446200,690,4,0,1,0,0,2,0,60,1,2,1,0,0
200600051567,6,9,28,1630,1,2,1,1,6,248,4603200,431400,690,4,2,2,0,1,1,0,88,1,0,4,0,1
200600051579,6,9,4,1330,1,2,1,1,7,118,4599300,579400,10,4,2,2,0,2,1,0,45,1,0,1,0,0
200600051589,6,9,27,1830,1,2,1,1,3,399,4630100,607500,10,3,2,2,0,1,1,0,70,1,5,1,0,0
200600051594,6,9,5,1745,1,1,1,1,1,1,4613900,492700,10,3,2,2,0,2,1,0,65,1,5,1,0,0
200600051608,6,9,18,1115,1,1,1,1,3,66,4468900,466600,70,3,3,2,0,2,2,0,64,1,0,1,0,0
200600051609,6,9,26,1445,1,2,1,1,1,349,4481100,478400,70,9,0,0,0,0,0,0,0,0,0,0,0,0
200600051611,6,9,2,1700,1,1,1,1,1,121,4483000,403100,70,3,2,2,0,1,3,0,72,1,0,1,0,0
200600051612,6,9,17,730,2,2,1,1,6,130,4473100,400900,70,2,2,2,0,0,3,0,60,1,0,1,0,0
200600051614,6,9,23,1000,1,1,1,8,6,304,4438500,437400,70,3,2,2,0,0,1,0,61,9,0,3,0,0
200600051617,6,9,9,900,1,2,1,1,6,165,4493800,448500,70,3,2,2,0,0,1,0,0,1,0,1,0,0
200600051618,6,9,29,1100,1,1,1,1,3,338,4491300,465300,70,3,2,2,0,1,1,0,68,1,0,1,0,0
200600051622,6,9,3,1200,1,1,1,1,1,108,4472200,501100,260,3,2,2,0,1,1,0,0,1,0,1,0,1
200600051624,6,9,15,1800,1,1,1,2,3,144,4474600,489700,260,3,2,0,0,0,1,0,0,2,0,1,0,0
200600051625,6,9,28,1945,2,1,1,1,5,166,4476000,476200,260,2,2,2,0,1,1,0,70,1,0,1,0,1
200600051628,6,9,3,1130,1,1,1,1,6,169,4449400,475300,260,2,2,1,0,3,1,34,80,1,0,3,0,1
200600051629,6,9,6,1430,1,1,3,1,3,169,4449900,474400,260,3,2,2,0,4,1,0,70,1,0,1,0,0
200600051636,6,9,1,2300,3,1,1,1,1,139,4507900,506900,260,3,2,0,0,1,2,0,70,1,0,1,0,0
200600051637,6,9,12,1215,1,1,1,1,2,325,4527200,482500,260,2,2,2,0,1,1,0,0,1,0,1,0,0
200600051644,6,9,10,1200,1,2,1,1,1,317,4513300,570700,380,9,1,1,1,1,1,0,0,1,0,5,0,0
200600051650,6,9,2,2300,3,1,1,1,6,181,4532400,596600,380,3,2,2,0,0,1,0,70,1,0,1,0,0
200600051652,6,9,13,1715,1,1,1,1,1,262,4537000,600900,380,3,2,2,0,1,1,0,70,1,0,1,0,0
200600051662,6,9,28,815,1,2,1,1,7,239,4533000,556500,380,3,1,1,0,1,1,0,40,1,0,4,3,0
200600051663,6,9,29,1215,1,2,1,1,6,337,4535300,549400,380,4,2,2,0,2,2,0,49,1,0,1,0,0
200600051668,6,9,15,1345,1,1,1,1,1,500,4517200,536700,380,3,2,2,0,1,4,0,82,2,0,1,0,0
200600051669,6,9,21,1730,1,2,1,1,6,517,4531100,549700,380,4,2,2,0,2,1,0,50,1,0,1,0,0
200600051673,6,9,11,1000,1,1,1,1,3,54,4578000,544000,380,3,0,2,0,1,1,0,100,1,0,1,0,0
200600051675,6,9,25,1730,1,1,1,1,5,541,4562500,554100,380,3,2,2,0,1,3,0,74,2,0,1,0,0
200600051681,6,9,5,1700,1,1,1,1,3,336,4546100,484400,380,3,2,1,0,1,2,0,0,1,5,1,0,0
200600051683,6,9,24,1730,1,1,1,2,3,238,4550600,501200,380,3,2,2,3,1,1,37,140,2,5,1,0,0
200600051685,6,9,28,815,1,2,1,1,5,130,4539700,528100,380,3,2,2,0,3,1,0,0,1,0,1,0,0
200600051686,6,9,29,845,1,1,1,1,1,291,4536800,514000,380,3,4,2,0,3,3,0,60,1,0,1,0,0
200600051689,6,9,23,100,3,1,1,2,7,480,4556400,497300,380,3,0,0,0,0,0,0,0,0,0,0,0,0
200600051691,6,9,13,1,5,2,2,1,3,507,4573900,518800,380,3,2,2,0,1,1,0,72,1,5,1,0,1
200600051692,6,9,15,2100,5,2,3,1,3,11,4579800,517400,380,4,2,0,0,1,1,0,50,1,0,1,0,0
200600051693,6,9,27,1215,1,2,1,1,3,85,4575100,516800,380,3,2,1,0,1,1,0,0,1,0,1,0,0
200600051694,6,9,4,2245,3,1,1,1,7,349,4531000,478000,380,4,2,0,0,0,0,0,0,1,0,3,0,0
200600051695,6,9,13,1800,1,1,1,1,3,72,4532500,480800,380,2,0,3,0,1,1,0,0,1,0,1,0,0
200600051696,6,9,20,1330,1,2,1,1,1,344,4537100,480200,380,2,2,2,0,1,1,0,0,1,0,1,0,0
200600051701,6,9,16,1915,2,1,1,1,6,172,4536900,443400,420,3,2,2,0,1,3,0,0,2,0,0,0,0
200600051703,6,9,9,1615,1,1,1,1,6,97,4548300,430800,420,3,2,2,0,1,2,0,65,1,0,3,0,1
200600051705,6,9,13,1500,1,1,1,1,1,97,4549300,433100,420,2,2,2,0,0,1,15,12,0,5,1,0,0
200600051709,6,9,3,1430,1,1,1,1,1,159,4581200,372700,420,3,2,2,0,1,3,0,62,1,0,1,0,0
200600051711,6,9,24,300,3,1,1,1,6,219,4574200,408900,420,3,2,0,0,1,1,0,0,1,0,1,0,1
200600051721,6,9,20,1700,1,2,1,1,7,271,4548500,457900,420,3,2,1,0,2,1,0,66,1,0,1,0,1
200600051722,6,9,2,1645,1,1,1,1,3,168,4543600,467200,420,3,3,0,0,0,3,0,47,1,0,1,0,0
200600051725,6,9,1,1745,1,1,1,1,3,141,4615500,425000,420,3,2,2,0,0,1,0,78,1,5,1,0,0
200600051727,6,9,24,545,3,1,1,1,6,141,4617400,423300,420,3,2,2,0,2,1,0,48,1,0,3,0,1
200600051728,6,9,6,1730,1,2,1,7,1,199,4603500,393200,420,9,2,2,0,2,1,0,63,1,0,1,0,0
200600051729,6,9,10,645,2,1,1,1,1,284,4610000,398900,420,2,2,2,0,1,3,0,70,1,0,1,0,0
200600051732,6,9,7,1415,1,1,1,1,7,36,4574300,614100,730,3,2,2,0,4,2,0,0,8,2,1,0,0
200600051736,6,9,29,2130,3,1,1,1,1,179,4562500,586200,730,3,2,2,0,0,3,0,65,1,0,1,0,0
200600051741,6,9,7,800,1,1,1,1,7,298,4565800,643300,730,2,3,4,0,0,1,31,140,1,0,0,0,0
200600051742,6,9,13,1700,1,1,1,1,1,262,4580900,649800,730,2,2,2,0,2,1,0,121,1,5,1,0,0
200600051743,6,9,16,545,3,1,1,1,6,298,4566300,642900,730,2,3,4,0,1,1,15,100,1,0,1,0,0
200600051745,6,9,9,630,2,1,1,1,1,217,4594700,611900,740,2,1,0,0,2,1,0,0,1,0,1,0,0
200600051768,6,9,25,1130,1,1,3,2,3,109,4606900,586200,740,1,1,2,0,1,1,0,73,2,5,0,0,0
200600051769,6,9,13,15,5,1,1,1,6,43,4626600,635400,740,3,2,2,0,0,1,0,56,1,0,1,0,1
200600051770,6,9,14,1345,1,2,1,2,3,150,4626300,632100,740,2,2,2,0,1,1,0,123,2,0,1,0,0
200600051771,6,9,16,100,5,1,1,1,7,163,4635500,643600,740,2,3,2,0,0,1,10,100,1,0,1,0,1
200600051772,6,9,20,1730,1,1,1,1,6,43,4627700,635100,740,3,2,2,0,2,3,0,71,1,0,1,0,0
200600051773,6,9,26,1715,1,2,1,1,1,263,4633700,639000,740,2,2,3,0,2,3,0,105,1,0,1,0,0
200600051774,6,9,26,915,1,1,2,2,3,105,4632900,629300,740,3,2,2,0,1,3,0,65,2,0,1,0,0
200600051782,6,9,3,230,3,2,1,1,6,48,4565400,255900,630,4,2,2,0,4,3,0,30,1,0,1,0,0
200600051783,6,9,27,1530,1,1,1,1,6,48,4565800,255900,630,4,2,0,0,1,1,0,32,1,0,3,0,0
200600051784,6,9,12,1715,1,1,2,1,3,417,4584600,304200,630,3,2,0,0,1,1,0,104,1,5,1,0,0
200600051787,6,9,12,715,2,1,3,1,3,214,4571000,320000,630,3,2,1,0,2,3,0,32,1,5,0,0,1
200600051788,6,9,16,600,2,2,9,1,6,457,4564600,325200,630,5,0,0,0,1,0,0,0,1,0,0,0,0
200600051789,6,9,14,1245,1,1,1,3,1,84,4571300,305700,630,2,2,2,0,2,2,0,97,2,0,1,0,0
200600051790,6,9,21,2230,3,1,6,1,7,262,4570000,316600,630,3,2,2,0,4,4,0,70,1,5,4,0,1
200600051791,6,9,27,1800,1,2,3,1,3,214,4568600,318800,630,3,2,2,0,0,1,0,80,1,5,1,0,0
200600051792,6,9,9,1000,1,1,1,1,3,341,4553300,372800,630,3,2,3,3,1,1,0,130,1,5,1,0,0
200600051793,6,9,23,400,5,2,1,2,3,10,4541100,372500,630,3,2,0,0,0,1,0,70,2,0,1,0,0
200600051794,6,9,2,1400,1,1,1,1,1,374,4553800,378600,630,3,2,2,0,2,2,0,73,8,0,1,0,0
200600051796,6,9,16,1500,1,2,1,1,6,178,4556300,325100,630,3,3,2,0,1,1,8,60,1,0,1,0,1
200600051797,6,9,17,115,3,1,1,1,7,7,4538900,313400,630,3,0,0,0,1,3,0,55,1,0,3,0,0
200600051799,6,9,21,1330,1,1,1,1,6,98,4551700,275200,630,4,2,0,0,1,1,0,27,1,0,3,0,0
200600051800,6,9,13,930,1,1,1,1,3,470,4588000,304600,630,3,2,0,0,1,1,0,100,1,5,1,0,0
200600051801,6,9,15,1715,1,1,1,1,2,358,4604500,307100,630,2,2,2,0,1,1,0,68,2,0,1,0,0
200600051802,6,9,19,2145,3,1,1,1,3,181,4601700,309100,630,2,2,2,0,1,1,0,70,1,0,1,0,1
200600051803,6,9,30,815,1,1,1,8,5,358,4605500,304600,630,2,2,2,0,2,1,0,70,2,0,1,0,0
200600051804,6,9,2,300,3,1,1,1,6,61,4600800,321400,630,3,2,0,0,1,3,0,0,1,0,0,0,0
200600051806,6,9,22,1200,1,1,6,2,7,283,4586800,266800,630,3,2,2,0,1,3,20,90,2,5,3,0,0
200600051807,6,9,3,1700,1,1,1,1,3,281,4611500,269800,630,3,2,2,0,1,1,0,58,1,5,1,0,0
200600051809,6,9,10,1545,1,1,1,1,7,260,4571200,367900,630,3,2,1,0,0,3,0,70,1,0,1,0,0
200600051810,6,9,12,745,1,1,1,1,6,195,4584600,336600,630,3,2,1,0,1,1,0,45,1,0,1,0,0
200600051812,6,9,24,1800,1,2,9,3,1,195,4583700,339000,630,9,2,0,0,1,2,0,49,2,0,1,0,0
200600051814,6,9,18,800,1,1,1,8,7,253,4593200,346300,630,3,2,2,0,0,2,0,60,2,0,3,0,0
200600051816,6,9,16,1430,1,1,1,1,3,210,4670400,302000,30,3,2,2,0,0,3,0,60,1,0,1,0,0
200600051818,6,9,9,1215,1,1,1,1,3,254,4630200,327700,30,3,2,2,0,1,1,0,62,1,0,1,0,1
200600051823,6,9,30,1915,1,1,1,1,5,191,4641500,288800,30,4,2,2,0,1,3,0,25,1,0,1,0,0
200600051824,6,9,16,1930,2,2,1,1,7,271,4609500,333000,30,3,2,2,0,1,4,0,50,1,0,3,0,0
200600051826,6,9,1,2145,5,2,1,1,7,138,4625200,364000,30,2,2,2,0,1,1,0,71,1,0,1,0,0
200600051828,6,9,11,1415,1,2,6,1,3,196,4486300,230800,150,3,2,0,0,2,0,0,60,1,5,1,0,0
200600051829,6,9,2,2115,5,2,1,1,1,266,4493300,253300,150,9,2,2,0,2,2,0,58,1,0,1,0,0
200600051831,6,9,21,1830,1,1,1,7,6,205,4514000,247700,150,3,2,2,0,2,2,0,70,1,0,0,0,0
200600051834,6,9,10,400,3,1,1,1,6,188,4501500,313000,150,3,2,0,0,1,1,0,50,1,0,1,0,0
200600051835,6,9,13,1800,1,2,1,2,1,164,4505500,304400,150,3,2,0,0,1,1,0,75,2,0,1,0,0
200600051836,6,9,16,1215,1,2,1,1,1,187,4503800,308700,150,4,2,2,0,2,3,0,0,1,0,1,0,0
200600051837,6,9,4,800,1,1,2,1,3,141,4513900,298300,150,2,2,2,0,2,1,0,75,1,5,1,0,0
200600051838,6,9,9,1930,1,1,1,1,7,1,4525100,291900,150,3,2,2,0,0,3,0,30,1,0,0,0,0
200600051839,6,9,5,730,1,1,1,1,7,18,4502200,379400,430,3,2,2,0,3,3,0,64,1,0,1,0,0
200600051840,6,9,13,1730,1,1,1,1,6,229,4508200,381400,430,3,2,2,0,1,3,0,54,2,0,1,0,0
200600051841,6,9,23,930,1,1,1,8,5,154,4475900,388400,430,2,2,0,0,2,1,0,70,2,0,1,0,0
200600051842,6,9,23,145,3,1,1,2,6,32,4507100,400500,430,2,3,2,0,2,2,0,80,2,0,1,0,0
200600051848,6,9,19,1000,1,1,1,1,1,74,4534100,336400,430,2,2,2,0,4,1,0,75,1,5,0,0,1
200600051849,6,9,30,100,3,1,1,1,7,55,4533600,347900,430,4,2,1,0,2,0,0,31,9,0,3,0,1
200600051851,6,9,20,1815,1,1,1,1,1,261,4540000,333300,430,4,2,2,0,1,2,0,33,1,0,1,0,0
200600051852,6,9,3,1900,1,1,1,1,4,268,4513800,410200,430,2,2,2,0,1,1,0,73,1,0,1,0,1
200600051854,6,9,22,815,1,1,1,1,7,203,4517200,406100,430,3,2,0,0,0,3,0,62,9,0,1,0,0
200600051856,6,9,13,2130,3,1,1,2,1,114,4517100,422900,430,3,2,2,0,3,2,0,70,2,0,1,0,0
200600051858,6,9,7,715,2,1,1,5,4,578,4910800,600400,570,3,2,1,0,0,1,0,138,1,0,1,0,1
200600051860,6,9,20,2315,5,2,1,1,6,39,4906700,611600,570,4,2,2,0,1,2,0,70,1,0,4,0,0
200600051862,6,9,22,1200,1,2,1,1,3,433,4921600,615000,570,3,2,2,0,1,1,0,0,1,0,1,0,0
200600051870,6,9,4,1515,1,1,1,1,6,490,4878000,656500,570,3,2,2,0,1,1,30,40,1,5,1,0,1
200600051871,6,9,7,2345,3,1,1,1,6,99,4874700,674200,570,3,2,2,0,1,1,0,70,1,0,3,0,0
200600051874,6,9,11,100,5,2,1,1,6,222,4915100,689300,570,3,2,2,0,0,3,0,60,1,5,4,0,0
200600051877,6,9,21,2015,4,2,9,1,7,178,4900800,684500,570,2,2,2,0,1,3,0,0,1,0,1,0,0
200600051879,6,9,23,1430,1,1,2,1,6,544,4869000,712000,570,3,2,0,0,2,3,0,72,1,0,1,0,0
200600051882,6,9,29,1615,1,2,1,1,3,260,4916300,702800,570,2,2,0,0,1,1,0,0,1,0,1,0,0
200600051885,6,9,2,845,3,2,1,1,6,576,4944600,634800,570,2,2,2,0,3,2,0,0,0,0,3,0,1
200600051890,6,9,15,2245,5,2,1,1,7,115,4873800,616700,540,2,0,0,0,0,3,0,0,1,0,3,0,0
200600051899,6,9,28,1730,1,1,1,1,2,504,4940300,588300,540,3,2,2,0,2,1,0,60,1,0,1,0,1
200600051910,6,9,30,1715,1,1,1,1,7,125,4882000,497600,550,3,2,2,0,1,2,0,68,1,0,1,0,1
200600051911,6,9,24,1915,5,2,1,2,6,335,4863100,521700,550,4,2,2,0,1,1,0,69,2,0,1,3,0
200600051913,6,9,9,1200,1,2,1,1,1,456,4865300,569300,550,4,0,0,0,1,0,0,42,1,2,1,0,0
200600051915,6,9,30,1400,1,1,1,3,7,582,4945700,517500,550,3,2,2,0,1,1,0,60,2,0,3,0,0
200600051916,6,9,4,815,1,1,1,1,7,363,4910100,574900,550,3,2,2,0,0,2,0,67,1,0,3,0,0
200600051918,6,9,17,245,5,2,1,1,6,579,4914100,554400,550,3,2,2,0,2,1,0,58,1,0,4,0,0
200600051920,6,9,23,1515,1,1,1,1,3,63,4822000,630900,880,4,2,2,0,1,1,0,50,1,5,1,0,0
200600051923,6,9,29,700,1,2,3,1,1,465,4825300,640100,880,3,0,2,0,1,1,0,0,1,0,1,0,0
200600051930,6,9,13,1800,1,1,1,1,7,351,4795100,643400,880,3,2,0,0,1,1,0,62,9,0,3,0,0
200600051932,6,9,25,1200,1,1,1,2,6,378,4846100,771900,670,3,2,2,0,1,2,0,65,2,0,3,0,1
200600051935,6,9,29,1100,1,2,1,1,6,331,4877700,773300,670,3,2,2,0,1,0,0,59,1,0,1,0,0
200600051936,6,9,24,1815,1,1,1,1,1,421,4835400,711300,670,2,2,0,0,2,1,0,0,1,0,1,0,0
200600051938,6,9,22,1600,1,2,1,1,6,122,4863900,730100,670,4,2,2,0,4,1,0,39,1,0,1,0,0
200600051939,6,9,23,1830,1,1,2,1,2,520,4864900,744300,670,2,2,2,0,4,1,0,0,1,5,1,0,0
200600051942,6,9,10,1445,1,1,1,1,1,183,4894200,704000,670,4,2,2,0,4,3,0,34,1,0,1,0,0
200600051946,6,9,30,145,3,1,1,1,6,361,4870200,766900,670,3,2,2,0,1,2,0,54,1,0,3,0,1
200600051948,6,9,13,1300,1,2,1,1,1,58,4878600,756000,670,3,2,0,0,0,1,0,0,1,0,1,0,0
200600051949,6,9,17,1015,1,1,1,8,7,135,4882100,759400,670,3,2,0,0,2,3,0,55,1,0,1,0,0
200600051952,6,9,4,1600,1,1,1,1,2,181,4861300,757100,670,2,2,0,3,2,1,0,110,1,0,1,0,1
200600051953,6,9,29,1245,1,2,1,1,2,382,4862800,757500,670,3,2,2,0,1,1,0,62,1,0,1,0,0
200600051954,6,9,9,2030,5,2,1,1,1,350,4859000,765000,670,3,2,2,0,2,1,0,150,1,5,1,0,0
200600051955,6,9,23,1830,1,2,1,1,3,1,4857900,763200,670,3,2,2,0,1,1,0,65,1,0,1,0,1
200600051960,6,9,18,1215,1,1,1,8,5,486,4826000,759400,670,3,2,2,0,1,1,0,60,2,0,1,0,0
200600051962,6,9,7,1800,1,1,1,2,1,261,4897400,818700,670,3,2,2,0,1,1,0,70,8,0,1,0,0
200600051965,6,9,3,1930,1,2,1,1,6,7,4806800,741500,680,4,2,0,0,1,1,0,50,1,0,1,0,0
200600051968,6,9,20,705,1,2,1,1,3,226,4804500,715000,680,3,2,0,0,1,1,0,105,1,0,1,0,0
200600051969,6,9,28,630,4,1,9,1,1,193,4803500,710900,680,3,2,0,0,0,0,0,0,0,0,0,0,1
200600051970,6,9,10,1800,1,2,1,1,6,104,4798100,760500,680,4,2,2,0,1,2,0,0,1,0,3,0,0
200600051971,6,9,11,1115,1,1,1,1,1,36,4804200,755900,680,3,2,2,0,1,1,20,90,1,5,1,0,0
200600051973,6,9,29,1615,1,1,1,1,7,230,4794400,754400,680,3,2,2,0,1,1,0,62,1,0,3,0,0
200600051974,6,9,16,1945,2,2,1,1,1,294,4826600,723600,680,4,2,2,0,1,4,0,0,1,0,1,0,0
200600051975,6,9,21,1745,1,1,1,1,1,298,4823200,722700,680,3,2,2,0,2,4,0,70,1,0,1,0,0
200600051976,6,9,1,1800,1,1,1,1,1,338,4808800,725300,680,3,0,2,0,2,1,0,0,1,0,1,0,0
200600051977,6,9,19,830,1,1,1,5,3,134,4802500,733000,680,3,2,2,0,1,1,0,68,1,0,1,0,0
200600051980,6,9,9,2045,5,2,1,1,1,337,4767600,709200,680,3,2,0,0,0,3,0,70,1,0,1,0,0
200600051981,6,9,23,1115,1,2,1,1,2,152,4767600,726600,680,3,2,0,0,1,1,0,90,1,0,1,0,0
200600051985,6,9,15,1615,1,2,2,1,3,82,4786200,734200,680,9,2,1,0,1,2,0,60,1,5,1,3,0
200600051986,6,9,10,630,5,2,1,1,6,242,4797100,739300,680,3,2,2,0,1,1,0,70,1,0,1,0,0
200600051987,6,9,7,1330,1,2,1,1,6,123,4801500,730000,680,3,2,2,0,0,1,0,90,1,0,1,3,0
200600051989,6,9,14,1715,1,2,1,1,3,218,4774000,726300,680,2,2,1,0,1,2,0,71,1,0,1,0,0
200600051990,6,9,26,1845,2,2,1,2,1,218,4774200,728500,680,2,2,2,0,4,1,0,0,2,0,1,0,0
200600051991,6,9,2,145,3,1,1,1,6,253,4778700,751300,680,3,2,2,0,1,2,0,74,1,0,1,0,0
200600051992,6,9,29,700,2,1,1,1,7,64,4781700,754100,680,3,2,2,0,1,2,0,81,1,0,3,0,0
200600051995,6,9,23,815,1,1,1,1,6,161,4905300,416800,510,3,2,0,0,1,1,0,71,1,0,3,0,0
200600051996,6,9,1,1215,1,1,1,1,3,97,4909500,453700,510,3,2,2,0,2,1,0,70,1,0,1,0,0