Num_Acc,an,mois,jour,hrmn,lum,agg,int,atm,col,com,lat,long,dep,catr,circ,nbv,vosp,prof,plan,lartpc,larrout,surf,infra,situ,env1,killed
200600052001,6,9,4,1745,1,1,1,1,1,164,4875000,408800,510,2,2,0,0,1,1,0,72,1,0,1,0,1
200600052002,6,9,23,1215,1,2,1,1,6,380,4887400,353600,510,3,2,2,0,1,1,0,0,1,0,1,0,0
200600052003,6,9,27,1800,1,1,1,1,1,33,4898800,380300,510,3,2,2,0,1,1,0,60,1,0,1,0,1
200600052005,6,9,27,445,3,1,1,8,7,532,4914700,399800,510,3,2,2,0,1,3,0,62,2,0,3,0,1
200600052006,6,9,30,1500,2,1,1,2,6,199,4914100,382500,510,3,2,2,0,2,3,0,52,2,0,1,0,0
200600052007,6,9,7,1615,1,1,1,1,7,552,4881100,449600,510,3,2,2,0,1,3,0,65,1,0,1,0,0
200600052008,6,9,7,1645,1,2,1,1,3,649,4873700,459000,510,9,2,3,0,1,1,0,0,1,0,1,0,0
200600052010,6,9,6,1200,1,1,1,1,7,399,4911900,486100,510,3,2,2,0,0,2,63,0,1,0,3,0,0
200600052011,6,9,6,2015,2,2,1,1,3,81,4984900,477200,80,4,2,2,0,1,1,0,0,1,0,1,0,0
200600052012,6,9,16,2000,1,1,1,1,1,283,4961700,460900,80,3,2,2,0,2,3,0,80,1,0,1,0,0
200600052016,6,9,29,1645,1,2,1,2,7,190,5014000,482800,80,2,2,2,0,1,1,0,68,2,2,4,0,0
200600052017,6,9,13,1945,1,2,1,1,3,282,4987200,442900,80,3,2,2,0,1,1,13,120,1,0,1,0,0
200600052018,6,9,30,1,3,1,1,1,1,55,4954600,506800,80,3,2,2,0,1,1,40,0,1,0,1,0,1
200600052019,6,9,3,45,3,1,1,1,6,357,4964600,502400,80,3,2,2,0,2,2,0,62,1,0,3,0,0
200600052022,6,9,16,2030,3,1,1,1,2,381,4950300,414100,80,3,2,2,0,1,1,0,63,1,0,1,0,0
200600052024,6,9,9,1345,1,1,1,1,3,124,4975400,455400,80,3,2,2,0,2,3,0,56,1,0,1,0,1
200600052025,6,9,2,915,3,1,1,1,7,246,4817000,418000,100,3,2,2,0,1,2,0,58,1,0,3,0,1
200600052026,6,9,3,1015,1,1,1,8,5,441,4810000,387000,100,2,2,2,0,0,1,0,74,1,0,0,0,0
200600052027,6,9,10,1200,1,2,1,1,2,67,4825000,410800,100,3,2,2,0,0,1,0,55,1,0,1,0,0
200600052028,6,9,16,2130,3,1,1,1,6,100,4820800,417500,100,4,0,1,0,0,0,0,0,0,0,0,0,0
200600052029,6,9,4,1745,1,2,1,1,1,401,4824000,446000,100,3,2,2,0,2,1,0,90,1,0,1,0,0
200600052030,6,9,23,1845,2,1,1,2,6,32,4818000,475000,100,3,2,1,0,2,1,0,45,2,0,3,0,0
200600052031,6,9,25,1615,1,1,1,1,6,35,4820500,476600,100,3,2,1,0,1,1,0,0,1,0,3,0,0
200600052032,6,9,4,1115,1,2,6,1,2,64,4839900,453000,100,3,2,0,0,1,1,0,30,1,5,1,0,0
200600052033,6,9,16,1000,1,1,1,1,1,25,4800400,432000,100,3,2,0,0,2,2,0,45,1,0,1,0,0
200600052038,6,9,12,1100,1,1,1,1,1,332,4800200,552500,520,3,2,2,0,1,1,0,63,1,0,1,0,0
200600052039,6,9,21,1845,1,1,9,1,1,332,4800600,550600,520,3,2,0,0,2,0,0,110,1,5,1,0,0
200600052040,6,9,12,1300,1,2,3,1,1,197,4778600,560400,520,2,2,2,0,1,1,0,90,1,0,1,0,0
200600052041,6,9,17,930,1,1,1,1,7,197,4777700,566600,520,2,2,2,0,1,1,76,0,1,0,0,0,0
200600052043,6,9,16,845,1,2,1,1,3,292,4777000,531100,520,4,2,2,0,1,3,0,63,1,0,1,0,0
200600052048,6,9,25,1945,3,1,1,1,7,652,4721900,460600,210,1,1,2,0,1,1,0,0,1,0,1,0,0
200600052049,6,9,8,1600,1,2,1,1,1,292,4724700,522700,210,3,2,2,0,2,3,0,78,1,0,1,0,0
200600052050,6,9,22,2300,5,2,1,1,6,353,4719800,514900,210,3,2,1,0,1,1,13,70,1,0,1,0,0
200600052051,6,9,30,315,5,2,1,8,1,352,4722400,525100,210,3,2,2,0,1,1,0,0,2,0,1,0,0
200600052052,6,9,28,1730,1,1,1,1,2,496,4731800,540000,210,3,2,2,0,1,3,0,85,1,0,1,0,0
200600052053,6,9,2,1845,1,1,1,1,3,536,4761300,533000,210,3,2,2,0,4,1,0,41,1,0,1,0,1
200600052054,6,9,3,1515,1,2,1,1,1,579,4762000,491000,210,4,2,0,0,0,1,0,41,0,0,1,0,0
200600052055,6,9,8,2145,2,2,1,1,6,317,4752700,511600,210,3,2,3,0,1,1,0,75,1,0,1,0,0
200600052057,6,9,26,715,2,1,1,1,1,150,4694600,473200,210,4,2,0,0,2,0,0,0,1,0,0,0,0
200600052058,6,9,3,15,5,1,1,1,3,501,4727800,454000,210,3,2,1,0,1,1,0,68,1,0,1,0,0
200600052059,6,9,2,1430,1,1,1,1,3,577,4711500,525700,210,3,2,2,0,1,1,0,35,1,0,1,0,1
200600052061,6,9,2,445,3,1,1,1,6,603,4750200,436200,210,3,2,2,0,1,1,0,56,1,0,1,0,1
200600052066,6,9,10,1400,1,1,1,1,3,238,4698600,322500,580,3,2,2,0,1,1,0,78,1,0,1,0,1
200600052067,6,9,11,1715,1,1,1,1,2,28,4695700,342200,580,3,2,2,0,1,4,0,38,1,0,1,0,0
200600052068,6,9,25,1130,1,1,1,1,6,238,4698700,322000,580,3,2,2,0,1,1,0,78,1,0,1,0,1
200600052069,6,9,14,2100,3,1,1,3,5,264,4683500,312700,580,2,2,0,0,0,1,0,110,2,0,1,0,1
200600052072,6,9,29,1615,1,1,1,1,3,109,4745200,324700,580,3,2,2,0,1,2,0,56,1,0,1,0,1
200600052073,6,9,30,1000,1,1,1,8,6,312,4743000,354800,580,3,2,2,0,2,3,0,60,2,0,1,0,0
200600052074,6,9,15,1200,1,1,1,2,1,180,4721200,403800,580,3,2,0,0,1,1,0,67,2,0,1,0,0
200600052085,6,9,11,2200,3,1,1,1,7,512,4662400,488400,710,2,2,3,0,1,1,0,105,1,0,3,0,1
200600052086,6,9,30,1930,3,1,1,2,7,58,4658200,471900,710,3,2,0,0,2,2,0,42,2,0,3,0,1
200600052087,6,9,24,1115,1,1,1,2,1,242,4659600,454600,710,3,2,2,0,3,3,0,0,2,0,1,0,0
200600052088,6,9,19,1530,1,2,1,1,6,176,4648800,397900,710,4,2,2,0,1,3,0,72,1,0,1,0,0
200600052089,6,9,28,700,3,1,1,5,3,590,4645300,415900,710,3,2,0,0,1,1,0,70,1,5,1,0,0
200600052091,6,9,3,1145,1,2,7,1,6,47,4662300,377500,710,6,2,2,0,2,1,0,60,1,0,3,0,0
200600052097,6,9,16,900,1,2,1,1,3,310,4676300,447800,710,4,2,2,0,0,2,0,79,1,5,1,0,0
200600052099,6,9,9,30,3,1,1,1,6,118,4770700,360500,890,3,2,0,0,0,1,0,67,1,0,3,0,1
200600052103,6,9,3,1115,1,1,1,2,6,220,4760100,297900,890,3,2,0,0,1,3,0,38,2,0,1,0,0
200600052105,6,9,29,945,1,1,1,1,3,10,4774200,396200,890,3,2,0,0,1,1,28,55,1,0,1,0,0
200600052106,6,9,5,1845,1,1,1,1,1,206,4798400,343600,890,3,2,2,0,2,1,0,0,1,0,1,0,0
200600052108,6,9,16,2215,3,1,1,1,6,289,4795400,337300,890,3,2,2,0,1,4,0,0,1,0,3,0,0
200600052109,6,9,26,700,2,2,1,1,6,335,4800700,334400,890,3,2,2,0,3,1,0,78,1,0,1,0,1
200600052110,6,9,5,845,1,1,1,5,3,384,4792100,336300,890,3,2,2,0,1,1,0,62,1,0,1,0,0
200600052112,6,9,20,1615,1,2,1,1,1,317,4791700,312800,890,3,2,2,0,1,1,0,55,1,0,1,3,0
200600052113,6,9,3,1400,1,2,1,1,1,218,4796900,348600,890,4,0,2,0,1,2,0,70,1,0,1,0,0
200600052114,6,9,23,400,3,1,1,1,7,308,4819400,344600,890,2,2,2,0,1,1,0,77,1,0,0,0,0
200600052117,6,9,30,1145,1,1,1,1,6,274,4821200,320000,890,4,2,1,0,2,1,0,50,2,0,3,0,0
200600052130,6,9,2,30,5,2,1,1,6,413,4671400,619200,250,9,2,2,0,1,1,0,52,1,0,3,3,0
200600052131,6,9,9,1615,1,1,1,1,6,307,4677900,637000,250,3,2,0,0,2,2,0,70,1,0,1,0,0
200600052132,6,9,11,1900,2,2,1,1,1,494,4675200,628400,250,4,2,2,0,2,3,0,48,1,0,1,0,1
200600052133,6,9,7,1600,1,1,1,1,3,160,4703400,654100,250,3,3,0,0,1,3,0,0,1,0,1,0,1
200600052137,6,9,27,1030,1,2,1,1,6,97,4674700,591200,390,9,2,3,0,1,1,0,80,1,5,1,0,0
200600052144,6,9,10,130,3,1,1,1,1,76,4713900,566000,390,3,2,2,0,2,2,0,60,1,0,1,0,0
200600052145,6,9,30,2000,3,1,1,2,6,335,4721000,553000,390,3,2,2,0,2,1,0,81,2,0,3,0,1
200600052152,6,9,26,830,1,1,1,2,7,380,4775300,619800,700,3,2,2,0,0,3,0,0,0,0,1,0,0
200600052154,6,9,22,1715,1,1,1,8,2,340,4760200,574600,700,3,2,2,0,2,2,0,72,1,0,1,0,1
200600052155,6,9,30,1600,1,1,2,3,3,499,4763200,579700,700,3,2,1,0,2,1,0,75,2,0,1,0,0
200600052157,6,9,9,1215,1,2,1,1,1,9,4749200,692300,900,3,2,0,0,1,0,0,0,1,0,1,0,0
200600052161,6,9,6,1200,1,2,1,1,6,17,4756100,692700,900,2,2,2,0,1,1,0,72,1,0,1,0,0
200600052164,6,9,23,545,2,1,1,1,2,332,4526400,483500,260,1,0,3,0,3,1,0,0,1,0,1,0,0
200600052172,6,9,18,330,3,1,1,1,2,138,4441600,473100,260,1,1,3,0,1,1,20,120,1,0,1,0,0
200600052175,6,9,6,1315,1,2,1,1,3,107,4343400,543700,130,4,2,0,0,2,1,0,35,1,0,1,0,0
200600052177,6,9,12,2345,5,2,1,1,1,106,4341500,537300,130,2,2,0,0,0,2,0,87,1,0,1,3,0
200600052179,6,9,24,615,2,1,6,2,7,19,4343000,534200,130,3,3,2,0,1,1,30,140,2,5,1,0,0
200600052183,6,9,4,1030,1,1,1,1,7,97,4358100,477600,130,2,3,4,0,1,2,200,200,1,0,2,0,1
200600052186,6,9,1,2300,5,2,1,1,3,22,4323200,553700,130,9,2,0,0,2,1,0,62,1,0,1,0,0
200600052193,6,9,14,800,1,1,1,2,1,49,4372300,505900,130,3,2,0,0,0,3,0,0,2,0,1,0,0
200600052196,6,9,27,2115,3,2,1,1,2,81,4349800,523700,130,3,3,2,0,1,1,5,0,1,0,1,0,0
200600052197,6,9,30,130,3,1,1,1,7,81,4349600,520500,130,3,3,2,0,1,1,0,82,1,0,1,0,1
200600052201,6,9,6,1730,1,1,1,1,3,86,4439500,668600,40,3,2,0,0,0,2,0,68,1,0,1,0,0
200600052202,6,9,8,1945,2,1,1,8,6,126,4441100,635000,40,3,2,2,0,2,1,0,40,2,0,0,0,0
200600052203,6,9,19,1730,1,1,1,1,6,183,4390700,654200,40,3,0,2,0,1,2,0,65,1,0,1,0,0
200600052205,6,9,4,1630,1,1,3,1,3,192,4390000,574000,40,2,0,0,0,1,1,0,0,1,0,1,0,0
200600052214,6,9,16,1455,1,1,1,1,6,9,4480800,595800,50,2,2,2,0,2,3,0,72,1,0,1,0,0
200600052215,6,9,8,1730,1,2,1,3,2,59,4454600,601500,50,3,2,2,0,1,1,0,70,2,0,1,0,0
200600052216,6,9,14,100,3,1,1,1,6,127,4447000,624400,50,3,2,2,0,0,1,0,70,1,0,1,0,1
200600052220,6,9,3,100,3,1,1,1,7,85,4492500,668600,50,2,2,0,0,2,3,0,69,1,0,3,0,0
200600052224,6,9,29,1925,1,1,1,1,7,7,4475800,675700,50,3,2,0,0,2,3,0,0,1,0,1,0,0
200600052225,6,9,5,1900,1,1,1,7,2,124,4458000,611600,50,2,2,2,0,1,1,0,70,1,0,1,3,0
200600052226,6,9,11,1030,1,1,1,1,3,17,4456600,619900,50,3,2,0,0,1,1,0,72,1,5,1,0,0
200600052227,6,9,24,400,5,1,1,1,2,40,4455500,625600,50,2,2,2,0,1,1,70,0,1,0,1,0,0
200600052228,6,9,25,1330,1,2,1,3,6,40,4455000,627700,50,6,2,0,0,0,0,0,360,2,0,1,0,0
200600052229,6,9,24,1830,2,1,1,1,7,40,4453700,630900,50,3,2,2,0,1,1,0,80,1,0,3,0,0
200600052241,6,9,15,1730,1,2,1,1,2,161,4363300,713300,60,3,2,2,0,1,1,0,0,1,0,1,0,0
200600052242,6,9,24,315,5,2,1,1,6,65,4371000,715100,60,4,2,1,0,2,1,0,52,1,0,1,0,0
200600052245,6,9,3,1700,1,2,1,1,6,99,4395700,688400,60,3,2,2,0,1,1,0,65,1,0,1,0,0
200600052255,6,9,24,1845,5,2,1,3,6,83,4347100,611700,830,3,2,2,0,1,1,0,45,3,0,1,0,0
200600052260,6,9,15,1530,1,1,1,2,7,116,4341300,582600,830,3,2,0,0,1,4,0,60,2,0,3,0,0
200600052274,6,9,3,2215,3,1,1,1,1,101,4322500,665000,830,3,2,2,0,2,3,0,66,1,0,1,0,0
200600052281,6,9,1,245,5,1,1,1,3,70,4315400,641100,830,3,2,2,1,1,3,70,0,1,0,1,0,0
200600052288,6,9,5,1130,1,1,1,1,3,34,4389400,493100,840,3,2,2,0,1,1,0,57,1,0,1,0,0
200600052291,6,9,30,2200,5,1,1,1,3,129,4400700,490600,840,3,2,2,0,2,1,0,60,1,0,1,0,0
200600052292,6,9,6,800,1,2,1,1,6,3,4388100,540100,840,3,2,2,0,1,1,0,65,1,0,1,3,0
200600052295,6,9,19,900,1,2,1,1,6,133,4373000,554700,840,3,2,0,0,1,1,0,57,1,0,1,0,0
200600052298,6,9,13,745,1,1,1,1,3,29,4417100,487800,840,3,2,0,0,1,1,0,0,1,0,1,0,0
200600052299,6,9,25,800,1,1,1,1,1,19,4429200,472900,840,3,2,0,0,1,1,34,68,1,0,1,0,0
200600052300,6,9,25,1900,1,1,1,1,7,78,4424000,473400,840,3,2,2,0,2,1,0,60,9,0,1,0,0
200600052310,6,9,18,30,3,1,1,1,6,201,4343300,297900,340,3,2,0,0,1,1,0,55,1,0,3,0,1
200600052311,6,9,4,2000,2,1,1,1,6,199,4344200,341700,340,3,2,2,0,1,1,0,79,1,0,3,0,1
200600052312,6,9,22,1100,1,1,1,2,1,284,4348800,275200,340,3,2,2,0,2,3,0,80,2,0,1,0,0
200600052313,6,9,24,1215,1,1,1,2,1,86,4348300,266800,340,3,2,2,0,1,2,0,80,2,0,1,0,0
200600052314,6,9,1,2030,2,1,1,1,1,109,4353100,324200,340,3,2,0,0,1,1,0,60,1,0,1,0,0
200600052315,6,9,23,700,2,1,1,2,6,94,4343600,325400,340,3,2,2,0,2,3,0,57,2,0,1,0,0
200600052320,6,9,6,2115,3,1,1,1,1,281,4353400,348600,340,3,2,2,0,1,1,0,0,1,0,1,0,0
200600052321,6,9,8,1445,1,1,1,1,7,313,4358000,348200,340,3,2,2,0,1,2,0,75,1,0,1,0,1
200600052322,6,9,9,1915,1,1,1,1,6,47,4354900,348600,340,3,2,0,0,1,1,0,100,1,5,1,0,0
200600052323,6,9,14,1845,1,2,1,2,3,79,4363000,343600,340,4,0,0,0,1,0,0,0,2,5,1,0,0
200600052324,6,9,23,1745,1,1,1,3,7,175,4361200,335100,340,3,2,2,0,2,2,0,75,2,0,3,0,0
200600052325,6,9,27,1715,1,2,1,1,6,79,4363200,343600,340,6,0,0,0,0,0,0,0,0,0,0,0,0
200600052326,6,9,29,845,1,1,1,1,3,76,4364800,347600,340,3,2,0,0,2,1,0,60,1,0,1,0,0
200600052327,6,9,2,530,3,2,1,5,6,239,4365400,350300,340,4,2,0,0,0,1,0,0,9,0,1,0,0
200600052336,6,9,18,1045,1,2,1,1,1,143,4345400,361500,340,3,2,2,0,1,3,0,63,1,0,1,0,0
200600052337,6,9,27,930,1,2,1,7,6,341,4350400,360500,340,3,2,2,0,0,1,0,60,1,0,1,0,0
200600052338,6,9,23,1045,1,1,1,1,6,301,4323200,263900,110,3,2,2,0,1,1,0,72,1,0,3,0,0
200600052339,6,9,27,1915,1,1,1,1,3,301,4322600,261900,110,3,2,2,0,1,1,0,63,1,0,1,0,0
200600052340,6,9,30,1345,1,1,1,1,6,433,4331400,249100,110,3,2,0,0,1,1,0,63,1,0,3,0,0
200600052341,6,9,13,1845,1,2,1,1,1,361,4333500,203700,110,3,2,2,0,4,1,0,51,1,0,1,0,0
200600052342,6,9,1,735,1,1,1,1,6,8,4298300,226600,110,3,2,2,0,1,1,0,70,1,0,3,0,0
200600052348,6,9,28,800,1,1,1,1,6,309,4293100,226700,110,3,2,0,0,2,3,0,0,1,0,1,0,0
200600052352,6,9,1,600,2,1,6,1,6,3,4358000,418400,300,3,3,0,0,1,3,0,150,1,0,3,0,0
200600052359,6,9,28,1045,1,1,1,1,3,62,4378500,419800,300,3,4,0,0,1,1,0,116,1,5,1,0,0
200600052360,6,9,10,100,3,1,1,1,6,155,4380500,451500,300,3,0,0,0,1,3,0,0,1,0,0,0,0
200600052362,6,9,13,1800,1,1,1,1,5,333,4376700,427500,300,2,2,0,0,1,3,0,71,1,0,1,0,0
200600052363,6,9,16,930,1,1,1,1,3,36,4378000,428700,300,2,2,2,0,1,1,0,74,1,0,1,0,0
200600052364,6,9,30,1700,1,1,1,1,2,83,4373400,422000,300,3,2,0,0,1,1,0,50,1,0,1,0,0
200600052367,6,9,15,2015,2,1,1,1,3,294,4416500,412100,300,3,2,2,0,1,1,0,110,1,5,1,0,0
200600052369,6,9,18,1,3,1,1,1,2,259,4410800,410400,300,2,3,4,0,1,1,5,75,1,0,1,0,0
200600052371,6,9,17,1330,1,2,1,1,7,79,4430800,401600,300,4,1,1,0,1,1,0,0,1,0,3,0,0
200600052373,6,9,16,945,1,2,1,1,5,227,4424000,420000,300,3,2,2,0,1,2,0,104,2,0,3,0,0
200600052375,6,9,22,815,1,1,1,1,3,167,4427600,418900,300,3,2,2,0,1,1,0,70,1,5,1,0,0
200600052381,6,9,22,2200,3,1,1,1,6,116,4395700,459600,300,3,2,0,0,1,1,0,50,9,0,3,0,0
200600052382,6,9,28,1800,1,1,1,1,3,89,4384700,462000,300,3,2,0,0,1,1,0,68,1,0,1,0,0
200600052383,6,9,13,715,2,1,1,1,1,326,4401400,473400,300,2,2,0,0,1,3,0,114,1,0,1,0,1
200600052387,6,9,1,2030,5,1,6,1,6,217,4396000,473000,300,2,0,2,0,4,3,0,0,1,0,3,0,1
200600052391,6,9,28,1200,1,1,1,1,3,220,4399200,368400,300,3,2,2,0,2,3,0,40,1,0,1,0,0
200600052392,6,9,9,1900,1,2,1,1,1,13,4454000,355100,480,9,2,0,0,0,3,0,0,1,0,1,0,0
200600052399,6,9,12,930,1,1,1,1,5,99,4450500,325000,480,3,2,2,0,1,3,0,73,1,0,1,0,0
200600052403,6,9,13,830,1,1,1,3,1,164,4280000,286000,660,3,2,2,0,0,3,0,64,2,0,1,0,1
200600052406,6,9,9,900,1,2,1,1,3,8,4255400,301900,660,4,2,2,0,1,1,0,0,1,0,1,0,0
200600052411,6,9,23,1130,1,2,7,1,6,148,4252100,310800,660,6,0,0,0,0,3,0,0,1,0,4,0,0
200600052416,6,9,5,430,5,1,1,1,6,198,4227000,870200,201,3,3,2,0,1,3,28,90,1,0,3,0,1
200600052420,6,9,11,830,1,1,1,1,5,272,4165400,894400,201,2,2,2,0,1,1,0,72,1,0,1,0,0
200600052426,6,9,3,1430,1,1,1,1,1,333,4260100,936000,202,3,2,0,0,2,4,0,56,1,0,1,0,0
200600052427,6,9,7,1830,1,1,1,1,1,298,4267400,928900,202,3,2,2,0,2,3,0,65,1,0,1,0,0
200600052430,6,9,2,1100,1,1,1,1,6,74,4228700,916400,202,2,2,2,0,2,3,0,66,0,0,1,0,0
200600052431,6,9,4,1200,1,1,1,1,1,354,4213600,914100,202,2,2,2,0,2,3,0,63,1,0,1,0,1
200600052432,6,9,6,1230,1,1,9,1,2,193,4240300,919200,202,2,2,2,0,1,1,0,70,1,0,1,0,0
200600052437,6,9,19,1030,1,1,1,1,3,320,4215000,950000,202,2,2,0,0,1,1,0,0,1,5,1,0,0
200600052438,6,9,5,1030,1,2,3,1,3,87,4232400,954000,202,2,2,0,0,0,1,50,0,1,5,1,0,0
200600052440,6,9,10,2230,3,1,1,1,1,303,4225600,954600,202,2,2,2,0,3,2,0,74,1,0,1,0,1
200600052441,6,9,4,1445,1,1,1,1,2,319,4242400,953000,202,2,2,2,0,3,1,0,65,1,0,1,0,0
200600052442,6,9,5,1130,1,1,1,1,7,67,4237200,938300,202,3,2,2,0,1,1,0,45,1,0,1,0,0
200600052444,6,9,9,15,3,1,1,1,1,246,4903000,174500,780,3,2,2,0,4,1,0,60,1,0,1,0,0
200600052445,6,9,22,2130,3,1,1,1,7,239,4902500,170300,780,3,0,2,0,1,1,0,60,1,0,1,0,0
200600052446,6,9,21,600,2,1,1,1,6,234,4893200,160700,780,3,2,2,0,0,1,0,60,1,0,1,0,0
200600052447,6,9,29,1445,1,1,1,1,2,3,4852700,183200,780,2,3,4,0,1,1,10,40,1,0,1,0,0
200600052448,6,9,18,1115,1,1,1,8,7,160,4872400,202100,780,4,2,2,0,1,4,0,43,2,0,3,0,0
200600052449,6,9,2,1600,1,2,1,1,7,62,4885000,188600,780,4,2,2,0,2,1,0,60,1,0,4,0,0
200600052455,6,9,16,1900,1,1,1,1,4,159,4852700,246000,910,3,3,2,0,1,1,0,60,1,0,1,0,0
200600052456,6,9,28,1730,1,2,1,1,3,179,4857100,248200,910,3,2,0,0,1,1,0,0,1,0,1,0,0
200600052461,6,9,1,1730,1,2,1,1,3,546,4857200,203100,910,3,2,2,0,4,1,0,0,1,5,1,0,0
200600052464,6,9,12,1015,1,1,6,1,2,41,4857800,223800,910,3,1,1,0,0,1,15,35,0,0,0,0,0
200600052465,6,9,19,1230,1,1,9,8,1,332,4857000,232600,910,3,2,2,0,1,3,0,0,2,0,0,0,0
200600052473,6,9,24,1300,1,1,1,1,7,254,4913000,198300,950,3,2,0,0,0,3,0,0,1,0,3,0,0
200600052478,6,9,20,1015,1,1,1,9,1,103,4854900,283400,770,3,2,2,0,1,1,0,102,1,0,1,0,1
200600052479,6,9,12,1500,1,2,1,1,3,436,4880700,320800,770,3,2,1,0,1,1,0,55,1,5,1,0,0
200600052481,6,9,19,815,1,1,3,1,3,97,4876800,326800,770,3,2,2,0,1,1,0,55,2,0,1,0,0
200600052483,6,9,7,715,2,1,2,5,3,397,4897100,322500,770,3,2,2,0,1,1,0,0,1,5,1,0,0
200600052487,6,9,27,730,1,2,1,1,5,183,4894800,311800,770,2,2,3,0,2,1,0,91,1,0,1,0,0
200600052489,6,9,29,1615,1,1,9,1,6,512,4886700,332600,770,5,0,0,3,1,1,0,30,1,6,0,3,0
200600052491,6,9,9,1530,1,1,1,1,7,473,4829600,281800,770,3,2,2,0,1,1,0,62,1,0,1,0,0
200600052492,6,9,11,1900,1,1,1,1,1,370,4824600,280900,770,3,2,2,0,2,1,0,70,1,0,1,0,0
200600052493,6,9,27,1615,1,2,1,1,1,504,4827400,286100,770,3,2,2,0,1,1,0,51,1,0,1,0,0
200600052494,6,9,6,830,1,2,1,1,6,349,4912500,212500,770,3,2,2,0,0,1,0,70,1,0,1,0,0
200600052495,6,9,6,815,2,1,1,1,6,231,4912200,219800,770,3,2,2,0,1,1,0,65,9,0,1,0,0
200600052496,6,9,15,2145,3,1,1,1,3,193,4909000,241000,770,3,2,0,0,1,1,0,56,1,0,1,0,0
200600052497,6,9,11,530,3,1,1,1,5,20,4869700,317200,770,2,2,2,0,3,2,0,0,1,0,1,0,0
200600052500,6,9,12,1430,1,1,1,1,3,82,4786600,225400,450,3,2,2,0,1,1,0,0,1,5,1,0,0
200600052505,6,9,15,1130,1,1,1,2,7,240,4823600,209800,450,3,2,2,0,1,1,0,63,2,0,1,0,0
200600052506,6,9,20,830,1,2,1,5,5,25,4816600,206600,450,3,2,2,0,1,1,63,0,0,0,1,0,0
200600052507,6,9,28,915,1,1,1,1,5,289,4804000,197800,450,3,2,2,0,1,1,0,70,1,0,1,0,1
200600052510,6,9,26,1130,1,1,1,1,3,60,4775500,274000,450,2,3,3,0,1,2,0,120,1,5,1,0,0
200600052514,6,9,10,230,3,1,1,1,6,212,4792500,279200,450,4,2,0,0,1,1,0,29,1,0,1,0,0
200600052516,6,9,23,615,3,1,9,2,6,148,4805000,276000,450,2,2,0,0,0,3,0,72,2,0,3,0,0
200600052518,6,9,9,15,3,1,1,1,7,310,4830600,220100,450,3,1,0,0,3,3,0,0,1,0,1,0,1
200600052519,6,9,13,2145,3,1,1,2,7,192,4823800,237600,450,3,2,0,0,1,3,0,0,2,0,1,0,0
200600052521,6,9,16,1045,1,1,1,1,6,220,4711200,301100,180,4,2,0,0,2,1,0,30,1,0,3,0,1
200600052523,6,9,27,645,2,1,1,5,6,110,4721300,296300,180,3,2,2,0,1,1,0,0,1,0,1,0,0
200600052526,6,9,28,2200,5,2,1,1,3,241,4733000,283000,180,3,2,0,0,0,1,0,110,1,0,1,0,0
200600052528,6,9,9,1745,1,1,1,7,6,82,4700300,305500,180,4,0,1,0,1,1,0,38,9,6,1,0,1
200600052529,6,9,11,1345,1,1,1,1,7,108,4697000,290600,180,3,2,2,0,1,2,0,75,1,0,1,0,0
200600052535,6,9,26,1745,1,2,1,1,3,66,4699700,216800,180,3,2,1,0,1,3,0,56,1,0,1,0,1
200600052536,6,9,20,1745,1,1,2,1,3,226,4716100,249500,180,3,2,2,0,2,1,0,57,1,2,1,0,1
200600052539,6,9,1,1530,1,1,2,1,3,317,4843600,174500,280,3,2,2,0,1,1,0,63,1,5,1,0,1
200600052540,6,9,10,1800,1,2,1,1,3,140,4861800,166900,280,3,2,2,0,2,2,0,71,1,0,1,0,0
200600052543,6,9,25,1100,1,1,1,1,3,320,4825800,154500,280,3,2,2,0,1,1,0,70,1,5,1,0,0
200600052545,6,9,3,1530,1,1,1,1,3,247,4889600,152300,280,3,2,2,0,1,1,0,70,1,0,1,0,0
200600052546,6,9,18,1415,1,1,1,1,3,377,4882600,141300,280,3,2,0,0,1,1,0,70,1,0,1,0,0
200600052547,6,9,3,915,1,2,1,2,1,378,4826900,85600,280,3,2,0,0,1,1,0,49,2,0,1,0,0
200600052551,6,9,19,745,2,1,1,2,6,64,4683100,183600,360,3,2,2,0,1,3,0,0,2,0,3,0,0
200600052554,6,9,15,2315,3,1,1,3,6,22,4660700,169100,360,3,0,2,0,0,2,0,40,2,0,3,0,0
200600052556,6,9,17,700,3,1,1,1,6,54,4692100,112300,360,3,2,2,0,1,1,0,70,1,0,1,0,1
200600052558,6,9,21,1930,1,2,1,1,1,103,4713600,143900,360,4,2,2,0,2,0,0,57,1,0,1,0,0
200600052559,6,9,3,1330,1,2,1,1,6,18,4663300,106500,360,3,2,0,0,1,1,0,0,1,0,1,0,0
200600052561,6,9,19,745,1,1,1,1,5,176,4663300,116300,360,3,2,2,0,1,1,0,75,1,0,1,0,0
200600052563,6,9,25,1015,1,2,9,8,6,18,4663700,106200,360,6,0,0,0,1,0,0,0,1,0,1,0,0
200600052564,6,9,9,1600,1,1,1,1,2,127,4660000,199900,360,3,2,0,0,0,1,0,73,1,0,1,0,0
200600052565,6,9,10,845,1,1,2,1,3,17,4673800,204600,360,3,2,2,0,1,1,0,50,1,0,1,0,0