Num_Acc,an,mois,jour,hrmn,lum,agg,int,atm,col,com,lat,long,dep,catr,circ,nbv,vosp,prof,plan,lartpc,larrout,surf,infra,situ,env1,killed
200600052566,6,9,1,1430,1,1,1,1,2,140,4690700,188300,360,2,2,2,0,1,1,0,73,1,0,1,0,0
200600052570,6,9,3,700,2,1,1,8,1,59,4746000,59000,370,3,2,0,0,1,1,0,65,1,0,1,0,1
200600052571,6,9,18,1730,1,1,2,1,3,249,4754900,47200,370,3,2,2,0,1,1,0,70,1,0,1,0,0
200600052581,6,9,6,1745,1,1,1,1,6,14,4728200,42500,370,3,2,0,0,0,0,0,0,1,0,3,0,0
200600052582,6,9,7,1945,1,1,1,1,3,77,4733000,43000,370,2,2,2,0,1,3,0,78,1,0,1,0,0
200600052583,6,9,26,1330,1,1,1,1,6,123,4734800,34800,370,3,2,2,0,1,3,60,0,1,0,3,0,0
200600052584,6,9,15,1615,1,1,1,3,1,35,4698700,34700,370,3,2,2,0,3,1,0,70,2,0,1,0,0
200600052585,6,9,9,1745,1,2,1,1,1,132,4713200,99600,370,3,2,0,0,1,1,90,0,1,0,1,0,0
200600052590,6,9,29,1000,1,2,1,1,1,132,4712000,98000,370,9,2,0,0,1,1,0,70,1,0,1,0,0
200600052592,6,9,3,1,5,2,1,1,3,154,4729400,71900,370,2,3,2,0,1,1,18,85,1,5,1,0,0
200600052596,6,9,12,1230,1,1,1,1,1,252,4769300,149200,410,2,2,2,0,1,1,0,0,1,0,1,0,1
200600052600,6,9,4,930,1,1,1,8,3,296,4766600,198100,410,2,2,2,0,1,1,0,78,9,0,1,0,0
200600052603,6,9,10,1600,1,2,1,1,3,192,4779300,89800,410,3,2,0,0,2,1,0,40,1,0,1,0,0
200600052604,6,9,8,2230,3,1,1,1,6,95,4790000,122700,410,4,2,0,0,1,1,0,50,1,0,1,0,0
200600052605,6,9,23,2000,3,1,1,2,6,273,4786400,132000,410,3,2,2,0,0,2,0,60,2,0,3,0,0
200600052610,6,9,6,1900,1,1,1,1,1,594,4913500,239300,950,3,3,0,0,3,3,0,114,1,0,1,0,1
200600052611,6,9,17,1700,1,2,1,1,3,58,4916300,231400,950,4,2,0,0,1,2,0,55,1,0,1,0,0
200600052615,6,9,10,330,3,1,1,1,5,195,4412800,29100,470,3,3,2,0,0,2,0,0,1,0,0,0,0
200600052617,6,9,2,15,3,1,6,1,1,202,4290900,304000,110,3,2,2,0,0,0,0,0,1,5,1,0,0
200600052620,6,9,16,1500,1,1,1,1,6,529,4944000,601000,570,3,2,0,0,2,2,0,100,1,0,0,0,0
200600052621,6,9,9,1500,1,1,1,1,2,270,4358000,385000,340,2,2,0,0,2,1,0,90,1,0,1,0,0
200600052622,6,9,24,1315,1,1,1,3,6,163,4365000,370900,340,3,2,2,0,0,3,0,65,2,0,0,0,0
200600052624,6,9,8,2145,3,1,1,1,2,397,4321500,245800,110,3,2,2,0,1,1,0,46,1,0,1,0,0
200600052629,6,9,8,2045,3,1,6,1,2,50,4733000,76400,370,2,1,0,0,1,1,0,40,1,0,1,0,0
200600052631,6,9,26,1830,1,1,1,1,6,50,4731900,71200,370,3,2,4,3,3,1,0,150,1,0,1,0,0
200600052634,6,9,14,1030,1,1,1,2,7,45,4841900,424800,290,3,2,2,0,2,2,0,66,2,0,3,0,1
200600052635,6,9,17,1500,1,1,1,1,1,229,4476000,102100,330,3,2,2,0,1,1,0,45,1,0,1,0,1
200600052636,6,9,3,1830,1,1,1,1,7,339,4839100,255800,770,1,1,3,3,2,3,20,130,1,0,3,0,0
200600052638,6,9,22,1945,2,1,9,1,6,185,4845900,252400,770,1,1,0,3,1,1,0,0,1,7,1,0,1
200600052647,6,9,16,915,1,1,9,1,1,105,4376400,508000,130,1,3,3,0,1,1,150,140,1,0,1,0,0
200600052649,6,9,8,300,3,1,1,1,6,39,4409600,487500,840,1,3,3,0,1,2,25,105,1,0,1,0,1
200600052651,6,9,29,1415,1,1,1,1,7,130,4321100,605100,830,1,0,2,0,1,3,30,100,1,0,1,0,0
200600052652,6,9,4,1630,1,1,9,1,2,65,4934100,36500,270,1,1,2,0,1,1,10,90,1,7,1,0,0
200600052653,6,9,29,1700,1,1,1,1,6,563,4937900,48700,270,1,1,2,0,2,2,10,95,1,0,3,0,0
200600052660,6,9,23,1600,1,1,2,1,3,3,4737600,503800,210,3,2,3,3,1,1,0,108,1,5,1,0,0
200600052663,6,9,12,1245,1,1,1,1,4,104,4557600,560500,380,1,1,0,0,0,1,20,90,1,0,1,0,0
200600052664,6,9,12,1800,1,2,1,1,2,118,4773200,741800,680,3,2,2,0,1,1,0,60,1,0,1,0,0
200600052665,6,9,26,1500,1,2,1,2,6,278,4775100,741200,680,9,2,0,0,0,1,0,0,2,1,1,0,0
200600052666,6,9,1,415,3,1,1,1,6,226,4822300,91700,530,3,2,1,0,2,1,0,47,1,0,1,0,0
200600052667,6,9,22,1045,1,2,7,3,6,123,4823400,103600,530,3,0,0,0,0,0,0,0,2,0,0,0,0
200600052669,6,9,20,1700,1,1,1,1,2,555,4954000,122500,760,1,1,1,0,1,1,10,73,1,0,1,0,0
200600052680,6,9,19,1330,1,1,1,1,1,156,4740000,87300,370,3,2,2,0,1,1,0,62,1,0,1,0,0
200600052689,6,9,17,415,3,1,6,1,7,409,4885400,806300,670,3,2,0,0,1,1,91,93,1,5,1,0,0
200600052690,6,9,19,800,1,1,1,8,6,465,4880900,800000,670,3,2,2,0,0,1,0,75,2,0,3,0,0
200600052695,6,9,22,2030,3,1,1,1,6,178,4554000,326000,630,1,3,2,0,1,1,20,70,1,0,3,0,0
200600052704,6,9,23,1800,1,1,1,1,6,88,4367400,720100,60,1,1,2,0,1,3,0,70,1,0,1,0,0
200600052717,6,9,25,945,1,2,2,1,3,172,4271600,284300,660,4,2,2,0,2,1,0,70,1,0,1,0,0
200600052718,6,9,29,1645,1,2,2,1,3,431,4526200,585100,380,2,2,0,0,1,1,10,100,1,5,1,0,0
200600052724,6,9,18,1315,1,1,9,1,6,32,4737800,638400,250,1,3,2,0,1,3,30,100,1,3,1,0,0
200600052726,6,9,11,1525,1,1,1,1,2,122,4471800,74500,330,1,3,2,0,1,1,100,105,1,0,1,0,0
200600052727,6,9,16,1845,1,1,1,1,3,42,4443300,81500,330,2,1,0,0,1,1,100,70,1,0,1,0,0
200600052728,6,9,25,2315,3,1,1,1,7,527,4461500,101700,330,1,3,2,0,1,1,10,70,1,0,1,0,1
200600052749,6,9,23,1315,1,1,1,1,6,372,4852800,285100,220,3,2,0,0,0,2,15,67,1,0,1,0,0
200600052754,6,9,26,630,2,1,1,1,2,142,4585000,507200,10,1,3,3,0,1,1,0,0,1,0,1,0,0
200600052755,6,9,23,1515,1,1,1,8,1,256,4550900,416400,420,3,2,2,0,0,3,0,63,1,0,1,0,0
200600052757,6,9,30,1815,1,1,1,1,7,571,4913200,423800,510,3,2,2,0,1,1,0,73,1,0,1,0,0
200600052760,6,9,1,1000,1,1,1,1,1,152,4361800,704800,60,3,1,0,0,3,1,0,71,1,5,1,0,1
200600052765,6,9,1,1630,1,2,9,1,1,340,4545500,476800,380,3,2,0,3,1,1,38,60,1,5,1,0,0
200600052768,6,9,29,815,2,2,1,1,1,303,4595500,619700,740,3,3,2,0,1,1,22,0,1,5,1,0,0
200600052769,6,9,23,1900,2,1,1,2,5,153,4373000,379000,340,3,2,2,0,2,2,0,70,2,0,1,0,1
200600052772,6,9,17,1545,1,1,1,1,1,318,4276200,176900,90,2,2,0,0,0,0,0,0,0,0,0,0,0
200600052777,6,9,2,215,3,1,1,1,3,205,4757300,270600,560,3,2,2,0,0,1,0,56,1,5,1,0,0
200600052778,6,9,4,515,3,1,1,5,6,240,4753800,274400,560,3,2,4,0,1,1,0,140,1,0,1,0,1
200600052779,6,9,22,1830,1,2,1,1,6,240,4752300,266400,560,4,2,2,0,1,1,0,61,1,0,1,0,0
200600052780,6,9,16,1900,2,1,1,4,5,34,4585200,375900,420,1,3,4,0,1,3,15,200,9,0,1,0,0
200600052790,6,9,11,630,2,1,1,1,1,269,4614600,562000,10,1,3,0,0,1,1,0,87,1,0,1,0,0
200600052792,6,9,11,745,1,1,1,1,2,167,4594000,312800,630,1,3,2,0,1,2,20,70,1,0,1,0,0
200600052795,6,9,10,1100,1,1,1,1,7,152,4853400,766300,670,3,3,2,0,1,1,5,105,1,0,1,0,0
200600052796,6,9,1,1345,1,1,1,1,3,10,4370200,696800,60,3,2,3,0,0,2,0,120,1,0,1,0,1
200600052799,6,9,22,115,5,2,1,1,7,352,4560600,522100,380,4,2,2,0,2,1,0,0,1,0,1,0,0
200600052800,6,9,11,1645,1,1,1,1,2,31,4638400,273200,30,1,1,2,0,1,1,0,72,1,0,1,0,0
200600052801,6,9,7,2030,2,1,1,1,7,9,4668900,245700,180,1,3,2,0,1,2,10,70,1,0,1,0,0
200600052812,6,9,29,1145,1,2,1,1,3,164,4608800,651400,740,4,2,2,0,1,1,0,60,1,0,1,0,0
200600052815,6,9,5,2100,5,1,9,1,2,135,4529800,635500,730,1,1,2,3,1,1,10,73,1,3,1,0,0
200600052820,6,9,9,1845,1,1,1,1,7,6,4657900,149900,360,1,3,4,0,1,1,30,100,1,0,3,0,0
200600052821,6,9,16,100,3,1,1,3,1,239,4651700,150000,360,1,0,2,0,1,3,15,105,2,0,1,0,0
200600052824,6,9,18,845,1,1,1,2,7,356,4874000,206700,780,3,2,2,0,1,3,0,45,2,0,3,0,0
200600052825,6,9,21,745,1,1,1,1,2,24,4812600,14500,720,2,2,2,0,1,1,0,70,1,0,1,0,0
200600052826,6,9,12,1445,1,2,1,1,1,375,4780600,724200,680,3,2,2,2,1,1,20,70,9,0,1,0,0
200600052831,6,9,29,1845,1,2,1,1,3,340,4894800,761600,670,3,2,2,0,1,1,0,54,1,0,1,0,0
200600052844,6,9,28,1300,1,1,1,1,1,541,4368100,136600,310,3,2,2,0,1,1,0,65,1,0,1,0,0
200600052847,6,9,29,2200,3,2,1,1,2,217,4732300,586700,250,3,2,2,0,1,1,0,57,2,0,1,0,0
200600052848,6,9,22,1830,1,2,9,1,1,637,4902700,202700,950,4,2,0,0,1,1,0,0,1,0,4,0,0
200600052855,6,9,8,2115,3,1,1,1,4,281,4933500,90100,140,2,3,2,0,1,1,20,70,1,0,1,0,1
200600052856,6,9,10,1830,1,1,1,1,7,281,4933500,89900,140,2,3,2,0,0,1,84,140,1,0,3,0,0
200600052863,6,9,24,1345,1,1,1,1,1,9,4724400,145800,440,3,2,2,0,1,3,0,61,2,0,1,0,0
200600058185,6,10,6,1330,1,2,1,2,1,11,5053600,292800,590,3,2,0,0,1,1,0,62,2,0,1,0,0
200600058186,6,10,7,1800,1,1,1,1,3,52,5051200,289300,590,4,2,2,0,1,1,0,40,1,0,1,0,0
200600058187,6,10,14,1000,1,2,1,1,6,52,5052400,289200,590,4,2,2,0,1,1,0,53,1,0,1,0,1
200600058188,6,10,9,1700,1,2,1,1,3,51,5053700,280400,590,3,2,2,0,1,1,70,0,1,5,1,3,0
200600058192,6,10,8,2115,3,1,1,1,6,83,5091700,240600,590,3,2,0,0,1,1,0,61,1,0,1,0,0
200600058194,6,10,21,1315,1,1,1,1,3,663,5088800,249500,590,3,2,1,0,1,1,0,64,0,0,1,0,0
200600058195,6,10,18,1345,1,1,1,1,5,120,5076100,260200,590,3,2,2,0,1,1,0,63,1,0,1,0,1
200600058196,6,10,25,630,3,1,1,1,7,84,5069200,240300,590,4,2,2,0,1,1,0,40,1,0,1,0,1
200600058198,6,10,16,1930,3,1,1,1,6,237,5077200,264100,590,3,2,2,0,0,4,0,48,1,0,3,0,1
200600058200,6,10,22,745,2,1,1,1,6,268,5063900,275000,590,3,2,0,0,1,1,0,70,1,0,0,0,0
200600058201,6,10,27,1630,1,2,1,1,1,546,5078100,255400,590,3,2,0,0,2,1,0,75,1,5,1,0,1
200600058202,6,10,4,1600,1,1,2,1,1,482,5073500,296300,590,3,3,0,0,1,1,0,0,1,0,1,0,0
200600058204,6,10,3,530,3,1,1,1,6,50,5014900,394800,590,2,2,4,0,2,1,0,132,1,0,1,0,1
200600058205,6,10,10,830,2,1,1,9,3,534,5012700,389400,590,3,2,2,0,0,1,0,75,2,0,1,0,0
200600058206,6,10,20,1930,3,1,1,1,1,283,5026900,382400,590,3,2,2,0,2,1,0,58,1,0,1,0,0
200600058207,6,10,26,945,5,2,1,1,1,503,5016100,364300,590,3,2,2,0,0,4,0,47,1,0,0,0,0
200600058209,6,10,6,1245,1,2,1,1,7,139,5012800,340900,590,9,2,0,0,1,1,0,50,1,0,1,0,0
200600058212,6,10,10,1200,1,2,1,1,6,413,5009600,341000,590,3,0,2,0,1,0,60,0,1,0,1,0,0
200600058213,6,10,6,1645,1,2,1,1,1,631,5007300,333700,590,3,2,2,0,1,1,0,60,1,0,1,3,0
200600058217,6,10,18,1630,1,2,2,2,3,481,5025900,364100,590,4,2,1,0,1,2,0,50,2,0,1,0,0
200600058222,6,10,14,1645,1,1,1,1,7,298,5024400,315000,620,3,2,2,0,1,3,0,60,1,0,3,0,0
200600058226,6,10,1,2145,5,1,1,8,1,849,5041000,165000,620,3,2,2,0,4,3,0,70,2,0,1,0,0
200600058227,6,10,19,1615,1,1,1,1,2,359,5043700,206900,620,3,2,2,0,3,1,0,70,1,0,1,0,0
200600058228,6,10,31,1300,1,2,1,1,7,550,5037900,201700,620,3,2,2,0,1,4,0,89,1,0,1,0,1
200600058230,6,10,21,1630,1,2,1,1,1,38,5085800,198600,620,3,2,0,0,1,1,0,130,1,5,1,0,0
200600058237,6,10,6,1800,1,1,1,3,1,154,5024600,230900,620,3,2,2,0,1,1,0,71,2,0,1,0,0
200600058243,6,10,19,1615,1,1,1,1,6,798,5001600,231700,800,3,2,0,0,0,1,0,70,0,0,3,0,0
200600058248,6,10,5,945,1,2,1,1,3,333,5034200,157200,800,3,2,2,0,1,1,0,70,1,0,1,0,0
200600058249,6,10,15,1015,1,1,1,1,7,688,5030300,165000,800,3,3,2,0,1,3,30,60,1,0,0,0,0
200600058251,6,10,4,1730,1,2,1,1,6,253,5016000,234000,800,9,1,1,0,1,1,0,61,1,0,0,0,0
200600058252,6,10,29,1800,5,2,1,1,7,706,5005700,214200,800,9,3,1,0,1,0,50,0,1,0,1,0,0
200600058253,6,10,13,1315,1,1,1,1,1,490,5003800,281100,800,3,2,2,0,1,3,0,62,1,0,1,0,0
200600058255,6,10,24,2115,3,1,2,1,3,177,4990600,300600,800,3,2,0,0,0,1,70,70,1,5,1,0,0
200600058259,6,10,9,800,1,2,1,1,1,101,4973700,385600,20,3,2,2,0,1,4,0,64,1,0,1,0,1
200600058265,6,10,2,1745,1,1,1,2,6,150,4944900,367400,20,3,2,2,0,0,2,0,62,2,0,3,0,0
200600058267,6,10,12,2100,3,1,1,1,6,235,4943200,377400,20,3,2,2,0,2,2,50,50,8,0,3,0,0
200600058268,6,10,27,1730,1,1,1,1,7,215,4946100,383000,20,3,2,2,0,0,1,0,72,1,0,3,0,0
200600058270,6,10,13,1230,1,2,1,1,1,498,4953900,383200,20,3,2,2,0,1,0,0,58,1,0,1,0,0
200600058276,6,10,18,1930,3,1,1,8,2,100,4999200,324000,20,3,2,0,0,1,1,0,74,2,0,1,0,0
200600058281,6,10,20,900,1,1,1,2,3,514,4936400,310000,20,3,2,1,0,2,3,0,60,2,0,0,0,1
200600058282,6,10,28,1100,1,2,1,1,1,830,5001300,360600,20,3,2,2,0,1,1,0,55,2,0,1,0,0
200600058283,6,10,5,1200,1,1,1,8,2,542,4940500,219200,600,3,2,2,0,1,1,0,72,1,0,1,0,0
200600058284,6,10,15,2015,3,1,1,1,5,103,4942000,226100,600,2,3,4,0,1,1,15,122,1,0,1,0,0
200600058285,6,10,16,945,1,1,1,8,7,9,4940800,212300,600,2,2,2,0,1,1,0,85,1,0,3,0,0
200600058286,6,10,27,2130,3,1,1,1,3,542,4939300,221300,600,3,2,2,0,1,1,0,52,1,0,1,0,0
200600058288,6,10,8,1130,1,2,1,1,2,333,4945100,190100,600,3,2,2,0,2,1,0,70,1,0,1,0,0
200600058289,6,10,9,915,1,1,1,1,3,331,4935100,189900,600,3,2,2,0,1,3,0,45,1,0,1,0,0
200600058294,6,10,19,1200,1,1,1,1,1,122,4962300,175500,600,3,2,0,0,1,0,0,45,1,0,1,0,0
200600058308,6,10,7,700,2,1,1,1,1,166,4945500,278600,600,3,2,2,0,1,1,0,77,1,0,1,0,1
200600058309,6,10,7,2350,3,1,6,1,7,441,4940700,262800,600,2,2,0,0,1,1,0,57,1,5,1,0,1
200600058322,6,10,24,1715,1,1,1,1,2,589,4923800,247200,600,2,3,4,0,1,1,7,75,1,0,1,0,0
200600058332,6,10,31,1900,3,1,1,2,2,116,4939500,119700,760,2,2,3,0,1,1,0,0,2,0,1,0,0
200600058339,6,10,1,1615,1,1,1,1,1,35,4979300,175000,760,3,2,2,0,1,1,0,50,1,0,1,0,0
200600058340,6,10,8,730,2,2,8,1,6,101,4993900,162100,760,3,2,2,0,0,4,0,70,1,4,0,0,0
200600058341,6,10,21,2145,4,1,1,8,6,233,4980300,174300,760,3,2,2,0,1,2,0,70,1,0,3,0,1
200600058345,6,10,13,1845,1,2,6,1,3,260,4948500,173800,760,2,2,2,0,1,1,0,70,1,5,1,0,0
200600058346,6,10,14,1900,3,2,2,1,3,758,4962700,74500,760,3,2,2,0,1,1,0,67,1,0,1,0,0
200600058349,6,10,28,45,5,2,1,1,7,57,4954400,94500,760,3,2,2,0,1,0,0,0,1,0,4,0,0
200600058350,6,10,12,2045,5,2,1,1,1,735,4987800,79900,760,3,2,2,0,1,1,0,64,1,0,1,0,0
200600058352,6,10,1,1215,1,1,1,8,7,568,4896800,90100,270,3,2,2,0,1,2,0,65,2,0,1,0,0
200600058354,6,10,22,1650,1,1,1,8,6,424,4895000,96400,270,3,2,0,0,0,0,0,0,1,0,1,0,0
200600058358,6,10,22,1815,1,1,1,2,1,438,4877600,116600,270,2,3,4,0,4,2,30,137,2,5,1,0,0
200600058360,6,10,28,2315,5,2,1,1,6,230,4887400,141700,270,4,2,2,0,1,1,60,0,1,0,3,0,0
200600058362,6,10,8,900,2,1,1,1,6,151,4938800,137700,270,3,2,2,0,1,1,0,70,0,0,1,0,0
200600058364,6,10,1,1000,1,1,1,8,2,490,4927000,153000,270,2,2,2,0,1,1,0,74,2,0,1,0,0
200600058366,6,10,12,645,5,1,1,1,6,398,4909800,64700,270,3,2,2,0,1,3,0,101,8,0,3,0,0
200600058367,6,10,21,1500,1,1,2,1,3,79,4915800,58100,270,2,2,2,0,1,1,0,100,1,5,1,0,0
200600058368,6,10,20,2300,5,2,1,2,7,56,4909900,60100,270,4,2,2,0,0,2,0,53,2,0,0,0,0
200600058369,6,10,25,2015,3,1,1,1,3,523,4905000,66000,270,4,2,2,0,1,1,0,34,1,0,0,0,0
200600058370,6,10,29,630,3,1,1,2,7,79,4915000,59000,270,2,2,3,0,1,1,0,100,2,0,3,0,0
200600058373,6,10,10,2100,5,2,1,1,3,275,4916400,133200,270,4,2,2,0,1,1,0,65,1,5,1,0,0
200600058376,6,10,1,1645,1,2,1,1,1,322,4922700,107100,270,3,2,0,0,1,2,0,62,1,0,1,0,0
200600058377,6,10,13,2115,5,2,1,1,6,469,4930800,114800,270,3,2,2,0,1,1,0,93,1,0,1,0,0
200600058380,6,10,19,2115,3,1,1,2,7,394,4929900,106000,270,3,2,0,0,0,0,0,0,0,0,0,0,0
200600058381,6,10,26,1700,1,1,1,1,1,322,4922900,106400,270,3,2,1,0,0,1,0,0,1,0,1,0,0
200600058382,6,10,27,1845,5,2,9,1,6,196,4930500,116600,270,9,2,1,0,1,1,0,0,2,0,1,0,0
200600058386,6,10,21,900,1,1,1,7,1,269,4920000,48000,270,4,2,2,0,1,1,0,36,1,0,1,0,0
200600058387,6,10,28,300,3,1,1,5,1,302,4819400,214900,350,2,2,2,0,1,1,0,72,1,0,1,0,0
200600058391,6,10,12,930,1,2,1,1,3,4,4846000,148000,350,3,2,0,0,1,2,0,0,1,0,1,0,0
200600058397,6,10,11,1715,1,1,2,3,5,294,4771200,199600,350,3,3,3,0,1,1,0,145,3,5,1,0,0
200600058399,6,10,28,1,3,1,1,5,6,98,4775900,163800,350,4,2,2,0,1,1,0,37,1,0,1,0,0
200600058404,6,10,28,1300,1,1,1,1,7,285,4777900,201500,350,3,2,2,0,1,1,0,56,1,0,3,0,0
200600058408,6,10,9,2015,3,1,1,1,6,259,4860500,168100,350,3,2,2,0,0,2,0,0,1,0,1,0,1
200600058409,6,10,11,1245,1,1,1,8,3,186,4856900,178000,350,3,2,2,0,1,1,0,68,1,5,1,0,1
200600058418,6,10,24,800,2,2,1,3,6,162,4878500,304900,220,3,2,2,0,1,1,0,60,2,0,1,0,0
200600058419,6,10,7,515,3,1,1,1,1,81,4849200,263300,220,3,2,2,0,0,1,0,124,1,0,1,3,1
200600058420,6,10,7,1830,1,1,1,7,1,327,4849700,201700,220,3,2,2,0,1,1,0,68,1,0,1,0,0
200600058422,6,10,29,1930,3,1,1,1,1,327,4849500,200300,220,3,2,0,0,0,2,0,50,1,2,1,0,0
200600058428,6,10,6,1845,1,1,1,1,5,67,4854100,318000,220,3,2,2,0,1,1,0,70,1,0,1,0,0
200600058430,6,10,9,915,1,1,1,1,3,265,4874800,340000,220,3,2,0,0,1,1,0,107,1,0,1,0,0
200600058431,6,10,30,2130,3,1,1,1,7,194,4867400,364300,220,3,2,2,0,1,1,0,0,1,2,1,0,0
200600058432,6,10,5,2230,5,2,1,1,6,168,4881700,345500,220,3,2,0,0,0,2,0,70,1,0,4,0,1
200600058433,6,10,17,1715,1,2,1,1,6,168,4882200,346100,220,4,2,2,0,2,2,0,82,1,0,1,0,0
200600058434,6,10,4,945,1,2,1,1,3,127,4878700,311900,220,3,2,0,0,2,1,0,73,1,0,1,0,0
200600058435,6,10,28,1400,1,1,3,1,3,257,4872900,331300,220,4,2,2,0,0,1,0,0,1,0,1,0,0
200600058436,6,10,15,2130,3,1,1,1,1,161,4793000,406500,290,3,2,2,0,2,1,0,70,9,0,1,0,0
200600058437,6,10,15,30,3,2,1,1,6,284,4780800,426200,290,9,2,2,0,1,1,0,79,1,5,1,0,0
200600058438,6,10,23,1115,1,2,1,2,1,158,4780500,435900,290,3,2,2,0,1,3,0,60,2,0,1,0,0
200600058439,6,10,28,215,3,1,1,1,6,158,4780700,430700,290,3,2,2,0,4,1,0,60,1,0,1,0,0
200600058440,6,10,30,2000,5,2,1,1,6,171,4784600,428400,290,3,2,2,0,1,1,0,60,1,0,1,0,0
200600058445,6,10,19,915,1,1,1,3,3,198,4862600,432900,290,3,2,2,0,2,1,0,74,2,5,0,0,0
200600058446,6,10,28,1600,1,1,1,1,2,55,4855700,434400,290,3,3,2,0,1,1,0,72,1,0,1,0,0
200600058447,6,10,24,1615,1,1,1,1,3,160,4852000,440600,290,3,2,2,0,1,1,0,65,1,5,1,0,0
200600058450,6,10,27,2145,3,1,1,1,6,16,4830700,394800,290,3,2,0,0,2,1,0,57,1,0,3,0,0
200600058451,6,10,28,345,3,1,1,1,2,163,4854700,389600,290,2,3,4,0,2,2,10,73,1,0,1,0,0
200600058452,6,10,29,1715,1,1,1,1,3,164,4766600,287700,560,2,3,4,0,1,1,20,148,1,0,1,0,0
200600058453,6,10,1,315,3,1,1,2,7,33,4782600,209200,560,3,2,0,0,2,1,0,59,2,0,1,0,0
200600058458,6,10,28,1045,1,2,9,5,6,34,4757900,305800,560,5,0,0,0,1,0,0,0,1,0,0,0,0
200600058461,6,10,17,900,1,1,1,1,1,20,4778400,245900,560,3,2,2,0,1,1,0,115,1,0,1,0,0
200600058463,6,10,19,745,5,2,1,8,6,178,4807300,296500,560,3,0,2,0,2,0,0,0,2,0,1,3,0
200600058464,6,10,20,800,3,1,1,2,6,246,4805100,298000,560,3,2,0,0,1,1,0,64,2,0,1,0,1
200600058466,6,10,25,715,3,1,1,1,1,151,4806900,289500,560,3,2,2,0,2,1,0,73,1,0,1,0,0
200600058468,6,10,30,1500,1,1,1,1,3,146,4814700,300100,560,4,2,0,0,1,1,0,0,1,5,1,0,0
200600058469,6,10,20,800,5,2,1,2,3,173,4796200,297400,560,3,2,2,0,1,1,0,83,2,0,1,0,0
200600058470,6,10,22,500,3,1,1,3,6,100,4807300,347700,560,3,2,2,0,1,1,0,68,2,5,3,0,0
200600058475,6,10,29,700,2,1,1,2,6,144,4894200,56600,140,3,2,2,0,2,1,0,57,2,0,3,0,0
200600058477,6,10,18,2200,3,2,7,1,7,654,4901900,3500,140,9,0,0,0,0,0,0,0,0,0,1,0,0
200600058478,6,10,25,1930,5,2,1,1,1,371,4901100,15100,140,3,2,2,0,1,1,0,106,1,0,1,0,0
200600058479,6,10,13,1715,1,1,1,1,1,55,4927900,10900,140,3,2,2,0,2,1,0,54,1,0,3,0,0
200600058480,6,10,18,1315,1,1,1,1,7,682,4930700,25000,140,3,0,2,0,1,1,0,73,1,0,1,0,1
200600058484,6,10,5,1800,1,1,1,2,2,615,4950400,148300,500,2,3,2,0,1,1,10,70,2,0,1,0,0
200600058486,6,10,5,745,3,1,1,2,3,473,4913500,99600,500,3,3,2,0,1,1,35,76,2,0,1,0,1
200600058489,6,10,10,745,2,1,1,8,1,31,4939400,176300,500,3,2,0,0,2,1,0,70,1,0,1,0,0
200600058491,6,10,8,2015,1,1,1,1,1,567,4955100,146500,500,3,2,0,0,0,1,0,70,1,0,1,0,0
200600058492,6,10,9,1245,1,1,1,1,1,196,4969800,127600,500,3,2,0,0,1,2,0,50,3,0,1,0,0
200600058493,6,10,14,1115,1,1,1,1,1,142,4967400,141200,500,3,2,2,0,1,3,0,55,1,0,1,0,1
200600058496,6,10,20,1630,1,1,1,1,1,197,4890200,135800,500,3,2,2,0,1,1,0,50,1,6,1,0,1
200600058499,6,10,24,815,2,1,1,2,1,208,4922900,142600,500,3,2,2,0,1,1,0,60,2,0,1,0,1
200600058500,6,10,30,1600,1,1,1,2,6,16,4932800,134500,500,3,2,0,0,1,0,0,28,2,0,3,0,0
200600058505,6,10,8,1600,1,2,1,1,7,484,4858200,109400,500,3,2,2,0,1,1,24,31,1,0,1,0,0
200600058507,6,10,15,15,5,1,1,1,3,332,4870700,36100,610,3,3,0,0,2,1,21,65,1,0,1,0,0
200600058508,6,10,25,1925,3,1,1,1,6,330,4870900,37700,610,3,2,2,0,1,1,0,75,1,0,3,0,0
200600058509,6,10,4,1200,1,1,1,1,6,145,4860700,60900,610,3,2,0,0,2,3,0,60,2,0,3,0,0
200600058510,6,10,27,1745,1,1,1,1,2,355,4861200,71500,610,3,2,0,0,1,1,0,77,1,0,3,0,0
200600058511,6,10,20,1730,1,1,1,1,3,168,4857100,38900,610,3,2,2,0,1,1,0,0,1,0,1,0,0
200600058516,6,10,12,1830,1,1,1,3,2,456,4876600,65900,610,2,2,2,0,1,1,0,0,2,0,1,0,0
200600058518,6,10,17,1815,1,2,6,2,3,204,4727100,144000,440,3,1,2,0,1,2,63,61,2,5,1,0,0
200600058519,6,10,2,1115,1,1,1,2,4,26,4732200,147700,440,3,2,2,0,1,1,0,64,2,5,1,0,0
200600058521,6,10,9,1245,1,1,3,1,1,26,4729800,147100,440,3,2,2,0,1,1,0,96,1,0,1,0,1
200600058522,6,10,27,1815,2,2,6,1,6,26,4731000,150600,440,4,2,2,0,1,3,0,60,1,5,1,0,0