Num_Acc,an,mois,jour,hrmn,lum,agg,int,atm,col,com,lat,long,dep,catr,circ,nbv,vosp,prof,plan,lartpc,larrout,surf,infra,situ,env1,killed
200600058525,6,10,26,1815,3,2,1,1,1,202,4746000,127800,440,4,2,0,0,2,2,0,45,1,0,1,0,0
200600058526,6,10,26,1615,1,1,1,7,5,77,4749600,143400,440,3,2,2,0,1,1,0,61,2,0,1,0,0
200600058527,6,10,16,1930,3,1,1,1,6,75,4763500,144400,440,4,0,0,0,1,1,0,0,1,0,3,0,1
200600058528,6,10,21,1415,1,1,1,1,6,170,4764000,124000,440,3,3,0,0,1,1,0,60,1,0,3,0,0
200600058529,6,10,8,330,3,2,1,1,6,128,4753500,191200,440,3,2,2,0,0,1,71,0,1,0,1,0,1
200600058531,6,10,15,930,1,1,1,1,6,113,4758000,163000,440,2,3,4,0,4,1,20,80,1,3,3,0,1
200600058533,6,10,31,1230,1,1,1,1,1,105,4771000,170300,440,2,3,2,0,0,1,0,74,1,0,1,0,0
200600058536,6,10,31,1830,5,2,1,1,3,166,4719800,172300,440,9,0,0,0,0,1,0,59,1,0,1,0,0
200600058538,6,10,13,2245,3,1,1,1,6,131,4711600,207800,440,3,1,1,0,0,2,0,50,1,0,1,0,0
200600058539,6,10,18,1600,1,1,3,1,3,181,4703000,181900,440,3,2,2,0,1,1,0,60,1,5,0,0,0
200600058540,6,10,26,1030,1,1,1,2,7,87,4699800,176400,440,3,2,2,0,1,2,0,60,2,0,3,0,0
200600058541,6,10,30,1045,1,1,1,1,3,47,4724000,170100,440,3,2,1,0,1,1,0,61,1,5,1,0,0
200600058542,6,10,4,1645,1,1,1,1,6,151,4731800,226900,440,4,2,2,0,1,2,0,0,2,0,1,0,1
200600058545,6,10,20,1115,1,2,1,2,2,52,4732800,208000,440,4,3,0,0,1,1,0,100,2,5,1,0,0
200600058552,6,10,28,1815,1,1,2,1,3,45,4729600,185700,440,4,2,2,0,0,3,0,0,1,0,1,0,0
200600058554,6,10,14,1645,1,2,1,1,3,278,4742600,55900,490,4,2,2,0,1,1,0,90,1,0,1,0,0
200600058556,6,10,25,1930,3,1,1,1,6,167,4741700,49700,490,3,2,0,0,1,1,0,59,1,0,1,0,1
200600058559,6,10,29,1900,5,1,1,1,3,82,4732300,69800,490,4,2,2,0,1,1,0,50,1,0,1,0,0
200600058560,6,10,9,1645,1,2,1,1,1,199,4719400,69400,490,4,2,2,0,1,1,0,50,1,5,1,0,0
200600058561,6,10,16,715,3,1,1,1,6,6,4717100,95700,490,3,2,2,0,3,3,0,75,1,0,3,0,1
200600058566,6,10,26,1730,1,1,1,1,6,204,4738900,93400,490,3,2,2,0,1,2,0,56,1,0,3,0,0
200600058567,6,10,27,1930,1,2,1,1,1,204,4737000,93500,490,3,2,2,0,0,1,0,84,1,0,1,0,0
200600058573,6,10,15,1530,1,1,1,1,6,180,4741200,12900,490,3,2,1,0,1,1,0,49,1,0,3,0,0
200600058577,6,10,31,1930,5,2,1,1,6,367,4760500,83400,490,3,2,2,0,1,1,0,56,1,0,1,0,0
200600058581,6,10,23,1545,1,1,1,3,3,153,4821800,44700,530,3,2,2,0,1,1,0,61,2,0,0,0,0
200600058582,6,10,6,800,1,1,1,1,2,110,4787700,50000,530,3,2,2,0,2,1,0,63,1,0,1,0,0
200600058584,6,10,14,2030,3,1,1,1,1,125,4850300,106000,530,3,2,2,0,2,2,0,56,1,0,1,0,0
200600058585,6,10,22,1815,2,2,2,8,3,107,4841500,81700,530,3,2,2,0,4,1,0,57,2,0,1,0,0
200600058591,6,10,5,1545,1,1,6,8,3,386,4800300,23500,720,3,3,0,0,1,2,0,0,1,5,1,0,0
200600058592,6,10,1,845,1,1,1,1,3,289,4815200,15700,720,3,2,0,0,1,1,0,63,2,0,1,0,0
200600058596,6,10,11,1730,1,1,1,3,6,88,4821100,23800,720,3,2,2,0,1,3,0,65,2,0,0,0,0
200600058597,6,10,19,2245,5,2,1,1,6,39,4819100,43200,720,4,0,0,0,0,0,0,0,0,0,0,0,0
200600058599,6,10,27,630,3,1,1,5,7,20,4825400,68000,720,4,2,0,0,0,1,0,46,2,0,0,0,1
200600058600,6,10,12,2130,3,1,1,1,7,78,4828900,16300,720,3,2,2,0,1,1,0,0,1,0,1,0,0
200600058611,6,10,25,715,3,1,1,1,1,178,4673500,143300,850,4,2,0,0,1,1,0,57,1,0,1,0,0
200600058612,6,10,31,1345,1,1,1,1,7,300,4669000,151800,850,3,2,2,0,1,1,0,56,1,0,1,0,0
200600058613,6,10,5,900,1,1,1,1,5,92,4645900,83100,850,2,2,2,0,1,1,0,71,1,0,1,0,0
200600058614,6,10,7,1645,1,2,1,1,1,111,4634700,93000,850,4,2,2,0,1,2,44,0,1,0,1,0,0
200600058615,6,10,19,1730,1,2,1,1,1,40,4662000,91000,850,3,2,2,0,2,2,0,50,2,0,1,0,0
200600058616,6,10,23,1130,1,1,2,1,5,216,4647600,109400,850,3,2,2,0,0,1,0,60,1,5,1,0,0
200600058617,6,10,17,1215,1,1,1,1,3,31,4679700,94000,850,3,2,2,0,1,1,0,58,1,0,1,0,0
200600058618,6,10,21,915,1,1,1,3,7,125,4663300,71700,850,3,2,0,0,2,3,0,62,2,0,1,0,0
200600058620,6,10,12,800,2,2,1,1,2,96,4689400,183300,850,3,2,2,0,1,1,0,70,1,0,1,0,0
200600058621,6,10,12,30,3,1,1,1,6,6,4676100,173100,850,3,2,2,0,1,1,0,58,1,0,3,0,0
200600058623,6,10,13,2345,3,1,1,1,1,268,4669000,184000,850,3,2,2,0,2,2,60,0,1,0,1,0,0
200600058631,6,10,20,500,5,2,3,1,3,11,4477300,112800,330,3,2,2,1,1,1,0,61,2,0,1,0,1
200600058637,6,10,4,2000,3,2,2,1,3,59,4478000,25800,330,3,2,2,0,1,1,0,54,1,0,1,0,0
200600058638,6,10,21,1230,1,2,1,1,1,363,4479700,38200,330,3,0,2,0,0,1,0,0,1,0,1,0,0
200600058641,6,10,18,730,5,1,2,2,1,30,4460000,30000,330,2,2,2,0,1,1,0,79,2,5,1,0,0
200600058642,6,10,20,1830,1,1,1,1,1,30,4462000,32000,330,3,2,2,0,1,1,0,74,1,0,1,0,1
200600058644,6,10,26,1145,1,1,1,1,7,321,4504000,43700,330,2,3,4,0,1,1,10,120,1,0,1,0,0
200600058645,6,10,14,1300,1,1,1,1,7,345,4466000,7600,330,3,2,2,0,1,1,0,68,1,2,3,0,0
200600058651,6,10,10,1345,1,1,1,2,7,314,4522900,76800,330,3,2,2,0,1,1,0,0,2,0,1,0,0
200600058653,6,10,31,1145,1,2,1,1,3,395,4523600,78700,330,3,2,2,0,3,1,0,55,1,0,1,0,0
200600058655,6,10,17,1745,1,2,1,1,6,174,4494100,28000,330,3,2,2,0,0,0,0,0,1,0,1,0,0
200600058656,6,10,14,1000,1,2,2,5,5,466,4482000,29000,330,3,4,0,0,1,1,0,120,1,5,1,0,0
200600058657,6,10,3,1330,1,1,1,8,6,394,4489000,20000,330,3,2,1,0,1,1,0,80,1,0,3,0,1
200600058658,6,10,31,1715,1,2,1,1,6,138,4504100,14300,330,5,2,2,0,4,1,0,30,1,0,4,0,0
200600058659,6,10,5,1730,1,1,1,8,7,484,4510000,84100,240,3,2,2,0,1,2,0,0,2,0,1,0,0
200600058661,6,10,6,1200,1,1,2,1,3,540,4530800,86300,240,3,2,2,0,0,1,0,66,1,0,1,0,0
200600058662,6,10,27,1645,1,2,1,1,1,164,4534100,104600,240,3,2,2,0,1,1,66,0,1,0,1,0,0
200600058663,6,10,30,1000,1,2,1,1,2,164,4533900,104900,240,3,2,2,0,1,1,0,53,1,5,1,0,0
200600058668,6,10,8,2045,3,1,1,1,1,346,4542900,70500,240,3,2,2,0,1,4,0,59,1,0,1,0,0
200600058669,6,10,15,1800,1,1,1,1,1,311,4552300,68800,240,4,4,1,0,2,1,0,0,9,0,0,0,0
200600058671,6,10,24,1815,1,1,1,1,5,16,4560400,70500,240,3,0,2,0,2,1,0,0,1,0,1,0,0
200600058673,6,10,29,150,3,1,1,1,7,520,4490800,119900,240,3,2,0,0,0,1,0,60,1,0,1,0,0
200600058674,6,10,13,730,1,1,2,5,3,153,4509200,135600,240,4,2,2,0,0,1,0,40,1,0,0,0,0
200600058679,6,10,11,630,3,2,1,1,6,212,4356500,116000,400,2,2,2,0,2,1,0,74,2,0,1,0,0
200600058683,6,10,30,1700,1,2,1,1,2,312,4353200,146300,400,2,2,2,0,1,1,0,80,1,0,1,0,0
200600058690,6,10,25,1500,1,1,1,1,3,229,4429000,110200,400,3,2,2,0,1,1,0,61,1,0,1,0,1
200600058697,6,10,14,600,3,1,1,5,1,66,4424800,41700,470,2,2,2,0,1,1,0,75,1,0,1,0,0
200600058698,6,10,30,1715,1,1,1,1,3,154,4427000,52800,470,3,2,0,0,2,2,0,60,1,0,1,0,0
200600058700,6,10,8,1015,1,1,2,7,1,86,4468500,22900,470,3,2,2,0,3,1,0,48,1,5,1,0,0
200600058701,6,10,4,845,1,1,1,1,2,298,4442600,23300,470,3,2,2,0,1,1,0,60,1,0,1,0,0
200600058705,6,10,25,1600,1,1,1,1,6,78,4429200,28000,470,3,2,2,0,2,2,0,75,1,2,1,0,1
200600058713,6,10,15,1400,1,1,1,1,2,399,4336000,36000,640,3,2,2,0,1,1,0,75,1,0,1,0,0
200600058714,6,10,20,900,1,2,1,1,6,417,4318400,26000,640,3,2,2,0,2,1,0,75,1,2,4,0,0
200600058715,6,10,12,15,3,2,1,3,7,160,4336900,141300,640,3,2,2,0,2,1,70,0,2,0,1,0,0
200600058719,6,10,1,315,3,1,1,1,6,177,4347700,72300,640,2,2,2,0,0,2,0,103,1,5,1,0,0
200600058721,6,10,24,1900,5,2,1,1,3,430,4349500,78700,640,2,2,2,0,0,1,0,0,1,0,1,0,0
200600058722,6,10,20,1930,3,1,1,8,1,254,4351600,61700,640,3,0,2,0,1,1,0,72,1,0,1,0,1
200600058725,6,10,24,745,3,1,1,1,6,2,4675000,16000,860,3,2,2,0,1,1,0,40,9,0,1,0,0
200600058728,6,10,21,1515,1,1,1,8,1,36,4709300,6400,860,3,2,0,0,3,1,0,60,2,0,1,0,0
200600058729,6,10,24,2100,3,2,1,1,7,161,4688800,100,860,3,2,2,0,2,1,0,60,1,0,3,0,0
200600058732,6,10,8,1400,1,1,1,1,6,242,4620600,37900,860,3,2,2,0,1,1,0,52,1,0,3,0,1
200600058737,6,10,15,515,3,2,1,1,2,160,4546100,24600,160,3,2,2,0,1,1,0,63,1,0,1,0,0
200600058740,6,10,9,2200,3,1,1,1,2,292,4602100,18600,160,2,3,2,0,1,3,30,69,1,0,1,0,1
200600058741,6,10,11,1900,2,2,1,1,3,414,4588500,10800,160,4,2,2,0,0,1,0,56,1,0,1,0,0
200600058743,6,10,4,2100,3,2,1,1,1,411,4590000,2000,160,3,3,2,0,1,1,0,66,9,0,1,0,0
200600058744,6,10,7,530,3,1,1,1,7,142,4617300,107500,170,4,2,1,0,1,1,0,32,1,0,3,0,1
200600058747,6,10,21,2300,3,1,1,1,6,222,4624500,112100,170,3,2,0,0,4,4,0,57,0,0,1,0,0
200600058753,6,10,2,1730,1,1,1,1,6,110,4517800,22500,170,3,2,2,0,0,0,0,57,1,0,3,0,0
200600058754,6,10,15,1515,1,2,3,1,1,77,4513500,20400,170,3,2,2,0,0,1,0,80,1,0,1,0,0
200600058755,6,10,20,1330,1,1,1,1,6,185,4573200,93400,170,3,2,2,0,1,3,0,50,2,0,3,0,0
200600058756,6,10,24,1900,2,2,1,1,6,185,4572900,98400,170,4,0,2,0,1,0,0,0,1,0,4,0,0
200600058757,6,10,1,1915,3,1,1,1,1,385,4596800,124400,170,3,2,2,0,0,2,0,0,1,0,0,0,0
200600058759,6,10,27,745,3,1,1,5,6,140,4588700,125500,170,4,2,2,0,1,1,0,60,1,0,3,0,1
200600058761,6,10,16,1820,1,1,1,1,6,253,4599100,90100,170,3,2,2,0,1,1,0,105,1,0,1,0,0
200600058771,6,10,22,330,3,2,1,1,6,62,4588000,16000,170,3,2,2,0,1,3,0,64,1,0,4,0,0
200600058772,6,10,29,1845,2,2,9,1,1,281,4640100,47800,790,4,2,2,0,3,0,0,40,1,2,1,0,0
200600058775,6,10,6,1700,1,1,1,8,4,157,4703700,19400,790,3,2,2,0,0,1,0,75,2,0,1,0,0
200600058779,6,10,15,1825,1,1,1,1,6,111,4610500,27000,790,3,2,2,0,1,1,0,70,1,0,3,0,0
200600058780,6,10,23,1645,1,1,1,2,3,64,4620200,7300,790,3,2,2,0,0,1,0,71,2,0,1,0,0
200600058784,6,10,30,1745,2,1,1,1,3,179,4672900,58700,790,3,2,2,0,1,2,29,79,1,5,1,0,1
200600058785,6,10,8,1400,1,2,1,1,3,1,4580000,113700,870,2,2,2,0,2,3,0,81,1,0,1,0,0
200600058786,6,10,25,1415,1,1,1,1,5,21,4577500,122100,870,3,2,2,0,2,1,0,61,1,0,1,0,0
200600058790,6,10,19,800,1,2,1,8,7,161,4583800,149400,870,4,1,1,0,2,1,0,53,2,6,3,3,0
200600058792,6,10,15,730,2,1,1,1,6,30,4586100,87500,870,3,2,2,0,3,1,0,60,1,0,1,0,0
200600058799,6,10,19,730,5,1,9,2,1,101,4525100,177500,190,3,2,3,0,0,1,0,42,2,5,1,0,0
200600058800,6,10,14,1345,1,1,1,1,1,248,4546000,155000,190,3,2,0,0,1,1,0,69,1,0,1,0,0
200600058801,6,10,19,845,2,1,1,2,6,248,4546900,150000,190,3,2,0,0,1,2,0,76,2,0,3,0,0
200600058802,6,10,21,1245,1,1,1,1,6,278,4519200,146800,190,3,2,2,0,1,2,0,0,1,0,3,0,0
200600058804,6,10,2,715,2,2,1,9,6,134,4565200,246100,190,3,2,0,0,1,1,0,90,1,0,1,0,0
200600058806,6,10,23,2230,3,1,1,1,7,79,4589600,218500,230,3,2,0,0,3,2,0,96,1,0,0,0,0
200600058808,6,10,17,1630,1,1,1,1,5,145,4629700,241600,230,2,2,2,0,0,1,0,72,1,0,1,0,1
200600058814,6,10,3,815,1,1,1,6,6,417,4363200,125200,310,4,2,2,0,1,1,0,30,2,0,3,0,0
200600058818,6,10,30,1830,2,2,1,1,3,433,4354700,141400,310,4,2,3,3,1,1,0,107,1,0,1,0,0
200600058820,6,10,12,630,3,1,1,3,7,136,4374000,144000,310,3,2,2,0,1,1,0,60,2,0,3,0,0
200600058821,6,10,25,1415,5,1,1,1,3,182,4369700,140100,310,4,2,0,0,1,1,0,58,1,0,1,0,0
200600058822,6,10,29,630,2,2,1,1,6,230,4372000,143300,310,3,2,2,0,1,2,0,70,1,0,1,0,0
200600058823,6,10,30,1845,3,1,1,1,1,490,4376600,136000,310,2,2,2,0,1,1,16,86,1,0,1,0,1
200600058824,6,10,13,1805,1,2,1,1,5,33,4335700,147000,310,2,2,2,0,1,1,0,70,1,0,1,0,0
200600058825,6,10,17,645,3,1,1,1,1,104,4334000,129400,310,3,2,2,0,2,1,0,70,1,0,1,0,0
200600058826,6,10,5,1915,1,2,1,1,6,303,4335500,123500,310,3,2,2,0,1,1,0,0,1,0,3,0,0
200600058827,6,10,14,1600,1,1,1,1,6,135,4322600,108500,310,3,2,2,0,1,1,0,65,1,0,1,0,1
200600058830,6,10,5,930,1,1,1,1,3,390,4309200,54700,310,3,2,2,0,1,1,0,70,1,0,1,0,0
200600058831,6,10,15,1530,1,1,1,1,3,13,4308000,63500,310,3,2,0,0,0,1,0,0,1,5,1,0,1
200600058834,6,10,30,1715,1,2,1,1,1,144,4292000,63000,310,4,2,2,0,2,3,0,34,1,0,1,0,0
200600058837,6,10,5,1715,1,2,1,1,1,478,4345100,188800,310,3,2,2,0,2,3,0,70,1,0,1,0,0
200600058839,6,10,1,715,2,2,1,8,6,160,4294000,185000,90,4,2,2,0,1,1,0,68,1,0,3,0,0
200600058844,6,10,19,1700,1,1,1,1,3,199,4321800,163300,90,3,2,2,0,1,1,0,0,1,5,1,0,1
200600058846,6,10,28,1945,5,2,1,1,6,167,4328100,134700,90,3,2,2,0,1,1,0,71,1,0,1,0,0
200600058848,6,10,27,1930,5,2,1,1,3,194,4309300,187500,90,3,2,0,0,1,1,0,66,1,0,1,0,0
200600058851,6,10,26,1915,3,1,1,1,1,56,4429800,243500,120,3,2,2,0,1,1,0,53,1,0,1,0,0
200600058853,6,10,7,1645,1,1,1,1,1,26,4439400,279400,120,2,2,2,0,1,4,0,80,1,4,1,0,0
200600058854,6,10,21,2145,5,2,7,1,6,120,4438600,282500,120,3,2,2,0,1,1,0,68,1,0,1,0,0
200600058855,6,10,26,1330,1,1,1,1,1,234,4423100,248400,120,3,2,2,0,1,2,0,60,1,0,1,0,0
200600058858,6,10,22,500,3,1,1,1,6,290,4445100,221300,120,3,2,2,0,0,1,0,77,1,0,1,0,1
200600058861,6,10,1,1400,1,1,1,1,6,300,4431300,203600,120,3,2,0,0,2,2,0,50,1,0,1,0,0
200600058862,6,10,20,1,3,1,1,2,7,287,4433500,192900,120,3,2,2,0,2,1,0,82,2,0,1,0,1
200600058864,6,10,6,1730,1,1,1,1,7,252,4448000,208500,120,3,2,2,0,1,2,0,65,1,0,1,0,1
200600058866,6,10,11,1030,1,2,1,1,6,249,4373000,87000,320,9,1,1,0,2,1,0,40,1,0,1,0,0
200600058869,6,10,8,1830,1,1,1,1,5,268,4360600,102000,320,2,2,2,0,1,1,0,75,1,0,1,0,0
200600058871,6,10,3,1430,1,1,1,2,7,301,4368700,49400,320,2,2,0,0,1,3,0,80,2,0,3,0,0
200600058872,6,10,26,345,5,2,1,1,6,83,4381000,42900,320,3,2,1,0,2,2,0,70,1,0,3,0,0
200600058877,6,10,17,245,3,1,1,1,7,103,4332000,52600,320,3,2,2,0,1,1,0,70,1,0,3,0,0
200600058879,6,10,6,1645,1,1,1,1,1,233,4352600,14800,320,3,2,2,0,0,1,0,56,1,0,1,0,0
200600058880,6,10,10,740,3,1,1,1,6,233,4351800,19500,320,3,2,0,0,0,1,0,60,1,0,1,0,0
200600058883,6,10,27,1200,1,1,1,1,6,15,4466700,214400,460,2,2,2,0,1,0,0,64,1,0,3,0,1
200600058885,6,10,26,1630,1,1,1,1,6,170,4478900,188400,460,3,2,2,0,3,2,0,59,1,0,3,0,1
200600058887,6,10,19,2100,3,1,1,1,6,216,4477200,137200,460,3,2,0,0,0,1,0,0,2,0,3,0,0
200600058888,6,10,14,100,5,2,1,5,6,232,4500300,164600,460,3,2,2,0,1,1,0,65,1,0,1,0,0
200600058889,6,10,24,1800,1,2,1,1,6,108,4328100,9000,650,4,2,0,0,1,1,0,38,1,0,1,0,0
200600058891,6,10,24,745,3,1,1,1,1,303,4319900,18200,650,3,2,3,0,2,1,10,155,1,0,1,0,1
200600058893,6,10,28,1330,1,2,1,1,6,460,4338900,5400,650,4,2,0,0,0,1,52,0,1,0,1,0,0
200600058894,6,10,20,2145,5,2,6,2,3,25,4301200,9800,650,3,2,2,0,1,1,0,60,2,0,1,0,0
200600058895,6,10,30,1000,1,1,9,1,6,1,4297900,7200,650,3,3,2,0,1,2,0,0,1,0,1,0,0
200600058896,6,10,24,2115,3,2,1,1,6,40,4307300,4200,650,2,3,2,0,1,2,0,45,1,0,2,0,1
200600058898,6,10,6,1030,1,2,7,1,6,307,4307600,54300,650,6,0,0,0,1,0,0,0,1,0,0,0,0
200600058899,6,10,8,140,3,2,1,1,6,329,4301000,46000,650,3,2,2,0,1,1,45,0,1,0,3,0,1
200600058902,6,10,30,1115,1,1,1,7,6,167,4386600,256200,810,3,2,2,0,2,3,0,60,1,0,3,0,0
200600058903,6,10,16,1115,1,1,1,1,7,201,4411900,225700,810,3,2,2,0,1,1,0,56,1,0,1,0,0
200600058904,6,10,19,1245,1,1,1,1,7,315,4362900,209700,810,3,2,1,0,1,1,0,47,1,0,1,0,0
200600058906,6,10,27,1330,1,1,1,1,6,271,4375700,172400,810,3,2,2,0,1,2,0,69,1,0,1,0,1
200600058909,6,10,3,1415,1,1,1,1,6,279,4392800,164300,810,3,2,0,0,1,1,0,70,1,0,3,0,0
200600058910,6,10,14,200,3,1,1,1,7,239,4353500,250700,810,4,2,1,0,1,3,0,36,1,0,3,0,0
200600058914,6,10,10,1945,2,1,1,1,7,88,4417600,194600,820,3,2,0,0,0,3,0,45,1,0,3,0,0
200600058917,6,10,18,1840,2,1,1,1,6,107,4393000,92800,820,3,2,2,0,4,2,0,45,1,0,1,0,0
200600058920,6,10,24,1430,1,2,1,1,3,171,4401500,117300,820,2,2,2,0,1,1,0,60,1,0,1,0,0
200600058921,6,10,25,1930,3,1,1,1,5,125,4402000,117600,820,3,2,2,0,1,1,60,0,1,0,1,0,0
200600058930,6,10,19,730,2,1,1,3,3,204,4567800,477500,690,3,2,0,0,2,3,0,0,2,0,1,0,0
200600058932,6,10,5,700,2,2,6,9,1,288,4568700,503700,690,4,2,2,0,2,1,0,0,9,0,1,0,0
200600058945,6,10,20,1815,1,1,1,1,3,190,4577000,470000,690,3,2,0,0,1,3,63,35,1,0,1,0,0
200600058946,6,10,26,1900,3,1,1,1,1,269,4572300,460500,690,3,2,0,0,0,3,0,60,1,0,1,0,0
200600058954,6,10,8,1730,1,1,1,1,1,196,4616600,455600,690,3,2,2,0,2,3,0,0,1,0,1,0,0
200600058957,6,10,5,730,1,2,1,1,3,19,4611200,473700,690,3,2,2,0,1,1,0,80,1,0,1,0,0
200600058958,6,10,12,930,1,1,1,8,7,242,4614200,476400,690,3,2,2,0,0,3,0,50,1,0,3,0,0
200600058959,6,10,19,930,1,2,1,2,3,19,4611200,474800,690,9,2,2,0,1,1,50,0,2,0,1,0,0
200600058960,6,10,22,1545,1,2,1,1,7,19,4611400,472400,690,3,2,1,0,1,2,0,60,1,0,1,0,0
200600058961,6,10,27,400,3,1,1,1,6,197,4607500,466200,690,3,2,2,0,0,2,0,66,1,0,3,0,1
200600058964,6,10,1,1330,1,1,1,2,7,102,4590500,436600,690,2,2,0,0,0,2,0,0,2,0,3,0,0
200600058966,6,10,8,1430,1,1,1,1,6,107,4605800,449300,690,3,2,2,2,1,3,0,74,1,0,1,0,0
200600058967,6,10,27,1250,1,2,1,1,6,37,4602200,450000,690,3,2,0,0,1,1,0,73,1,0,3,0,1
200600058989,6,10,27,2145,5,1,3,1,1,109,4615400,590500,10,3,2,2,0,3,1,0,0,1,0,1,0,1
200600058994,6,10,27,1530,1,2,1,1,3,142,4585600,508000,10,3,2,2,0,1,1,0,0,1,5,1,0,0
200600058995,6,10,7,1800,1,2,1,1,6,83,4610400,485200,10,4,2,0,0,2,1,0,45,1,0,1,0,1
200600059004,6,10,1,1445,1,1,9,2,5,322,4468100,424300,70,2,2,2,0,1,2,0,78,2,0,1,0,0
200600059007,6,10,16,1400,1,1,1,1,1,68,4502400,471000,70,3,2,1,0,2,3,0,56,1,0,1,0,0
200600059008,6,10,17,1200,1,2,1,1,3,324,4506900,483800,70,9,1,1,1,1,1,0,100,1,0,1,3,0
200600059010,6,10,12,745,1,2,1,1,1,215,4488700,449200,70,4,2,2,0,4,3,0,40,2,0,1,0,0
200600059011,6,10,28,1515,1,1,1,1,7,12,4490300,432300,70,3,2,2,0,2,2,0,0,1,0,0,0,0
200600059012,6,10,29,645,2,1,1,1,6,151,4502400,435800,70,3,2,2,0,3,3,0,70,1,0,3,0,1
200600059015,6,10,3,2030,3,1,1,1,3,37,4486100,497800,260,4,2,2,0,0,1,0,30,1,0,1,0,1
200600059034,6,10,12,1245,1,1,1,1,2,303,4529400,594000,380,3,2,2,0,1,1,0,73,1,0,1,0,0
200600059037,6,10,27,2045,5,2,1,1,1,565,4530700,562700,380,2,3,4,0,0,1,0,0,1,5,1,0,0
200600059038,6,10,4,1630,1,2,1,1,1,269,4490500,578300,380,3,2,0,0,1,1,0,0,1,0,1,0,0
200600059041,6,10,30,1215,1,1,1,1,3,243,4479100,564600,380,2,2,2,0,1,2,0,70,1,0,1,0,0
200600059048,6,10,8,500,3,1,1,1,6,517,4528800,548300,380,2,2,2,0,1,1,0,53,1,0,3,0,0
200600059049,6,10,29,1215,1,1,1,1,1,117,4518200,541800,380,2,2,2,0,1,1,0,76,1,0,1,0,0
200600059051,6,10,2,1300,1,2,1,1,1,348,4559300,531100,380,9,2,0,0,0,1,0,50,1,0,1,0,0
200600059053,6,10,15,430,3,1,1,5,6,467,4567000,533100,380,3,2,2,0,1,1,0,50,1,0,3,0,0
200600059054,6,10,1,15,3,1,1,8,6,515,4569000,532000,380,3,2,2,0,2,3,0,40,2,0,3,0,0
200600059055,6,10,6,630,2,1,1,1,6,190,4580000,528000,380,3,2,2,0,2,3,0,67,8,0,0,0,1
200600059056,6,10,18,1715,1,1,1,1,1,539,4588600,534800,380,2,2,0,0,1,2,0,0,1,0,1,0,0
200600059057,6,10,25,1700,1,1,3,1,1,54,4579900,540300,380,2,2,2,0,2,2,0,0,1,0,1,0,0
200600059060,6,10,25,2200,3,1,1,1,6,398,4550100,566800,380,3,2,2,0,2,1,0,50,1,0,3,0,1
200600059065,6,10,13,1800,1,2,1,1,1,215,4559300,495300,380,4,2,2,0,1,1,0,60,1,0,1,0,0
200600059066,6,10,29,1730,1,1,1,1,7,558,4559400,490500,380,4,2,2,0,2,0,0,0,1,0,1,0,0
200600059067,6,10,3,2100,3,1,1,1,7,69,4545500,529000,380,2,0,2,0,1,1,0,72,1,0,1,0,1
200600059068,6,10,14,45,3,1,1,1,3,335,4537300,502800,380,3,2,2,0,1,1,0,64,1,0,1,0,0
200600059069,6,10,17,1615,1,1,1,1,3,198,4534100,495000,380,3,2,2,0,1,1,0,0,1,0,1,0,0
200600059070,6,10,24,1045,1,1,1,1,3,300,4536900,519900,380,4,2,0,0,1,1,0,0,1,0,1,0,0
200600059071,6,10,27,1630,1,1,2,1,3,130,4535600,526500,380,3,2,2,0,1,1,0,62,1,0,1,0,0
200600059072,6,10,8,1530,1,1,1,1,3,136,4555000,524500,380,3,2,2,0,1,1,0,82,1,0,1,0,0
200600059076,6,10,10,1530,1,2,6,1,1,85,4575500,516700,380,3,2,2,0,2,3,0,0,1,0,1,0,0
200600059085,6,10,13,1600,1,1,1,1,1,43,4557800,432000,420,3,2,2,0,1,3,0,58,1,0,1,0,0
200600059089,6,10,25,700,3,1,1,1,5,181,4600400,423700,420,3,2,2,0,1,1,0,52,2,0,1,0,0
200600059090,6,10,17,1015,1,1,1,1,2,52,4617900,414700,420,3,2,2,0,2,1,0,55,1,0,1,0,0
200600059093,6,10,29,1735,3,1,1,1,1,238,4577800,589800,730,3,0,0,0,2,4,0,0,1,0,1,0,0
200600059095,6,10,8,1715,1,1,1,1,1,254,4559900,572700,730,3,2,0,0,2,2,0,70,1,0,1,0,0
200600059096,6,10,22,1745,1,1,1,1,7,226,4550200,573100,730,2,2,2,0,2,2,0,70,1,0,1,0,0
200600059097,6,10,4,1215,1,1,1,1,2,75,4544800,607600,730,3,2,2,1,1,1,0,70,1,0,1,0,0
200600059098,6,10,8,1600,1,1,1,1,6,312,4565300,632000,730,3,2,0,0,2,1,0,55,1,0,1,0,1
200600059099,6,10,2,1015,1,1,1,1,1,211,4572000,644500,730,3,2,2,0,1,3,0,60,1,0,1,0,0
200600059102,6,10,15,45,5,1,1,1,6,320,4526900,638000,730,3,2,2,0,4,1,0,60,1,0,3,0,1
200600059105,6,10,25,1330,1,2,1,1,1,182,4592200,609200,740,3,4,2,2,1,1,0,113,1,5,1,0,0