Num_Acc,an,mois,jour,hrmn,lum,agg,int,atm,col,com,lat,long,dep,catr,circ,nbv,vosp,prof,plan,lartpc,larrout,surf,infra,situ,env1,killed
200600059114,6,10,8,1645,1,2,9,7,3,920,4600700,694800,740,6,0,0,0,2,1,0,0,1,0,1,0,0
200600059120,6,10,8,245,3,1,1,1,6,31,4609100,610300,740,2,3,2,0,2,2,0,0,1,0,1,0,0
200600059121,6,10,13,745,2,1,1,1,1,31,4609200,610300,740,2,2,0,0,0,2,0,0,1,0,1,0,0
200600059128,6,10,7,2230,5,2,1,1,6,279,4639500,673300,740,3,2,2,0,1,1,0,70,1,0,1,0,0
200600059133,6,10,18,1115,1,2,1,1,3,175,4576100,256800,630,3,2,2,0,1,2,0,74,2,0,1,0,0
200600059138,6,10,13,1145,1,1,1,1,1,449,4562000,295000,630,3,2,2,0,2,2,0,54,1,0,1,0,0
200600059139,6,10,27,2315,5,2,1,1,3,269,4562800,323000,630,3,2,2,3,2,2,0,40,1,0,1,3,0
200600059140,6,10,5,1000,1,1,1,1,6,105,4547100,376800,630,3,2,2,0,4,3,0,62,1,5,3,0,0
200600059141,6,10,19,1345,1,1,1,1,6,258,4568400,363200,630,3,2,2,0,1,2,0,79,1,0,3,0,1
200600059143,6,10,30,1115,1,2,1,1,1,412,4539600,87200,630,3,2,2,0,1,1,0,0,1,0,1,0,0
200600059145,6,10,13,1900,1,2,3,1,3,80,4559300,312800,630,3,2,2,0,1,1,0,60,1,0,1,0,0
200600059146,6,10,12,1845,2,1,3,5,1,426,4559000,264800,630,3,2,2,0,2,2,0,77,2,5,1,0,0
200600059147,6,10,5,1815,1,1,1,1,2,198,4593300,302000,630,3,2,2,0,1,3,0,72,1,0,1,0,0
200600059155,6,10,12,1230,1,1,1,8,7,100,4602400,291000,630,3,2,1,0,0,2,0,70,2,0,1,0,0
200600059156,6,10,21,1215,1,2,1,1,7,349,4593300,286600,630,3,2,2,0,2,1,0,43,9,0,1,0,0
200600059158,6,10,26,815,1,2,6,1,3,430,4585200,353000,630,2,2,21,0,1,1,102,187,1,5,1,0,0
200600059162,6,10,4,1515,1,2,1,1,1,271,4593900,349500,630,3,2,0,0,2,2,0,70,2,0,0,0,0
200600059164,6,10,23,1445,1,1,1,1,1,200,4656000,328700,30,3,2,0,0,1,1,0,60,1,0,1,0,0
200600059165,6,10,27,1215,1,1,1,1,3,316,4669000,322200,30,2,2,1,0,1,1,0,70,1,0,1,0,0
200600059167,6,10,18,1130,5,2,1,1,6,254,4631000,329000,30,3,2,0,0,1,1,0,76,1,0,1,0,0
200600059168,6,10,10,100,3,1,1,1,6,12,4652600,312600,30,3,0,2,0,2,1,0,61,1,0,3,0,1
200600059169,6,10,6,2230,4,2,1,1,6,128,4637400,248000,30,3,2,2,0,1,1,0,74,1,0,4,0,0
200600059173,6,10,19,1900,3,1,1,1,1,3,4674300,270700,30,3,2,2,0,0,2,56,50,1,0,1,0,0
200600059174,6,10,22,1430,1,1,1,1,1,189,4633900,282300,30,3,2,2,0,2,1,0,43,1,0,1,0,0
200600059175,6,10,6,1215,1,2,1,1,7,264,4606400,347800,30,3,1,0,0,0,1,0,0,1,0,1,0,0
200600059177,6,10,8,840,3,1,1,1,7,77,4626500,302500,30,3,2,2,0,2,3,0,50,1,0,3,0,1
200600059178,6,10,20,900,1,1,1,1,5,63,4644300,397900,30,2,3,4,0,1,1,0,74,1,0,1,0,0
200600059181,6,10,31,1500,1,2,1,1,6,122,4471600,219600,150,2,2,2,0,1,1,0,101,1,6,1,0,0
200600059184,6,10,12,945,1,1,1,2,1,19,4530100,239000,150,3,2,2,0,4,2,0,80,2,0,0,0,0
200600059185,6,10,13,1400,1,1,1,1,1,92,4543900,251600,150,3,2,2,0,1,1,0,75,1,0,1,0,0
200600059186,6,10,21,1200,1,2,1,1,2,265,4535100,244000,150,3,2,2,0,0,0,0,55,1,0,1,0,0
200600059187,6,10,22,945,1,1,1,1,6,187,4504800,308400,150,3,2,2,0,2,1,0,78,1,0,1,0,0
200600059188,6,10,20,2015,5,2,9,3,6,138,4511400,287300,150,2,2,2,0,1,1,0,70,2,0,1,0,0
200600059191,6,10,26,1545,1,1,1,1,4,124,4509300,375300,430,3,2,2,0,2,3,0,72,1,5,1,0,0
200600059192,6,10,13,1200,1,1,1,8,6,61,4509000,390000,430,3,2,2,0,0,2,0,58,1,0,1,0,0
200600059193,6,10,15,230,3,1,1,1,7,234,4495800,352600,430,3,2,2,0,1,3,0,60,0,0,3,3,0
200600059194,6,10,16,1430,1,1,1,1,3,176,4499300,369800,430,3,2,2,0,0,1,0,66,1,5,1,0,0
200600059195,6,10,8,2100,3,1,1,1,2,268,4517600,412900,430,2,3,2,0,1,1,0,109,1,0,1,0,0
200600059197,6,10,30,1715,1,1,1,1,1,162,4521700,403000,430,3,2,2,0,3,2,0,68,1,0,1,0,0
200600059198,6,10,15,1345,1,1,1,1,7,127,4534800,418600,430,3,2,1,0,1,2,0,71,1,0,1,0,1
200600059203,6,10,14,1115,1,2,1,1,3,130,4505900,424700,430,3,2,2,0,1,1,0,64,1,0,1,0,0
200600059207,6,10,22,1630,1,1,1,2,7,634,4916900,609200,570,3,2,2,0,2,2,0,65,2,0,3,0,0
200600059208,6,10,17,715,2,1,1,1,1,184,4904900,605600,570,3,2,0,0,1,1,0,69,1,0,1,0,0
200600059209,6,10,26,1500,1,1,1,1,1,515,4904800,602600,570,3,2,2,0,1,2,0,62,1,0,1,0,0
200600059210,6,10,4,1800,1,1,1,1,2,443,4921400,612900,570,2,2,2,0,1,1,75,0,1,0,1,0,0
200600059211,6,10,3,1400,1,1,1,1,6,156,4905600,632000,570,3,2,2,0,3,4,0,70,1,0,3,0,0
200600059215,6,10,2,1630,1,1,1,2,4,523,4912000,630300,570,2,2,2,0,1,1,0,0,2,0,1,0,0
200600059216,6,10,9,1400,1,1,1,1,2,575,4914200,629000,570,3,2,2,0,1,1,0,0,1,0,1,0,0
200600059223,6,10,30,1915,3,1,1,1,1,205,4922200,664800,570,3,2,0,0,3,1,0,78,1,0,3,0,0
200600059226,6,10,3,630,5,2,2,3,3,644,4911600,683600,570,3,2,2,0,0,1,80,0,2,0,1,0,0
200600059227,6,10,5,645,2,2,1,5,6,63,4897200,669400,570,2,2,0,0,0,2,0,60,0,0,1,0,0
200600059228,6,10,6,630,3,1,1,1,3,60,4890700,676500,570,3,2,2,0,2,4,0,68,1,0,1,0,0
200600059229,6,10,9,1100,1,2,1,1,3,177,4880900,671400,570,3,0,2,0,1,1,0,0,1,0,1,0,1
200600059232,6,10,30,2030,5,2,1,1,2,690,4909700,671100,570,3,2,2,0,1,1,0,72,1,0,1,0,0
200600059233,6,10,3,745,1,1,1,3,5,314,4870000,697000,570,2,3,4,0,2,1,40,500,2,0,1,0,0
200600059237,6,10,28,1500,1,2,1,1,6,269,4930400,620500,570,4,2,2,0,1,1,60,0,1,0,1,0,0
200600059243,6,10,27,1745,1,1,1,1,2,27,4889200,612300,540,3,2,2,0,1,1,0,72,1,0,1,0,1
200600059245,6,10,27,2015,2,2,1,1,6,157,4884600,606900,540,2,2,2,0,2,1,0,88,1,0,1,0,0
200600059247,6,10,20,1600,1,2,1,2,1,215,4876300,613400,540,3,2,0,0,0,1,0,0,2,0,1,0,0
200600059248,6,10,14,100,5,2,1,1,6,432,4861100,610000,540,4,2,2,0,1,1,0,65,1,0,0,0,0
200600059253,6,10,16,1730,1,1,1,7,2,109,4855100,618700,540,3,2,2,0,2,1,0,70,1,0,1,0,0
200600059266,6,10,19,1745,1,1,1,1,6,94,4917100,570800,550,3,2,0,0,2,2,0,54,1,0,3,0,0
200600059267,6,10,27,1730,1,1,1,1,3,63,4925800,566700,550,2,2,2,0,1,1,0,70,1,0,3,0,0
200600059268,6,10,1,100,5,2,1,1,6,264,4819100,615100,880,3,2,2,0,2,1,0,40,1,0,3,0,0
200600059275,6,10,25,2015,3,1,1,1,3,454,4825500,653200,880,3,2,2,0,1,1,0,80,1,0,1,0,0
200600059280,6,10,31,2245,5,2,1,2,7,498,4798400,663800,880,4,2,2,0,1,1,0,50,2,0,4,0,0
200600059281,6,10,1,1115,1,2,1,2,6,302,4790600,678000,880,3,2,2,0,2,3,0,69,2,0,3,0,0
200600059282,6,10,9,1730,1,2,1,1,1,188,4787600,679000,880,4,2,2,0,1,1,0,86,1,5,1,0,0
200600059286,6,10,24,1500,1,1,1,6,7,445,4824800,693500,880,3,2,2,0,2,1,0,50,1,0,1,0,0
200600059287,6,10,6,2115,3,1,1,8,6,196,4805900,687800,880,4,2,0,0,1,3,0,0,1,0,3,0,0
200600059291,6,10,1,2230,3,1,1,2,7,28,4836600,761100,670,3,2,2,0,1,2,0,49,2,5,3,0,0
200600059293,6,10,17,1830,2,1,1,1,1,146,4830100,765700,670,3,2,0,0,1,2,0,44,1,0,1,0,0
200600059294,6,10,18,1400,1,1,1,1,6,412,4833000,761500,670,3,2,2,0,1,1,0,48,1,0,3,0,0
200600059295,6,10,21,1840,2,2,1,1,6,28,4837600,759900,670,4,2,2,0,1,1,0,62,1,0,1,0,0
200600059296,6,10,22,1545,1,1,1,1,7,397,4833500,770900,670,4,2,2,0,1,2,0,40,1,2,1,0,1
200600059297,6,10,23,800,2,2,1,8,6,378,4847200,772300,670,3,2,2,0,1,1,75,0,2,0,1,0,0
200600059301,6,10,10,1230,1,1,1,1,3,411,4850100,747400,670,3,2,2,0,1,1,0,71,1,0,1,0,0
200600059303,6,10,27,1745,2,2,1,7,1,98,4854800,742500,670,3,2,2,0,1,1,0,0,1,0,1,0,0
200600059304,6,10,2,1845,2,2,3,5,3,282,4862400,750100,670,2,2,2,0,1,1,0,0,2,5,1,0,0
200600059306,6,10,17,1500,1,2,1,1,1,222,4887800,748700,670,3,2,0,0,2,2,0,63,1,0,1,0,0
200600059307,6,10,18,1700,1,2,1,1,7,222,4887600,747400,670,9,2,2,0,2,3,0,0,1,0,1,0,0
200600059310,6,10,1,2215,3,1,1,3,6,370,4887000,725900,670,3,2,2,0,1,3,0,60,2,0,1,0,0
200600059316,6,10,19,2215,3,2,1,2,2,202,4876000,756700,670,3,2,0,0,4,1,0,0,2,0,1,0,0
200600059320,6,10,28,200,5,2,1,1,6,202,4876200,757500,670,3,2,0,0,0,1,0,0,1,0,1,0,0
200600059323,6,10,20,1245,1,1,1,1,7,542,4866700,751500,670,3,2,0,0,3,4,0,55,1,0,1,0,0
200600059325,6,10,13,1630,1,1,1,1,6,281,4816200,757500,670,3,2,2,1,0,1,0,66,1,0,3,0,1
200600059326,6,10,18,1645,1,1,1,1,1,281,4816600,752400,670,3,2,2,0,1,1,0,64,1,0,1,0,0
200600059327,6,10,27,700,3,1,2,1,3,310,4821400,752800,670,3,2,2,0,1,1,0,63,1,5,1,0,0
200600059329,6,10,31,1900,2,2,1,1,3,281,4816800,754400,670,3,2,2,0,1,1,0,80,1,5,1,0,0
200600059330,6,10,5,1745,1,1,1,1,6,400,4898700,794300,670,3,2,0,0,3,4,0,68,0,0,0,0,1
200600059331,6,10,5,2100,3,2,1,1,1,330,4891900,805200,670,3,0,2,0,0,1,0,0,1,0,1,0,0
200600059332,6,10,28,1500,1,2,1,1,2,463,4889900,810700,670,3,0,0,0,1,1,0,0,1,0,1,0,0
200600059333,6,10,4,800,1,2,1,1,1,487,4891500,784300,670,4,2,2,0,1,2,0,44,1,0,1,0,0
200600059334,6,10,9,1145,1,1,1,1,7,404,4890300,795000,670,3,2,1,0,1,2,0,66,1,0,1,0,0
200600059335,6,10,16,130,1,2,1,1,6,404,4890600,796000,670,3,2,0,0,1,1,0,58,1,0,4,0,0
200600059338,6,10,2,1615,1,2,1,1,2,209,4815500,732100,680,3,2,2,0,1,1,0,0,1,0,1,0,0
200600059339,6,10,8,945,1,1,1,1,3,310,4813700,730100,680,3,2,0,0,1,1,0,70,1,0,1,0,0
200600059340,6,10,25,730,2,1,1,1,1,147,4818700,732400,680,3,2,2,0,1,2,30,34,1,5,1,0,0
200600059341,6,10,30,2145,3,2,1,1,3,365,4806700,731200,680,2,2,0,0,0,1,0,0,1,5,1,0,0
200600059342,6,10,6,1315,1,2,1,1,6,108,4756800,730000,680,4,2,2,0,0,1,0,0,1,0,1,3,0
200600059343,6,10,2,1730,1,2,1,1,6,152,4768000,726700,680,4,2,0,0,1,1,0,70,1,0,4,0,0
200600059345,6,10,15,215,3,1,1,1,6,127,4765700,722200,680,3,2,2,0,2,4,0,80,1,0,3,0,0
200600059346,6,10,19,1430,1,1,1,2,1,128,4756400,724500,680,3,2,2,0,0,2,0,64,2,0,3,0,1
200600059347,6,10,13,115,4,1,6,1,6,315,4787700,724800,680,3,3,0,0,1,3,0,0,1,5,0,0,0
200600059348,6,10,3,2115,5,2,3,1,3,140,4791700,744500,680,3,3,0,0,0,2,0,80,1,0,1,0,0
200600059349,6,10,13,1415,1,1,1,1,6,225,4788200,745100,680,3,2,0,0,1,3,0,0,8,0,1,0,0
200600059351,6,10,29,1645,1,2,1,1,1,41,4788900,754100,680,4,2,2,0,1,4,0,64,1,0,1,0,0
200600059352,6,10,5,1645,1,1,1,7,2,287,4795100,729200,680,3,1,2,0,1,1,0,70,1,3,1,0,1
200600059354,6,10,24,815,1,2,1,8,3,260,4788900,728700,680,4,2,2,0,2,3,0,76,2,0,1,0,0
200600059356,6,10,15,730,2,1,1,5,6,20,4782700,751100,680,3,2,2,0,1,2,0,50,1,0,3,0,0
200600059357,6,10,9,1945,5,1,1,1,3,135,4759500,755100,680,3,2,0,0,1,1,0,118,1,3,1,0,0
200600059358,6,10,20,1330,1,2,1,1,6,126,4756800,752700,680,3,2,0,0,1,1,0,71,1,6,1,3,0
200600059359,6,10,22,1500,1,2,1,1,2,120,4753100,747600,680,3,2,2,0,2,1,0,74,1,0,1,0,0
200600059362,6,10,19,2345,5,1,1,8,3,617,4904200,432300,510,2,2,3,0,0,1,0,121,2,3,1,0,0
200600059366,6,10,12,1745,1,1,1,1,6,555,4871700,428200,510,3,3,2,0,0,0,0,0,9,0,3,0,0
200600059367,6,10,30,1715,2,1,1,1,5,167,4874600,441000,510,2,2,2,0,1,1,0,72,1,0,1,0,0
200600059368,6,10,14,1700,1,2,1,1,7,100,4891900,379000,510,3,2,2,0,1,1,0,70,1,0,1,0,1
200600059369,6,10,9,1815,1,2,1,2,6,459,4880700,340500,510,3,2,2,0,0,1,0,70,2,0,1,0,0
200600059370,6,10,15,1415,1,1,1,1,7,535,4873000,373000,510,3,2,2,0,1,2,0,61,1,0,1,0,0
200600059372,6,10,5,1115,2,1,1,8,7,347,4904800,404700,510,3,0,2,0,1,3,0,0,1,0,1,0,0
200600059377,6,10,11,1815,1,1,1,1,1,352,4872600,463000,510,2,2,2,0,1,1,0,75,1,0,1,0,0
200600059378,6,10,9,2030,3,1,1,1,6,288,4867400,478000,510,2,3,4,0,1,1,30,70,1,0,1,0,0
200600059379,6,10,14,1215,1,1,1,7,3,95,4876200,475200,510,3,2,2,0,1,1,0,160,1,5,1,0,1
200600059381,6,10,3,1030,1,1,1,3,6,138,4902200,488300,510,3,2,2,0,2,3,0,68,8,0,3,0,0
200600059382,6,10,15,1645,1,1,1,1,3,507,4911200,491900,510,3,2,1,0,1,1,0,50,1,0,1,0,0
200600059385,6,10,6,1330,1,1,1,2,3,218,4985700,483300,80,3,2,2,0,2,1,0,0,2,0,1,0,0
200600059386,6,10,21,1500,1,1,9,1,7,283,4959200,459300,80,3,2,2,0,1,2,0,60,1,0,3,0,0
200600059387,6,10,15,1015,1,1,1,7,6,318,4993500,423100,80,3,2,2,0,1,4,0,52,0,0,3,0,0
200600059388,6,10,1,1345,1,1,1,1,7,477,4963500,502900,80,3,2,2,0,1,4,0,62,1,0,0,0,0
200600059389,6,10,18,1730,1,2,1,1,6,179,4970400,505200,80,9,2,2,0,1,1,0,50,1,0,1,0,0
200600059390,6,10,4,1630,1,1,1,3,1,191,4974000,500900,80,3,2,0,0,2,3,0,80,2,0,1,0,1
200600059391,6,10,6,2030,3,1,1,1,6,197,4930300,485100,80,3,0,2,0,1,2,0,0,1,0,1,0,0
200600059396,6,10,3,1815,1,2,1,3,1,340,4825600,402800,100,2,2,2,0,1,1,0,78,2,0,1,0,0
200600059398,6,10,14,1500,1,1,1,1,3,287,4837400,434400,100,3,3,0,0,1,1,0,80,1,0,1,0,0
200600059399,6,10,31,2145,3,1,1,1,7,238,4824600,437100,100,3,2,2,0,2,2,0,76,1,0,1,0,0
200600059405,6,10,15,2215,3,1,1,1,6,419,4816700,486300,520,3,2,1,0,1,1,0,56,1,0,1,0,0
200600059406,6,10,29,1700,1,1,1,2,6,37,4790300,539100,520,3,2,0,0,1,1,0,70,2,0,1,0,0
200600059409,6,10,22,430,3,1,1,1,7,145,4768900,541400,520,3,2,2,0,1,1,0,40,1,0,1,0,0
200600059412,6,10,5,1730,1,2,1,1,1,38,4719800,539100,210,4,2,0,0,1,1,0,70,1,0,1,3,0
200600059414,6,10,26,1750,1,2,1,1,3,138,4718900,530300,210,4,2,0,0,0,2,0,0,9,0,3,0,0
200600059415,6,10,5,830,2,1,1,5,1,5,4716700,517300,210,3,2,2,0,1,1,0,0,2,0,1,0,0
200600059416,6,10,19,800,2,1,3,2,1,261,4726200,514800,210,3,2,2,0,0,1,0,80,2,0,1,0,0
200600059418,6,10,26,1200,1,2,9,1,3,496,4731400,541000,210,3,2,0,0,1,1,0,0,1,5,1,0,0
200600059419,6,10,5,830,2,1,1,5,1,421,4754700,492900,210,3,2,2,0,1,4,0,41,9,0,1,0,0
200600059423,6,10,6,2045,3,1,1,1,2,558,4698400,488500,210,3,2,0,0,1,1,0,66,1,0,1,0,0
200600059424,6,10,10,1900,2,1,1,1,3,347,4699400,487300,210,3,2,2,0,3,1,0,72,1,0,1,0,0
200600059425,6,10,20,1200,1,2,1,2,3,37,4699000,474400,210,3,2,0,0,1,1,76,0,2,0,1,0,1
200600059426,6,10,22,1430,1,1,1,1,1,387,4700800,494900,210,3,2,2,0,1,1,0,55,1,0,1,0,0
200600059427,6,10,1,1530,1,1,1,1,6,715,4707700,436400,210,4,2,1,0,0,2,0,36,1,2,3,0,1
200600059437,6,10,30,1730,2,1,1,1,1,63,4706800,392900,580,3,2,3,0,2,1,0,116,1,0,1,0,0
200600059441,6,10,22,400,3,1,1,2,7,371,4635800,470400,710,3,2,2,0,1,1,0,0,2,0,1,0,0
200600059445,6,10,31,1845,3,1,1,1,6,407,4683600,411000,710,3,2,2,0,2,1,0,68,1,0,1,0,0
200600059448,6,10,27,1845,2,2,9,1,1,216,4667200,460300,710,3,2,2,0,2,1,0,55,1,0,1,0,1
200600059449,6,10,20,1630,1,1,1,1,5,26,4667700,487300,710,2,2,3,0,0,1,0,200,1,0,1,0,0
200600059450,6,10,20,700,3,1,1,1,3,423,4692800,494600,710,3,2,2,0,1,1,0,74,1,0,1,0,0
200600059452,6,10,12,1300,1,2,3,1,5,176,4650400,401400,710,3,2,3,0,1,1,0,0,1,0,1,0,0
200600059453,6,10,18,1115,1,2,6,1,6,176,4649200,399400,710,4,0,2,1,1,1,20,90,1,0,5,0,0
200600059461,6,10,27,1430,1,1,1,1,6,370,4652900,404200,710,3,2,0,0,1,1,0,0,1,5,1,0,0
200600059464,6,10,19,800,1,1,1,2,6,295,4681200,518200,710,3,2,2,0,1,2,0,68,2,0,3,0,0
200600059468,6,10,15,600,3,1,1,5,7,252,4763100,349400,890,2,2,2,0,1,3,0,73,1,0,0,0,1
200600059471,6,10,15,815,1,2,1,1,6,169,4795200,388700,890,3,2,2,0,1,1,0,76,1,0,3,0,0
200600059474,6,10,3,1230,1,1,1,3,1,382,4788600,359800,890,3,2,2,0,2,2,73,0,2,0,1,0,1
200600059475,6,10,5,1545,1,1,1,1,1,268,4795900,361300,890,3,2,2,0,3,1,0,0,1,5,1,0,0
200600059476,6,10,22,530,3,1,1,1,6,382,4788500,359800,890,3,2,2,0,2,1,0,73,1,0,1,0,0
200600059481,6,10,16,1615,1,2,1,1,6,206,4798400,339600,890,2,2,2,0,1,1,0,180,0,0,4,0,0
200600059484,6,10,17,1530,1,1,1,1,1,85,4794100,350200,890,2,2,2,0,1,1,90,84,1,5,1,0,1
200600059486,6,10,8,1430,1,1,1,1,3,308,4819400,344600,890,2,2,2,0,1,1,0,71,1,0,1,0,0
200600059491,6,10,26,715,2,1,1,1,3,466,4818200,319100,890,3,2,2,0,1,1,0,0,1,0,1,0,0
200600059499,6,10,20,2300,3,1,1,1,2,422,4739400,673000,250,3,2,0,0,1,1,0,65,1,0,1,0,0
200600059500,6,10,8,1200,1,1,1,1,6,453,4722300,655100,250,3,2,0,0,1,1,0,70,1,0,1,0,0
200600059501,6,10,24,530,5,2,1,1,6,349,4715600,649400,250,3,2,2,0,2,2,0,71,1,0,4,0,0
200600059507,6,10,28,815,1,1,1,1,3,434,4684200,568300,390,2,2,0,0,0,1,0,120,1,0,1,0,0
200600059513,6,10,16,445,3,1,1,1,6,405,4748500,610300,700,2,2,2,0,1,1,0,107,1,0,1,0,0
200600059514,6,10,7,1345,1,2,9,1,6,385,4772500,655400,700,3,2,2,0,1,1,0,40,1,0,1,0,0
200600059519,6,10,3,1700,1,2,1,1,6,294,4775300,649400,700,3,2,2,0,1,1,0,53,2,0,1,0,0
200600059525,6,10,31,1515,1,1,1,1,6,57,4771600,681900,900,3,2,2,0,1,1,0,64,1,0,3,0,1
200600059529,6,10,21,1400,1,1,1,1,6,169,4448400,476700,260,1,1,3,0,1,1,0,0,1,0,1,0,0
200600059532,6,10,23,2045,5,2,1,2,2,41,4344300,546600,130,3,2,2,0,1,2,69,0,2,0,1,0,0
200600059533,6,10,5,1730,1,1,1,1,1,48,4362200,568300,130,3,2,0,0,0,1,0,53,1,0,1,0,0
200600059534,6,10,15,45,3,1,6,1,6,59,4365000,549300,130,3,2,0,2,0,1,0,100,1,5,1,0,1
200600059535,6,10,6,1615,1,2,1,1,6,15,4346100,540900,130,4,2,2,0,1,1,45,0,1,0,1,0,0
200600059536,6,10,4,1800,1,1,6,1,3,19,4342700,536800,130,3,1,2,0,1,2,0,0,1,5,1,0,0
200600059540,6,10,15,1500,1,1,1,1,6,4,4365100,466300,130,9,2,1,0,1,1,0,31,1,0,3,0,0
200600059541,6,10,15,1745,1,1,6,1,3,27,4388200,483500,130,3,4,0,0,1,1,300,50,1,5,1,0,0
200600059547,6,10,4,2100,5,2,1,1,3,97,4364300,482000,130,2,2,2,0,1,1,0,70,1,5,1,0,0
200600059550,6,10,27,1900,2,1,1,1,3,97,4367200,477300,130,3,2,2,0,1,1,0,62,1,0,1,0,0
200600059558,6,10,5,1900,3,2,1,1,6,14,4353200,509100,130,3,2,2,0,1,4,0,70,1,0,3,0,0
200600059561,6,10,4,1240,1,1,1,1,6,105,4374500,510600,130,2,2,3,0,0,1,30,95,1,0,3,0,1
200600059566,6,10,17,1,1,1,1,1,4,110,4404200,611800,40,2,2,2,0,1,1,68,0,1,0,1,0,1
200600059573,6,10,29,945,3,1,1,1,6,154,4451800,636700,40,3,2,2,0,2,2,0,0,1,0,3,0,0
200600059574,6,10,8,1200,1,1,1,1,3,171,4374000,639000,40,3,2,2,0,2,3,0,65,1,0,1,0,0
200600059575,6,10,29,1030,1,1,1,1,7,148,4381900,659800,40,2,2,2,0,2,2,0,72,1,0,3,0,0
200600059579,6,10,7,945,1,1,8,1,1,123,4428900,584600,40,2,2,2,0,2,1,0,67,2,4,1,0,1
200600059581,6,10,22,2345,5,2,1,1,7,103,4429600,589800,50,3,2,2,0,2,3,0,70,1,0,4,0,0
200600059582,6,10,13,1930,3,1,1,1,1,170,4445400,603500,50,3,2,0,1,1,1,0,104,1,0,1,0,0
200600059584,6,10,9,2000,3,1,1,1,1,17,4456600,619900,50,2,2,2,0,1,2,0,75,1,5,1,0,0
200600059586,6,10,29,1515,1,1,1,1,1,40,4455000,625000,50,2,2,2,0,0,1,0,0,1,0,1,0,1
200600059591,6,10,23,15,5,2,1,1,3,11,4370600,732800,60,3,2,2,0,1,0,0,0,1,5,1,0,0
200600059593,6,10,4,930,1,1,1,1,1,161,4364000,711300,60,3,2,3,0,3,3,0,0,1,0,1,0,0
200600059602,6,10,10,800,1,1,1,1,5,128,4368500,713000,60,3,2,3,0,0,1,0,106,1,0,1,0,0
200600059603,6,10,26,1130,5,2,7,1,3,157,4372600,711200,60,4,2,0,0,1,1,0,86,1,0,1,0,0
200600059607,6,10,13,1115,1,1,1,1,2,33,4380200,719900,60,3,2,4,0,1,1,0,138,1,0,1,0,0
200600059612,6,10,3,1815,1,1,1,1,6,78,4392000,717200,60,3,2,0,0,1,1,0,71,2,0,0,0,0
200600059613,6,10,8,1215,1,1,1,1,1,22,4382100,713000,60,3,2,2,0,2,3,0,58,1,0,1,0,0
200600059614,6,10,1,900,1,1,1,1,6,111,4412700,709100,60,3,2,2,0,1,3,0,70,1,0,3,0,0
200600059618,6,10,27,1900,3,1,1,1,2,7,4364700,618900,830,3,2,0,0,2,1,0,60,1,0,1,0,0
200600059626,6,10,16,930,1,2,3,1,3,140,4340100,591800,830,4,2,1,0,1,1,0,50,1,0,1,0,0
200600059627,6,10,28,1345,1,1,1,1,6,116,4346900,585800,830,4,2,0,0,1,2,0,80,1,0,1,0,0
200600059630,6,10,17,1715,1,2,1,1,6,107,4334700,668700,830,3,2,2,0,1,1,10,120,1,0,1,0,1
200600059639,6,10,8,1700,1,1,1,1,1,65,4326600,660300,830,3,2,0,0,1,3,0,62,1,0,1,0,0
200600059640,6,10,17,700,2,1,1,1,1,65,4324000,661100,830,3,2,0,0,1,1,0,0,1,5,1,3,0
200600059645,6,10,20,1300,1,2,1,1,3,47,4314900,606700,830,3,2,2,0,1,3,0,58,1,0,1,0,0
200600059648,6,10,14,315,5,1,1,1,6,70,4315000,639500,830,3,2,2,0,0,3,0,67,1,0,4,0,1
200600059657,6,10,7,2045,5,1,1,1,3,92,4398800,488000,840,5,1,0,0,1,1,70,0,1,0,1,0,0
200600059659,6,10,30,1245,1,2,1,1,5,129,4399400,489400,840,3,3,2,0,2,1,0,60,1,0,0,0,0
200600059664,6,10,1,600,3,2,1,1,6,63,4426800,467800,840,3,2,2,0,1,1,0,0,1,0,3,3,1
200600059665,6,10,4,1345,1,1,1,1,1,19,4429600,476300,840,3,2,1,0,1,4,0,45,1,0,1,0,0
200600059667,6,10,9,1600,1,1,1,1,3,19,4430500,475000,840,3,3,0,0,1,1,0,0,1,0,1,0,0
200600059668,6,10,16,1815,1,1,1,1,6,138,4437400,495300,840,3,2,2,0,1,1,0,50,1,0,1,0,0
200600059670,6,10,5,645,2,2,1,1,1,22,4366700,403100,340,2,2,2,3,1,3,0,80,1,0,1,0,0
200600059671,6,10,1,1200,1,1,1,1,3,111,4394900,371400,340,3,2,2,0,2,2,0,68,2,0,1,0,1
200600059672,6,10,3,1700,1,2,1,7,3,344,4356700,408400,340,4,2,3,0,1,1,0,105,1,0,1,0,0
200600059676,6,10,15,1715,5,2,1,1,3,33,4375900,407300,340,2,2,2,0,1,1,0,0,1,0,1,0,0
200600059680,6,10,10,1600,1,1,1,1,7,342,4375700,375700,340,3,2,1,0,1,1,0,75,1,0,3,0,0
200600059685,6,10,7,1700,1,2,1,1,3,92,4335900,294200,340,3,2,2,0,2,1,0,80,1,0,1,0,0