Num_Acc,an,mois,jour,hrmn,lum,agg,int,atm,col,com,lat,long,dep,catr,circ,nbv,vosp,prof,plan,lartpc,larrout,surf,infra,situ,env1,killed
200600059687,6,10,14,1845,1,2,3,1,3,245,4342600,294900,340,4,1,1,0,1,1,0,43,1,0,1,0,0
200600059689,6,10,20,1930,2,1,1,1,1,199,4347400,343200,340,2,2,2,0,1,2,0,0,1,0,1,0,0
200600059690,6,10,31,1345,1,1,1,1,1,199,4343900,341600,340,3,2,0,0,0,1,0,0,1,3,1,0,0
200600059691,6,10,31,1115,1,1,1,1,7,326,4339200,276100,340,3,2,2,0,1,2,0,75,1,0,1,0,0
200600059693,6,10,16,1130,1,1,1,1,1,300,4339300,331600,340,2,2,3,3,1,1,0,95,1,0,1,0,0
200600059694,6,10,18,1600,1,1,3,3,3,147,4347000,322900,340,4,2,0,0,1,1,0,60,2,0,0,0,0
200600059695,6,10,29,930,1,1,1,1,7,168,4355200,328700,340,3,2,2,0,2,4,0,40,1,0,1,0,0
200600059697,6,10,23,830,1,1,1,1,7,299,4329700,329200,340,3,2,0,0,0,1,0,80,1,0,1,0,0
200600059698,6,10,28,1645,1,2,3,1,3,299,4328900,328400,340,3,2,3,0,1,1,0,98,1,0,1,0,0
200600059700,6,10,14,1100,1,2,1,1,6,194,4354500,346400,340,9,1,1,0,1,1,0,45,1,0,1,0,0
200600059706,6,10,1,1115,1,2,1,1,6,157,4343000,360900,340,4,1,0,0,1,1,0,0,1,0,1,0,0
200600059707,6,10,13,900,1,1,1,7,6,157,4346000,354500,340,3,2,2,0,2,3,0,0,2,0,3,0,0
200600059708,6,10,5,2245,3,1,1,1,6,99,4329400,235700,110,3,2,2,0,2,1,0,65,1,0,3,0,0
200600059718,6,10,25,1445,1,1,1,1,1,358,4283300,221800,110,3,2,2,0,1,1,0,76,1,0,1,0,1
200600059731,6,10,21,1045,1,2,1,1,6,39,4388600,450100,300,2,2,2,0,1,1,0,0,1,0,1,0,0
200600059734,6,10,28,1145,1,1,1,8,1,20,4376500,431100,300,3,2,2,0,1,3,0,55,2,0,1,0,0
200600059735,6,10,29,1645,1,1,1,1,6,20,4375100,430200,300,3,2,2,0,1,1,0,102,1,0,1,0,1
200600059736,6,10,7,1400,1,1,1,1,2,10,4404300,398800,300,3,2,2,0,3,2,0,60,1,0,1,0,0
200600059737,6,10,21,1645,1,2,1,1,1,269,4411300,388200,300,3,2,2,0,2,2,0,82,1,0,1,0,0
200600059739,6,10,15,1815,1,1,1,1,6,223,4421100,414300,300,3,2,3,0,1,1,0,100,1,0,3,0,1
200600059741,6,10,30,745,1,1,1,1,1,284,4417000,408500,300,3,2,2,0,1,1,0,70,1,0,1,0,0
200600059742,6,10,1,1330,1,1,1,1,1,46,4399600,419100,300,2,2,2,0,1,1,0,70,0,0,1,0,1
200600059743,6,10,7,145,3,1,1,1,6,147,4402500,405700,300,3,2,0,0,1,2,0,92,1,0,1,0,0
200600059744,6,10,7,45,3,2,1,1,6,348,4405600,414100,300,9,0,2,0,3,3,0,0,1,0,1,0,0
200600059749,6,10,4,1315,1,1,1,1,3,212,4395300,456000,300,3,2,2,0,1,2,0,61,1,0,1,0,0
200600059750,6,10,12,1845,1,1,1,1,3,73,4395900,455400,300,3,2,0,0,0,1,0,70,1,0,1,0,0
200600059751,6,10,13,1530,1,1,1,1,6,346,4397200,450900,300,3,2,0,0,1,1,0,114,1,0,1,0,1
200600059756,6,10,3,915,1,2,1,1,6,12,4389000,468000,300,4,2,2,0,1,1,0,63,1,0,1,0,1
200600059761,6,10,27,1930,3,1,1,1,1,310,4411900,377300,300,3,2,2,0,1,1,0,0,1,0,1,0,0
200600059762,6,10,1,1130,1,1,1,2,1,148,4389100,402000,300,3,2,1,0,0,3,0,65,2,0,1,0,1
200600059770,6,10,27,745,2,1,1,1,1,65,4260600,296200,660,3,2,2,0,1,1,0,69,1,5,1,0,1
200600059776,6,10,14,345,3,1,1,1,6,217,4261600,281900,660,3,2,2,0,0,1,0,64,1,0,1,0,0
200600059779,6,10,16,1015,1,1,1,1,3,24,4252200,284100,660,3,2,0,0,1,1,0,44,1,0,1,0,0
200600059782,6,10,27,1415,1,1,1,1,2,230,4265300,252900,660,2,2,3,0,1,1,0,70,1,0,1,0,0
200600059790,6,10,16,830,1,1,6,1,1,332,4265100,909900,202,2,2,2,0,1,1,35,70,1,5,1,0,0
200600059795,6,10,21,1000,1,1,1,1,7,143,4222400,953800,202,2,2,2,0,2,1,0,73,1,0,1,0,0
200600059796,6,10,2,15,1,2,3,1,3,346,4250500,946600,202,2,2,2,0,1,1,0,58,1,0,1,0,0
200600059797,6,10,3,1830,2,1,1,1,6,320,4903300,155300,780,2,2,0,0,2,3,0,0,1,0,3,0,0
200600059801,6,10,26,2230,3,1,1,1,6,30,4866200,190500,780,3,2,2,0,1,3,0,0,1,0,1,0,0
200600059802,6,10,28,1715,1,1,1,7,3,655,4865800,188500,780,3,2,0,0,1,1,0,0,1,0,1,0,1
200600059808,6,10,4,1315,1,2,1,1,7,200,4853700,201100,910,9,2,2,0,1,2,0,48,1,2,1,0,0
200600059809,6,10,8,1800,1,1,1,1,6,519,4848900,198500,910,3,2,0,0,0,1,0,60,1,0,1,0,0
200600059810,6,10,25,800,3,2,1,2,3,47,4848700,235200,910,3,3,1,0,1,2,0,0,2,5,1,0,0
200600059825,6,10,2,145,3,1,1,8,7,317,4860400,286900,770,3,2,0,0,0,1,0,70,1,0,1,0,0
200600059826,6,10,11,745,2,1,1,1,7,377,4871600,269700,770,3,3,0,0,1,1,0,75,1,0,3,0,1
200600059828,6,10,18,1230,1,2,1,1,1,142,4887100,287000,770,3,2,1,0,3,3,0,50,2,0,1,0,1
200600059829,6,10,11,430,5,1,1,1,7,182,4878900,328000,770,2,2,0,0,1,1,0,0,1,0,1,0,0
200600059830,6,10,18,915,1,2,1,1,7,240,4879700,327500,770,3,2,0,0,0,3,0,60,2,0,1,0,0
200600059832,6,10,19,525,3,1,1,9,2,415,4895600,305800,770,2,2,2,0,2,2,70,0,2,0,3,0,0
200600059833,6,10,27,830,1,1,1,5,1,440,4895300,306800,770,2,0,2,0,2,1,0,70,2,5,1,0,0
200600059834,6,10,30,1800,3,1,1,1,3,406,4885100,320400,770,3,2,2,0,2,1,0,0,2,0,1,0,0
200600059835,6,10,18,715,5,2,1,1,6,365,4872200,303900,770,3,2,2,0,1,1,123,76,2,0,3,0,0
200600059836,6,10,3,1830,1,1,1,2,1,46,4826900,244200,770,3,2,2,0,1,1,0,65,2,0,1,0,0
200600059839,6,10,14,1300,1,1,1,1,7,329,4825700,280800,770,3,2,2,0,1,3,0,0,1,0,1,0,0
200600059840,6,10,4,1630,1,2,1,8,3,420,4906600,215400,770,4,2,2,0,1,1,5,50,1,0,1,0,0
200600059841,6,10,4,815,1,1,9,1,2,474,4859000,237000,770,2,2,2,3,1,1,0,80,1,0,1,0,0
200600059842,6,10,15,1030,5,2,1,1,6,382,4849600,246300,770,4,2,2,0,1,3,0,70,1,0,1,0,0
200600059843,6,10,16,1415,1,1,2,1,3,232,4853100,234600,770,3,2,2,0,1,1,0,70,1,2,1,0,0
200600059844,6,10,17,1630,1,2,1,1,6,315,4847400,238500,770,2,2,0,0,1,1,0,90,1,0,1,0,0
200600059846,6,10,30,730,2,1,2,1,3,364,4901400,228300,770,3,2,2,0,1,1,0,78,1,0,1,0,0
200600059847,6,10,4,1915,3,1,1,1,7,246,4858400,337300,770,3,2,2,0,1,1,0,60,1,0,1,0,0
200600059848,6,10,8,815,1,1,1,1,6,239,4869500,315200,770,2,2,0,0,0,0,0,0,1,0,1,0,0
200600059849,6,10,16,715,2,1,1,1,4,239,4868100,311500,770,3,2,2,0,0,1,0,69,1,0,1,0,0
200600059851,6,10,23,900,1,1,1,2,1,227,4850600,333900,770,3,2,2,0,2,2,0,58,8,0,1,0,0
200600059859,6,10,8,2045,3,1,1,1,7,231,4815100,199200,450,3,2,2,0,0,0,0,60,2,0,1,0,0
200600059860,6,10,12,1700,1,2,1,1,6,195,4810100,219200,450,3,2,2,0,1,1,0,0,1,0,3,0,0
200600059861,6,10,25,1315,1,1,1,1,1,47,4811900,225600,450,3,2,2,0,1,1,0,62,1,0,1,0,0
200600059874,6,10,15,1930,3,1,1,8,7,145,4813000,281000,450,3,2,2,0,1,2,0,57,1,0,3,0,0
200600059875,6,10,22,1115,1,2,1,1,3,145,4811300,279000,450,4,0,0,0,1,3,0,40,1,0,1,0,0
200600059882,6,10,1,1545,1,1,1,1,3,82,4698600,304500,180,3,2,2,0,3,3,0,71,1,0,1,0,0
200600059884,6,10,29,130,3,1,1,5,3,48,4689700,294900,180,3,2,2,0,4,1,0,65,2,0,1,0,0
200600059886,6,10,6,1615,3,1,1,8,3,11,4759500,241200,180,3,2,0,0,1,1,0,70,1,0,1,0,0
200600059887,6,10,15,45,5,2,1,1,7,30,4753700,253100,180,3,2,2,0,1,2,0,65,1,2,4,0,0
200600059890,6,10,11,1415,1,2,1,2,3,207,4699900,224500,180,4,2,0,0,1,1,0,0,2,0,1,0,0
200600059891,6,10,2,1445,1,1,1,8,6,229,4724400,242600,180,3,2,2,0,3,1,0,72,1,0,1,0,1
200600059892,6,10,16,835,2,1,1,5,4,48,4831800,142800,280,2,2,4,0,0,1,0,128,1,0,1,0,0
200600059893,6,10,28,2245,3,1,1,1,6,201,4852300,153800,280,3,2,2,0,2,2,0,52,1,0,1,0,0
200600059898,6,10,4,1915,5,2,1,1,1,92,4836300,188400,280,3,2,0,0,0,3,0,58,1,0,1,0,0
200600059901,6,10,17,900,2,1,2,5,3,13,4843000,178000,280,3,2,0,0,1,3,0,70,1,5,1,0,0
200600059905,6,10,27,130,3,1,1,1,7,421,4839800,172200,280,3,2,2,0,1,1,0,68,1,0,3,0,1
200600059906,6,10,27,1045,1,2,1,1,2,88,4807500,133700,280,4,2,1,0,1,1,0,0,1,0,1,0,0
200600059907,6,10,6,2015,3,1,1,3,7,370,4825700,130900,280,3,2,2,0,1,2,0,0,2,0,0,0,1
200600059913,6,10,10,745,2,2,1,5,7,98,4877300,140400,280,3,2,2,0,1,1,0,55,2,0,1,0,1
200600059915,6,10,18,730,3,1,1,1,1,46,4865500,91200,280,3,2,2,0,1,1,66,0,2,0,1,0,1
200600059916,6,10,3,930,1,1,1,1,7,226,4864900,118300,280,3,2,2,0,1,3,75,0,2,0,1,0,0
200600059918,6,10,6,1500,1,1,1,2,6,18,4821800,88200,280,3,2,2,0,2,3,0,65,2,0,3,0,0
200600059924,6,10,14,145,3,2,1,1,7,31,4690000,142100,360,4,0,1,0,0,1,0,22,1,0,0,0,1
200600059926,6,10,22,345,4,2,1,1,1,45,4699400,117000,360,3,2,0,0,1,1,0,80,1,0,1,0,0
200600059927,6,10,5,730,2,2,6,1,3,229,4721700,160600,360,3,1,1,0,3,2,0,69,1,0,1,0,0
200600059929,6,10,11,1615,1,2,1,1,1,123,4682400,120800,360,9,2,0,0,1,2,0,63,2,0,1,0,0
200600059930,6,10,15,1830,1,1,1,1,6,145,4689400,105400,360,4,2,2,0,1,1,0,60,9,0,3,0,1
200600059932,6,10,8,1730,1,1,1,1,7,81,4651600,159900,360,3,2,2,0,2,3,0,35,9,0,1,0,0
200600059938,6,10,20,300,3,2,1,1,6,109,4739400,60400,370,3,2,2,0,1,1,0,69,1,0,1,0,0
200600059942,6,10,2,830,1,1,1,1,1,67,4725900,45600,370,3,2,0,0,1,1,0,74,1,0,1,0,1
200600059943,6,10,26,755,3,1,1,1,7,14,4727900,40900,370,3,2,2,0,1,1,42,0,1,0,3,0,0
200600059944,6,10,17,1700,1,1,1,1,1,190,4700100,55300,370,4,0,0,0,3,2,0,40,1,0,0,0,1
200600059945,6,10,19,1600,1,1,1,1,5,39,4703900,109700,370,3,2,0,0,1,1,0,72,2,0,1,0,0
200600059946,6,10,20,800,2,1,1,2,5,49,4717200,98200,370,2,2,2,0,0,1,0,74,2,0,1,0,0
200600059947,6,10,27,600,3,1,1,5,3,130,4706100,84800,370,3,2,2,0,1,1,0,61,2,0,1,0,0
200600059948,6,10,5,845,1,1,2,1,5,211,4725000,75700,370,3,2,2,0,1,1,0,63,1,0,1,0,0
200600059951,6,10,14,1615,1,2,1,1,1,149,4775600,86300,410,3,2,0,0,1,1,0,0,1,0,1,3,0
200600059953,6,10,13,1700,1,2,2,1,1,171,4782500,129300,410,3,2,2,0,1,1,0,0,1,0,1,0,0
200600059954,6,10,13,745,2,2,1,1,3,243,4776200,119300,410,3,2,2,0,4,1,0,63,1,5,1,0,0
200600059957,6,10,6,1100,1,2,1,1,3,274,4802400,372000,290,4,2,2,0,1,1,0,80,1,5,1,0,0
200600059960,6,10,22,1,5,2,1,1,1,116,4916100,232600,950,9,2,2,0,1,1,0,95,1,0,1,0,0
200600059964,6,10,2,1915,1,2,1,1,1,65,4482100,50300,330,4,2,0,0,0,3,50,0,1,0,1,0,0
200600059965,6,10,3,1230,1,2,6,1,7,234,4478600,49400,330,3,2,0,0,4,1,0,56,1,0,0,0,0
200600059967,6,10,7,1730,1,1,1,1,5,254,4706100,323100,580,3,2,0,0,2,1,0,0,1,0,1,0,0
200600059970,6,10,12,1630,1,1,1,1,1,40,4348200,554200,130,3,2,2,3,1,3,0,70,1,0,1,0,0
200600059971,6,10,14,245,5,2,1,1,6,195,4414000,34200,470,3,2,2,0,1,2,0,70,1,0,4,0,0
200600059972,6,10,23,1845,1,1,1,7,2,211,4405400,23100,470,3,2,2,0,1,1,0,63,1,0,1,0,0
200600059973,6,10,13,2115,3,1,1,1,3,202,4288700,304700,110,3,4,0,3,1,1,9,128,1,5,1,0,0
200600059974,6,10,5,1745,1,2,1,1,3,270,4357400,385100,340,2,2,2,0,0,1,0,90,1,0,1,0,0
200600059976,6,10,9,1845,2,1,1,8,7,220,4321600,253900,110,3,2,2,0,1,1,0,53,1,0,3,0,0
200600059979,6,10,2,1315,1,1,1,2,6,111,4861900,212400,910,1,3,4,0,0,1,6,340,2,0,1,0,1
200600059980,6,10,21,430,3,1,1,1,4,564,4852100,190800,780,1,3,3,0,3,2,24,270,1,1,2,0,1
200600059981,6,10,23,1015,1,1,1,1,3,17,4860200,205200,910,1,3,4,0,1,2,24,340,1,0,1,0,0
200600059982,6,10,30,940,1,1,1,1,6,363,4838500,189100,280,1,3,3,0,0,1,24,270,1,0,3,0,0
200600059985,6,10,28,1130,1,1,1,1,5,43,4837000,425000,290,2,2,2,0,1,3,27,71,1,0,1,0,0
200600059986,6,10,5,1845,1,2,1,1,1,5,4473900,107500,330,4,2,0,0,0,1,0,0,1,0,1,0,0
200600060000,6,10,10,1355,1,1,1,1,6,170,4692900,482000,710,1,3,0,3,1,1,20,105,1,0,1,0,0
200600060008,6,10,3,2045,3,1,1,1,5,4,4344700,648400,830,1,3,3,0,1,1,20,105,1,0,1,0,0
200600060009,6,10,19,1200,1,1,1,3,7,130,4319500,603700,830,1,3,2,0,1,3,10,100,2,0,1,0,0
200600060022,6,10,8,530,3,1,9,1,2,13,4603600,472600,690,1,1,2,0,1,1,5,60,1,0,1,0,0
200600060023,6,10,23,1130,1,1,1,1,3,77,4615600,477100,690,1,3,3,0,1,1,10,105,1,0,1,0,0
200600060027,6,10,10,1830,1,1,1,1,7,555,4954800,123900,760,1,3,2,3,1,1,0,72,1,0,3,0,0
200600060028,6,10,14,1515,1,1,1,1,6,547,4955800,125500,760,1,1,2,0,1,1,10,70,1,0,1,0,0
200600060030,6,10,10,900,1,2,1,1,6,467,4371000,139000,310,9,2,2,0,1,2,0,0,1,0,1,3,0
200600060031,6,10,18,1545,1,2,1,1,1,364,4372300,148500,310,4,2,2,0,1,0,0,53,1,0,1,0,0
200600060032,6,10,22,2315,5,2,1,1,2,116,4369600,143400,310,9,2,2,0,1,1,0,60,1,0,1,0,0
200600060035,6,10,5,900,1,1,2,1,3,110,4732500,104400,370,3,2,2,0,4,3,0,77,1,0,1,0,1
200600060037,6,10,25,1645,1,1,1,1,6,75,4728000,92900,370,3,2,2,0,1,1,0,40,1,0,3,0,0
200600060042,6,10,28,215,3,2,1,1,6,114,4355000,532000,130,3,2,2,0,1,1,10,70,1,0,3,0,0
200600060043,6,10,28,300,3,2,1,1,7,114,4355100,531100,130,3,2,2,0,1,1,10,60,1,0,1,0,0
200600060049,6,10,20,2215,3,1,1,3,3,368,4537400,549600,380,1,1,2,3,4,3,10,100,2,2,1,0,0
200600060056,6,10,6,900,1,1,1,2,1,149,4845300,454900,290,3,2,2,0,1,3,0,68,8,0,1,0,1
200600060057,6,10,20,630,3,1,1,2,1,69,4840400,457000,290,4,2,2,0,1,1,0,72,2,0,1,0,0
200600060060,6,10,7,2115,3,1,1,1,2,54,4550000,326000,630,1,3,2,0,4,2,72,100,1,0,1,0,0
200600060062,6,10,8,1615,1,1,1,1,7,571,4916900,419700,510,1,3,2,0,0,1,35,70,1,0,3,0,0
200600060071,6,10,19,1515,1,1,1,2,6,88,4369100,719600,60,1,3,2,0,0,2,0,0,2,1,1,0,0
200600060075,6,10,6,1500,1,1,1,1,2,503,4532200,594300,380,1,1,2,0,1,1,30,100,1,0,1,0,0
200600060080,6,10,11,1700,1,1,1,1,3,1,4351800,543400,130,1,1,3,0,1,1,15,105,1,0,1,0,0
200600060081,6,10,31,1515,1,1,1,1,4,1,4351600,546000,130,1,1,3,0,1,1,15,105,1,0,1,0,0
200600060084,6,10,17,745,1,1,1,1,6,354,4737000,635000,250,1,0,2,0,2,1,0,0,1,0,0,0,0
200600060085,6,10,29,905,1,1,1,1,6,527,4720000,580000,250,1,3,3,0,0,1,30,100,2,0,3,0,0
200600060102,6,10,24,630,3,1,1,6,6,116,4543800,60400,170,1,3,2,0,0,1,10,70,1,0,3,0,0
200600060105,6,10,17,1730,1,1,1,1,3,206,4853500,296800,220,3,2,0,0,1,1,0,70,1,3,1,0,0
200600060107,6,10,9,1800,1,1,1,1,3,362,4170700,935400,201,2,2,2,0,1,1,0,76,1,0,1,0,0
200600060110,6,10,24,1300,1,1,1,1,4,49,4583600,502700,10,1,3,3,0,1,1,10,100,1,0,1,0,0
200600060111,6,10,23,2030,3,1,1,1,2,276,4586600,516700,10,1,3,0,0,1,1,10,100,1,0,1,0,0
200600060117,6,10,1,1445,1,2,1,1,1,645,5097000,203000,620,9,2,2,0,1,2,0,0,1,0,1,0,0
200600060118,6,10,25,2015,5,1,1,1,6,152,4364000,700500,60,3,1,2,0,2,1,0,75,1,0,3,0,0
200600060119,6,10,26,2130,5,2,1,1,3,11,4590500,616300,740,3,2,2,2,1,1,0,69,1,0,1,0,0
200600060123,6,10,31,1345,1,1,1,1,6,139,4260800,181400,90,2,2,0,0,2,3,77,0,1,0,1,0,0
200600060125,6,10,24,930,1,2,1,7,3,243,4766000,274200,560,3,2,2,0,1,1,0,80,1,5,1,0,0
200600060131,6,10,5,1615,1,1,2,2,3,200,4929700,54300,140,3,2,2,0,4,1,0,72,2,5,1,0,0
200600060136,6,10,4,1345,1,1,1,1,1,90,4359400,693600,60,4,2,2,0,1,0,0,50,1,0,1,0,0
200600060141,6,10,20,1700,1,1,2,2,2,389,4865400,774300,670,3,2,2,0,0,1,0,71,2,0,3,0,0
200600060142,6,10,23,845,1,1,1,2,1,148,4371800,705700,60,3,2,2,0,1,3,0,50,2,0,1,0,0
200600060145,6,10,2,1600,1,1,1,1,5,127,4406300,597100,40,1,1,2,0,2,2,40,70,1,0,1,0,0
200600060148,6,10,9,1410,1,1,1,1,7,57,4502700,507300,260,1,0,2,0,1,1,14,70,1,0,3,0,0
200600060154,6,10,11,800,1,1,1,1,6,50,4365400,523100,130,3,2,2,0,1,1,0,60,1,0,3,0,0
200600060168,6,10,3,800,2,1,1,2,7,356,4874400,204200,780,3,2,2,0,0,2,0,0,2,0,1,0,0
200600060169,6,10,9,1945,5,2,1,8,1,356,4872400,208900,780,4,2,2,0,1,1,70,70,2,6,1,0,0
200600060172,6,10,28,1230,1,1,1,2,1,24,4807100,18200,720,4,2,2,0,2,3,0,47,2,0,1,0,1
200600060177,6,10,19,730,2,1,1,9,5,34,4377600,447300,300,3,2,0,0,2,4,0,70,2,0,1,0,1
200600060180,6,10,26,1845,1,2,2,1,3,10,4390600,475200,130,3,2,0,0,0,0,0,0,0,0,0,0,0
200600060182,6,10,30,2110,3,1,1,1,1,45,4386900,477000,130,2,2,0,0,1,1,70,0,1,0,1,0,1
200600060184,6,10,14,1615,1,1,1,1,1,255,5005100,139800,760,3,2,3,0,2,3,0,105,1,0,1,0,1
200600060185,6,10,31,1515,1,2,1,1,3,192,5003600,132100,760,4,2,0,0,2,0,0,43,1,0,1,0,0
200600060186,6,10,25,1930,5,2,3,1,3,591,4945600,121000,760,2,2,2,3,1,1,0,77,1,0,1,0,0
200600060190,6,10,15,1645,1,1,1,1,1,150,4363800,133300,310,3,2,2,0,1,1,5,70,1,5,1,0,0
200600060191,6,10,27,2045,3,2,1,1,1,56,4366500,137600,310,3,2,2,0,1,1,0,64,1,0,1,0,0
200600060194,6,10,26,1700,1,1,1,1,1,510,4728800,576900,250,3,2,2,0,1,1,0,71,1,0,1,0,0
200600060201,6,10,27,1045,1,1,1,1,5,43,5090100,196700,620,3,2,2,0,1,1,0,75,1,0,1,0,0
200600060202,6,10,2,1745,1,1,1,6,6,205,5071500,233900,620,4,2,2,0,1,3,0,45,1,0,3,0,0
200600060204,6,10,6,1930,5,2,1,1,2,120,4366800,391100,340,4,2,2,0,2,2,0,80,1,0,1,0,1
200600060205,6,10,13,1015,1,1,1,1,1,118,4373100,391400,340,3,2,2,0,1,3,0,60,9,0,1,0,0
200600060207,6,10,14,1615,1,1,1,1,3,65,4845900,251400,770,3,2,2,0,1,1,0,70,1,0,1,0,0
200600071159,6,11,29,2030,5,2,1,1,1,266,5055100,298700,590,4,2,0,0,1,2,0,63,1,0,1,3,0
200600071160,6,11,24,745,2,1,9,8,7,154,5098000,242600,590,3,2,2,2,1,3,0,85,2,0,1,0,0
200600071161,6,11,13,2100,3,1,1,1,6,663,5083800,247900,590,3,0,0,1,1,1,0,75,1,0,3,0,0
200600071162,6,11,28,1915,3,2,7,1,6,89,5086500,229800,590,3,0,0,0,0,0,0,0,2,0,0,0,0
200600071163,6,11,30,1745,3,1,1,8,3,87,5066900,244200,590,3,2,2,0,2,1,0,70,1,0,1,0,1
200600071164,6,11,2,2045,3,1,1,3,6,399,5073500,265000,590,2,2,2,0,1,1,0,74,2,0,1,0,0
200600071165,6,11,28,1115,1,2,1,2,6,536,5078800,250800,590,3,2,2,0,1,1,0,60,2,0,1,3,0
200600071166,6,11,10,1815,5,2,1,8,6,36,5012700,392600,590,2,2,3,0,2,1,0,101,2,0,1,3,0
200600071169,6,11,1,430,3,1,1,1,1,10,5016700,312100,590,3,2,2,0,0,4,0,54,1,0,1,0,0
200600071172,6,11,2,1715,2,2,1,2,5,222,5046300,313800,590,3,2,0,0,1,1,0,85,2,0,1,3,0
200600071173,6,11,22,1810,2,2,1,2,6,53,5030600,379200,590,3,2,2,0,3,1,70,0,2,6,1,0,0
200600071175,6,11,22,2345,3,1,1,2,7,583,5018200,246100,620,2,2,2,0,0,1,80,0,2,0,3,0,0
200600071178,6,11,8,915,1,1,1,5,3,568,5024000,280300,620,3,2,2,0,1,1,0,71,1,0,1,0,0
200600071179,6,11,9,1445,1,2,1,1,6,164,5018500,312400,620,3,2,2,0,1,1,0,0,1,0,1,0,0
200600071180,6,11,20,1115,1,2,1,8,6,284,5025500,307000,620,9,2,0,0,1,1,0,50,1,0,1,3,0
200600071181,6,11,1,1500,1,1,1,2,6,338,5063700,282900,620,3,2,2,0,1,3,0,63,2,0,1,0,1
200600071182,6,11,18,2145,3,1,1,2,2,237,5073800,172700,620,3,1,2,0,1,0,0,73,2,0,1,0,0
200600071184,6,11,16,1715,2,2,3,2,3,604,5063600,160200,620,3,2,2,0,1,1,0,76,0,0,1,0,0
200600071185,6,11,5,545,5,2,1,1,1,397,5087700,187000,620,3,2,2,0,1,2,0,71,2,0,1,0,0
200600071187,6,11,11,530,3,1,1,2,6,14,5064000,235400,620,3,2,2,0,1,1,0,60,0,0,3,0,0
200600071189,6,11,3,115,5,2,1,3,6,618,5082400,208100,620,4,2,2,0,1,2,0,47,3,0,3,0,0
200600071190,6,11,18,1145,1,1,3,1,1,834,5032200,208300,620,3,2,0,0,3,1,0,56,1,0,1,0,0
200600071191,6,11,25,2045,3,1,1,2,6,232,5042700,249200,620,3,0,0,0,1,1,0,0,2,0,1,0,0
200600071192,6,11,27,830,3,1,1,1,6,518,5033800,218200,620,3,2,2,0,1,1,60,0,2,0,3,0,0
200600071193,6,11,14,700,3,1,1,2,6,385,5025000,246400,620,3,2,2,0,1,2,0,70,2,0,3,0,1
200600071194,6,11,23,1430,1,1,1,2,3,199,5037100,264800,620,3,2,2,0,1,1,0,63,2,0,1,0,0
200600071195,6,11,23,2115,3,1,1,2,6,418,5027900,256700,620,3,2,2,0,2,3,0,74,2,0,3,0,0
200600071197,6,11,13,1,3,1,1,2,6,345,5031300,206500,620,3,2,0,0,2,3,0,79,2,0,3,0,1
200600071202,6,11,10,1915,5,2,1,1,6,564,4980900,179800,800,3,2,0,0,1,1,0,70,1,0,1,0,0
200600071205,6,11,26,515,5,2,1,1,6,211,4974500,215400,800,3,2,2,0,4,3,0,66,2,0,1,0,1
200600071206,6,11,5,1500,1,1,1,1,1,82,4997000,214500,800,2,2,2,0,1,3,0,75,1,5,1,0,0
200600071208,6,11,13,1700,1,2,1,1,1,19,4996700,190500,800,4,2,0,0,1,3,0,38,2,1,1,0,0
200600071209,6,11,13,15,3,2,1,2,6,597,5011200,158700,800,4,2,2,0,1,2,0,60,2,0,3,0,0
200600071213,6,11,23,1100,1,1,1,3,6,493,5009000,251300,800,3,2,2,0,2,1,0,60,2,0,3,0,1
200600071214,6,11,20,2215,5,2,1,2,6,793,5002100,218100,800,3,3,1,0,2,2,14,62,2,0,0,0,0
200600071215,6,11,15,2100,3,1,6,1,3,685,4971500,281600,800,2,2,1,0,1,0,0,87,1,0,1,0,0
200600071220,6,11,19,1530,3,2,1,1,7,812,4989000,306700,800,3,2,2,0,0,3,0,60,1,0,1,0,0
200600071222,6,11,3,1000,1,1,1,7,2,468,5000000,257200,800,3,2,2,0,0,1,0,50,1,0,1,0,0
200600071224,6,11,23,1630,2,2,1,2,6,274,4973800,305400,800,4,2,2,0,1,1,0,59,2,0,1,0,0
200600071234,6,11,1,1815,3,2,1,7,1,299,4945000,404000,20,3,0,2,0,1,1,0,62,1,0,1,0,0
200600071237,6,11,10,800,1,2,9,5,1,701,4897800,332500,20,3,2,2,0,0,1,0,0,1,0,4,0,0
200600071240,6,11,2,2015,3,1,1,1,1,374,4991100,326000,20,3,2,0,0,2,1,0,71,1,0,1,0,1
200600071242,6,11,9,1215,1,1,1,1,7,334,4995400,343100,20,3,2,2,0,0,2,0,40,1,0,3,0,0
200600071243,6,11,15,1800,5,2,7,1,1,334,4995400,341800,20,3,2,2,0,1,1,0,62,1,5,1,0,0
200600071244,6,11,8,1445,1,2,1,1,6,95,4999000,345600,20,3,1,2,0,1,0,0,0,1,0,1,0,0
200600071245,6,11,1,1715,1,2,1,1,6,741,4983400,346600,20,4,2,1,0,0,3,0,50,1,0,4,0,0