Num_Acc,an,mois,jour,hrmn,lum,agg,int,atm,col,com,lat,long,dep,catr,circ,nbv,vosp,prof,plan,lartpc,larrout,surf,infra,situ,env1,killed
200600071246,6,11,16,730,2,1,1,1,1,721,4981400,340000,20,3,2,2,0,1,3,0,67,1,0,1,0,0
200600071252,6,11,26,215,5,2,1,1,3,141,4998300,391700,20,2,2,2,0,1,1,0,82,1,0,1,0,0
200600071253,6,11,17,45,3,1,1,2,7,455,4994100,373500,20,3,2,2,0,1,1,0,0,2,0,0,0,0
200600071254,6,11,18,115,5,2,1,2,6,574,4988200,402000,20,3,2,2,0,2,2,70,0,2,0,3,0,0
200600071255,6,11,25,130,3,1,1,2,6,495,4996000,408000,20,3,2,2,0,1,3,0,70,2,0,1,0,0
200600071256,6,11,27,1755,3,1,1,1,2,684,4990000,410000,20,3,2,0,0,1,1,0,72,1,0,1,0,0
200600071257,6,11,3,2045,3,1,1,1,2,103,4941500,228300,600,2,3,2,0,1,1,10,79,1,0,2,0,0
200600071258,6,11,19,1545,1,1,1,1,1,480,4951400,219800,600,3,2,2,0,0,1,0,56,2,0,1,0,0
200600071259,6,11,27,815,1,2,6,8,3,103,4942000,224500,600,3,1,2,0,1,2,0,53,2,5,1,0,0
200600071260,6,11,4,1030,1,1,1,1,3,315,4948500,190100,600,3,2,2,0,2,1,0,76,1,0,1,0,0
200600071261,6,11,10,2000,5,1,1,1,6,477,4943100,193200,600,2,2,2,0,1,2,0,71,1,0,3,0,0
200600071264,6,11,26,1500,1,2,1,2,6,134,4932700,244500,600,3,2,2,0,0,0,75,131,2,0,1,0,0
200600071265,6,11,18,1400,1,2,4,1,3,439,4932200,232000,600,9,1,0,0,1,1,0,0,1,0,1,0,0
200600071268,6,11,11,1,3,1,1,1,6,653,4948500,245600,600,3,2,2,0,4,2,0,75,1,0,1,0,1
200600071269,6,11,11,515,3,1,1,3,7,498,4951900,246000,600,3,2,2,0,1,4,0,60,2,0,1,0,1
200600071276,6,11,1,1615,1,1,1,1,1,636,4948600,288200,600,3,2,2,1,4,1,0,70,1,5,1,0,0
200600071279,6,11,24,1900,3,1,1,1,1,636,4949400,287600,600,2,3,0,0,0,1,10,80,1,2,1,0,0
200600071292,6,11,24,1015,1,1,1,1,6,282,4919000,238000,600,3,2,2,0,1,1,0,66,2,0,1,0,0
200600071294,6,11,1,245,3,1,1,1,6,589,4921800,246400,600,2,3,2,0,1,1,4,70,1,0,1,0,0
200600071300,6,11,9,715,5,2,1,1,6,506,4974100,130900,760,3,2,2,0,1,1,0,70,2,0,1,3,0
200600071301,6,11,1,1830,3,1,1,1,3,753,4934600,115000,760,2,2,0,0,1,1,0,96,1,0,1,0,1
200600071302,6,11,18,500,3,1,1,2,6,313,4936200,113000,760,2,2,0,0,1,1,0,94,2,0,0,0,0
200600071305,6,11,25,2315,3,1,1,1,1,164,4953700,75300,760,3,2,2,0,2,1,0,70,1,0,1,0,1
200600071306,6,11,2,1430,3,1,1,2,5,44,4965000,56800,760,3,2,0,0,3,1,0,40,2,0,1,0,1
200600071311,6,11,30,1800,3,1,1,1,6,678,4964000,145200,760,3,2,2,0,0,1,0,80,1,0,1,0,0
200600071312,6,11,22,1220,1,2,2,1,1,758,4962500,77300,760,4,0,2,0,0,0,0,58,0,0,0,0,0
200600071314,6,11,22,1530,1,2,1,2,3,57,4955700,93400,760,3,2,2,0,1,0,0,60,2,0,1,0,0
200600071321,6,11,18,530,5,2,1,1,6,287,4898700,102400,270,3,2,2,0,1,3,0,0,1,0,4,0,0
200600071324,6,11,25,2015,3,1,1,1,7,350,4884300,125800,270,3,2,0,0,1,4,0,0,1,0,0,0,0
200600071325,6,11,26,1400,1,1,1,1,3,177,4887600,125600,270,3,2,1,0,1,1,0,60,1,0,1,0,0
200600071327,6,11,14,1330,1,1,9,1,6,400,4897200,140600,270,3,0,2,0,1,1,0,0,1,0,1,0,0
200600071329,6,11,8,1945,3,1,1,2,6,496,4938300,140600,270,3,2,0,0,2,3,0,80,2,0,3,0,0
200600071332,6,11,7,2145,5,1,1,1,1,56,4908000,60000,270,3,2,2,0,2,1,0,64,1,0,1,0,0
200600071333,6,11,11,1215,1,1,1,2,3,56,4909100,58200,270,3,2,2,0,0,1,0,60,8,0,1,0,0
200600071336,6,11,15,800,2,1,1,8,3,600,4907000,58000,270,2,2,0,0,1,1,0,70,2,0,1,0,0
200600071340,6,11,18,2215,3,1,1,2,6,624,4919400,109800,270,3,2,2,0,1,1,0,80,2,0,1,0,1
200600071343,6,11,28,1930,5,2,1,8,6,687,4917600,128400,270,3,2,2,0,3,1,0,75,2,0,1,0,1
200600071346,6,11,29,1315,1,2,1,1,1,638,4925700,93200,270,4,2,2,0,2,4,0,46,1,0,1,0,0
200600071352,6,11,18,900,1,2,1,1,6,177,4822300,175400,350,3,1,1,0,0,2,0,42,1,0,1,0,0
200600071354,6,11,29,720,2,1,1,5,6,274,4824800,165500,350,3,2,2,0,1,2,0,0,2,0,1,0,0
200600071355,6,11,1,900,2,1,1,1,7,117,4813200,223100,350,3,2,2,0,1,2,0,70,1,0,1,0,0
200600071357,6,11,17,2000,3,1,1,1,6,144,4824300,184900,350,3,0,0,0,1,1,0,0,2,0,3,0,0
200600071362,6,11,8,1500,1,2,1,1,6,243,4834000,127000,350,4,2,2,0,1,3,0,55,1,0,1,0,0
200600071365,6,11,23,1815,3,1,5,1,3,13,4769700,205500,350,3,2,2,0,1,1,0,0,2,0,0,0,0
200600071369,6,11,4,900,1,2,1,1,3,16,4799200,193100,350,3,2,2,0,1,1,0,56,1,0,1,0,0
200600071370,6,11,7,1815,3,1,1,5,3,139,4797800,174200,350,3,2,2,0,2,1,0,62,2,0,1,0,0
200600071375,6,11,2,1745,2,1,1,7,1,85,4840200,177400,350,3,2,2,0,1,1,0,58,1,0,1,0,0
200600071376,6,11,6,1930,3,1,1,1,7,78,4860900,175800,350,3,2,0,0,1,1,0,50,1,0,3,0,0
200600071377,6,11,20,1830,3,1,1,1,2,10,4856200,170600,350,2,3,4,0,1,1,15,140,1,0,1,0,0
200600071380,6,11,24,1815,5,2,1,2,6,68,4811300,140400,350,3,2,0,0,0,1,0,71,2,6,1,0,0
200600071381,6,11,28,830,1,2,1,3,6,207,4812300,153100,350,3,2,2,1,0,1,15,72,2,6,0,0,0
200600071382,6,11,2,1500,1,1,1,1,4,198,4800300,136500,350,3,2,2,0,1,1,0,61,1,0,1,0,0
200600071384,6,11,26,545,3,1,1,8,7,14,4801800,132400,350,3,2,2,0,2,3,0,48,2,0,3,0,0
200600071389,6,11,12,1500,1,1,1,1,5,258,4842600,262700,220,3,2,0,0,1,0,64,0,1,5,1,0,0
200600071391,6,11,26,1230,1,1,1,1,3,300,4828600,281200,220,3,2,2,0,1,1,0,80,1,5,1,0,1
200600071392,6,11,28,745,3,1,1,9,1,384,4828500,282800,220,3,2,2,0,2,1,0,70,2,0,3,0,0
200600071393,6,11,3,1730,2,2,1,1,3,162,4877300,307500,220,3,2,2,0,0,1,0,0,1,0,1,0,0
200600071394,6,11,3,2015,3,1,1,1,2,242,4862000,242000,220,3,3,0,0,1,1,21,65,1,0,1,0,1
200600071395,6,11,10,1645,1,2,1,1,1,54,4862000,247000,220,3,2,2,0,3,3,0,72,1,0,1,0,1
200600071396,6,11,19,1800,5,1,1,1,4,173,4850000,255000,220,3,2,2,0,1,1,70,0,1,0,1,0,0
200600071404,6,11,28,1415,1,1,2,2,3,328,4838000,333000,220,3,2,2,0,1,2,0,58,2,5,1,0,1
200600071405,6,11,22,1930,3,1,1,2,1,228,4855700,347200,220,2,3,4,0,1,1,20,140,2,0,1,0,1
200600071406,6,11,2,1200,1,1,2,1,5,353,4881200,350200,220,3,2,0,0,1,1,0,65,1,5,1,0,0
200600071407,6,11,8,1700,1,1,2,1,3,216,4796900,418600,290,4,2,0,0,0,2,0,0,1,0,1,0,0
200600071411,6,11,1,100,3,1,1,1,1,174,4787400,424000,290,3,2,2,0,1,1,0,72,1,0,1,0,1
200600071412,6,11,5,2030,5,2,1,1,6,220,4787100,421200,290,3,0,2,0,1,1,0,0,1,0,1,0,0
200600071413,6,11,12,930,1,1,1,1,1,170,4794500,417100,290,3,2,0,0,1,1,28,72,1,0,1,0,0
200600071414,6,11,26,1800,2,2,1,1,6,72,4780700,428100,290,4,2,0,0,2,1,0,60,1,0,3,0,0
200600071417,6,11,21,1700,1,2,1,1,3,237,4847900,420300,290,4,2,2,0,2,1,0,70,1,4,1,0,1
200600071418,6,11,29,800,5,2,1,1,6,124,4857900,432900,290,3,2,2,0,1,1,0,74,2,0,1,3,1
200600071419,6,11,5,1630,2,2,9,1,6,112,4847900,475000,290,3,2,0,0,0,2,0,56,1,0,4,0,0
200600071420,6,11,18,1300,1,1,1,8,1,149,4844900,456100,290,3,2,2,0,1,3,0,66,2,0,0,0,0
200600071422,6,11,26,1800,5,2,1,2,3,178,4855700,469800,290,3,2,2,0,1,1,0,70,2,0,1,0,0
200600071424,6,11,26,315,5,2,1,1,3,42,4824900,449200,290,9,2,2,0,2,1,0,70,1,0,1,0,0
200600071425,6,11,2,1500,1,2,2,1,3,219,4856900,363700,290,3,2,2,0,1,1,0,0,1,0,1,0,0
200600071430,6,11,16,715,5,1,9,2,6,164,4766500,280100,560,3,2,2,0,1,3,0,103,2,0,1,0,0
200600071431,6,11,19,745,1,2,1,9,1,221,4768700,221500,560,3,2,2,0,4,1,0,66,2,1,1,0,0
200600071433,6,11,21,2115,3,1,1,1,7,149,4761800,250700,560,4,2,2,0,1,1,0,0,2,0,3,0,0
200600071440,6,11,19,1530,2,1,1,5,6,119,4772700,310300,560,4,2,0,0,2,2,0,55,2,2,1,0,0
200600071444,6,11,27,900,1,1,1,2,6,75,4791700,208500,560,3,2,2,0,0,1,0,63,2,0,0,0,0
200600071446,6,11,18,1530,1,2,1,1,3,178,4807000,296700,560,3,2,2,0,2,1,0,73,1,0,1,0,0
200600071448,6,11,4,2315,3,1,1,1,6,39,4783600,293900,560,4,2,2,0,2,3,0,35,1,0,0,0,0
200600071449,6,11,10,2100,5,2,1,1,1,128,4798800,311200,560,3,2,0,0,0,1,0,56,1,0,1,0,0
200600071450,6,11,17,1600,1,2,1,1,1,44,4928200,42300,140,3,2,2,0,1,0,0,52,1,0,1,3,0
200600071451,6,11,20,1200,1,2,1,2,3,249,4912100,47900,140,3,2,2,0,1,1,0,92,2,5,1,0,0
200600071452,6,11,20,2015,5,2,1,1,3,543,4920400,47400,140,3,2,2,0,1,1,60,0,2,0,1,0,0
200600071455,6,11,13,1400,1,2,1,1,3,20,4913200,16600,140,3,2,2,0,1,1,0,70,1,5,1,0,0
200600071456,6,11,16,1800,2,1,1,1,2,678,4898000,23800,140,3,2,2,0,2,1,0,60,2,5,1,0,0
200600071460,6,11,3,630,3,1,1,1,3,282,4913000,80900,140,3,2,2,0,1,1,0,75,1,0,1,0,0
200600071461,6,11,11,715,3,2,1,2,7,47,4927800,71400,140,3,3,2,0,1,1,20,25,2,0,1,0,0
200600071462,6,11,4,1000,1,1,2,1,3,370,4923400,86200,140,3,2,0,0,1,4,0,43,1,0,1,0,0
200600071466,6,11,26,1200,1,2,1,1,5,405,4889100,28600,140,3,2,1,0,0,1,0,0,1,0,1,3,0
200600071467,6,11,24,730,2,1,1,8,6,455,4899600,36900,140,3,2,2,0,0,3,0,60,6,0,1,0,0
200600071468,6,11,9,1230,1,1,3,1,3,386,4904700,9300,140,3,2,2,0,1,1,20,80,1,0,1,0,0
200600071470,6,11,19,30,3,1,1,2,3,682,4930400,22800,140,3,2,0,0,1,1,0,100,2,0,3,0,0
200600071471,6,11,10,1845,5,2,1,1,1,762,4884100,88500,140,3,2,2,0,2,1,0,0,1,0,1,0,0
200600071473,6,11,22,1615,3,1,1,5,7,756,4890800,56000,140,3,2,2,0,2,3,0,68,1,0,3,0,0
200600071475,6,11,8,1900,3,1,1,2,1,431,4918000,125100,500,3,2,0,0,1,1,0,64,2,0,1,0,1
200600071476,6,11,10,930,1,2,1,1,6,188,4882700,141000,500,3,2,2,0,1,1,0,61,1,0,1,0,0
200600071477,6,11,28,800,2,1,1,2,3,447,4879800,151500,500,3,2,0,0,0,1,0,0,2,0,1,0,0
200600071480,6,11,28,1715,5,2,1,2,6,168,4862200,128800,500,3,2,2,0,2,1,0,79,2,0,1,3,0
200600071486,6,11,16,1545,1,1,1,1,1,551,4936900,154700,500,3,2,0,0,1,3,0,46,2,0,1,0,0
200600071488,6,11,24,1930,3,1,2,2,3,209,4964800,149900,500,3,2,0,0,0,1,0,77,2,0,1,0,0
200600071491,6,11,27,1715,2,1,1,1,1,464,4900200,137500,500,3,2,1,0,1,3,0,34,2,0,1,0,1
200600071494,6,11,12,1645,1,1,9,1,3,143,4887700,152700,500,3,2,2,0,1,1,0,0,1,0,1,0,0
200600071498,6,11,4,900,1,2,1,7,3,484,4858000,109200,500,9,2,2,0,1,1,0,69,1,0,1,0,0
200600071500,6,11,19,115,5,2,6,2,6,484,4858000,109300,500,3,2,0,0,2,1,0,65,2,0,4,0,0
200600071502,6,11,29,1830,3,1,1,8,2,90,4853200,97600,500,3,2,2,0,2,1,0,78,2,0,1,0,0
200600071506,6,11,22,945,1,1,1,1,3,253,4867600,20400,610,3,2,2,0,1,1,0,75,1,0,1,0,0
200600071509,6,11,9,745,2,2,1,5,3,211,4855700,50500,610,4,2,2,0,1,2,0,0,1,0,1,0,0
200600071512,6,11,11,400,3,1,1,2,7,95,4871500,61700,610,3,2,2,0,2,4,0,48,2,0,3,0,0
200600071515,6,11,30,915,1,1,1,7,3,26,4729300,146400,440,3,2,2,0,1,1,0,55,1,0,1,0,0
200600071519,6,11,29,1345,1,2,1,1,6,198,4715900,153700,440,2,2,2,0,1,1,0,80,1,5,3,0,0
200600071523,6,11,2,2000,3,1,1,1,1,36,4771300,138100,440,3,2,2,0,2,1,0,60,1,0,1,0,0
200600071524,6,11,4,945,1,2,6,1,3,36,4772200,138400,440,4,2,2,0,1,1,50,0,1,5,1,0,0
200600071527,6,11,13,1745,4,1,1,1,6,7,4761700,193100,440,3,2,0,0,2,2,0,0,2,0,1,0,0
200600071528,6,11,19,1545,1,1,1,1,7,56,4736700,179100,440,3,2,2,0,1,2,0,58,2,0,3,0,1
200600071529,6,11,25,15,5,2,1,3,6,56,4742000,179200,440,3,2,0,0,0,1,0,45,2,0,4,0,0
200600071530,6,11,29,715,5,2,1,1,3,185,4765000,207600,440,3,2,3,0,0,1,0,0,1,0,1,0,0
200600071531,6,11,5,1930,3,1,2,1,3,138,4753500,159000,440,3,2,2,0,1,1,0,80,1,5,1,0,0
200600071532,6,11,11,1300,1,1,1,1,7,51,4768300,169300,440,2,3,2,0,2,1,20,80,1,0,3,0,1
200600071533,6,11,10,745,1,2,2,1,3,120,4720400,175700,440,3,2,2,0,1,1,0,55,1,0,1,0,0
200600071537,6,11,4,1130,1,2,1,1,7,74,4720000,166800,440,4,2,2,1,1,1,0,80,1,0,5,0,1
200600071538,6,11,30,1030,1,2,1,1,6,47,4721800,173100,440,4,2,2,0,4,0,0,56,1,5,1,0,0
200600071550,6,11,2,1030,1,1,1,1,3,278,4743100,55000,490,3,2,2,0,1,2,0,85,1,5,1,0,0
200600071551,6,11,22,1015,1,1,1,1,6,35,4740900,62200,490,3,2,0,0,2,2,0,102,0,0,3,0,0
200600071554,6,11,20,1530,1,1,1,2,3,363,4734600,46500,490,3,2,0,0,1,3,0,0,2,0,1,0,0
200600071555,6,11,21,1830,3,1,3,1,3,363,4735600,45300,490,3,2,2,0,4,2,66,0,2,5,1,0,1
200600071556,6,11,24,1800,3,1,1,2,5,327,4730700,38900,490,3,2,2,0,1,1,50,0,2,0,1,0,0
200600071557,6,11,26,145,3,1,1,2,2,50,4736200,44300,490,3,2,2,0,0,1,0,86,2,0,1,0,0
200600071558,6,11,25,1845,3,1,1,1,6,377,4755000,49000,490,3,2,2,0,1,1,0,90,1,0,3,0,0
200600071559,6,11,14,1745,1,1,1,1,2,244,4733900,84900,490,3,2,2,2,2,1,0,70,1,0,1,0,1
200600071560,6,11,8,2200,3,1,1,5,6,84,4754300,27300,490,4,2,2,0,1,0,0,39,1,0,3,0,1
200600071568,6,11,26,745,1,2,1,1,6,13,4752200,5400,490,3,2,2,0,1,1,0,71,1,0,3,0,0
200600071569,6,11,12,1645,1,1,1,1,1,104,4717300,36400,490,3,2,3,0,1,1,0,108,1,0,1,0,1
200600071571,6,11,4,1045,1,1,1,1,3,149,4731700,24500,490,3,2,2,0,0,1,0,80,1,0,1,0,0
200600071572,6,11,11,1515,1,2,1,8,7,94,4731200,15200,490,4,2,0,0,0,2,0,50,2,0,1,0,0
200600071573,6,11,10,1745,3,1,2,1,5,180,4737900,12800,490,3,2,0,0,1,1,0,63,1,0,1,0,0
200600071574,6,11,19,1900,3,1,1,1,5,364,4713400,18100,490,3,2,2,0,1,1,0,60,1,0,1,0,0
200600071575,6,11,25,2245,4,2,1,1,3,215,4713900,14900,490,4,2,2,0,1,1,0,52,1,0,1,0,0
200600071578,6,11,19,800,3,1,1,1,6,135,4757700,62000,490,3,2,2,0,1,3,0,58,1,0,1,0,0
200600071579,6,11,28,1830,3,1,1,1,3,337,4758700,44400,490,3,2,0,0,1,0,0,50,2,0,1,0,1
200600071582,6,11,15,2045,3,1,1,1,5,7,4810100,67800,530,3,2,2,0,2,0,0,0,1,0,3,0,0
200600071583,6,11,28,1415,1,1,1,1,7,141,4805400,65200,530,4,2,0,0,1,1,0,31,1,0,1,0,0
200600071584,6,11,8,1830,2,2,1,1,3,97,4815700,40600,530,3,0,0,0,1,1,0,70,1,0,1,0,0
200600071589,6,11,2,715,2,2,1,1,6,188,4779900,106000,530,3,2,2,0,1,1,0,67,2,0,3,0,0
200600071590,6,11,15,715,5,2,1,8,6,147,4830500,62000,530,3,2,0,0,2,2,0,60,2,0,1,3,0
200600071591,6,11,16,745,2,1,1,1,1,147,4831000,59000,530,2,2,2,0,1,1,0,74,1,0,1,0,0
200600071592,6,11,15,1900,5,2,6,1,6,147,4830000,62000,530,3,1,0,0,0,0,0,0,1,0,1,0,0
200600071593,6,11,19,1230,1,1,1,1,5,195,4818400,67700,530,2,2,2,0,1,1,97,70,1,0,1,0,0
200600071599,6,11,4,1645,1,1,1,1,3,381,4792400,9000,720,3,3,0,0,1,1,12,41,1,5,1,0,1
200600071600,6,11,13,1745,3,1,1,2,1,344,4794000,15600,720,3,2,2,0,2,1,0,70,2,0,1,0,0
200600071606,6,11,28,1715,2,1,1,1,1,22,4776900,19000,720,3,2,3,3,1,1,0,85,1,5,1,0,0
200600071610,6,11,9,800,1,2,1,1,1,264,4784200,32600,720,4,2,2,0,0,1,0,60,1,0,1,0,0
200600071612,6,11,2,1845,3,1,1,1,5,104,4828600,28000,720,3,2,0,0,1,1,0,65,1,0,1,0,0
200600071613,6,11,29,430,5,2,1,1,3,316,4831400,40000,720,3,2,2,0,1,1,0,103,1,5,1,0,0
200600071615,6,11,18,2315,3,1,1,3,5,122,4806900,51400,720,2,2,3,0,0,1,0,97,2,0,1,0,0
200600071616,6,11,2,1645,1,1,1,1,2,266,4828000,1200,720,3,2,2,0,1,1,0,66,1,0,1,0,0
200600071621,6,11,2,1115,1,1,1,1,7,224,4702100,132600,850,3,2,2,0,2,2,0,0,1,0,0,0,0
200600071628,6,11,23,745,3,1,1,2,3,19,4678600,143400,850,3,2,2,0,1,1,0,61,2,0,1,0,0
200600071631,6,11,7,1530,1,2,2,1,5,128,4646100,116600,850,3,2,2,0,1,1,0,78,1,0,1,0,0
200600071632,6,11,22,1430,1,2,1,2,1,128,4646500,114100,850,3,2,2,0,1,1,0,69,2,0,1,0,0
200600071634,6,11,2,1030,1,1,1,1,1,260,4681100,163600,850,3,2,2,0,2,2,0,60,1,0,1,0,1
200600071635,6,11,12,1415,1,1,1,1,2,250,4655400,172800,850,3,0,0,0,1,3,0,80,1,0,1,0,0
200600071639,6,11,25,2045,3,1,2,1,3,284,4681000,188000,850,3,2,2,0,1,3,0,80,1,5,1,0,0
200600071642,6,11,5,1700,1,1,2,1,3,260,4445700,94900,330,3,2,2,0,1,1,0,63,1,0,1,0,0
200600071643,6,11,10,1815,2,1,1,2,1,498,4453500,87600,330,3,2,2,0,1,1,0,56,2,0,1,0,0
200600071644,6,11,29,1430,1,2,1,1,7,436,4453100,65900,330,3,2,2,0,1,1,0,60,1,0,1,0,0
200600071654,6,11,6,1845,2,2,1,1,3,58,4513800,65900,330,3,2,2,0,1,1,0,69,1,0,1,0,0
200600071656,6,11,13,2145,5,1,1,1,6,159,4522200,58400,330,3,2,2,0,1,2,0,42,1,0,3,0,0
200600071657,6,11,15,515,3,1,1,1,1,114,4509000,38000,330,2,3,4,0,1,2,11,140,1,0,1,0,1
200600071658,6,11,16,1800,5,2,1,3,3,3,4492000,48000,330,4,2,2,0,0,3,0,70,2,0,1,0,0
200600071661,6,11,7,2315,3,2,1,1,6,61,4482900,41200,330,4,2,0,0,4,3,40,0,1,0,3,0,0
200600071662,6,11,9,1745,1,2,1,1,3,165,4482800,44300,330,3,2,3,0,1,1,0,105,1,5,1,0,0
200600071666,6,11,10,915,1,1,1,7,3,425,4505000,46700,330,2,2,2,0,1,1,0,74,1,0,1,0,0
200600071667,6,11,23,800,2,1,1,8,1,533,4457400,28400,330,2,2,2,0,0,1,0,75,2,0,1,0,1
200600071668,6,11,4,1600,1,1,1,1,1,2,4448100,6700,330,3,2,2,0,2,2,0,0,1,0,1,0,0
200600071673,6,11,2,930,1,1,2,1,3,514,4551000,109300,330,2,2,2,0,1,1,0,0,1,5,1,0,0
200600071674,6,11,8,915,1,1,1,1,2,521,4548600,109100,330,2,2,2,0,1,1,0,0,1,0,1,0,0
200600071675,6,11,27,945,1,1,1,1,5,348,4537200,99100,330,3,2,1,0,1,1,0,60,1,0,1,0,0
200600071676,6,11,21,1645,5,2,1,2,2,71,4481700,14000,330,3,2,2,0,1,1,0,90,2,0,1,0,0
200600071679,6,11,18,1045,1,1,1,1,3,290,4493200,16200,330,3,2,0,0,4,3,0,60,2,0,1,0,0
200600071683,6,11,13,1715,2,1,1,1,3,372,4515300,54800,240,3,2,2,0,1,1,0,64,1,0,1,0,0
200600071684,6,11,8,1530,1,2,1,1,3,4,4516100,101700,240,4,0,0,0,0,0,0,0,0,0,0,0,0
200600071685,6,11,30,1400,1,1,1,1,4,11,4522100,83400,240,2,2,2,0,1,1,0,72,1,0,1,0,1
200600071691,6,11,23,1030,1,2,2,1,6,335,4484600,21100,240,9,2,2,0,1,1,0,58,1,2,4,0,0
200600071692,6,11,15,1030,1,2,1,1,6,573,4535400,36800,240,3,2,1,0,2,3,0,73,1,0,1,0,0
200600071693,6,11,25,1900,5,2,1,2,6,352,4525800,33800,240,3,2,1,0,0,1,0,90,2,0,1,0,0
200600071694,6,11,27,1900,3,1,1,8,6,159,4514500,23000,240,3,2,2,0,1,3,0,58,2,0,3,0,0
200600071695,6,11,9,715,3,1,1,1,6,366,4489400,115400,240,4,2,2,0,1,1,0,46,1,0,3,0,1
200600071698,6,11,17,1130,1,2,1,1,6,229,4513400,122600,240,3,2,3,0,1,1,0,70,1,5,1,0,1
200600071699,6,11,29,945,1,1,1,1,6,280,4387900,59700,400,4,3,2,0,1,3,0,51,2,0,0,0,1
200600071702,6,11,3,1645,1,1,1,1,6,277,4367100,103800,400,3,2,0,0,1,2,0,65,1,0,3,0,0
200600071703,6,11,16,1900,3,1,2,2,3,34,4359500,114500,400,3,2,2,0,1,1,0,82,2,5,1,0,0
200600071711,6,11,10,1645,1,1,1,1,6,119,4368400,58900,400,3,2,2,0,1,1,0,45,1,0,3,0,0
200600071714,6,11,28,800,1,1,1,8,1,145,4413300,65000,470,4,2,0,0,2,3,0,32,2,0,1,0,0
200600071718,6,11,22,1915,5,2,1,2,6,157,4450500,16600,470,4,2,2,0,1,1,0,47,2,0,1,0,0
200600071719,6,11,25,1215,1,2,2,1,3,157,4450600,16900,470,3,3,2,0,1,1,0,59,1,0,1,0,0
200600071721,6,11,23,750,3,1,1,2,1,86,4466800,20800,470,3,2,2,0,2,1,0,65,2,0,1,0,0
200600071722,6,11,30,1330,1,1,1,8,6,271,4467000,18800,470,3,2,2,0,1,1,0,60,1,0,3,0,0
200600071728,6,11,2,900,1,1,1,1,6,23,4453000,66000,470,4,2,2,0,2,1,0,34,1,0,1,0,0
200600071741,6,11,3,2015,5,1,1,1,3,138,4325500,29700,640,3,2,2,0,1,1,0,0,1,0,1,0,0
200600071742,6,11,23,600,5,1,1,2,1,407,4348700,144300,640,3,2,2,0,3,4,0,80,2,2,1,0,0
200600071751,6,11,1,1300,1,1,1,1,7,180,4650000,43900,860,3,2,2,0,1,2,0,53,1,0,1,0,0
200600071754,6,11,27,2015,3,1,2,1,3,174,4677700,50900,860,2,3,2,0,1,1,16,149,1,5,1,0,0
200600071757,6,11,1,1745,2,1,8,1,6,167,4692800,19800,860,4,2,2,0,4,3,0,40,1,5,3,0,0
200600071760,6,11,25,2330,3,1,1,1,7,218,4578400,34200,160,3,2,2,0,1,3,0,64,1,0,1,0,1
200600071761,6,11,10,2030,3,2,1,2,7,28,4547600,15200,160,3,2,2,0,0,2,0,60,2,0,1,0,0
200600071762,6,11,26,1515,1,1,1,1,1,30,4549700,19600,160,3,2,2,0,1,1,0,106,0,5,1,0,0
200600071769,6,11,19,1745,4,2,1,8,6,61,4571800,29300,160,3,2,0,0,1,1,0,52,2,0,0,0,0
200600071771,6,11,15,2345,3,2,1,1,6,312,4577400,2000,160,3,2,0,0,1,2,0,0,2,0,3,0,0
200600071780,6,11,19,1830,3,1,1,8,1,118,4526300,40200,170,3,2,2,0,4,4,0,62,2,0,1,0,0
200600071782,6,11,17,745,1,1,1,1,5,58,4585100,117100,170,3,2,2,2,2,3,0,90,2,2,1,0,0
200600071783,6,11,25,1015,1,1,1,3,3,351,4581500,106900,170,3,2,2,0,1,1,0,80,2,0,1,0,0
200600071784,6,11,7,1915,3,1,1,1,6,308,4586500,97400,170,3,2,2,0,1,3,0,50,1,0,1,0,0
200600071790,6,11,24,1615,1,2,1,8,1,434,4612100,74300,170,3,2,2,0,1,1,80,0,2,0,3,0,1
200600071794,6,11,10,1900,3,1,2,1,1,387,4580400,74300,170,2,3,3,0,1,1,6,143,1,5,1,0,1
200600071804,6,11,5,1445,1,1,1,1,7,166,4618900,42900,790,3,2,1,0,0,2,0,55,1,0,3,0,0
200600071812,6,11,11,1930,3,1,1,2,6,239,4663400,39400,790,4,2,2,0,1,1,0,50,2,0,0,0,0
200600071813,6,11,20,2330,3,1,1,3,7,201,4585100,117100,870,2,3,4,0,0,1,10,75,2,0,1,0,1
200600071815,6,11,28,2245,5,2,1,1,6,125,4590400,131600,870,4,2,2,0,1,1,0,65,2,0,1,0,0
200600071822,6,11,4,1615,1,2,1,1,3,154,4589800,91200,870,3,2,2,0,1,1,10,85,1,5,1,0,1
200600071825,6,11,20,500,3,1,1,1,6,38,4524600,174000,190,3,2,3,0,0,3,0,0,1,0,3,0,0
200600071826,6,11,18,1325,1,1,1,8,6,46,4537200,205800,190,3,3,2,0,1,1,0,55,2,0,3,0,1
200600071827,6,11,5,1530,1,1,1,1,6,194,4534400,171300,190,3,0,2,0,0,0,0,0,0,0,0,0,0
200600071829,6,11,3,2130,3,1,1,1,2,202,4524500,161300,190,3,2,2,0,4,1,0,71,1,0,1,0,0