Num_Acc,an,mois,jour,hrmn,lum,agg,int,atm,col,com,lat,long,dep,catr,circ,nbv,vosp,prof,plan,lartpc,larrout,surf,infra,situ,env1,killed
200600071830,6,11,20,1415,1,1,2,1,3,274,4519700,149800,190,3,2,0,0,1,0,0,0,1,5,1,0,0
200600071831,6,11,3,1715,1,1,2,1,3,120,4632800,216500,230,3,2,2,0,1,1,0,40,1,0,1,0,0
200600071834,6,11,26,1815,5,2,2,1,3,21,4612200,162500,230,3,2,2,0,1,1,0,63,2,0,1,0,0
200600071835,6,11,11,730,1,2,1,1,1,44,4359700,150600,310,2,2,2,0,1,1,0,97,1,5,1,0,0
200600071836,6,11,18,1415,1,1,1,1,7,53,4366300,155700,310,3,2,2,0,2,1,0,50,1,0,3,0,0
200600071837,6,11,15,1715,2,1,2,1,3,584,4385200,146200,310,3,2,2,0,1,1,0,65,1,0,1,0,0
200600071840,6,11,6,930,1,1,1,1,3,444,4375400,105800,310,3,2,2,0,2,1,0,52,1,0,1,0,0
200600071841,6,11,6,930,1,2,1,1,3,98,4373200,105200,310,3,2,2,0,1,1,0,65,1,0,1,0,0
200600071842,6,11,10,1730,2,1,1,1,2,403,4378300,132700,310,3,2,2,0,1,1,0,58,1,0,1,0,0
200600071844,6,11,8,2115,5,1,1,1,1,417,4360700,128300,310,3,2,2,0,1,3,0,60,1,0,1,0,0
200600071845,6,11,18,2030,3,1,1,1,7,417,4360500,128200,310,3,2,2,0,1,2,0,60,1,0,1,0,0
200600071848,6,11,6,700,3,1,1,5,1,395,4347000,126800,310,3,2,2,0,1,1,0,590,2,0,1,0,1
200600071849,6,11,24,1800,2,1,1,1,6,395,4346900,129000,310,3,2,0,0,1,1,0,57,1,0,1,0,0
200600071851,6,11,6,1145,1,2,1,1,1,33,4336100,146800,310,2,2,3,0,1,1,90,0,1,6,1,0,0
200600071852,6,11,17,1200,1,2,1,1,6,455,4326000,118000,310,4,2,2,0,2,1,0,76,1,0,1,0,0
200600071853,6,11,8,145,3,1,1,1,6,362,4316800,117000,310,3,2,2,0,1,1,27,0,1,0,3,0,0
200600071854,6,11,11,1800,2,2,1,1,1,324,4320400,101000,310,2,2,2,0,1,1,0,65,1,0,1,0,0
200600071855,6,11,14,1030,1,2,1,7,6,135,4321000,108500,310,4,1,0,0,1,1,0,50,1,0,1,0,0
200600071856,6,11,14,700,2,2,1,1,6,135,4321200,109800,310,9,2,0,0,1,1,0,0,1,0,1,0,0
200600071857,6,11,18,1415,1,1,1,1,1,317,4330900,110600,310,3,2,2,0,1,1,0,50,1,0,1,0,0
200600071858,6,11,14,2015,3,2,1,1,6,188,4355000,121500,310,9,2,2,0,1,1,0,40,1,0,1,0,0
200600071859,6,11,26,445,5,1,1,1,6,188,4355500,122800,310,9,2,2,0,2,2,0,47,1,0,1,3,0
200600071860,6,11,27,1800,3,1,1,1,1,499,4352900,120300,310,3,2,2,0,1,1,0,67,1,0,1,0,0
200600071861,6,11,6,945,1,2,1,7,6,224,4308000,57000,310,2,2,2,0,2,3,0,70,1,6,1,0,0
200600071862,6,11,7,945,1,1,1,7,5,207,4299400,63000,310,3,2,2,0,1,3,0,80,1,0,1,0,0
200600071863,6,11,8,1730,2,1,1,1,1,270,4313100,78400,310,3,2,2,1,0,1,0,90,1,0,1,0,0
200600071865,6,11,17,1745,1,1,1,1,3,175,4311800,79100,310,2,2,2,0,1,1,0,70,1,0,1,0,0
200600071866,6,11,14,1030,1,2,1,7,6,582,4340100,171800,310,3,2,2,0,1,1,0,43,1,0,1,0,0
200600071867,6,11,22,2045,5,2,1,1,6,582,4340100,172000,310,2,2,2,0,1,3,0,107,2,0,0,0,0
200600071868,6,11,26,1655,1,1,1,1,1,582,4340300,170800,310,3,2,0,0,1,1,0,73,1,0,1,0,0
200600071869,6,11,20,1115,1,1,2,8,2,567,4359300,165100,310,3,2,2,0,1,1,0,50,2,0,1,0,0
200600071870,6,11,17,1945,3,1,1,1,1,161,4349300,154000,310,9,2,0,1,1,1,0,30,1,0,1,0,1
200600071871,6,11,2,845,1,1,2,7,3,329,4348200,180800,310,3,2,0,0,1,1,0,96,1,0,1,0,0
200600071873,6,11,4,1715,1,1,1,1,7,90,4304300,153800,90,3,3,0,0,1,1,0,80,1,0,1,0,0
200600071876,6,11,24,1700,1,1,1,1,1,224,4311400,146400,90,3,2,2,0,2,3,0,53,1,0,1,0,0
200600071878,6,11,19,130,3,1,1,1,6,182,4289800,133400,90,3,2,2,0,1,2,0,57,9,0,3,0,1
200600071882,6,11,1,1700,1,1,1,1,7,298,4455100,256300,120,3,2,2,0,2,3,0,25,1,0,3,0,0
200600071883,6,11,1,1715,2,1,1,1,1,164,4486200,266100,120,3,2,2,0,1,1,0,48,1,0,1,0,0
200600071885,6,11,23,1700,2,1,1,1,3,123,4434200,302700,120,2,2,2,0,1,1,0,80,1,5,1,0,0
200600071888,6,11,5,1815,3,1,1,1,6,197,4397600,29200,320,3,2,0,0,1,3,0,55,1,0,1,0,0
200600071890,6,11,8,2015,3,1,1,1,6,107,4402900,35900,320,3,2,0,0,1,2,0,0,1,0,3,0,0
200600071893,6,11,3,1600,1,1,1,1,3,119,4387100,11500,320,3,2,0,0,1,3,0,64,1,0,1,0,0
200600071894,6,11,4,1030,1,1,2,1,3,222,4375800,9300,320,3,2,2,0,3,0,0,50,1,0,1,0,0
200600071895,6,11,26,1815,3,1,1,1,6,79,4395200,11900,320,3,2,2,0,1,1,0,53,0,0,3,0,0
200600071897,6,11,24,1430,1,1,1,1,5,208,4391800,63000,320,2,2,0,0,1,1,0,77,1,0,1,0,0
200600071898,6,11,22,1430,1,1,1,2,2,208,4392300,62600,320,2,2,2,0,1,1,0,77,2,0,1,0,0
200600071900,6,11,18,1330,1,1,1,1,6,233,4352400,11900,320,3,0,2,0,1,1,0,60,1,2,1,0,0
200600071901,6,11,24,1900,3,1,2,1,3,443,4366800,600,320,3,2,2,0,1,1,0,43,1,5,1,0,1
200600071903,6,11,4,1400,1,1,1,1,2,240,4482400,165700,460,3,2,1,0,1,1,59,0,1,2,1,0,0
200600071905,6,11,26,2030,5,2,1,8,3,309,4489400,148300,460,3,2,0,0,1,1,10,70,2,0,1,0,0
200600071908,6,11,10,745,1,1,1,1,1,121,4336000,7100,650,3,2,2,0,1,2,0,54,1,0,1,0,0
200600071909,6,11,20,1145,1,1,1,1,1,219,4355500,1600,650,3,2,2,0,1,1,0,70,1,0,1,0,1
200600071910,6,11,27,1430,2,1,1,1,6,130,4357900,4100,650,3,2,2,0,1,1,0,47,1,0,1,0,0
200600071913,6,11,5,645,3,1,1,1,6,308,4402000,239000,810,3,2,2,0,1,1,0,65,1,0,3,0,1
200600071915,6,11,8,1430,1,2,1,1,1,124,4371600,270500,810,3,2,2,0,2,1,0,62,1,0,1,0,1
200600071917,6,11,17,500,3,1,1,1,6,140,4368900,175700,810,3,2,2,0,1,2,0,70,1,0,3,0,0
200600071918,6,11,12,1750,3,1,1,1,1,294,4386000,192000,810,3,2,2,0,0,1,0,55,1,0,1,0,0
200600071920,6,11,14,1730,1,1,1,1,1,46,4381000,197000,810,3,2,2,0,4,2,0,70,1,0,1,0,1
200600071921,6,11,18,1930,3,1,2,1,3,99,4391000,187000,810,3,2,2,0,1,1,0,70,1,5,1,0,0
200600071923,6,11,9,1200,1,2,1,1,3,89,4574600,474700,690,3,2,2,0,1,1,0,70,1,5,1,0,0
200600071925,6,11,12,1330,1,1,1,2,1,175,4395100,158000,810,3,2,2,0,1,3,0,63,2,0,1,0,0
200600071928,6,11,22,1210,1,1,2,2,3,307,4356900,232000,810,3,2,2,0,1,1,28,88,2,5,0,0,0
200600071929,6,11,22,1345,1,1,1,2,6,219,4357300,201800,810,2,2,2,0,1,3,0,72,2,0,3,0,0
200600071930,6,11,26,1115,1,1,1,1,6,179,4351500,193900,810,3,2,2,0,2,1,0,54,1,0,1,0,0
200600071932,6,11,15,1520,1,1,1,1,6,76,4413500,136900,820,3,2,0,0,1,1,0,53,1,0,3,0,1
200600071937,6,11,5,1030,1,1,1,1,7,61,4413400,182600,820,3,2,2,0,1,2,0,65,1,0,3,0,0
200600071941,6,11,1,1600,1,1,1,1,3,168,4423400,101100,820,3,2,2,0,2,1,0,0,1,0,1,0,0
200600071943,6,11,13,1830,3,1,1,1,3,112,4413200,116400,820,3,2,2,0,1,1,0,0,1,0,1,0,0
200600071952,6,11,11,130,5,2,1,5,6,204,4572200,477800,690,3,2,2,0,2,1,50,100,1,0,1,0,0
200600071953,6,11,13,745,1,2,1,1,1,204,4569300,478900,690,3,2,2,0,1,1,0,90,1,5,1,0,1
200600071959,6,11,22,1600,5,2,2,1,1,28,4572400,469900,690,3,2,0,0,0,1,0,60,1,0,1,0,0
200600071966,6,11,1,1545,1,1,1,8,6,12,4618000,453900,690,3,2,2,0,2,3,0,53,2,0,1,0,0
200600071967,6,11,14,745,1,2,1,1,3,18,4615000,460000,690,3,3,2,0,1,1,0,0,1,0,1,0,0
200600071969,6,11,30,1930,3,1,1,1,6,162,4613300,462500,690,3,2,1,0,1,3,0,60,2,0,1,0,0
200600071982,6,11,3,1900,5,2,1,1,6,4,4596400,535000,10,4,2,2,0,2,3,0,60,1,0,4,0,0
200600071985,6,11,27,1640,3,1,1,1,1,7,4599600,534300,10,3,2,0,0,1,1,60,0,1,0,1,0,0
200600071995,6,11,10,330,5,1,1,1,6,290,4590200,517600,10,3,2,2,0,0,4,0,55,1,0,3,0,0
200600071996,6,11,24,1730,2,1,1,1,7,54,4587100,515200,10,4,2,0,0,1,1,0,40,1,0,1,0,0
200600071998,6,11,3,645,2,2,1,1,3,263,4609600,475900,10,3,2,2,0,4,1,0,70,1,0,1,0,0
200600072001,6,11,22,1830,5,2,1,1,3,252,4614400,481200,10,3,2,2,0,1,1,0,0,1,5,1,0,0
200600072002,6,11,26,1630,1,2,1,1,3,346,4448100,469600,70,4,2,0,0,1,0,0,37,1,0,1,0,0
200600072005,6,11,18,2145,3,1,1,2,6,66,4471200,466900,70,3,2,1,0,1,1,0,0,2,0,1,0,0
200600072007,6,11,2,2330,3,1,1,1,6,134,4450000,427000,70,3,0,2,0,2,3,0,68,1,0,1,0,0
200600072008,6,11,11,300,3,2,1,1,3,130,4473500,400500,70,2,2,2,0,2,1,0,71,1,0,1,0,0
200600072010,6,11,27,1515,1,2,1,1,6,201,4445000,434800,70,4,2,0,0,1,1,0,58,1,0,1,0,0
200600072011,6,11,30,1815,5,1,1,1,3,245,4509400,481800,70,3,2,2,0,1,1,0,68,1,5,1,0,1
200600072012,6,11,2,745,2,1,1,1,1,185,4516200,466100,70,4,2,2,0,2,4,0,28,1,0,1,0,0
200600072016,6,11,1,1045,1,1,3,1,3,124,4485200,495800,260,3,2,2,0,0,1,0,71,1,0,1,0,0
200600072021,6,11,16,445,3,1,1,1,6,169,4447500,474300,260,3,2,2,0,1,2,0,54,1,0,3,0,0
200600072026,6,11,26,1530,1,2,1,1,3,231,4509700,504900,260,3,2,2,0,1,1,0,0,1,0,1,0,0
200600072027,6,11,18,645,3,1,1,2,3,217,4505700,526600,260,3,2,2,0,1,2,0,85,2,0,1,0,0
200600072033,6,11,10,545,5,2,1,1,6,382,4525500,566500,380,2,2,2,0,1,1,12,128,1,0,1,0,0
200600072034,6,11,19,200,5,1,1,5,6,412,4541300,573500,380,3,2,0,0,1,1,0,50,2,0,3,0,1
200600072037,6,11,12,2030,5,2,1,1,6,565,4528000,564900,380,2,2,0,0,0,1,0,0,1,0,1,0,0
200600072038,6,11,29,1845,3,2,1,8,1,235,4497900,562100,380,3,2,0,0,2,1,0,57,1,0,1,0,0
200600072043,6,11,15,1215,1,2,1,1,5,133,4536700,561100,380,3,2,0,0,0,1,0,70,1,0,1,0,0
200600072045,6,11,2,810,1,2,1,7,6,174,4539400,536400,380,2,2,2,0,1,1,0,93,1,0,1,0,0
200600072048,6,11,5,1615,1,2,1,1,1,22,4563700,556300,380,4,2,0,0,1,1,0,0,1,0,1,0,0
200600072053,6,11,16,815,1,1,2,1,3,199,4548200,490500,380,3,2,0,0,1,1,0,0,1,0,1,0,0
200600072056,6,11,21,1315,1,1,2,1,4,476,4550100,506200,380,3,2,2,0,1,1,0,0,1,0,1,0,0
200600072057,6,11,8,1815,5,2,1,1,3,507,4574000,518000,380,3,3,2,0,1,1,0,0,1,0,1,0,0
200600072058,6,11,21,1,1,1,2,2,3,557,4578600,508000,380,3,2,2,0,1,4,0,102,2,0,1,0,0
200600072059,6,11,26,1315,1,2,1,1,6,97,4577800,518600,380,3,2,2,0,0,1,0,70,1,2,1,0,0
200600072061,6,11,10,1900,5,2,1,1,3,537,4564300,514200,380,3,2,3,0,1,1,0,112,1,0,1,0,0
200600072065,6,11,28,1800,5,2,1,1,6,234,4552900,437300,420,3,2,2,0,1,1,0,65,1,0,1,0,0
200600072066,6,11,17,530,5,2,1,1,7,46,4564900,404600,420,3,0,0,0,1,0,0,90,1,0,1,3,0
200600072068,6,11,3,2045,5,2,1,1,5,22,4552800,422000,420,3,2,2,0,1,1,0,80,1,3,1,0,0
200600072071,6,11,18,1600,1,1,1,1,6,159,4584700,374500,420,3,2,0,0,1,2,0,0,1,0,1,0,0
200600072078,6,11,25,1800,3,1,1,1,1,318,4537000,392200,420,3,2,0,0,1,1,0,66,1,0,1,0,0
200600072081,6,11,3,1630,1,1,1,1,7,267,4617400,413000,420,4,2,0,0,2,1,0,56,1,0,1,0,0
200600072082,6,11,23,1100,1,1,1,1,6,141,4615900,423500,420,3,2,2,0,1,4,0,78,8,0,1,0,0
200600072084,6,11,30,1900,5,2,1,1,6,49,4614600,389100,420,2,2,0,0,1,1,0,80,1,0,1,0,0
200600072086,6,11,19,530,3,1,1,1,6,270,4555200,614900,730,2,2,2,0,1,3,0,73,1,0,3,0,0
200600072092,6,11,30,1815,5,2,1,1,1,99,4545700,610200,730,3,2,0,2,0,0,0,70,0,0,0,0,0
200600072097,6,11,20,1800,3,1,1,1,7,201,4544000,667000,730,3,2,2,0,2,4,0,66,2,0,1,0,0
200600072106,6,11,17,1945,5,2,1,2,6,243,4615500,609000,740,2,2,2,0,3,1,0,0,2,0,1,0,0
200600072107,6,11,14,815,1,1,1,1,1,220,4615400,625800,740,3,2,2,0,1,1,0,62,1,0,1,0,0
200600072114,6,11,15,1745,2,1,1,1,6,166,4638000,653100,740,3,2,2,0,0,0,0,60,0,0,0,0,0
200600072116,6,11,10,730,1,1,1,8,5,334,4567200,348600,630,3,2,2,0,0,0,0,61,0,0,0,0,0
200600072119,6,11,7,515,3,1,1,9,7,280,4564700,327500,630,3,2,0,0,0,1,0,0,7,0,1,0,0
200600072120,6,11,23,1745,2,2,6,1,1,227,4569600,321800,630,3,2,0,0,0,1,60,0,1,5,1,0,0
200600072127,6,11,6,1515,1,1,1,1,2,317,4595300,332600,630,3,2,2,0,0,1,0,61,1,0,1,0,0
200600072132,6,11,1,1830,5,2,1,1,1,195,4584800,339200,630,3,2,2,0,1,1,0,81,1,0,0,0,0
200600072135,6,11,29,1730,3,1,2,1,3,291,4596000,347200,630,3,2,2,0,1,1,0,80,0,0,1,0,0
200600072137,6,11,24,1514,1,1,1,8,1,316,4666000,324000,30,2,2,2,0,1,1,0,71,1,0,1,0,0
200600072145,6,11,10,1030,3,1,1,8,6,304,4616600,337700,30,3,2,0,0,0,3,0,70,1,0,3,0,0
200600072147,6,11,21,1415,1,1,1,2,1,138,4625000,361700,30,3,2,2,0,2,1,0,74,2,0,1,0,0
200600072148,6,11,24,830,1,2,1,2,6,103,4635500,379300,30,3,2,2,0,1,2,0,59,2,0,1,0,0
200600072149,6,11,25,1600,1,2,1,1,6,103,4635400,379400,30,3,0,0,0,0,1,0,0,1,0,1,0,0
200600072151,6,11,29,845,2,2,3,1,3,236,4620900,343400,30,3,2,2,0,1,1,0,69,1,0,1,0,0
200600072154,6,11,21,830,1,1,1,2,1,122,4469200,218800,150,2,2,2,0,0,2,0,73,2,0,1,0,1
200600072161,6,11,3,1100,1,1,1,7,1,165,4515000,397800,430,3,2,2,0,1,4,0,41,1,0,1,0,0
200600072163,6,11,15,1745,2,1,1,1,7,80,4535900,386200,430,3,2,2,0,1,1,0,53,1,0,1,0,0
200600072166,6,11,18,15,3,1,1,1,6,120,4539600,328300,430,3,0,2,0,1,2,0,49,1,0,0,0,0
200600072167,6,11,8,1715,2,2,1,1,1,268,4515000,410900,430,3,2,0,0,1,1,0,65,1,0,1,0,0
200600072168,6,11,26,1730,5,2,1,1,6,24,4517000,407000,430,3,2,0,0,1,1,0,65,1,0,1,0,0
200600072169,6,11,26,1745,5,2,1,1,6,268,4515000,412700,430,3,2,2,0,1,1,0,81,1,0,1,0,0
200600072177,6,11,18,1330,1,1,1,1,1,634,4916200,609800,570,3,2,1,0,2,4,0,40,2,0,1,0,0
200600072186,6,11,8,540,3,1,1,1,6,656,4905600,631900,570,3,2,2,0,3,2,0,0,2,0,3,0,0
200600072189,6,11,22,2130,3,1,1,1,3,126,4878100,646300,570,2,2,2,0,2,3,0,75,1,0,1,0,0
200600072193,6,11,29,630,5,2,1,2,1,540,4877300,724500,570,4,2,2,0,1,1,0,81,1,0,1,0,0
200600072194,6,11,12,1200,1,1,1,1,1,752,4906700,699500,570,2,2,0,0,3,2,0,70,1,0,1,0,0
200600072199,6,11,18,2100,5,2,1,1,1,683,4930000,613000,570,3,0,1,0,2,1,0,62,1,0,1,0,0
200600072200,6,11,9,2000,3,1,1,1,2,27,4889000,615800,540,3,2,2,0,2,1,0,65,2,0,1,0,0
200600072201,6,11,2,1500,1,2,1,1,3,215,4875300,614100,540,2,0,1,0,1,0,0,0,1,0,1,0,0
200600072204,6,11,21,645,3,1,1,2,3,336,4858900,607600,540,3,2,3,0,1,1,0,0,2,0,1,0,0
200600072219,6,11,6,1700,2,1,1,1,6,177,4863600,671200,540,3,2,2,0,2,3,0,50,1,0,3,0,0
200600072230,6,11,11,1115,1,1,1,2,7,288,4879000,556000,550,3,0,0,0,0,2,0,0,2,0,1,0,0
200600072231,6,11,3,945,1,1,1,1,1,122,4873400,560500,550,3,2,2,0,0,1,0,74,1,0,1,0,0
200600072233,6,11,9,915,1,1,1,2,6,324,4946100,544700,550,3,2,2,0,2,2,0,73,2,0,1,0,0
200600072235,6,11,23,1430,3,1,1,3,1,154,4910200,540900,550,3,2,0,0,1,1,0,69,2,0,1,0,0
200600072236,6,11,13,1800,5,2,1,3,6,63,4929900,573800,550,3,2,2,0,1,1,0,68,2,0,1,0,0
200600072237,6,11,15,730,2,1,3,5,3,198,4909700,562700,550,3,2,2,0,1,1,0,68,2,0,1,0,0
200600072238,6,11,30,615,5,2,1,5,1,181,4920100,553800,550,2,2,0,0,2,2,0,77,2,0,1,0,0
200600072242,6,11,18,1830,5,2,1,2,6,465,4825600,642000,880,3,2,2,0,1,1,0,67,2,6,1,0,0
200600072245,6,11,23,1800,3,1,2,3,3,189,4832400,562200,880,3,2,2,0,0,1,0,50,2,0,0,0,0
200600072247,6,11,10,1515,1,2,1,1,1,516,4819900,599000,880,4,2,2,0,0,1,0,109,1,5,1,0,0
200600072248,6,11,20,730,2,2,1,8,1,408,4792900,666100,880,2,2,2,0,1,1,0,75,2,0,1,0,0
200600072249,6,11,29,1030,1,1,1,1,1,170,4790500,672300,880,2,2,0,0,4,3,0,80,1,0,1,0,0
200600072252,6,11,26,830,1,2,1,1,2,246,4834200,754000,670,2,3,4,0,0,1,48,0,1,0,1,0,0
200600072255,6,11,26,745,1,1,1,1,6,348,4844300,749500,670,3,2,0,0,1,1,71,0,1,0,3,0,0
200600072257,6,11,30,1745,3,1,1,1,1,103,4880500,731400,670,3,2,2,0,1,1,0,61,2,0,1,0,0
200600072260,6,11,19,1545,5,2,1,1,6,202,4876200,756800,670,3,2,0,0,1,1,0,64,1,0,3,0,0
200600072261,6,11,29,1800,3,1,1,1,2,444,4875600,753200,670,3,2,0,0,1,1,0,0,1,0,1,0,0
200600072262,6,11,11,1815,5,2,1,1,6,150,4861800,756600,670,3,2,1,0,1,2,0,70,1,0,4,0,0
200600072263,6,11,16,1930,3,1,1,1,6,150,4861800,756800,670,3,2,0,0,0,1,0,66,1,0,1,0,0
200600072264,6,11,23,1815,3,1,1,1,5,532,4867200,753800,670,3,2,2,0,3,1,0,70,1,0,1,0,0
200600072265,6,11,10,945,1,2,1,1,6,118,4858300,768800,670,3,2,2,0,1,1,0,60,1,0,4,3,0
200600072269,6,11,12,45,3,1,1,2,7,339,4888300,794500,670,4,2,1,0,1,3,0,30,2,0,3,0,0
200600072271,6,11,19,1130,1,1,1,8,1,160,4895600,774700,670,3,2,1,0,1,1,50,50,2,0,1,0,0
200600072273,6,11,25,1415,1,1,1,1,7,227,4810500,745800,680,3,2,1,0,1,2,0,68,1,0,3,0,0
200600072274,6,11,17,1600,1,2,1,1,1,269,4819900,733100,680,9,2,2,0,1,1,0,60,1,0,1,0,0
200600072275,6,11,5,2015,5,2,1,1,3,294,4826700,722100,680,3,2,2,0,1,1,0,0,1,5,1,0,0
200600072276,6,11,5,1830,3,1,8,1,3,338,4809300,729700,680,4,2,0,0,1,1,0,0,0,4,1,0,1
200600072278,6,11,24,1830,3,2,1,1,7,333,4762100,730100,680,3,2,2,0,1,1,0,62,1,0,1,0,0
200600072281,6,11,18,1130,1,2,1,1,1,305,4754300,717800,680,4,2,0,0,1,1,0,0,1,0,1,3,0
200600072282,6,11,10,1500,1,2,1,1,3,154,4779000,734600,680,3,2,2,1,1,1,0,60,1,5,1,0,0
200600072283,6,11,17,715,2,2,1,2,6,70,4772300,729700,680,3,2,0,0,3,1,0,0,2,6,1,0,0
200600072284,6,11,18,945,1,2,1,1,3,270,4779200,730500,680,3,3,0,0,1,1,30,42,2,5,1,0,0
200600072285,6,11,17,1900,5,2,1,8,6,20,4782900,751600,680,3,2,2,0,1,1,0,62,8,0,1,0,0
200600072289,6,11,1,1145,1,1,1,1,3,63,4779500,715500,680,3,2,2,0,0,0,0,0,1,0,0,0,0
200600072290,6,11,16,915,1,1,1,1,1,326,4909800,427100,510,3,2,2,0,1,1,0,70,1,0,1,0,1
200600072291,6,11,1,1730,5,2,1,1,6,380,4887500,355200,510,3,2,2,0,1,1,0,0,1,6,1,0,0
200600072292,6,11,20,830,1,1,1,1,3,113,4888600,377200,510,3,2,2,0,1,1,0,72,1,5,1,0,0
200600072293,6,11,3,1845,3,1,1,1,2,4,4861000,380100,510,3,2,2,0,0,1,0,35,1,0,1,0,0
200600072294,6,11,6,1230,1,2,1,1,2,535,4872800,372100,510,9,0,2,0,1,1,0,50,1,0,1,3,0
200600072295,6,11,11,1545,1,1,1,1,1,313,4878200,372300,510,3,0,2,0,0,1,0,92,1,0,1,0,0
200600072297,6,11,21,2030,3,1,1,2,6,237,4873000,358000,510,2,3,4,0,1,1,52,74,2,0,1,0,0
200600072298,6,11,20,1730,5,2,1,2,6,162,4855600,368000,510,3,2,2,0,1,1,0,60,2,0,1,0,0
200600072299,6,11,23,1900,5,2,1,1,6,308,4928700,381800,510,3,2,0,0,1,0,50,0,2,0,1,0,0
200600072301,6,11,5,1530,1,1,1,1,6,69,4919000,384000,510,3,2,2,0,1,1,0,58,1,0,1,0,0
200600072304,6,11,10,745,1,1,1,1,1,119,4909000,396000,510,3,2,0,0,0,1,0,104,1,0,1,0,0
200600072307,6,11,3,1500,1,1,1,1,4,557,4880100,457700,510,2,2,2,0,4,1,0,75,1,0,1,0,0
200600072308,6,11,15,1015,1,2,1,1,3,649,4872900,458600,510,9,2,2,0,1,1,0,60,1,0,1,0,0
200600072309,6,11,5,415,4,2,1,1,6,134,4868500,454800,510,3,2,2,0,1,1,0,67,1,0,4,0,0
200600072310,6,11,18,1300,1,1,1,1,3,583,4872100,494900,510,3,2,2,0,1,1,0,60,1,0,1,0,0
200600072313,6,11,18,1315,1,1,1,1,6,302,4992400,477200,80,3,2,2,0,1,1,0,60,1,0,3,0,1
200600072315,6,11,9,1430,1,1,1,1,7,185,4996700,465900,80,3,3,2,0,1,1,0,63,1,0,3,0,0
200600072316,6,11,18,1300,1,2,1,1,1,363,4993200,464800,80,3,2,0,0,1,1,0,90,1,0,1,0,0
200600072317,6,11,17,2030,3,1,1,2,7,122,5011700,480000,80,3,1,1,0,0,3,0,50,2,0,3,0,0
200600072318,6,11,15,1045,1,2,1,1,1,142,4969600,487500,80,3,2,2,0,1,1,0,0,1,5,1,0,0
200600072325,6,11,14,1815,3,2,1,1,3,345,4840900,451300,100,3,2,2,0,1,1,0,45,1,0,1,0,0
200600072328,6,11,28,1145,1,1,1,1,3,399,4819200,419200,100,2,2,2,3,1,1,0,74,1,5,1,0,0
200600072330,6,11,3,1010,1,1,1,8,3,220,4850000,380000,100,3,2,3,0,0,1,0,134,1,0,1,0,1
200600072332,6,11,5,430,3,1,1,1,7,518,4800600,525900,520,2,2,2,0,1,2,0,70,1,0,1,0,0
200600072336,6,11,11,2130,3,1,9,9,1,60,4794500,578200,520,3,2,2,0,1,1,0,70,2,5,1,0,0
200600072337,6,11,25,1800,5,2,3,3,3,60,4795900,575800,520,3,2,2,0,1,1,0,68,2,5,1,0,0
200600072338,6,11,6,1000,1,2,3,5,3,197,4778900,559600,520,2,2,2,0,0,1,0,71,1,0,1,0,0
200600072340,6,11,2,1830,5,2,1,1,6,38,4719400,539600,210,3,2,0,0,1,1,60,0,1,0,3,0,0
200600072341,6,11,6,1445,1,2,1,1,1,38,4720000,540500,210,3,2,2,0,1,3,0,0,1,0,1,0,0
200600072342,6,11,26,1815,2,2,1,1,7,585,4721900,508800,210,3,2,0,0,0,3,0,0,1,0,1,3,0
200600072344,6,11,10,1415,1,1,1,1,3,196,4693900,475400,210,3,2,3,3,0,1,0,164,1,5,1,0,0
200600072346,6,11,30,2215,3,1,1,1,6,62,4729500,452000,210,3,2,2,0,1,1,0,0,1,0,1,0,0
200600072347,6,11,19,1730,3,1,1,2,7,645,4716700,527300,210,4,0,0,0,1,2,0,0,2,0,1,0,0
200600072349,6,11,4,1915,3,1,1,1,6,685,4768900,452400,210,3,3,1,0,1,2,0,0,1,0,1,0,0
200600072350,6,11,9,1100,1,1,1,1,3,394,4751600,440800,210,3,2,2,0,2,1,0,0,2,5,1,0,0
200600072354,6,11,3,1500,1,1,1,1,1,51,4692200,316300,580,3,2,2,0,2,1,0,76,1,0,1,0,1
200600072355,6,11,6,1630,1,1,1,1,7,304,4737100,341300,580,2,2,2,0,1,1,0,70,1,0,1,0,0
200600072357,6,11,27,1730,5,2,1,1,1,163,4737200,328400,580,3,2,2,0,2,1,0,60,1,0,1,0,0
200600072360,6,11,12,1000,1,1,9,8,6,137,4640100,465200,710,2,1,2,0,4,0,0,107,0,0,1,0,0
200600072361,6,11,30,1830,2,2,1,1,6,137,4643700,465900,710,4,2,2,0,4,1,21,0,1,0,1,0,0
200600072364,6,11,26,1830,1,1,1,1,1,5,4684000,469100,710,3,2,2,0,3,1,0,0,1,0,1,0,0
200600072365,6,11,2,1640,1,1,1,7,6,221,4678200,472800,710,3,2,2,0,1,1,0,52,1,0,1,0,0
200600072367,6,11,21,1710,5,2,1,1,6,189,4676000,489800,710,3,2,2,0,1,1,0,66,2,6,1,0,0
200600072370,6,11,17,945,1,1,1,2,3,131,4689700,502400,710,3,2,2,0,2,3,0,74,2,0,1,0,0