Num_Acc,an,mois,jour,hrmn,lum,agg,int,atm,col,com,lat,long,dep,catr,circ,nbv,vosp,prof,plan,lartpc,larrout,surf,infra,situ,env1,killed
200600072371,6,11,10,1815,5,2,1,1,3,106,4643800,427700,710,4,0,0,0,1,1,0,58,1,0,1,3,0
200600072372,6,11,15,800,1,1,1,1,7,394,4646300,442100,710,4,2,0,0,2,1,0,41,2,0,3,0,0
200600072373,6,11,24,1215,1,1,1,1,3,106,4644500,430400,710,3,2,2,0,0,1,0,65,2,0,1,0,0
200600072377,6,11,13,800,1,1,1,1,7,301,4661500,381000,710,3,2,2,0,2,3,0,68,1,0,1,0,0
200600072378,6,11,19,1745,3,1,1,2,6,220,4655400,374300,710,3,2,2,0,2,2,62,62,2,0,3,0,0
200600072383,6,11,15,1100,1,1,1,1,7,187,4675300,450100,710,2,3,2,0,1,1,0,0,1,0,1,0,0
200600072384,6,11,28,1800,5,1,6,1,2,310,4675300,449200,710,2,1,1,0,1,1,0,0,1,5,1,0,0
200600072385,6,11,6,745,1,1,2,5,3,438,4780800,366900,890,3,2,0,0,4,1,0,0,2,0,1,0,0
200600072388,6,11,29,800,1,2,1,1,3,13,4787300,352100,890,3,2,2,0,2,1,0,66,1,5,1,0,0
200600072389,6,11,8,1330,1,1,1,1,6,158,4749400,333900,890,9,2,0,0,0,1,0,37,1,0,3,0,0
200600072393,6,11,19,945,1,1,2,2,3,463,4785800,364000,890,2,2,2,0,1,1,0,74,2,5,1,0,0
200600072394,6,11,23,1115,1,1,1,2,7,477,4787100,374100,890,3,2,0,0,3,2,0,45,2,0,3,0,0
200600072396,6,11,12,100,3,1,1,2,7,419,4774000,331900,890,3,2,3,0,3,3,0,0,2,0,3,0,0
200600072399,6,11,28,1415,1,1,1,1,1,279,4769600,402600,890,3,2,2,0,2,2,0,68,1,0,1,0,0
200600072404,6,11,5,1815,3,1,1,5,6,100,4821000,299800,890,3,2,2,0,2,2,0,60,2,2,3,0,0
200600072408,6,11,28,1100,1,1,1,1,1,106,4711300,603600,250,3,2,0,0,4,1,0,70,1,0,1,0,0
200600072409,6,11,6,1530,1,1,1,1,3,57,4753900,678700,250,3,2,2,2,1,1,24,47,1,0,1,0,0
200600072412,6,11,1,545,5,2,1,8,6,367,4745300,680800,250,9,2,2,0,0,0,0,69,1,0,3,0,1
200600072417,6,11,4,2230,3,1,1,1,1,262,4712700,659300,250,3,2,0,0,2,1,0,56,1,0,1,3,0
200600072420,6,11,2,1500,1,2,1,1,1,321,4706600,667500,250,3,2,2,0,2,1,0,70,1,0,1,0,0
200600072421,6,11,3,1745,2,1,1,1,1,12,4696100,646100,250,3,2,2,0,2,1,0,51,1,0,1,0,1
200600072427,6,11,17,1330,1,1,1,1,1,114,4783900,595400,700,3,2,2,0,1,2,0,55,1,0,1,0,0
200600072431,6,11,10,1515,1,1,1,1,3,312,4759800,673100,700,3,2,2,0,2,1,0,77,1,0,1,0,0
200600072432,6,11,13,1745,5,2,1,1,6,180,4752200,653900,700,3,2,2,0,1,1,0,59,2,0,1,0,0
200600072433,6,11,10,1600,1,2,1,1,7,526,4792500,610000,700,3,2,2,0,0,1,0,93,1,0,4,0,1
200600072439,6,11,5,1515,1,2,4,1,1,97,4757500,686300,900,2,2,2,0,0,2,0,0,1,0,1,0,0
200600072441,6,11,18,1215,1,1,1,2,6,46,4747500,706600,900,3,2,2,0,0,2,0,0,2,0,1,0,0
200600072442,6,11,26,1215,1,1,1,1,3,25,4759300,703500,900,3,2,1,0,4,1,0,0,1,5,1,0,1
200600072445,6,11,22,430,3,1,1,1,2,41,4522300,481700,260,1,3,3,0,2,3,35,105,1,0,1,0,0
200600072449,6,11,5,1000,1,1,1,1,7,48,4366000,562900,130,2,2,2,0,1,2,0,0,1,0,3,0,1
200600072450,6,11,28,1715,2,1,1,1,1,59,4364200,549800,130,4,2,0,0,1,1,0,32,1,0,1,0,0
200600072457,6,11,16,1500,1,1,1,6,6,4,4351000,475100,130,3,2,2,0,1,1,0,0,1,0,3,0,0
200600072458,6,11,22,700,2,1,1,1,7,97,4353600,483000,130,2,3,2,0,1,1,0,70,1,0,3,0,0
200600072465,6,11,16,1630,1,2,1,1,3,14,4350800,517700,130,3,2,2,0,1,2,0,0,1,0,1,0,0
200600072466,6,11,9,945,1,1,1,1,3,3,4371600,516100,130,3,2,2,0,1,1,0,53,1,0,1,0,0
200600072470,6,11,10,100,3,1,1,1,7,1,4405900,615800,40,2,2,2,0,1,3,0,75,1,0,3,0,1
200600072472,6,11,22,800,1,1,1,1,6,33,4446000,627000,40,3,2,2,0,2,3,0,70,2,0,3,0,0
200600072473,6,11,22,1430,1,1,1,1,7,126,4440000,633000,40,3,2,2,0,2,2,0,63,1,0,3,0,0
200600072474,6,11,3,1615,1,1,1,1,3,136,4400900,655100,40,3,2,2,0,1,1,0,58,1,0,1,0,0
200600072476,6,11,18,115,3,1,1,1,6,166,4380700,604400,40,3,2,2,0,0,1,0,69,2,0,1,0,0
200600072481,6,11,17,1515,1,1,1,2,7,69,4434100,575600,50,3,2,2,0,2,3,0,56,2,2,3,0,0
200600072482,6,11,18,1045,1,2,1,1,6,70,4431900,582400,50,3,2,2,0,1,1,0,70,1,0,1,0,0
200600072483,6,11,25,15,3,1,1,1,6,70,4430800,582400,50,3,2,0,0,1,3,0,64,1,0,3,0,0
200600072484,6,11,3,1530,1,1,1,1,5,72,4465200,608600,50,2,2,2,0,2,1,0,73,1,0,1,0,0
200600072489,6,11,29,1745,5,2,1,2,6,161,4495000,656300,50,3,2,2,0,1,1,0,73,2,0,1,0,0
200600072496,6,11,5,545,5,2,1,1,6,147,4378500,727600,60,3,2,1,0,3,2,0,74,1,0,1,0,0
200600072497,6,11,16,1430,1,1,1,1,6,151,4393400,726700,60,3,2,2,0,0,3,0,72,1,0,1,0,0
200600072498,6,11,27,1815,5,2,1,1,1,149,4375100,732200,60,3,2,2,0,1,2,0,77,1,0,1,0,1
200600072500,6,11,1,1130,1,1,1,1,1,161,4365300,713400,60,3,2,2,0,1,1,0,0,1,0,1,0,0
200600072506,6,11,7,1,1,2,1,1,6,157,4372900,711000,60,4,0,0,0,0,0,0,25,1,5,1,0,0
200600072509,6,11,17,1830,3,1,1,1,3,128,4368000,712900,60,3,2,0,0,1,1,0,150,1,0,1,0,0
200600072520,6,11,4,1500,1,1,1,1,1,4,4345900,651000,830,2,2,2,0,3,3,21,69,1,2,1,0,1
200600072521,6,11,9,1630,1,1,1,1,6,148,4341000,641600,830,9,2,2,0,1,1,0,46,1,0,1,0,0
200600072522,6,11,13,1630,1,1,1,1,3,4,4344000,644700,830,2,2,3,0,2,1,0,98,1,0,1,0,0
200600072531,6,11,14,1745,3,1,1,1,3,31,4336500,639000,830,3,2,2,0,2,3,0,68,1,0,1,0,0
200600072538,6,11,13,1630,1,2,1,1,5,116,4345100,586000,830,4,2,2,0,1,1,0,80,1,0,1,0,0
200600072540,6,11,30,1400,1,1,1,1,7,21,4346200,596800,830,3,2,2,0,1,1,0,43,1,0,1,0,1
200600072543,6,11,11,1200,1,1,1,1,1,107,4345100,662700,830,3,0,0,1,0,2,0,0,1,0,5,0,1
200600072549,6,11,1,1000,1,1,1,1,1,91,4324000,622400,830,3,2,2,0,1,1,0,58,1,0,1,0,0
200600072562,6,11,14,1830,5,2,1,1,6,3,4388100,539300,840,2,2,0,0,0,1,0,70,1,0,1,0,0
200600072566,6,11,1,30,3,1,1,2,6,123,4410500,541100,840,3,2,1,0,1,4,0,0,2,0,1,0,0
200600072574,6,11,9,1815,5,1,1,1,1,67,4392900,370400,340,3,2,2,0,0,0,0,60,1,0,1,0,0
200600072579,6,11,26,1100,1,2,1,1,1,78,4386600,390600,340,3,2,2,0,1,2,0,77,1,0,1,0,0
200600072582,6,11,4,1330,1,1,2,1,1,140,4337700,318300,340,3,2,2,0,1,1,0,58,1,0,1,0,0
200600072583,6,11,9,1745,5,2,1,1,6,178,4344000,314600,340,3,2,2,0,1,1,0,70,1,0,1,0,0
200600072585,6,11,4,815,1,2,1,1,1,199,4346600,341900,340,3,0,0,0,1,3,0,70,1,0,0,0,0
200600072587,6,11,6,1515,1,1,1,1,6,325,4342800,336700,340,2,2,2,3,1,1,0,105,1,0,3,0,1
200600072588,6,11,14,2245,3,1,1,1,6,325,4343100,337000,340,3,2,2,0,2,2,210,160,1,0,1,0,0
200600072589,6,11,17,2100,3,1,1,1,1,162,4348600,348400,340,3,2,0,0,2,3,0,80,1,0,1,0,0
200600072591,6,11,7,1810,3,1,1,1,2,300,4341400,331100,340,3,2,0,0,1,1,0,65,1,0,1,0,1
200600072592,6,11,10,830,1,2,1,1,2,94,4344500,326400,340,3,2,0,0,1,1,0,60,1,0,1,0,0
200600072594,6,11,18,1745,1,1,1,1,1,209,4331900,336200,340,3,2,2,0,1,1,16,110,1,5,1,0,0
200600072595,6,11,30,1430,1,1,1,1,7,299,4328600,331000,340,3,2,0,0,1,3,80,0,1,0,0,0,0
200600072597,6,11,5,1845,3,1,1,1,5,47,4354900,348600,340,3,2,2,0,1,1,0,60,1,0,1,0,0
200600072598,6,11,8,630,3,1,1,1,1,210,4359200,350900,340,3,2,2,0,0,1,0,79,1,0,1,0,0
200600072599,6,11,23,845,1,1,1,1,6,175,4361300,330400,340,3,2,2,0,2,2,35,75,2,0,1,0,0
200600072603,6,11,10,1830,5,2,1,1,3,31,4336400,342500,340,9,2,2,0,1,1,0,78,1,0,1,0,0
200600072605,6,11,1,1815,3,1,1,1,6,213,4350700,366600,340,3,0,0,0,0,0,0,0,0,0,0,0,0
200600072606,6,11,14,700,2,1,1,1,1,213,4347700,368400,340,3,3,2,0,1,1,27,118,1,3,1,0,1
200600072607,6,11,24,2230,3,1,1,1,6,84,4323900,225700,110,3,2,2,0,2,1,0,61,1,0,3,0,0
200600072609,6,11,17,645,3,1,2,1,3,433,4331400,249300,110,3,0,2,0,1,1,0,50,1,5,1,0,0
200600072611,6,11,17,2030,3,1,1,1,6,344,4310900,232000,110,3,2,2,0,1,2,0,0,1,0,3,0,0
200600072613,6,11,18,1345,1,1,1,1,1,304,4288400,217200,110,3,2,2,0,2,2,0,65,1,0,1,0,1
200600072622,6,11,11,1800,3,1,1,1,3,6,4368300,421100,300,2,2,2,0,1,1,0,60,1,0,1,0,0
200600072623,6,11,20,900,2,1,1,1,3,36,4377700,428400,300,2,2,2,0,1,0,0,70,1,5,1,0,0
200600072624,6,11,29,1330,1,1,1,1,1,333,4376100,426900,300,4,2,0,0,0,0,0,0,0,0,0,0,0
200600072625,6,11,29,1545,1,2,1,1,2,83,4373200,422200,300,3,0,2,0,0,0,0,0,0,0,0,0,0
200600072626,6,11,24,1615,1,1,1,1,1,320,4413000,430700,300,3,2,2,0,0,1,0,70,1,0,1,0,0
200600072628,6,11,11,215,3,1,1,1,7,89,4385500,460000,300,3,2,2,0,0,2,0,70,1,0,3,0,0
200600072629,6,11,18,745,2,1,1,5,6,317,4393200,456200,300,3,2,2,0,1,2,0,63,2,0,1,0,1
200600072630,6,11,23,1015,1,2,1,1,6,212,4394300,457000,300,2,2,0,0,1,1,0,60,1,0,1,0,0
200600072636,6,11,2,1415,1,1,1,1,6,16,4449100,342600,480,3,2,2,0,1,3,0,0,1,0,3,0,0
200600072645,6,11,3,1845,5,2,1,1,6,24,4252800,283000,660,3,2,2,0,1,1,0,60,1,0,4,0,0
200600072646,6,11,19,300,5,2,1,1,6,106,4249800,281300,660,3,2,0,0,1,1,0,67,1,0,1,0,0
200600072659,6,11,1,1115,1,1,1,1,6,284,4173000,882900,201,3,2,0,0,0,0,47,0,0,2,1,0,1
200600072663,6,11,2,1200,1,2,1,1,1,134,4263700,894200,202,4,1,1,0,0,1,0,0,1,0,1,0,0
200600072664,6,11,12,1530,1,1,1,1,1,126,4218200,938800,202,2,2,2,0,2,2,0,69,1,0,1,0,1
200600072665,6,11,14,1230,1,1,1,1,1,96,4235700,914300,202,3,2,2,0,2,2,0,66,1,0,1,0,0
200600072666,6,11,21,1530,1,1,1,3,7,354,4213900,914600,202,2,2,2,0,2,3,0,66,2,0,1,0,0
200600072668,6,11,19,945,1,1,1,1,1,16,4216000,939900,202,4,2,0,0,1,1,0,40,1,0,1,0,0
200600072669,6,11,7,1715,2,1,1,1,6,318,4243700,952500,202,3,2,2,0,1,1,0,69,1,0,1,0,0
200600072680,6,11,2,1030,1,1,1,1,3,234,4893800,162700,780,3,2,2,0,1,1,0,65,1,0,1,0,0
200600072683,6,11,24,1715,2,1,1,2,1,470,4858300,175900,780,3,2,2,0,1,1,0,70,2,0,1,0,1
200600072684,6,11,25,1515,1,2,1,8,5,575,4871900,210800,780,4,2,0,0,1,1,0,49,2,0,1,0,0
200600072685,6,11,5,1710,1,2,1,1,7,420,4878800,176900,780,3,2,2,0,0,1,0,52,1,0,1,0,0
200600072686,6,11,24,1615,1,1,1,2,4,321,4877600,189800,780,3,2,2,0,1,3,0,62,8,0,1,0,1
200600072689,6,11,1,2045,3,1,1,1,6,69,4833300,237900,910,3,2,2,0,1,0,0,48,1,0,3,0,0
200600072691,6,11,26,30,3,1,1,2,7,130,4843200,207700,910,3,2,1,0,1,4,0,0,2,0,3,0,0
200600072692,6,11,29,1030,1,1,6,1,7,35,4845400,195600,910,2,2,0,0,1,0,0,47,1,0,3,0,0
200600072693,6,11,30,745,2,2,1,8,1,200,4852500,201500,910,4,2,0,0,2,1,0,75,2,0,1,0,0
200600072694,6,11,1,1600,1,2,1,1,6,38,4849700,222000,910,3,2,1,0,1,2,0,0,1,0,1,0,0
200600072695,6,11,1,1400,1,2,1,8,3,47,4849300,235500,910,2,1,0,0,1,0,0,0,1,5,0,0,0
200600072696,6,11,3,715,1,2,1,8,3,315,4852500,235100,910,3,2,2,0,1,1,0,52,1,0,1,0,0
200600072697,6,11,8,1630,1,1,1,1,2,129,4848600,232800,910,2,2,0,0,2,1,0,0,1,0,0,0,0
200600072699,6,11,21,515,3,1,1,2,6,511,4835000,198000,910,3,2,2,0,1,1,0,60,2,0,1,0,1
200600072704,6,11,2,1715,1,1,1,1,1,675,4907000,252600,950,3,2,2,0,1,1,0,70,1,0,1,0,0
200600072705,6,11,12,1830,3,1,1,8,2,675,4906500,252300,950,3,2,3,0,1,1,0,90,0,0,1,0,0
200600072707,6,11,18,1245,1,1,1,1,7,354,4848400,287100,770,3,2,2,0,1,2,0,56,1,0,3,0,1
200600072708,6,11,29,1900,3,1,9,1,7,103,4854100,281900,770,3,3,0,0,1,1,0,44,0,0,0,0,0
200600072709,6,11,9,1800,3,1,1,1,3,381,4862500,297500,770,3,2,2,0,1,1,0,65,1,5,1,0,0
200600072712,6,11,14,1515,1,1,1,1,1,402,4881900,336600,770,4,0,0,0,1,2,0,38,2,0,1,0,0
200600072713,6,11,16,1430,1,1,1,6,6,116,4876500,323100,770,3,2,2,0,0,1,60,0,1,0,1,0,0
200600072715,6,11,6,1845,3,2,2,2,1,238,4894100,312300,770,3,2,2,0,1,3,0,60,2,0,1,0,0
200600072716,6,11,11,800,1,2,1,1,6,183,4895200,312200,770,4,1,1,0,1,2,0,0,1,0,0,0,0
200600072717,6,11,13,1300,3,1,1,2,4,290,4897100,320500,770,3,2,2,0,0,1,0,70,2,0,1,0,0
200600072718,6,11,20,1545,1,2,9,3,1,78,4897200,314900,770,3,2,2,0,1,4,0,60,2,0,1,0,0
200600072719,6,11,28,1700,3,1,1,2,4,448,4895000,310200,770,2,2,2,0,2,1,40,160,2,5,1,0,0
200600072721,6,11,26,1745,3,1,1,1,3,486,4869000,310300,770,3,2,2,0,1,2,0,70,1,5,1,0,0
200600072722,6,11,25,1045,1,1,1,2,1,60,4830300,242300,770,2,2,2,0,1,1,0,76,2,0,1,0,1
200600072723,6,11,15,845,1,1,4,1,1,99,4815000,271000,770,3,2,0,0,1,2,0,0,2,0,1,0,0
200600072724,6,11,14,1715,1,1,2,1,3,71,4820000,279300,770,3,2,2,0,0,1,0,0,2,0,1,0,0
200600072725,6,11,17,1130,1,1,1,1,6,370,4824800,276800,770,4,2,0,0,1,2,0,0,2,0,3,0,0
200600072726,6,11,9,1130,1,1,1,1,1,283,4913200,304900,770,3,2,2,0,2,4,0,65,8,0,1,0,1
200600072727,6,11,26,1245,1,2,1,1,6,483,4900800,254800,770,3,2,2,0,1,1,0,69,1,5,1,0,0
200600072729,6,11,20,1945,5,2,1,2,1,32,4870500,324700,770,2,2,2,0,1,1,0,80,2,0,1,0,1
200600072730,6,11,16,630,3,1,1,1,5,46,4797600,177400,450,3,2,2,0,1,1,0,73,1,0,1,0,1
200600072731,6,11,22,1900,5,1,1,8,6,248,4805500,170400,450,3,2,2,0,0,1,0,60,2,0,3,0,0
200600072734,6,11,2,1315,1,2,1,1,3,98,4782900,176100,450,3,2,0,0,1,1,0,54,1,0,1,0,0
200600072741,6,11,7,1430,1,1,1,1,3,53,4762300,275300,450,4,2,2,0,1,1,0,52,1,0,1,0,0
200600072742,6,11,15,1930,3,1,1,2,6,245,4769700,279200,450,3,2,0,0,0,2,0,40,2,0,3,0,0
200600072745,6,11,3,1830,5,2,1,1,6,329,4794300,298600,450,3,2,0,0,1,1,0,46,1,0,4,0,0
200600072746,6,11,13,1630,2,1,3,2,3,211,4798100,307500,450,3,2,2,0,2,3,0,63,2,0,1,0,0
200600072747,6,11,19,945,1,1,1,2,3,73,4804600,298300,450,4,2,2,0,1,3,0,34,2,0,3,0,0
200600072753,6,11,14,1700,2,1,1,1,6,54,4823100,242600,450,3,2,2,0,1,1,0,60,1,0,1,0,0
200600072754,6,11,3,1745,3,1,1,1,3,184,4708700,292500,180,3,2,0,0,1,2,0,49,1,0,1,0,0
200600072755,6,11,15,2330,5,1,1,1,6,154,4704600,286400,180,3,2,0,0,1,1,0,58,1,0,1,0,1
200600072756,6,11,17,1800,3,1,1,1,1,239,4704100,277200,180,3,2,2,0,1,2,0,59,1,0,1,0,0
200600072757,6,11,11,200,3,1,1,1,6,52,4677200,261200,180,3,2,2,0,1,0,0,43,1,0,1,0,0
200600072758,6,11,3,1630,1,2,1,1,2,197,4673700,249800,180,9,2,2,0,1,3,0,45,1,0,1,0,0
200600072759,6,11,17,1015,1,1,1,1,1,273,4682800,228400,180,3,2,2,0,3,3,0,69,2,0,1,0,1
200600072761,6,11,24,345,3,1,1,2,2,254,4703600,246100,180,2,3,0,0,1,1,60,156,2,0,1,0,1
200600072765,6,11,16,915,1,2,1,2,1,361,4852400,176600,280,3,2,2,0,1,3,0,48,2,0,1,0,0
200600072770,6,11,16,1600,1,1,1,8,6,178,4875900,147700,280,2,3,4,0,1,1,127,74,2,0,3,0,1
200600072771,6,11,10,645,2,1,6,5,6,1,4880900,140600,280,3,2,0,0,1,0,0,70,1,5,1,0,0
200600072772,6,11,25,1500,1,1,1,1,7,59,4870100,95700,280,3,2,0,0,1,1,0,50,1,5,3,0,1
200600072773,6,11,3,600,3,1,1,5,6,417,4862500,155400,280,4,2,2,0,1,1,0,0,2,0,1,0,0
200600072774,6,11,26,500,3,1,1,2,6,54,4864700,140600,280,2,2,2,0,1,1,0,0,2,0,1,0,0
200600072776,6,11,11,230,3,2,1,1,6,93,4698900,160700,360,4,2,0,0,4,0,0,50,1,0,0,0,0
200600072780,6,11,28,725,2,1,1,1,1,22,4661000,170800,360,3,2,2,0,2,1,0,72,1,0,1,0,1
200600072781,6,11,1,1745,5,2,1,1,7,241,4685000,154200,360,3,2,0,0,1,1,0,0,1,0,1,0,0
200600072783,6,11,25,735,3,1,3,2,3,232,4678000,133000,360,3,2,2,0,1,1,0,50,2,5,1,0,0
200600072784,6,11,6,515,3,1,1,5,1,77,4720600,154000,360,3,2,2,0,1,1,0,75,2,0,1,0,0
200600072785,6,11,11,2230,3,1,1,1,6,228,4715900,152800,360,3,2,2,0,1,3,0,60,2,0,1,0,1
200600072787,6,11,26,1745,3,1,1,1,7,235,4713800,150100,360,3,2,2,0,1,1,0,40,1,0,3,0,0
200600072788,6,11,17,100,3,1,1,8,6,123,4682600,123400,360,3,2,0,0,1,2,70,60,2,0,1,0,0
200600072789,6,11,23,815,1,1,1,2,2,18,4663800,110400,360,3,2,0,0,1,1,0,0,2,0,1,0,0
200600072790,6,11,22,1445,1,2,1,2,5,46,4658600,198800,360,3,2,2,0,0,1,0,81,2,5,1,0,1
200600072792,6,11,25,1115,1,1,1,8,6,99,4643900,172200,360,3,2,1,0,2,1,0,52,2,0,1,0,0
200600072793,6,11,1,2300,3,1,1,1,7,181,4683800,202700,360,3,2,2,0,1,1,0,49,1,0,1,0,1
200600072795,6,11,12,1845,3,1,1,8,7,102,4709500,192100,360,3,2,0,0,2,3,0,56,1,0,1,0,0
200600072798,6,11,28,1645,1,2,2,1,3,3,4740700,99800,370,4,2,2,0,0,1,0,50,2,5,1,0,0
200600072804,6,11,14,2000,3,1,1,2,6,193,4726600,22000,370,3,2,2,0,1,3,0,62,2,0,3,0,0
200600072805,6,11,25,1630,3,2,1,2,6,72,4717600,20800,370,3,2,2,0,1,3,0,57,2,0,4,0,0
200600072809,6,11,16,1200,1,2,1,1,6,132,4713300,99800,370,9,1,1,0,1,1,0,35,1,0,4,0,0
200600072810,6,11,19,730,2,1,1,2,7,259,4674000,95000,370,3,2,2,0,1,1,0,60,2,0,3,0,0
200600072811,6,11,25,2100,3,1,1,1,6,61,4691000,97000,370,3,2,1,0,1,1,0,57,1,0,1,0,0
200600072817,6,11,19,15,3,1,1,3,6,181,4732700,127900,410,3,2,2,0,1,1,0,56,2,0,1,0,1
200600072820,6,11,23,930,3,1,1,2,1,185,4737800,169200,410,3,2,2,0,1,1,0,64,2,0,1,0,0
200600072821,6,11,13,1800,3,1,1,1,1,333,4490200,108500,330,3,2,2,0,1,1,0,52,1,0,1,0,0
200600072822,6,11,24,1100,1,1,1,2,1,97,4508000,106300,330,3,2,2,0,1,1,0,62,2,0,1,0,0
200600072825,6,11,17,2000,3,2,7,1,6,241,4796300,383000,290,6,0,0,0,1,0,0,0,0,0,0,0,0
200600072828,6,11,29,1020,1,1,6,2,3,58,4916800,228300,950,3,2,0,0,1,0,90,0,2,5,1,0,0
200600072829,6,11,3,1445,1,2,1,1,1,192,4576100,127300,870,3,2,1,0,1,1,0,55,1,0,1,0,0
200600072830,6,11,10,800,1,1,1,1,2,283,4868900,737500,670,3,2,0,0,2,1,0,54,1,0,1,0,0
200600072835,6,11,11,1730,5,2,1,1,6,38,4947400,595800,570,3,2,2,0,1,1,0,54,2,0,1,0,0
200600072836,6,11,19,545,3,1,1,3,1,22,4938800,604600,570,3,2,3,0,1,3,0,102,2,0,1,0,1
200600072837,6,11,23,1845,3,2,1,1,1,202,4358800,376000,340,4,2,0,0,2,1,0,60,1,0,1,0,0
200600072839,6,11,15,1715,1,2,1,1,6,397,4320900,243300,110,2,2,2,0,2,2,0,76,1,2,1,0,1
200600072841,6,11,29,1915,5,2,1,1,3,151,4319900,246300,110,2,2,2,0,1,1,0,72,1,0,1,0,1
200600072842,6,11,28,2245,3,1,9,1,5,537,4856800,197100,780,1,2,4,0,0,2,24,340,0,0,1,0,0
200600072844,6,11,12,1830,5,2,9,1,5,7,4550500,482600,690,3,2,2,0,1,1,0,58,1,6,1,0,1
200600072863,6,11,29,900,1,1,1,1,5,73,4340700,623300,830,1,3,3,0,1,1,20,135,1,0,1,0,0
200600072873,6,11,3,200,3,2,1,1,7,5,4819600,78500,530,4,2,1,0,1,1,0,0,2,0,3,0,0
200600072874,6,11,3,1700,1,1,1,1,1,229,4815500,76000,530,3,2,2,0,1,1,0,61,1,0,1,0,0
200600072875,6,11,18,130,3,1,1,1,7,137,4807500,92800,530,2,2,2,0,1,2,0,80,2,0,3,0,0
200600072876,6,11,24,400,3,1,1,1,1,48,4824800,90100,530,3,0,2,0,1,2,0,77,2,0,1,0,1
200600072878,6,11,7,1200,1,2,6,1,3,467,4368600,142100,310,3,0,1,0,1,0,0,70,1,5,1,0,0
200600072880,6,11,21,730,2,2,1,1,3,410,4370700,146400,310,3,2,2,0,3,1,0,67,1,0,1,0,0
200600072881,6,11,28,1345,1,1,1,1,3,23,4342000,599000,830,1,3,3,0,1,4,200,130,1,0,1,0,0
200600072890,6,11,23,1300,1,1,1,1,2,188,4295900,297200,110,1,3,3,0,1,1,30,135,1,0,1,0,1
200600072893,6,11,23,930,1,1,1,2,6,169,4791000,184000,450,1,1,1,0,2,3,0,60,2,3,1,0,0
200600072898,6,11,12,1945,3,1,1,1,4,13,4538700,547800,380,1,1,2,0,1,1,25,76,1,0,1,0,1
200600072903,6,11,16,830,3,1,1,8,2,262,4756600,149400,410,3,2,2,0,1,1,0,65,2,0,1,0,0
200600072909,6,11,22,1415,1,1,1,2,1,69,4840900,455000,290,3,2,0,0,2,3,0,0,2,0,1,0,0
200600072911,6,11,24,1930,3,1,1,1,3,31,4338200,344300,340,1,1,3,3,1,1,20,133,1,0,1,0,0
200600072912,6,11,1,1600,1,2,1,1,3,506,4356200,153100,310,9,2,2,0,1,1,0,50,1,0,1,0,0
200600072913,6,11,27,1230,1,1,1,1,5,254,4355400,149900,310,3,3,4,0,1,1,45,65,1,0,1,0,0
200600072914,6,11,1,1400,1,1,1,1,3,122,4345300,155100,640,1,3,2,0,1,1,30,75,1,0,1,0,0
200600072915,6,11,11,1545,1,1,1,2,7,102,4348300,144900,640,1,1,1,0,1,2,15,45,2,0,3,0,0
200600072919,6,11,10,500,3,1,1,1,7,571,4916700,419100,510,1,3,2,0,1,1,35,72,1,0,1,0,0
200600072931,6,11,30,830,1,1,1,1,4,1,4351600,543900,130,1,1,0,0,0,1,0,35,1,0,1,0,0
200600072935,6,11,14,1130,1,2,1,1,1,37,5020200,338200,590,3,2,0,0,1,2,0,0,1,0,1,0,0
200600072936,6,11,26,330,5,2,1,1,6,141,5018500,329100,590,3,2,2,0,1,1,0,107,1,0,3,0,0
200600072937,6,11,2,1100,2,1,1,1,6,617,4864800,253800,910,2,3,2,0,0,2,0,0,1,2,0,0,1
200600072939,6,11,8,930,1,1,9,1,3,284,4464800,83900,330,1,1,2,0,1,1,150,70,1,0,1,0,0
200600072940,6,11,25,2045,3,1,1,1,5,122,4471700,74500,330,1,1,2,0,1,1,100,72,1,0,1,0,0
200600072941,6,11,9,2000,3,1,1,2,7,143,4590300,678400,740,2,1,2,0,2,1,0,0,2,0,1,0,0
200600072942,6,11,15,2115,3,1,1,1,6,143,4589900,678800,740,2,1,2,0,1,4,0,80,1,0,1,0,0
200600072947,6,11,19,430,4,2,1,1,6,90,4211500,870300,201,3,2,2,0,1,1,0,57,1,0,3,0,0
200600072951,6,11,25,1715,5,2,1,1,1,45,4523800,580800,380,2,2,2,0,2,2,0,120,1,0,1,0,0
200600072958,6,11,16,1800,3,1,1,2,3,466,4893300,198000,780,3,2,2,0,1,1,0,0,2,0,1,0,0
200600072963,6,11,18,445,3,2,1,1,7,144,4850300,286100,220,4,2,0,0,1,2,0,0,1,0,3,0,0
200600072964,6,11,11,1200,1,2,9,1,4,922,4170200,934500,201,2,2,2,0,1,1,26,65,1,0,1,0,0
200600072967,6,11,24,1345,1,2,6,1,1,268,4589500,610100,740,4,3,4,3,2,1,0,0,1,0,1,0,0
200600072968,6,11,26,1730,5,2,1,1,1,272,4594900,605400,740,3,2,2,0,1,1,32,60,1,5,1,0,0