Num_Acc,an,mois,jour,hrmn,lum,agg,int,atm,col,com,lat,long,dep,catr,circ,nbv,vosp,prof,plan,lartpc,larrout,surf,infra,situ,env1,killed
200600072969,6,11,10,2245,3,1,1,5,1,280,4581300,506400,690,1,3,2,0,0,1,15,100,2,0,1,0,1
200600072975,6,11,7,1100,1,1,1,1,5,536,4920500,415400,510,3,2,2,0,1,1,0,80,1,0,1,0,0
200600072976,6,11,7,2215,3,1,1,1,6,333,4918400,407200,510,3,2,2,0,1,1,0,76,1,0,1,0,1
200600072978,6,11,4,1145,1,2,1,1,6,157,4354100,134600,310,4,1,1,0,1,1,0,50,1,0,1,0,0
200600072979,6,11,8,1800,3,1,1,2,5,852,5093300,206600,620,3,2,2,0,1,1,0,0,2,0,1,0,0
200600072980,6,11,1,2300,5,1,1,2,7,152,4362600,703400,60,4,2,2,0,2,3,0,0,2,0,3,0,0
200600072981,6,11,7,745,1,1,1,1,7,18,4361900,709300,60,3,2,3,0,3,2,0,65,1,0,1,0,0
200600072982,6,11,7,1845,1,1,1,1,1,18,4363800,706700,60,3,2,2,0,1,3,0,75,1,0,1,0,0
200600072989,6,11,2,1800,3,1,1,1,1,536,4542600,487700,380,3,2,0,0,0,3,0,60,9,0,1,0,0
200600072991,6,11,21,1700,1,2,1,8,2,425,4540300,478200,380,3,2,2,0,1,1,0,0,2,5,1,0,0
200600072992,6,11,2,2030,5,1,1,1,1,303,4595100,617800,740,4,2,2,0,2,1,0,40,1,0,1,0,1
200600073008,6,11,11,1830,5,2,1,1,4,191,4932900,45800,140,3,2,2,1,1,1,0,71,1,0,1,0,0
200600073012,6,11,20,800,1,1,1,2,3,164,4584600,316100,630,1,3,2,0,1,1,10,100,2,3,1,0,0
200600073016,6,11,4,1645,1,1,1,1,5,389,4865300,773900,670,3,2,2,0,1,3,0,0,1,2,1,0,1
200600073017,6,11,14,1215,1,2,1,1,4,471,4864000,773800,670,3,2,0,0,1,1,0,0,1,0,1,0,0
200600073018,6,11,25,1930,5,2,1,1,4,471,4863900,775400,670,3,2,2,0,3,1,0,60,2,2,1,0,0
200600073021,6,11,23,515,3,1,1,1,2,105,4366600,707400,60,3,2,2,0,2,1,0,0,1,0,1,0,0
200600073022,6,11,10,1330,1,1,1,1,6,162,4444600,603100,50,1,3,2,3,0,1,15,100,1,0,2,0,0
200600073033,6,11,9,1745,2,1,1,1,2,390,4309700,54000,310,1,1,3,3,3,1,30,100,1,0,1,0,0
200600073034,6,11,13,1145,1,1,1,2,6,110,4757300,33200,490,1,1,1,0,1,2,0,25,2,2,1,0,0
200600073039,6,11,24,30,3,1,1,1,6,6,4659200,149700,360,1,1,2,0,2,1,15,105,2,0,1,0,0
200600073042,6,11,8,2215,3,1,1,1,2,207,4514800,314400,150,1,3,2,3,2,1,20,72,1,0,0,0,0
200600073043,6,11,20,1045,1,1,1,1,6,203,4516200,314900,150,1,3,2,0,2,1,0,0,1,0,1,0,0
200600073044,6,11,7,445,3,1,1,1,6,356,4875000,202200,780,3,2,0,0,1,1,0,0,1,0,3,0,0
200600073046,6,11,28,800,2,1,1,2,5,315,4818400,11900,720,3,4,3,0,1,1,0,82,2,5,1,0,0
200600073051,6,11,8,1115,5,1,1,1,7,101,4916800,42500,140,1,1,1,0,0,1,10,35,1,3,1,0,0
200600073058,6,11,19,1530,1,1,1,8,6,141,4814900,513900,520,2,2,2,0,4,3,0,77,2,0,3,0,0
200600073059,6,11,26,1745,2,1,1,1,3,45,4385800,478700,130,3,2,0,0,1,1,0,0,1,0,1,0,0
200600073063,6,11,16,1730,2,2,1,3,6,711,5006200,138400,760,4,2,2,0,1,1,0,85,2,0,1,0,1
200600073064,6,11,2,1430,1,2,2,1,3,591,4944400,120400,760,3,2,2,0,1,1,0,76,1,0,1,3,0
200600073065,6,11,9,800,1,1,1,1,1,591,4945600,121000,760,2,2,3,3,1,1,0,124,2,0,1,0,0
200600073066,6,11,30,915,1,2,1,1,3,146,4958900,136000,760,3,2,0,0,0,0,0,0,1,5,1,0,0
200600073072,6,11,4,1745,2,1,1,2,6,256,4731800,204100,410,1,3,4,3,1,1,10,130,2,0,3,0,0
200600073075,6,11,24,1615,1,1,1,8,6,183,4903700,199200,950,4,2,2,0,4,2,0,78,2,0,1,0,0
200600073080,6,11,3,2015,3,1,1,1,3,94,4776000,326000,560,3,2,2,0,1,1,0,131,1,0,1,0,0
200600073081,6,11,15,915,1,1,1,8,5,94,4778500,325900,560,3,2,2,0,0,3,0,70,2,0,3,0,1
200600073088,6,11,5,15,3,1,2,1,3,31,4817000,138500,350,3,0,0,0,3,1,0,56,1,0,1,0,0
200600073090,6,11,7,1400,1,1,1,1,7,372,4514000,54200,240,1,3,2,0,1,1,10,0,1,3,1,0,0
200600073091,6,11,19,1220,1,1,1,3,7,439,4514700,79100,240,1,3,3,3,2,1,10,110,2,0,1,0,0
200600073094,6,12,10,2115,3,1,1,1,2,553,5059900,293300,590,2,3,0,0,1,1,0,102,1,0,1,0,0
200600073095,6,12,12,845,1,1,1,9,3,553,5060300,296500,590,3,2,2,0,1,4,0,70,2,0,1,0,0
200600073096,6,12,10,445,4,2,1,1,6,256,5056200,314400,590,3,2,1,0,1,3,0,60,1,0,1,0,0
200600073097,6,12,11,1705,2,2,1,2,6,592,5048100,305600,590,4,2,2,0,1,1,0,52,2,0,1,0,0
200600073098,6,12,11,245,3,1,1,3,7,326,5096900,252900,590,3,2,2,0,0,1,0,0,2,0,3,0,0
200600073100,6,12,1,2115,3,1,1,2,3,89,5087900,234200,590,3,2,2,0,1,1,65,0,2,5,1,0,1
200600073101,6,12,2,1600,1,1,1,1,1,84,5068700,237500,590,2,0,2,0,1,1,0,80,1,0,1,0,0
200600073102,6,12,4,1330,1,1,1,1,7,497,5074600,237600,590,3,2,2,0,1,1,0,71,1,0,1,0,0
200600073103,6,12,12,1545,1,1,1,1,1,590,5065000,246500,590,3,2,2,0,2,2,0,54,1,0,1,0,0
200600073104,6,12,3,2015,5,1,1,6,7,86,5079500,269400,590,3,2,0,0,3,1,0,50,2,0,3,0,0
200600073107,6,12,7,1515,1,1,1,6,1,559,5036100,364200,590,3,2,2,0,1,1,0,52,2,0,1,0,0
200600073110,6,12,1,1830,3,1,1,1,1,78,5016600,400600,590,3,2,2,0,3,1,0,66,1,0,1,0,1
200600073111,6,12,15,1645,2,2,1,1,6,36,5013000,393400,590,2,2,2,0,1,1,0,99,1,0,1,0,0
200600073116,6,12,23,1845,5,2,1,5,3,97,5014500,303700,590,2,2,0,0,1,1,0,74,2,0,1,3,0
200600073119,6,12,31,1630,1,2,1,1,5,142,5026400,402700,590,3,2,2,0,1,1,0,69,1,0,1,0,1
200600073120,6,12,29,2030,3,1,1,8,3,583,5018300,246400,620,2,2,2,0,1,1,0,90,1,5,1,0,1
200600073121,6,12,2,2015,5,2,2,1,3,371,5039600,277100,620,4,2,2,0,2,1,0,43,1,0,1,0,0
200600073123,6,12,24,230,3,1,1,5,6,609,5037900,274300,620,3,2,2,0,1,2,0,51,2,0,0,0,0
200600073124,6,12,14,1745,2,1,1,9,3,865,5031800,301500,620,3,3,2,0,1,2,0,55,6,0,1,0,0
200600073127,6,12,17,1500,1,1,1,1,1,338,5064100,282800,620,3,2,2,0,1,3,0,60,2,0,1,0,1
200600073128,6,12,26,1830,3,2,1,8,6,502,5062800,269900,620,3,2,2,0,1,2,0,62,2,0,1,0,0
200600073130,6,12,12,1415,1,2,1,2,3,786,5070300,189300,620,3,2,2,0,2,3,0,62,2,0,1,0,0
200600073136,6,12,18,830,2,1,1,9,7,506,5082600,192900,620,3,2,2,0,2,2,0,75,7,0,3,0,0
200600073141,6,12,22,1800,5,2,1,6,7,571,5045900,160600,620,4,2,2,0,0,1,0,60,1,0,4,0,0
200600073144,6,12,30,1140,1,1,1,3,1,174,5085400,196300,620,3,3,0,0,0,1,0,65,2,0,1,0,0
200600073146,6,12,9,1830,3,1,1,1,6,767,5033800,231500,620,3,2,0,0,1,1,0,75,1,0,3,3,0
200600073147,6,12,11,400,3,1,1,2,5,719,5038700,213600,620,3,3,0,0,2,1,15,140,2,0,1,0,1
200600073151,6,12,15,845,1,1,1,1,6,45,5034200,256800,620,3,2,2,0,0,3,0,74,1,0,3,0,0
200600073152,6,12,22,1430,1,2,1,1,6,63,5028200,253000,620,3,2,2,0,1,1,0,66,1,0,1,0,0
200600073156,6,12,22,930,1,1,1,9,6,690,4981500,230200,800,3,2,2,0,4,2,0,57,7,0,3,0,0
200600073172,6,12,6,1715,2,1,1,1,1,428,4996400,285200,800,3,2,2,0,1,2,0,62,1,0,1,0,0
200600073173,6,12,8,1615,2,1,1,2,3,620,4992700,293200,800,3,2,0,0,1,1,0,80,2,0,1,0,0
200600073174,6,12,23,145,3,2,1,1,6,17,4996900,294700,800,3,2,2,0,1,3,0,0,1,0,1,0,0
200600073177,6,12,18,1745,5,2,1,1,4,410,4975400,307000,800,3,2,2,0,0,1,0,0,1,0,1,0,0
200600073179,6,12,31,1715,2,1,1,2,3,4,4970800,392400,20,3,2,0,0,1,1,0,66,2,0,1,0,0
200600073180,6,12,1,600,3,1,1,1,6,238,4961900,351500,20,3,2,0,0,1,3,0,64,1,0,1,0,0
200600073182,6,12,11,1345,1,2,1,8,1,196,4954000,357000,20,3,2,2,0,0,1,0,58,2,0,1,0,1
200600073183,6,12,16,1240,1,1,1,8,7,617,4968800,360900,20,3,2,2,0,1,1,0,71,6,0,1,0,0
200600073184,6,12,18,1820,5,2,1,1,1,128,4952000,366000,20,3,2,2,0,1,1,0,84,2,5,1,0,0
200600073195,6,12,27,100,3,1,1,1,6,512,4911500,311100,20,3,2,2,0,1,3,0,60,1,0,3,0,0
200600073197,6,12,29,1100,1,1,1,1,3,575,4984000,350600,20,3,2,2,0,1,0,0,50,1,0,1,0,0
200600073203,6,12,18,600,3,1,1,5,6,91,4933000,367000,20,3,2,2,0,3,4,0,57,2,0,1,0,0
200600073205,6,12,17,1700,3,1,1,8,6,628,4929000,317000,20,3,2,2,0,1,1,30,80,2,0,3,0,0
200600073210,6,12,29,1215,1,1,1,1,5,361,4991800,362800,20,3,2,1,0,2,1,0,74,1,0,1,0,0
200600073211,6,12,23,1045,1,2,1,7,6,381,4992500,408500,20,3,2,2,0,0,1,0,90,1,0,1,0,0
200600073212,6,12,18,330,3,1,1,9,6,461,4944000,217000,600,3,2,2,0,1,1,0,49,7,0,3,0,1
200600073213,6,12,2,1600,2,2,7,2,1,577,4944700,178000,600,3,2,2,0,1,1,0,75,2,0,1,3,0
200600073215,6,12,7,845,1,1,1,1,7,567,4943600,189000,600,3,2,2,0,1,1,0,74,2,0,1,0,0
200600073220,6,12,23,115,3,1,1,1,6,622,4968000,200800,600,3,2,2,0,1,2,0,0,7,0,1,0,0
200600073221,6,12,22,1745,2,1,1,1,1,699,4954100,187200,600,3,2,2,0,1,1,0,90,7,0,1,0,0
200600073230,6,12,12,1745,5,2,1,1,3,119,4951100,291200,600,4,2,2,0,2,1,0,48,1,0,1,0,0
200600073233,6,12,2,2345,3,1,1,8,4,338,4936700,276900,600,3,3,2,0,1,1,70,0,2,0,1,0,1
200600073235,6,12,4,1900,3,1,1,2,6,531,4943900,268500,600,3,2,2,0,1,1,0,64,2,0,1,0,0
200600073236,6,12,9,1915,3,1,1,1,6,531,4943800,268200,600,3,2,2,0,0,1,0,70,1,0,1,0,0
200600073237,6,12,2,1930,3,1,1,1,1,617,4962200,295100,600,3,0,2,0,0,1,0,79,1,0,1,0,0
200600073254,6,12,18,1600,1,1,1,1,3,698,4981100,118300,760,3,2,3,0,2,2,0,103,2,0,1,0,0
200600073256,6,12,9,1045,1,1,1,8,6,39,4935700,113700,760,2,2,0,0,2,0,0,92,2,0,0,0,0
200600073257,6,12,9,1430,1,1,1,1,2,753,4933100,115200,760,2,2,3,0,0,1,0,92,2,0,3,0,0
200600073258,6,12,18,845,1,1,1,5,1,558,4937900,116200,760,3,2,2,0,1,2,0,65,2,0,1,0,0
200600073259,6,12,5,700,5,1,3,1,3,750,4946300,82400,760,3,3,0,0,1,1,15,90,1,0,1,0,0
200600073261,6,12,22,1745,5,2,1,1,1,238,4956400,21600,760,3,2,0,0,2,1,0,91,1,0,1,0,0
200600073262,6,12,22,1915,1,2,1,1,7,258,4966000,59200,760,3,2,1,0,1,1,0,0,1,0,4,0,0
200600073263,6,12,25,2230,5,2,1,5,6,556,4954100,47100,760,3,2,1,0,2,1,0,0,2,0,1,3,0
200600073264,6,12,7,1600,1,1,1,1,6,411,4978200,169700,760,3,2,0,0,4,4,0,60,1,0,3,0,0
200600073268,6,12,6,800,2,1,1,8,1,263,4946800,147300,760,2,2,0,0,0,1,0,77,1,0,1,0,0
200600073270,6,12,26,1720,4,2,1,2,6,312,4948600,171900,760,4,2,2,0,2,1,67,51,2,0,1,0,0
200600073271,6,12,25,2115,3,1,2,5,1,718,4961900,69400,760,3,2,3,0,0,1,0,0,2,0,1,0,0
200600073272,6,12,11,800,3,1,1,2,6,203,4961700,84000,760,3,0,1,0,1,1,0,100,2,0,1,0,0
200600073274,6,12,22,1400,1,2,1,1,1,646,4982800,67300,760,3,2,2,0,1,1,0,65,1,0,1,0,0
200600073275,6,12,6,845,3,1,1,1,6,355,4970300,68900,760,3,2,2,0,2,3,0,48,2,0,3,0,1
200600073276,6,12,9,1500,1,2,2,1,3,219,4972500,78400,760,4,1,0,0,2,1,0,60,2,0,1,0,0
200600073277,6,12,16,445,3,2,1,2,6,483,4972300,68200,760,3,2,0,0,0,3,0,70,2,0,1,0,0
200600073279,6,12,24,1530,1,1,1,2,2,424,4893300,94300,270,3,2,2,0,1,1,0,77,2,0,1,0,0
200600073280,6,12,28,1245,1,1,1,1,3,451,4903200,110700,270,2,4,2,0,2,3,0,70,1,5,1,0,0
200600073282,6,12,3,2145,3,2,1,8,6,297,4881300,110600,270,3,2,0,0,1,1,0,57,2,0,3,0,1
200600073283,6,12,14,1945,5,2,1,1,2,378,4878100,119300,270,3,2,2,0,0,1,0,33,1,0,1,0,0
200600073287,6,12,17,1945,3,1,1,1,6,410,4901600,126700,270,2,2,2,0,1,1,26,45,1,0,3,0,1
200600073289,6,12,2,300,3,2,1,1,6,112,4883400,91500,270,9,1,1,0,2,1,0,45,1,0,3,0,1
200600073290,6,12,12,1730,5,2,1,1,6,679,4874400,92100,270,4,0,0,0,1,0,0,0,1,0,0,3,0
200600073291,6,12,17,315,3,1,1,9,6,359,4884700,66100,270,3,2,0,0,0,1,0,60,7,0,3,0,1
200600073293,6,12,30,400,3,1,1,2,6,315,4924900,153100,270,3,2,0,0,0,1,0,62,2,0,3,0,1
200600073296,6,12,17,1215,1,1,1,1,3,377,4939000,150400,270,3,2,2,0,1,1,0,65,2,0,1,0,0
200600073298,6,12,17,1915,3,1,1,1,6,462,4909900,43100,270,3,2,2,0,1,1,0,70,2,0,3,0,0
200600073299,6,12,15,1445,1,1,2,1,3,516,4906300,63300,270,3,2,2,0,1,1,0,54,1,0,1,0,0
200600073300,6,12,22,930,1,1,1,8,5,463,4913000,62900,270,2,2,2,0,1,1,0,0,1,0,1,0,0
200600073301,6,12,2,1130,1,1,1,2,3,116,4921900,71700,270,3,2,2,0,1,1,80,0,2,0,1,0,0
200600073302,6,12,2,1200,1,1,1,2,6,116,4918800,68600,270,4,2,2,0,0,1,50,0,2,0,3,0,0
200600073304,6,12,18,1615,1,1,1,1,3,51,4908500,76700,270,3,2,2,0,1,1,0,71,1,0,1,0,0
200600073310,6,12,4,800,2,2,1,3,6,5,4916800,122100,270,3,2,2,0,1,1,0,45,2,0,1,0,0
200600073312,6,12,19,1745,4,1,1,1,1,517,4914800,132100,270,3,2,3,0,2,4,0,105,1,0,1,0,0
200600073314,6,12,10,1800,1,1,1,1,6,467,4935300,53000,270,4,2,2,0,1,1,0,40,1,0,1,0,0
200600073316,6,12,6,1800,2,1,1,2,1,415,4923500,45500,270,3,3,0,0,1,1,0,65,2,0,1,0,0
200600073317,6,12,15,1530,1,1,2,1,3,435,4927100,51700,270,3,2,2,0,0,1,0,32,0,0,0,0,0
200600073318,6,12,12,1345,1,2,6,7,5,47,4802800,174000,350,3,4,0,0,0,2,0,0,1,0,1,0,0
200600073319,6,12,6,1715,1,2,9,1,1,128,4829700,172000,350,3,2,0,0,2,1,0,63,1,0,1,0,0
200600073322,6,12,2,100,3,1,1,2,7,227,4819600,189300,350,3,2,2,0,1,2,0,0,2,0,1,0,0
200600073329,6,12,18,1830,3,1,1,1,7,19,4842500,157900,350,3,2,0,0,2,1,0,0,2,0,3,0,0
200600073330,6,12,1,1830,5,2,1,2,6,328,4777900,208100,350,3,2,2,0,1,1,0,64,2,0,1,3,0
200600073338,6,12,11,1215,1,1,1,2,3,222,4855600,155600,350,3,2,2,0,4,1,0,66,2,5,1,0,0
200600073343,6,12,11,1300,1,2,6,2,3,207,4812800,153000,350,3,0,0,0,1,1,0,80,2,5,1,0,0
200600073346,6,12,22,1930,3,1,1,1,2,200,4798100,120400,350,3,2,2,0,1,1,0,0,1,5,1,0,0
200600073347,6,12,29,1745,2,2,1,1,3,14,4801400,129000,350,3,2,2,0,2,2,0,82,1,0,1,0,0
200600073348,6,12,9,1145,1,1,1,3,1,55,4863900,282800,220,3,2,0,0,2,3,0,0,2,0,1,0,0
200600073354,6,12,25,1800,5,2,1,1,1,136,4819300,276900,220,3,0,0,0,2,1,0,60,1,0,1,0,0
200600073355,6,12,3,1530,1,2,1,2,6,214,4874600,295700,220,3,2,2,0,1,1,0,50,2,0,3,0,0
200600073356,6,12,12,1115,1,2,1,1,3,162,4878000,303500,220,3,2,0,0,0,3,0,0,1,0,1,0,0
200600073363,6,12,5,715,3,1,1,6,6,83,4813800,224000,220,3,2,2,0,4,1,0,48,2,0,1,0,0
200600073365,6,12,1,1700,2,2,1,2,3,362,4878700,323200,220,3,2,2,0,1,1,0,65,2,0,1,3,0
200600073366,6,12,15,815,3,1,2,1,1,152,4876000,327000,220,3,2,2,0,1,1,0,0,1,0,1,0,0
200600073367,6,12,16,1030,1,1,2,1,3,347,4878400,319400,220,3,2,0,0,1,1,0,0,1,0,1,0,0
200600073368,6,12,23,210,4,2,1,1,6,195,4884500,314100,220,3,2,2,0,1,2,0,72,1,0,4,0,0
200600073370,6,12,22,1930,3,1,1,1,6,168,4803300,463600,290,3,2,2,0,4,1,0,78,1,0,1,0,1
200600073371,6,12,30,1330,1,2,1,2,3,3,4803200,453600,290,3,2,2,0,1,1,0,70,2,5,1,0,0
200600073374,6,12,22,845,1,1,1,1,3,224,4804400,434200,290,3,2,2,0,1,1,123,83,1,5,1,0,0
200600073376,6,12,26,1200,1,1,1,1,5,58,4790700,400500,290,3,2,4,1,4,2,0,131,1,3,1,0,0
200600073377,6,12,15,810,3,1,6,1,1,37,4788000,416000,290,3,4,2,0,1,2,0,0,1,5,1,0,0
200600073378,6,12,30,30,5,2,1,6,6,165,4782000,422000,290,3,2,0,0,0,3,0,0,2,5,1,0,0
200600073379,6,12,31,200,3,1,1,1,6,158,4781100,434900,290,3,2,0,0,1,1,0,0,1,0,3,0,0
200600073382,6,12,29,1745,5,2,1,3,6,103,4845600,424300,290,3,2,2,0,0,1,76,0,2,0,1,0,0
200600073387,6,12,31,1745,3,1,1,6,5,302,4827300,411700,290,1,3,0,0,1,2,0,70,2,0,1,0,0
200600073388,6,12,9,915,1,1,1,1,6,44,4819400,415700,290,3,2,2,0,1,2,0,60,2,0,3,0,0
200600073389,6,12,2,1945,3,1,1,1,5,20,4805100,406600,290,2,3,2,0,2,2,28,140,1,0,1,0,1
200600073392,6,12,28,100,3,1,1,1,1,20,4804600,407000,290,2,3,4,0,1,1,0,0,1,0,1,0,1
200600073393,6,12,3,515,3,1,1,3,6,120,4828500,447100,290,4,0,0,0,2,3,5,75,2,0,1,0,0
200600073394,6,12,9,2230,5,2,6,1,3,42,4825000,449500,290,3,2,2,0,0,1,0,61,1,5,1,3,0
200600073396,6,12,15,1830,5,2,9,1,3,74,4849100,399600,290,4,1,1,0,2,1,0,67,1,0,1,0,0
200600073400,6,12,8,1530,1,1,1,2,1,232,4768200,214900,560,3,2,2,0,2,2,0,0,2,0,1,0,0
200600073401,6,12,8,2300,3,1,1,1,7,232,4767200,212800,560,4,2,0,0,1,3,0,0,2,0,1,0,0
200600073407,6,12,6,1030,1,1,1,7,3,40,4785000,338000,560,4,2,0,0,1,1,0,0,2,0,1,0,0
200600073409,6,12,4,1830,2,1,1,3,7,169,4769600,321900,560,4,2,2,0,1,2,0,0,6,0,1,0,1
200600073410,6,12,28,1400,1,1,2,1,4,119,4769700,311700,560,3,2,2,0,1,1,0,60,1,0,1,0,0
200600073412,6,12,20,1445,1,1,1,1,6,75,4793100,213800,560,2,2,4,0,1,1,0,0,1,0,3,0,0
200600073414,6,12,7,900,1,2,1,7,6,178,4807000,295600,560,9,2,2,0,1,1,0,56,2,0,1,0,0
200600073415,6,12,11,1545,1,2,1,2,7,178,4807000,296500,560,9,0,0,0,0,0,0,0,0,0,0,0,1
200600073416,6,12,12,1500,1,1,1,1,3,140,4792800,276700,560,4,2,2,0,0,0,0,42,1,0,1,0,0
200600073417,6,12,18,1745,2,1,1,1,6,81,4808900,364400,560,3,2,0,0,2,3,0,0,2,0,3,0,0
200600073418,6,12,29,2000,3,1,1,3,6,81,4798900,358500,560,3,2,2,0,1,1,0,38,2,0,1,0,0
200600073419,6,12,1,1230,1,2,1,2,3,170,4926900,40800,140,3,2,2,0,1,1,0,67,2,0,1,0,0
200600073422,6,12,15,1030,1,2,1,1,6,228,4930300,37000,140,3,2,2,0,0,1,0,92,1,5,1,0,0
200600073425,6,12,24,1400,1,1,1,2,1,456,4910400,16100,140,3,2,0,0,1,3,62,0,2,0,1,0,0
200600073433,6,12,7,1000,1,2,6,2,1,654,4902600,2900,140,3,2,1,0,1,2,90,78,2,5,1,0,0
200600073434,6,12,21,2000,3,1,1,1,7,81,4902300,600,140,3,2,2,0,1,1,0,62,1,0,3,0,0
200600073435,6,12,8,330,3,1,1,2,6,270,4915000,31300,140,3,2,0,0,1,1,0,103,2,0,3,0,0
200600073437,6,12,21,1815,3,1,1,1,1,478,4901800,41000,140,3,2,2,0,4,1,0,70,2,0,1,0,0
200600073438,6,12,7,1615,1,2,1,1,6,755,4940200,13000,140,9,2,2,0,0,1,0,0,1,0,4,0,0
200600073439,6,12,8,1415,1,1,1,3,1,41,4938500,19300,140,3,2,2,0,1,3,0,35,2,0,0,0,0
200600073445,6,12,11,930,1,1,1,2,6,129,4896800,93400,140,3,2,2,0,1,2,0,65,2,0,3,0,0
200600073450,6,12,25,1300,1,1,1,1,1,581,4902000,116000,500,3,2,2,0,1,1,0,54,1,0,1,0,0
200600073452,6,12,11,800,2,1,1,8,1,409,4914600,117700,500,3,2,3,3,4,2,0,158,8,0,1,0,0
200600073455,6,12,20,945,1,1,1,9,7,540,4878800,146500,500,3,2,0,0,1,1,0,42,7,0,3,0,0
200600073457,6,12,6,1415,3,1,1,1,1,62,4880200,113500,500,3,2,0,0,1,1,0,57,2,0,1,0,0
200600073458,6,12,6,800,5,2,1,1,6,312,4871900,106500,500,3,2,2,0,1,1,0,63,1,0,1,0,1
200600073463,6,12,1,930,1,2,1,2,1,426,4939600,152300,500,4,2,0,0,2,3,0,60,2,0,1,0,0
200600073464,6,12,9,1015,1,2,1,7,3,523,4941300,131700,500,4,0,0,0,0,0,0,0,0,0,0,0,0
200600073472,6,12,12,1900,3,1,1,1,6,85,4893700,152400,500,3,2,2,0,1,1,0,61,1,0,1,0,0
200600073474,6,12,30,1145,1,1,9,8,3,436,4864100,95200,500,3,2,1,0,1,1,0,72,2,0,1,0,0
200600073475,6,12,2,1100,1,1,1,2,2,213,4847000,13000,610,2,2,2,0,1,1,0,120,2,0,1,0,0
200600073477,6,12,10,1900,3,1,1,5,6,213,4847800,13100,610,3,2,2,0,2,4,0,80,2,5,3,0,0
200600073482,6,12,2,1815,3,1,1,9,1,17,4870200,31400,610,3,2,2,0,1,1,74,74,2,0,1,0,1
200600073483,6,12,9,2200,3,1,1,2,6,2,4870600,9200,610,3,2,0,0,0,1,0,50,2,0,3,0,1
200600073484,6,12,10,30,3,1,1,2,7,389,4872500,42700,610,3,2,0,0,1,1,0,0,2,0,3,0,0
200600073485,6,12,17,2145,3,1,1,8,6,506,4886100,43500,610,4,2,0,0,4,3,0,32,2,0,3,0,0
200600073486,6,12,11,1745,2,1,1,3,1,324,4853700,73800,610,3,2,2,0,0,1,0,63,2,0,1,0,0
200600073492,6,12,2,2315,5,2,1,5,6,79,4823200,74700,610,3,2,2,0,1,1,0,60,2,0,1,0,0
200600073495,6,12,19,745,2,1,1,1,1,26,4729200,144400,440,3,2,2,0,1,1,0,0,1,5,1,0,0
200600073496,6,12,8,1945,3,1,9,1,7,127,4701000,145500,440,3,2,2,0,1,1,0,52,1,0,1,0,0
200600073497,6,12,15,1330,1,1,1,1,5,102,4709300,142900,440,3,2,0,0,1,1,0,72,2,0,1,0,0
200600073498,6,12,6,1015,1,1,1,1,2,102,4706500,144100,440,3,2,2,0,1,1,0,60,2,0,1,0,0
200600073499,6,12,15,1815,3,1,1,1,1,188,4701900,162300,440,3,2,2,0,2,1,0,53,1,0,1,0,0
200600073501,6,12,28,1900,3,1,1,1,5,41,4712000,158000,440,3,2,1,0,1,1,0,0,1,0,3,0,0
200600073503,6,12,5,700,3,1,1,6,1,96,4743100,123700,440,3,2,2,0,1,2,0,63,1,0,1,0,1
200600073504,6,12,6,1100,1,1,1,1,3,124,4759700,116900,440,3,2,2,0,1,1,0,70,1,5,1,0,0
200600073505,6,12,18,1330,1,2,1,1,7,213,4738800,102800,440,3,3,2,0,4,3,33,66,1,0,4,3,0
200600073506,6,12,22,2045,3,1,1,9,6,104,4739400,95600,440,3,2,0,0,1,3,0,37,7,0,3,0,0
200600073508,6,12,30,1530,1,1,1,2,3,191,4757600,118800,440,3,2,2,0,1,1,0,64,2,0,1,0,0
200600073510,6,12,17,930,1,1,1,1,7,48,4736300,132200,440,3,2,3,0,1,1,0,136,2,0,3,0,0
200600073511,6,12,9,2300,3,2,1,1,6,75,4762800,145100,440,3,0,0,0,1,1,0,60,1,0,1,0,0
200600073512,6,12,14,745,2,2,1,1,6,36,4772000,138000,440,9,2,2,0,1,1,0,0,1,6,1,0,0
200600073514,6,12,19,1415,1,1,1,1,1,73,4743500,166700,440,3,2,0,0,0,1,0,57,1,0,1,0,0
200600073515,6,12,15,845,1,1,1,1,1,61,4725800,195700,440,3,2,2,0,1,2,0,70,1,0,1,0,0
200600073517,6,12,22,2115,3,1,1,1,1,192,4728400,201500,440,3,2,2,0,1,3,0,62,1,0,1,0,1
200600073518,6,12,22,330,1,1,1,1,6,133,4712000,177300,440,3,2,2,0,1,1,0,60,1,0,1,0,0
200600073519,6,12,28,15,3,1,1,1,1,133,4713500,175400,440,3,2,2,0,1,3,0,60,1,0,1,0,0
200600073525,6,12,27,1800,2,1,1,1,1,13,4741000,209400,440,3,2,2,0,1,1,0,76,1,2,1,0,1
200600073527,6,12,9,1200,1,2,1,1,3,45,4729500,186300,440,3,2,2,0,1,1,0,0,1,0,1,0,0
200600073528,6,12,4,1400,1,1,1,8,3,214,4754200,63700,490,3,2,0,0,1,1,20,100,2,5,1,0,0