Num_Acc,an,mois,jour,hrmn,lum,agg,int,atm,col,com,lat,long,dep,catr,circ,nbv,vosp,prof,plan,lartpc,larrout,surf,infra,situ,env1,killed
200600073529,6,12,23,1945,3,1,1,8,6,20,4747800,62200,490,3,3,0,3,1,1,40,60,9,5,1,0,0
200600073531,6,12,4,1815,5,1,2,1,3,323,4751900,45900,490,3,0,0,0,0,1,0,60,0,0,1,0,0
200600073532,6,12,13,2230,3,1,1,1,6,323,4751700,45500,490,3,2,2,0,1,1,0,0,1,0,1,0,0
200600073533,6,12,22,1845,3,1,1,1,3,306,4743000,72000,490,3,2,2,0,1,1,0,104,1,5,1,0,0
200600073534,6,12,13,1900,3,2,1,1,3,333,4757900,35900,490,3,2,2,0,1,1,0,56,1,0,1,0,0
200600073536,6,12,9,1945,5,2,1,1,6,375,4715700,105400,490,3,2,2,0,1,1,0,54,1,0,1,0,0
200600073538,6,12,23,1,3,1,1,1,3,23,4720000,97300,490,3,2,0,0,3,1,0,110,1,5,1,0,0
200600073539,6,12,30,1800,5,2,2,2,3,92,4721900,72200,490,3,2,3,3,1,1,30,70,2,5,1,0,0
200600073540,6,12,8,1745,4,1,1,1,2,316,4727400,106500,490,3,2,1,0,0,1,0,67,1,0,1,0,0
200600073541,6,12,29,745,1,1,1,1,5,83,4728800,99300,490,3,2,0,0,2,3,0,70,2,0,1,0,0
200600073543,6,12,3,1655,1,1,1,8,6,311,4738700,8300,490,3,2,2,0,0,2,60,0,2,0,3,0,0
200600073544,6,12,14,2100,3,1,1,5,7,261,4737900,25700,490,3,2,1,0,1,1,0,60,1,0,1,0,0
200600073549,6,12,21,1830,3,2,1,1,6,140,4812200,72100,530,3,2,2,0,1,1,0,87,1,0,1,0,0
200600073556,6,12,6,1745,5,2,6,1,2,8,4794400,18600,720,3,1,2,0,1,2,0,0,1,0,1,0,0
200600073560,6,12,13,1400,1,1,1,1,4,54,4803100,36500,720,2,2,0,0,1,1,0,0,1,0,1,0,0
200600073562,6,12,19,1715,5,2,1,8,3,280,4797900,10600,720,3,2,2,0,1,1,0,74,2,0,1,0,0
200600073563,6,12,22,1630,1,1,1,1,2,146,4789400,14700,720,2,2,0,0,1,1,0,31,1,0,1,0,0
200600073565,6,12,24,645,3,1,1,2,1,228,4784500,23100,720,3,2,2,0,1,1,0,0,2,0,1,0,1
200600073566,6,12,27,1800,5,2,1,1,6,50,4797000,23100,720,3,2,2,0,1,1,0,67,1,0,1,0,0
200600073569,6,12,10,1145,1,2,1,9,7,61,4773000,22000,720,4,2,0,0,1,2,0,0,1,0,1,0,0
200600073570,6,12,14,1245,1,2,1,1,3,264,4783200,30300,720,4,2,0,0,0,1,130,66,9,0,1,0,0
200600073571,6,12,12,715,2,1,2,5,3,67,4809000,47800,720,3,2,0,0,0,1,0,57,0,0,1,0,0
200600073573,6,12,29,1500,1,1,1,2,6,137,4840900,19900,720,3,2,2,0,2,4,0,57,2,0,1,0,0
200600073576,6,12,6,1715,1,2,1,1,3,213,4659700,131400,850,3,0,2,0,1,1,0,69,1,0,1,0,0
200600073577,6,12,25,1915,3,1,1,1,1,73,4650100,119300,850,3,2,2,0,1,1,0,69,1,0,1,0,0
200600073580,6,12,5,900,2,1,1,2,6,82,4689700,92400,850,3,2,2,0,2,3,0,0,2,0,1,0,0
200600073581,6,12,9,1645,1,1,1,1,3,109,4686600,100000,850,3,2,2,1,1,1,0,70,1,0,1,0,1
200600073584,6,12,18,1945,3,1,1,1,6,108,4689900,138400,850,3,1,2,0,1,1,0,60,1,0,1,0,0
200600073591,6,12,9,1200,1,1,1,1,1,33,4654500,81800,850,3,2,0,0,0,1,0,100,2,0,1,0,0
200600073600,6,12,29,1945,3,1,1,2,6,284,4680000,195000,850,3,2,2,0,1,3,0,66,2,0,3,0,0
200600073601,6,12,31,1530,1,1,1,1,6,164,4686000,211000,850,3,2,2,0,1,1,0,64,2,0,3,0,0
200600073611,6,12,23,815,2,1,9,5,1,101,4520400,57200,330,4,2,2,0,1,1,0,47,1,0,1,0,0
200600073613,6,12,26,1615,1,1,1,1,1,374,4528400,56600,330,3,2,2,0,1,3,0,70,1,0,1,0,1
200600073614,6,12,17,845,1,1,1,1,1,126,4511000,46000,330,3,2,2,0,4,2,0,73,1,0,1,0,0
200600073615,6,12,28,1015,1,1,1,1,1,3,4493000,52800,330,2,2,2,0,1,1,0,80,1,0,1,0,0
200600073616,6,12,23,2000,5,1,8,8,1,323,4457000,21000,330,3,2,2,0,4,1,0,70,1,4,1,0,1
200600073618,6,12,2,1730,2,1,1,1,7,381,4475300,42600,330,3,2,0,0,1,1,0,54,2,0,0,0,0
200600073619,6,12,29,215,3,1,1,9,6,363,4478700,37000,330,3,2,2,0,1,1,0,65,7,0,3,0,0
200600073622,6,12,18,1900,5,2,1,1,6,13,4487000,48600,330,4,2,2,0,0,2,0,52,1,0,3,0,0
200600073624,6,12,2,130,3,1,1,1,6,120,4463000,32000,330,3,2,2,0,2,3,0,0,1,2,3,0,0
200600073626,6,12,5,1715,5,2,1,1,3,366,4499800,43900,330,3,2,3,0,1,1,0,98,2,0,1,0,0
200600073627,6,12,14,1900,5,2,1,5,7,366,4499800,44400,330,9,1,1,0,1,1,0,40,2,0,1,0,0
200600073628,6,12,6,1100,1,2,9,1,2,533,4456500,26800,330,2,2,2,0,2,1,0,0,1,5,1,0,0
200600073629,6,12,18,730,2,1,1,1,2,279,4449000,23200,330,2,2,2,0,1,1,0,80,1,0,1,0,1
200600073632,6,12,2,1745,2,1,1,1,5,22,4499800,75400,330,3,2,2,0,1,1,0,63,2,0,1,0,0
200600073633,6,12,2,1800,3,1,1,2,3,22,4501900,78100,330,2,2,2,0,1,1,0,58,2,0,1,0,0
200600073635,6,12,30,1845,5,2,1,2,1,104,4503200,78600,330,4,2,3,0,1,1,64,66,2,5,1,0,0
200600073639,6,12,3,930,1,1,1,1,3,424,4515900,81100,330,2,0,2,0,1,0,0,0,1,5,1,0,0
200600073641,6,12,26,2330,3,1,1,1,6,393,4498500,20800,330,3,2,0,0,1,2,0,0,0,0,0,0,0
200600073645,6,12,24,1500,1,1,1,1,6,191,4501700,3600,330,3,2,0,0,0,2,0,0,1,0,3,0,1
200600073647,6,12,5,945,1,2,1,2,6,372,4514900,52800,240,3,2,2,0,3,2,0,60,2,0,1,0,0
200600073649,6,12,30,1045,1,1,1,8,6,134,4537500,95500,240,3,2,2,0,1,2,0,71,7,0,1,0,0
200600073652,6,12,2,1715,2,2,1,1,3,294,4502400,16600,240,3,2,2,0,1,1,0,110,1,5,1,0,0
200600073654,6,12,18,915,1,2,6,1,3,520,4487500,121000,240,3,2,2,0,1,1,0,60,1,5,1,0,0
200600073657,6,12,29,2030,3,1,1,1,6,61,4383300,65100,400,3,2,2,0,1,1,0,0,1,0,3,0,0
200600073658,6,12,9,1200,1,1,1,3,3,283,4377200,99900,400,3,0,0,0,1,1,0,0,2,5,1,0,0
200600073660,6,12,22,1515,1,1,1,8,1,276,4390000,127500,400,4,2,0,0,0,1,0,35,1,0,1,0,0
200600073662,6,12,17,1745,3,1,1,1,5,183,4366900,96400,400,3,2,2,0,1,1,0,76,1,0,1,0,0
200600073663,6,12,17,1630,1,1,1,1,6,233,4362200,98800,400,3,2,0,0,1,1,0,46,1,0,3,0,0
200600073664,6,12,28,1815,3,2,1,1,1,118,4357800,93000,400,3,2,2,0,4,4,65,65,1,0,1,0,0
200600073670,6,12,11,1615,1,2,1,1,1,184,4421700,126100,400,9,2,2,0,1,0,0,57,1,0,1,0,0
200600073671,6,12,30,2255,5,2,1,2,6,43,4414300,121600,400,3,2,0,0,1,1,0,0,2,0,1,0,0
200600073672,6,12,3,120,5,2,1,1,3,282,4376800,57400,400,4,4,3,0,3,3,0,100,1,0,1,0,0
200600073674,6,12,3,2100,3,1,1,2,3,137,4397600,29800,400,3,2,2,0,0,3,70,0,0,0,0,0,1
200600073677,6,12,9,900,1,1,1,1,1,60,4411800,74300,470,3,2,2,0,1,1,0,56,2,0,1,0,0
200600073679,6,12,13,1700,1,2,1,8,7,157,4450300,16800,470,4,2,2,0,1,1,70,70,1,0,1,0,0
200600073682,6,12,29,900,1,1,1,8,7,114,4438700,14700,470,3,2,2,0,2,3,0,60,7,0,3,0,0
200600073684,6,12,10,400,5,2,1,1,6,310,4444000,18500,470,3,2,2,0,0,1,0,60,1,0,3,0,0
200600073685,6,12,16,800,2,1,1,5,7,65,4435000,36400,470,3,2,2,0,1,2,0,70,2,0,1,0,0
200600073688,6,12,29,745,2,1,1,9,6,37,4463300,71100,470,3,2,0,0,1,2,0,0,7,0,1,0,0
200600073694,6,12,7,2030,5,1,1,1,3,511,4339900,37700,640,2,2,2,0,0,1,0,205,1,0,1,0,0
200600073695,6,12,7,2030,3,2,1,2,1,405,4333900,27700,640,3,2,3,0,2,3,0,102,2,0,1,0,0
200600073696,6,12,30,1915,5,1,1,1,5,216,4326100,17700,640,3,2,2,0,1,1,0,70,1,0,1,0,0
200600073700,6,12,23,300,3,1,1,5,6,411,4319800,95900,640,3,2,2,0,2,1,0,60,2,2,3,0,0
200600073703,6,12,16,1500,1,1,1,1,6,29,4311700,72800,640,3,2,0,0,0,1,0,0,1,2,1,0,0
200600073705,6,12,8,1700,1,1,1,1,4,177,4348100,71700,640,3,2,2,0,2,2,0,59,2,0,1,0,1
200600073706,6,12,17,1930,3,1,1,8,4,501,4351500,72700,640,3,2,2,0,2,1,0,70,2,0,1,0,0
200600073708,6,12,9,545,3,1,1,3,6,531,4336700,90800,640,3,2,2,0,0,3,0,72,2,0,1,0,1
200600073718,6,12,4,805,1,2,1,2,6,165,4642700,87100,860,3,2,2,0,1,1,0,70,2,2,1,3,0
200600073720,6,12,27,1430,1,2,3,1,3,223,4657000,87200,860,3,2,0,0,0,1,0,68,1,0,1,0,0
200600073722,6,12,13,2015,3,1,1,5,6,287,4558100,4300,160,4,2,2,0,2,2,0,0,2,0,1,0,0
200600073725,6,12,5,900,1,1,1,1,1,320,4576400,300,160,3,2,2,0,1,1,0,72,8,0,1,0,0
200600073726,6,12,6,1800,5,2,1,2,1,295,4580300,13400,160,4,2,0,0,1,1,0,44,2,0,1,0,0
200600073727,6,12,8,2000,3,1,1,2,1,200,4585300,18700,160,2,3,4,0,1,1,57,92,2,5,1,0,0
200600073728,6,12,10,530,3,1,1,5,6,81,4584100,7300,160,3,2,2,0,0,1,0,49,2,0,3,0,0
200600073732,6,12,23,1100,1,2,1,1,6,190,4619700,118700,170,3,2,2,0,0,1,0,60,1,0,0,0,0
200600073733,6,12,27,715,3,1,1,1,1,222,4623300,112200,170,3,2,2,0,1,2,0,70,1,0,1,0,0
200600073737,6,12,22,2245,3,1,1,1,7,267,4623000,91300,170,2,3,4,0,1,1,0,70,1,0,3,0,1
200600073738,6,12,30,1630,1,1,1,2,6,41,4619500,82800,170,3,2,2,0,1,2,0,54,2,2,3,0,1
200600073739,6,12,11,1915,3,1,1,1,6,121,4620500,144300,170,3,2,2,0,1,1,0,60,1,0,1,0,1
200600073741,6,12,30,115,3,1,1,9,6,110,4519000,21000,170,3,2,2,0,0,2,0,65,6,0,1,0,0
200600073744,6,12,6,800,2,1,2,8,3,406,4576000,98200,170,3,2,2,0,0,1,0,60,1,5,0,0,0
200600073745,6,12,11,750,2,1,1,1,5,185,4572600,96500,170,3,2,2,0,1,1,0,69,1,0,1,0,1
200600073746,6,12,12,1,5,2,1,3,6,337,4597600,135200,170,4,2,2,0,1,1,0,50,2,0,4,0,0
200600073748,6,12,16,1715,2,1,1,1,3,225,4573500,117500,170,3,2,2,0,0,1,0,0,2,5,1,0,0
200600073749,6,12,6,1200,1,1,1,8,1,166,4611200,88400,170,3,2,1,0,1,1,0,46,2,0,3,0,0
200600073751,6,12,23,230,3,1,1,8,7,480,4614700,86400,170,3,2,2,0,1,1,40,0,1,0,3,0,0
200600073752,6,12,26,2200,3,1,1,1,6,394,4611700,69400,170,3,2,2,0,1,1,0,57,1,0,3,0,0
200600073753,6,12,7,1645,1,1,1,1,1,431,4576600,78400,170,3,2,1,0,1,3,0,46,2,0,1,0,0
200600073759,6,12,15,100,3,1,6,1,7,34,4629300,51000,790,2,2,2,0,1,1,0,86,1,5,1,0,0
200600073760,6,12,25,230,3,2,1,1,6,130,4625400,53200,790,4,2,0,0,1,1,0,30,1,0,0,0,1
200600073762,6,12,6,1415,1,2,1,1,3,48,4636400,31500,790,4,2,2,0,1,2,0,97,1,5,1,0,0
200600073763,6,12,15,1815,3,1,1,1,1,131,4688100,34300,790,3,2,0,0,1,1,0,66,1,0,1,0,0
200600073767,6,12,7,1945,3,1,1,2,6,178,4588300,137000,870,3,2,2,0,0,1,0,64,2,0,1,0,0
200600073768,6,12,10,1930,3,1,1,8,1,28,4620400,92300,870,2,2,2,0,1,1,0,74,2,0,1,0,0
200600073770,6,12,5,745,2,1,1,2,1,180,4619800,127800,870,2,2,2,0,1,2,0,700,2,0,1,0,1
200600073771,6,12,7,2145,3,1,1,2,6,89,4621900,112500,870,3,2,2,0,1,1,0,61,2,0,3,0,1
200600073773,6,12,14,1815,3,1,1,1,1,110,4594300,102700,870,3,2,2,0,1,1,0,61,1,0,1,0,1
200600073774,6,12,17,1030,1,1,1,1,1,34,4572300,88800,870,3,2,1,0,0,0,0,48,1,0,1,0,0
200600073775,6,12,4,845,1,2,1,3,2,146,4531900,177100,190,3,2,2,0,0,1,0,68,2,0,1,0,0
200600073776,6,12,15,1745,2,1,1,1,1,1,4551700,178600,190,3,2,2,0,1,2,0,67,0,0,1,0,1
200600073778,6,12,4,2245,3,1,1,2,7,72,4522900,153600,190,3,2,2,0,0,1,0,60,2,0,3,0,0
200600073780,6,12,17,1730,3,1,1,1,1,278,4522700,142900,190,3,2,2,0,1,1,0,62,1,0,1,0,0
200600073782,6,12,19,815,1,2,1,1,6,176,4624400,148500,230,4,2,2,0,1,1,0,0,1,0,1,0,0
200600073783,6,12,15,1645,1,2,1,1,1,140,4594800,217500,230,3,2,2,0,2,1,0,58,1,0,1,0,0
200600073785,6,12,7,1630,1,1,1,8,2,145,4628000,239000,230,2,2,2,0,1,1,0,74,2,0,1,0,0
200600073790,6,12,20,1245,1,1,1,8,6,584,4388700,148300,310,3,2,2,0,1,2,0,52,1,0,3,0,0
200600073795,6,12,8,2130,5,2,1,2,1,291,4360400,124300,310,2,2,2,0,3,1,0,63,2,5,1,0,0
200600073796,6,12,8,2215,3,1,1,2,1,424,4355500,126000,310,3,2,2,0,1,1,0,69,2,0,1,0,0
200600073797,6,12,22,2330,5,2,1,1,6,424,4357500,131200,310,3,2,2,0,1,2,0,71,1,0,3,0,1
200600073798,6,12,13,2000,5,2,1,1,1,446,4355500,147200,310,3,2,1,0,1,1,0,117,1,5,1,0,0
200600073800,6,12,3,1730,2,2,6,2,3,136,4375200,143300,310,3,2,0,0,1,2,60,20,2,5,1,0,0
200600073801,6,12,9,330,3,1,1,8,6,91,4374300,141100,310,3,2,2,0,1,1,0,63,2,0,0,0,0
200600073802,6,12,11,915,1,1,1,1,3,490,4373200,138100,310,2,2,2,3,1,1,25,62,1,0,1,0,0
200600073805,6,12,9,1355,1,2,1,1,6,273,4369700,151200,310,3,2,0,0,4,3,0,50,1,0,3,0,0
200600073808,6,12,30,830,1,1,2,8,6,345,4340600,140400,310,3,2,0,0,1,1,0,72,7,0,3,0,0
200600073809,6,12,17,1240,1,1,2,8,3,107,4331500,117800,310,3,2,2,0,1,1,0,70,1,0,1,0,0
200600073811,6,12,8,1600,1,1,1,1,6,324,4320000,102300,310,3,2,2,0,1,1,0,61,1,0,1,0,0
200600073812,6,12,11,800,1,1,1,5,1,324,4319700,99400,310,2,2,2,0,1,1,0,74,2,0,1,0,1
200600073814,6,12,24,45,3,1,1,5,6,499,4351500,118500,310,3,2,2,0,2,1,0,58,1,0,3,0,0
200600073816,6,12,1,1500,1,1,1,1,7,210,4338100,168200,310,3,2,2,0,1,2,0,75,1,0,1,0,0
200600073817,6,12,21,1415,1,1,1,1,6,332,4336300,155900,310,3,2,2,0,0,1,0,60,1,0,3,0,0
200600073818,6,12,28,900,1,1,1,1,6,106,4353100,174900,310,3,2,2,0,0,2,0,50,7,0,3,0,0
200600073819,6,12,28,915,1,1,2,9,1,228,4369100,159300,310,3,2,2,0,1,3,0,60,7,0,1,0,1
200600073820,6,12,9,2300,3,1,1,1,6,371,4348400,191700,310,3,2,2,0,2,2,0,58,1,0,3,0,0
200600073822,6,12,20,1030,1,1,1,1,1,269,4299700,154800,90,3,2,0,0,2,3,0,72,1,0,1,0,0
200600073823,6,12,20,1145,1,2,1,1,6,160,4293000,185000,90,3,2,2,0,1,1,0,70,1,0,1,0,0
200600073827,6,12,16,15,5,2,1,1,7,261,4298900,114500,90,9,2,0,0,1,3,0,80,1,0,1,0,0
200600073832,6,12,9,2000,3,1,1,3,1,185,4429300,268200,120,3,2,2,0,0,3,0,77,2,0,1,0,0
200600073836,6,12,22,1345,1,1,1,1,3,238,4420600,301700,120,3,2,0,0,0,1,0,150,1,0,1,0,0
200600073840,6,12,16,130,3,1,1,2,6,195,4387500,275300,120,3,2,2,0,4,1,0,70,0,0,3,0,0
200600073843,6,12,23,1600,1,1,1,1,7,377,4372700,92400,320,3,2,2,0,1,1,0,67,1,0,1,0,1
200600073844,6,12,14,1815,3,1,1,5,6,462,4373900,31000,320,3,2,2,0,1,1,0,51,2,0,1,0,1
200600073845,6,12,9,1230,1,1,1,1,7,143,4401100,43800,320,3,2,1,0,1,4,0,70,2,0,3,0,0
200600073846,6,12,15,1800,3,1,1,1,6,345,4397000,50000,320,3,2,0,0,1,1,0,50,1,0,1,0,0
200600073848,6,12,8,1700,1,1,2,1,6,110,4384500,25500,320,3,2,2,0,1,1,0,65,1,0,1,0,0
200600073849,6,12,11,1100,1,1,1,5,2,64,4388000,15300,320,3,2,2,0,0,1,0,50,1,0,1,0,0
200600073850,6,12,12,1345,1,1,1,1,2,119,4384800,9500,320,3,2,2,0,0,1,0,57,1,0,1,0,0
200600073853,6,12,28,2045,3,1,1,1,7,101,4381400,69400,320,3,2,1,0,1,4,0,49,1,0,3,0,0
200600073855,6,12,14,1115,1,1,1,1,3,443,4366800,600,320,3,2,2,0,1,1,0,60,1,0,1,0,0
200600073857,6,12,23,1600,1,2,1,1,6,102,4461700,203200,460,3,2,2,0,1,1,0,70,1,6,1,0,0
200600073861,6,12,15,1815,3,1,1,1,2,297,4468400,126000,460,3,2,2,0,1,1,0,50,1,0,1,3,0
200600073862,6,12,29,2215,3,1,1,1,6,127,4474600,139600,460,4,2,0,0,1,3,0,56,1,0,3,0,0
200600073863,6,12,2,245,3,1,1,1,6,392,4317600,9000,650,3,2,2,0,1,1,50,0,1,0,3,0,0
200600073865,6,12,30,1800,5,2,1,1,5,460,4337900,5500,650,3,2,0,0,1,1,0,0,1,0,1,0,0
200600073866,6,12,17,1215,1,1,1,1,3,59,4309800,18500,650,3,2,0,0,2,1,0,63,1,0,1,0,0
200600073869,6,12,17,1745,3,1,1,1,3,98,4362800,214100,810,3,2,0,0,1,1,0,80,1,0,1,0,0
200600073871,6,12,9,1400,1,1,1,1,3,112,4392400,200500,810,3,2,2,0,1,3,8,72,1,0,1,0,0
200600073872,6,12,13,1200,1,1,1,1,2,38,4388000,189000,810,3,2,2,0,1,1,0,75,1,0,1,0,0
200600073873,6,12,22,2145,3,1,1,8,6,32,4352000,201000,810,3,2,2,0,1,1,0,60,1,0,3,0,0
200600073875,6,12,3,745,2,1,1,1,6,161,4406300,146700,820,3,2,2,0,1,1,0,50,1,0,3,0,0
200600073876,6,12,5,1745,2,1,1,2,6,161,4403800,142300,820,9,2,2,0,1,1,0,0,2,0,1,0,0
200600073879,6,12,28,1330,1,2,1,1,6,94,4426000,113800,820,3,2,2,0,4,1,0,50,1,0,1,0,0
200600073880,6,12,7,1515,1,1,1,2,6,23,4395700,117300,820,3,2,2,0,1,1,0,80,2,2,1,0,0
200600073892,6,12,26,900,1,1,1,9,6,288,4567800,503800,690,4,2,2,0,4,1,0,0,7,2,3,0,0
200600073900,6,12,1,2000,3,1,2,1,3,197,4606500,464000,690,3,2,2,0,1,1,0,60,1,0,1,0,0
200600073901,6,12,2,1600,1,1,1,1,2,197,4606900,465200,690,3,2,2,0,1,1,0,67,1,0,1,0,0
200600073902,6,12,6,1245,1,1,1,1,7,45,4607100,469100,690,3,2,0,0,0,1,0,0,1,0,1,0,0
200600073904,6,12,23,2020,3,1,1,8,6,77,4616600,478500,690,3,2,0,0,1,1,0,50,7,0,3,0,0
200600073913,6,12,30,2300,5,2,1,5,6,323,4643200,493700,10,3,2,2,0,1,1,0,65,2,0,1,0,0
200600073927,6,12,7,1130,1,1,1,2,6,92,4597000,524500,10,3,2,2,0,2,3,0,65,2,0,3,0,0
200600073931,6,12,24,2245,3,1,1,9,3,383,4611000,513900,10,3,2,2,0,1,1,0,73,7,0,1,0,0
200600073939,6,12,4,1200,1,1,1,8,6,295,4613400,481200,10,3,2,2,0,3,3,0,0,0,0,3,0,0
200600073941,6,12,5,1645,2,1,1,8,1,264,4432800,462900,70,2,2,2,0,1,1,0,79,1,5,1,0,0
200600073942,6,12,16,1500,1,2,9,2,1,259,4430800,461400,70,3,2,2,0,2,1,0,75,2,0,1,0,0
200600073947,6,12,3,1,4,2,1,1,7,182,4464400,431600,70,4,2,0,0,0,2,0,0,2,0,1,3,0
200600073948,6,12,12,1230,1,2,1,1,7,182,4464000,433000,70,3,2,2,0,1,3,0,62,2,0,1,0,0
200600073949,6,12,10,1845,3,1,1,1,1,53,4442500,423100,70,3,2,2,0,2,3,0,63,1,0,1,0,0
200600073950,6,12,29,800,1,1,1,5,7,126,4446300,441400,70,3,2,1,0,1,4,0,0,7,0,3,0,1
200600073952,6,12,20,1900,3,1,1,1,6,217,4506500,476600,70,3,2,0,0,2,3,0,66,1,0,3,0,0
200600073953,6,12,21,1800,3,1,1,1,2,345,4512000,480400,70,2,2,2,0,1,1,0,103,0,0,1,0,0
200600073956,6,12,3,600,5,1,1,2,1,166,4475500,481600,260,2,2,2,0,1,2,0,0,2,0,1,0,1
200600073957,6,12,9,1600,1,1,6,8,6,262,4466100,541200,260,3,2,0,0,2,3,0,0,1,0,1,0,0
200600073959,6,12,30,900,1,1,1,1,1,167,4462000,545300,260,3,2,2,0,1,4,0,70,2,2,1,0,0
200600073966,6,12,15,1345,1,1,2,1,3,84,4502500,499100,260,4,2,2,0,1,1,0,0,1,0,1,0,0
200600073967,6,12,2,1,3,2,1,1,6,118,4530600,493800,260,3,2,2,0,1,1,0,0,1,0,1,0,0
200600073977,6,12,17,1745,3,2,1,1,3,511,4536900,595500,380,2,2,2,0,2,1,0,82,1,0,1,0,0
200600073980,6,12,22,1645,1,2,1,1,6,140,4528700,588400,380,6,0,0,0,1,0,0,0,1,0,1,0,0
200600073981,6,12,19,845,1,2,1,8,1,61,4534100,562000,380,2,2,0,0,2,3,0,61,1,0,1,0,0
200600073982,6,12,6,1230,1,2,1,3,6,128,4482100,594900,380,2,2,2,0,1,3,0,75,2,0,1,0,0
200600073983,6,12,13,2030,5,2,1,1,6,269,4491000,578800,380,3,2,2,0,1,2,0,68,1,0,1,0,0
200600073984,6,12,4,1100,1,2,1,2,3,562,4507000,577000,380,4,2,2,0,1,1,0,51,2,5,1,0,0
200600073985,6,12,23,1220,1,1,1,1,6,478,4505000,584000,380,2,2,2,0,1,1,0,70,2,0,2,0,0
200600073986,6,12,20,1115,1,1,1,1,1,409,4506600,525500,380,2,2,2,0,2,3,0,74,1,0,1,0,0
200600073987,6,12,16,15,5,2,1,1,6,105,4542100,555200,380,2,2,2,0,1,3,0,70,1,0,1,0,0
200600073988,6,12,15,545,3,2,1,1,1,105,4543900,557700,380,3,2,2,0,1,1,0,60,1,0,1,0,0
200600073990,6,12,24,1030,1,2,1,1,3,219,4530900,508800,380,3,2,2,0,1,1,60,0,1,0,1,3,0
200600073991,6,12,30,2100,3,1,2,1,3,58,4535400,528600,380,3,2,1,0,1,1,0,0,1,0,0,0,0
200600073992,6,12,12,1800,3,1,1,1,3,4,4521800,545900,380,3,2,2,0,2,3,0,75,1,0,1,0,0
200600073995,6,12,5,1645,2,1,1,1,7,374,4565200,535300,380,3,2,2,0,1,1,0,0,0,0,1,3,0
200600073996,6,12,24,2045,3,1,1,9,6,467,4567300,533900,380,3,2,2,0,2,2,0,0,7,0,3,0,0
200600074000,6,12,1,1415,1,1,1,1,6,124,4560700,553600,380,3,2,2,0,1,2,0,0,1,0,1,0,1
200600074001,6,12,2,1930,3,1,1,2,6,50,4567200,555000,380,3,2,2,0,1,1,60,0,2,0,1,0,0
200600074007,6,12,2,1545,1,2,7,1,6,110,4558900,486400,380,6,0,0,0,0,0,0,0,0,0,0,0,0
200600074008,6,12,19,1800,5,1,1,1,3,336,4550300,484200,380,3,2,0,0,1,1,0,350,1,5,1,0,0
200600074009,6,12,20,1600,1,2,1,1,3,87,4558500,479500,380,3,2,1,0,1,1,31,102,1,5,1,0,0
200600074010,6,12,22,730,2,1,1,1,2,107,4545000,482100,380,3,2,2,0,0,1,0,0,1,0,1,0,0
200600074011,6,12,1,1500,1,1,1,1,6,34,4533700,503900,380,4,2,2,0,1,1,0,61,1,1,1,0,0
200600074012,6,12,16,1730,3,1,1,9,3,130,4539700,526300,380,3,2,2,0,1,1,0,0,2,0,1,0,0
200600074013,6,12,22,900,1,1,5,1,5,324,4539000,502500,380,3,4,1,0,1,1,0,0,1,5,1,0,0
200600074019,6,12,18,830,1,2,1,1,2,5,4553000,427600,420,3,3,2,0,1,3,0,0,1,0,1,0,0
200600074020,6,12,16,1500,1,2,1,1,1,288,4577300,394300,420,3,2,1,0,0,1,0,78,1,0,1,0,0
200600074022,6,12,11,1000,1,2,1,1,6,129,4536500,468300,420,3,2,2,0,1,1,0,60,1,0,1,0,0
200600074024,6,12,27,1145,1,1,1,1,1,265,4544000,474600,420,3,2,2,0,0,1,0,63,1,0,1,0,0
200600074028,6,12,2,1,3,1,1,1,1,141,4615500,424500,420,3,2,2,0,1,1,0,60,1,0,1,0,0
200600074029,6,12,10,1845,3,1,1,1,1,220,4612700,393600,420,2,2,2,0,1,1,0,80,1,0,1,0,0
200600074031,6,12,13,1015,1,1,1,8,1,231,4612000,397400,420,4,0,1,0,0,3,0,50,2,0,1,0,0
200600074032,6,12,21,1745,5,2,2,1,3,182,4605900,393200,420,3,2,2,0,0,1,42,84,1,5,1,0,0
200600074034,6,12,15,545,3,1,1,1,6,36,4572600,610400,730,3,2,0,0,1,2,0,0,1,2,1,0,1
200600074039,6,12,18,1745,5,2,1,1,1,303,4575500,641300,730,4,2,2,0,2,0,0,69,1,0,1,0,0
200600074042,6,12,1,1805,5,2,1,1,6,248,4528100,634900,730,4,2,2,0,2,1,0,60,1,0,1,0,0
200600074049,6,12,26,1540,1,1,1,1,2,280,4590000,634100,740,3,2,2,0,2,1,0,90,1,0,1,0,1
200600074051,6,12,29,1445,1,1,1,1,1,920,4596100,690500,740,3,2,2,0,1,2,0,0,1,1,0,0,0
200600074054,6,12,12,830,5,2,1,1,1,923,4591000,671000,740,3,2,0,0,0,0,0,70,1,0,1,0,0
200600074055,6,12,31,1800,3,1,1,1,1,201,4611900,610800,740,3,2,2,0,2,1,0,70,1,0,1,0,0
200600074057,6,12,2,30,3,1,1,1,2,211,4611700,627500,740,3,2,2,0,1,1,0,70,1,0,1,0,0
200600074058,6,12,22,1430,5,1,1,1,3,109,4606900,586200,740,3,2,2,0,1,1,0,125,1,0,1,0,0