Num_Acc,an,mois,jour,hrmn,lum,agg,int,atm,col,com,lat,long,dep,catr,circ,nbv,vosp,prof,plan,lartpc,larrout,surf,infra,situ,env1,killed
200600074059,6,12,3,1545,1,1,1,1,3,315,4637000,632100,740,3,2,2,0,1,1,0,95,1,0,1,0,0
200600074060,6,12,18,1430,1,1,2,1,1,48,4627300,638300,740,3,2,0,0,1,3,0,90,1,2,1,0,0
200600074062,6,12,15,2100,3,1,1,1,1,146,4636000,660900,740,3,2,2,0,0,1,0,54,1,0,1,0,0
200600074064,6,12,19,1530,1,1,1,1,3,40,4573900,333800,630,3,2,2,0,1,2,0,0,2,5,1,0,0
200600074065,6,12,22,1045,1,2,2,1,3,263,4578900,301700,630,3,2,3,0,2,1,0,94,2,0,1,0,0
200600074067,6,12,14,1745,3,1,1,1,1,177,4566100,339300,630,3,2,2,0,1,1,0,50,1,0,1,0,0
200600074073,6,12,26,1715,3,1,1,9,6,143,4605600,327200,630,3,2,2,0,1,1,0,68,9,0,3,0,1
200600074074,6,12,31,1445,1,1,1,1,7,62,4621300,284200,630,3,2,2,0,1,1,0,55,0,0,1,0,0
200600074076,6,12,14,1055,1,1,1,1,7,265,4586000,340400,630,3,2,2,0,1,1,0,56,1,0,3,0,0
200600074077,6,12,21,1700,1,1,1,1,6,131,4586800,334600,630,3,2,0,0,1,1,0,53,1,0,1,0,0
200600074079,6,12,8,1800,3,1,1,2,1,128,4590000,342000,630,3,2,2,0,1,1,0,60,2,0,1,0,0
200600074081,6,12,13,1500,1,1,1,1,5,286,4649000,336000,30,2,2,3,0,1,1,0,112,1,0,1,0,1
200600074085,6,12,7,2200,3,1,1,1,6,183,4640800,304900,30,3,2,2,0,1,1,0,72,1,0,1,0,1
200600074089,6,12,3,1400,1,1,1,2,6,48,4664200,273300,30,4,2,2,0,2,1,0,50,2,0,3,0,0
200600074091,6,12,7,1245,1,1,1,2,6,306,4610000,348000,30,4,2,2,0,1,3,0,54,2,0,3,0,0
200600074093,6,12,23,1830,3,1,1,1,7,272,4628100,359500,30,3,2,2,0,4,2,0,57,1,0,3,0,1
200600074095,6,12,12,715,3,1,3,9,3,29,4622500,343500,30,2,2,2,0,2,3,0,0,2,5,1,0,0
200600074096,6,12,30,845,1,1,1,8,7,29,4624600,343000,30,2,2,2,0,1,1,0,71,9,0,0,0,0
200600074099,6,12,18,1345,1,1,1,1,6,252,4499800,254300,150,3,2,0,0,0,2,0,56,1,0,0,0,0
200600074105,6,12,15,1200,1,1,1,1,7,45,4506200,383700,430,3,2,2,0,1,2,0,73,1,0,1,0,0
200600074106,6,12,18,300,3,1,1,4,6,257,4505600,375500,430,3,2,2,0,2,1,0,75,7,0,3,0,0
200600074107,6,12,23,1715,2,1,1,1,3,174,4502000,383400,430,3,2,2,0,1,1,0,62,1,0,1,0,0
200600074108,6,12,14,845,1,1,1,1,4,241,4497000,384500,430,2,2,2,0,4,1,0,70,1,0,1,0,0
200600074109,6,12,27,1530,1,1,1,1,6,91,4489400,416400,430,3,2,1,0,2,4,0,67,1,0,3,0,1
200600074110,6,12,6,1600,1,1,1,8,6,136,4498600,361500,430,3,2,2,0,0,2,0,0,2,0,3,0,0
200600074111,6,12,31,2230,3,1,1,1,1,194,4508800,405300,430,2,2,3,0,2,2,0,123,1,0,1,0,0
200600074112,6,12,16,845,1,2,1,2,6,194,4507700,404600,430,2,2,2,0,1,3,0,65,2,0,1,0,0
200600074115,6,12,25,1430,1,2,1,8,6,74,4533300,336900,430,2,2,0,0,1,1,0,0,1,0,3,0,0
200600074116,6,12,7,1445,1,1,1,8,7,232,4521000,349000,430,2,2,3,0,0,1,0,0,2,0,3,0,0
200600074117,6,12,22,815,1,1,1,1,3,79,4518000,351000,430,2,2,3,0,2,3,0,108,1,0,1,0,1
200600074118,6,12,21,2015,5,2,1,1,3,103,4529100,319700,430,3,2,2,0,1,3,0,93,1,5,1,0,0
200600074119,6,12,23,1515,1,1,1,1,2,258,4538900,332300,430,3,2,0,0,1,1,0,69,1,0,1,0,0
200600074120,6,12,26,1700,2,1,1,9,1,170,4527600,332500,430,3,2,2,0,2,1,0,70,7,0,1,0,0
200600074123,6,12,7,1845,3,1,1,1,6,224,4527900,425000,430,3,2,2,0,2,3,0,64,1,0,3,0,0
200600074126,6,12,8,1345,1,2,1,1,6,663,4923900,617600,570,3,2,2,0,1,1,0,70,1,0,1,3,0
200600074127,6,12,1,1230,1,1,1,1,6,655,4896300,629900,570,3,1,1,0,0,2,0,0,1,0,3,0,0
200600074128,6,12,9,655,2,1,1,8,6,572,4902200,639800,570,3,2,0,0,2,2,0,50,2,0,3,0,0
200600074129,6,12,14,800,1,2,1,1,6,547,4900100,617600,570,3,2,2,0,1,1,0,50,1,0,1,0,0
200600074130,6,12,15,715,2,1,1,9,6,139,4901700,624500,570,3,2,2,0,1,2,0,58,7,0,3,0,0
200600074131,6,12,22,800,2,2,1,5,6,708,4900700,620700,570,4,2,0,0,2,1,0,63,7,0,1,0,0
200600074134,6,12,18,945,1,2,1,5,6,136,4930500,644100,570,3,2,2,0,1,1,0,69,2,0,3,0,0
200600074136,6,12,8,2115,3,1,1,1,6,238,4884600,645300,570,3,2,2,0,1,1,0,50,1,0,3,0,0
200600074137,6,12,14,1300,1,1,1,5,1,580,4889800,662600,570,3,2,2,0,1,2,0,43,1,0,1,0,0
200600074139,6,12,12,1330,1,1,1,1,6,379,4896900,660200,570,3,2,1,0,1,0,0,0,1,0,1,0,0
200600074140,6,12,22,1300,1,1,1,1,6,483,4895300,666500,570,2,3,2,0,1,1,0,65,1,0,3,0,0
200600074142,6,12,5,1845,3,1,1,1,7,453,4905300,679100,570,3,2,1,0,3,1,0,60,1,0,3,0,0
200600074146,6,12,16,1215,1,1,1,1,6,383,4873800,685800,570,3,2,2,0,0,1,60,0,1,0,3,0,0
200600074155,6,12,8,1315,1,2,1,1,6,432,4860200,609700,540,4,1,1,0,2,2,0,69,1,0,1,0,0
200600074159,6,12,20,1830,3,1,1,1,6,156,4837700,612500,540,3,2,0,0,1,1,0,70,1,0,3,0,1
200600074165,6,12,1,1515,1,2,1,1,6,73,4863100,591100,540,3,2,2,0,0,2,0,0,1,0,1,0,0
200600074167,6,12,9,1500,1,1,2,1,3,101,4882300,511300,550,3,2,2,0,1,1,60,0,1,5,1,0,0
200600074169,6,12,31,800,2,1,1,8,6,120,4875400,512000,550,3,2,2,0,1,1,0,75,2,0,3,0,0
200600074170,6,12,16,215,5,1,9,9,6,291,4868600,530900,550,2,2,2,0,3,3,0,58,7,3,1,0,0
200600074171,6,12,22,1845,5,2,1,1,3,10,4863900,502000,550,3,2,2,0,1,1,0,60,1,0,1,0,0
200600074173,6,12,28,1400,1,1,2,1,3,31,4868700,502300,550,2,2,2,0,4,1,0,111,1,5,1,0,0
200600074174,6,12,16,315,3,1,1,1,6,472,4871500,547800,550,3,2,2,0,1,3,0,68,7,0,3,0,0
200600074175,6,12,9,1030,1,1,1,1,6,351,4950200,539200,550,2,2,0,0,1,2,0,75,1,0,3,0,0
200600074176,6,12,22,1600,1,1,1,9,7,170,4936100,536800,550,3,2,0,0,3,4,0,0,7,0,1,0,0
200600074178,6,12,14,2045,5,2,1,2,2,117,4911000,507200,550,3,2,0,0,2,1,0,75,2,0,1,0,0
200600074179,6,12,4,900,1,1,1,3,2,253,4821500,649700,880,3,2,2,0,1,1,0,60,2,0,3,0,0
200600074180,6,12,7,1730,3,1,1,1,1,192,4821000,617100,880,3,2,2,0,1,1,0,75,2,5,1,0,1
200600074184,6,12,8,1300,1,2,1,1,6,99,4823700,642400,880,3,2,2,0,1,1,70,0,1,0,1,0,0
200600074185,6,12,14,1800,3,1,1,5,3,321,4835700,572500,880,3,2,2,0,1,1,0,105,2,0,1,0,0
200600074186,6,12,10,1715,3,1,1,1,1,446,4819600,580100,880,3,2,2,0,1,2,0,65,1,0,3,0,1
200600074188,6,12,8,830,1,1,1,2,3,408,4795200,663400,880,2,2,2,0,2,2,0,80,2,0,1,0,0
200600074189,6,12,19,1745,5,2,1,1,6,468,4788300,676600,880,2,2,2,0,1,1,0,70,1,0,1,0,0
200600074192,6,12,21,1115,1,1,1,1,7,165,4835700,686600,880,3,2,1,0,2,3,0,40,7,0,1,0,0
200600074193,6,12,8,930,1,2,9,1,7,28,4837700,758800,670,3,2,2,0,4,1,0,75,1,1,1,0,0
200600074194,6,12,30,1245,1,2,1,1,3,397,4832200,770700,670,4,2,2,0,1,0,0,63,1,5,1,0,0
200600074195,6,12,10,430,5,2,1,1,6,130,4843100,770100,670,3,2,2,0,1,1,0,70,1,0,3,0,0
200600074198,6,12,31,1915,5,2,3,1,3,112,4854800,757000,670,4,2,2,0,1,1,0,67,1,5,0,0,0
200600074200,6,12,28,1545,1,1,1,1,7,101,4853300,749900,670,3,2,2,0,1,1,61,0,1,0,1,0,0
200600074204,6,12,14,1300,1,1,1,1,1,535,4891700,741000,670,3,2,0,0,3,3,0,0,1,0,1,0,0
200600074206,6,12,22,1715,5,2,1,1,7,95,4894600,718800,670,3,2,2,0,2,1,0,80,1,0,1,0,0
200600074207,6,12,22,2100,3,1,1,8,7,538,4895600,737000,670,3,2,2,0,0,1,0,64,2,0,3,0,0
200600074209,6,12,12,1015,1,1,1,1,1,67,4875700,770400,670,3,2,1,0,1,1,0,58,1,0,1,0,0
200600074211,6,12,9,1045,1,1,1,1,1,145,4870400,748400,670,3,2,0,0,0,2,0,65,1,0,1,0,0
200600074212,6,12,6,630,5,2,6,1,3,485,4863000,762000,670,3,2,0,0,1,1,0,60,1,5,1,0,0
200600074213,6,12,8,1930,5,2,2,9,3,495,4866000,760000,670,4,2,2,0,2,1,0,50,1,0,1,0,0
200600074215,6,12,23,1100,1,1,1,1,6,228,4866800,755100,670,3,2,2,0,2,1,0,0,7,0,0,0,0
200600074218,6,12,22,1730,3,1,1,1,1,125,4835100,746100,670,2,2,0,0,1,1,0,0,1,0,1,0,0
200600074219,6,12,17,1230,1,1,1,1,6,400,4898900,795900,670,3,2,2,0,0,3,0,60,1,0,3,0,1
200600074220,6,12,23,2200,3,1,1,1,6,487,4891900,782100,670,3,2,2,0,1,1,0,53,1,0,3,0,1
200600074221,6,12,9,1915,3,1,1,1,6,147,4894500,772600,670,3,2,1,0,2,1,0,999,1,0,3,0,1
200600074222,6,12,19,1530,1,1,1,1,7,160,4896300,775900,670,4,2,0,0,0,1,0,40,1,0,3,0,0
200600074226,6,12,14,745,2,2,1,1,6,249,4813100,716700,680,3,2,2,0,0,1,0,0,1,0,1,0,0
200600074227,6,12,8,745,2,1,1,8,1,368,4804600,719400,680,3,2,0,0,1,1,0,0,2,0,1,0,0
200600074228,6,12,9,2100,3,1,1,1,7,226,4804900,712600,680,3,2,2,0,1,1,0,0,1,0,1,0,0
200600074229,6,12,7,1745,1,1,1,1,2,26,4814400,732600,680,3,2,1,0,2,1,0,66,1,0,1,0,0
200600074232,6,12,27,2215,5,2,1,1,5,99,4769800,727500,680,3,2,0,0,1,1,0,74,1,0,1,0,0
200600074233,6,12,18,2030,4,1,1,1,7,330,4758600,712900,680,3,2,0,0,1,3,0,70,1,0,1,0,0
200600074234,6,12,18,1630,2,1,1,1,2,258,4783200,728700,680,3,2,2,0,3,3,0,60,1,3,1,0,0
200600074235,6,12,21,1800,3,1,1,1,1,343,4789000,731500,680,3,2,1,0,1,1,0,51,1,0,1,0,0
200600074236,6,12,29,1830,5,2,1,1,6,120,4754300,749300,680,3,2,2,0,1,2,0,65,1,0,1,0,0
200600074237,6,12,31,2000,3,1,1,1,1,309,4767400,748000,680,3,2,0,0,1,1,0,62,1,0,1,0,0
200600074240,6,12,17,1830,5,2,9,1,6,115,4776100,709200,680,3,2,0,0,4,3,0,0,2,2,1,0,0
200600074245,6,12,3,1215,1,2,2,2,3,597,4906600,387000,510,2,2,2,0,1,1,25,87,2,0,1,0,0
200600074246,6,12,8,415,3,1,1,2,6,153,4903600,399600,510,3,2,2,0,1,1,0,72,2,0,3,0,1
200600074249,6,12,28,900,1,1,3,1,3,643,4901300,390500,510,3,2,2,0,2,2,0,76,2,0,1,0,0
200600074251,6,12,24,530,3,1,1,1,6,381,4893000,381000,510,3,2,2,0,0,1,0,0,1,2,1,0,0
200600074253,6,12,10,900,1,2,1,5,6,151,4869100,375500,510,3,2,2,0,1,1,0,71,2,0,3,0,1
200600074254,6,12,29,2145,3,1,1,1,7,492,4856200,379800,510,3,2,2,0,1,2,0,60,2,2,1,0,0
200600074257,6,12,22,1015,1,2,1,1,1,527,4924900,378100,510,3,2,0,0,1,3,0,64,2,0,1,0,0
200600074259,6,12,13,1730,5,2,2,1,3,295,4870000,455100,510,3,2,2,0,1,1,0,66,1,5,1,0,0
200600074260,6,12,22,1745,2,2,1,1,1,65,4873300,457300,510,2,2,2,0,1,1,0,0,1,0,1,0,0
200600074261,6,12,2,2245,3,1,1,1,6,223,4862100,473000,510,3,2,2,0,2,2,0,67,1,0,3,0,1
200600074262,6,12,2,1000,1,1,1,1,3,500,4891500,483400,510,3,2,2,0,3,1,0,63,1,0,1,0,0
200600074263,6,12,23,1045,1,2,1,8,1,507,4909400,489200,510,3,2,2,0,1,1,70,70,2,0,1,0,0
200600074267,6,12,9,1900,3,1,1,1,1,498,4974200,466400,80,3,2,0,0,0,1,0,60,1,0,1,0,0
200600074269,6,12,22,1230,1,1,1,8,7,284,4991000,463700,80,3,2,2,3,2,1,0,0,2,0,1,0,0
200600074270,6,12,11,645,3,1,1,2,4,185,4997000,466000,80,3,2,0,0,1,1,0,60,2,0,1,0,0
200600074271,6,12,17,1515,5,1,1,1,6,363,4993600,464000,80,3,2,0,0,1,1,0,76,1,0,1,0,0
200600074272,6,12,20,1215,1,1,1,2,1,420,4995800,434600,80,3,2,2,0,1,3,0,46,2,0,1,0,1
200600074273,6,12,23,1745,5,2,1,5,6,78,4989300,453500,80,4,2,2,0,1,1,0,62,2,0,1,0,0
200600074274,6,12,11,1600,5,2,1,2,3,191,4970200,490600,80,3,2,2,0,1,1,0,61,2,5,1,3,0
200600074275,6,12,16,1045,1,1,9,7,1,191,4971500,499300,80,3,2,2,0,3,4,0,60,1,0,1,0,0
200600074276,6,12,14,1830,2,1,1,1,1,351,4939900,458300,80,3,2,2,0,1,3,0,70,1,0,1,0,1
200600074278,6,12,24,2045,3,1,1,5,1,493,4944700,466200,80,3,2,2,0,2,3,60,0,2,0,1,0,0
200600074279,6,12,15,1015,1,2,1,7,6,362,4951300,436100,80,4,2,1,0,1,0,0,71,1,0,1,0,0
200600074280,6,12,20,1130,1,2,1,1,6,362,4952600,437400,80,6,1,1,0,1,1,0,44,1,0,1,0,0
200600074282,6,12,21,1745,2,1,1,1,6,113,4967700,420100,80,3,2,2,0,1,1,0,36,2,0,3,0,0
200600074283,6,12,17,1157,1,1,1,5,5,359,4814000,399800,100,3,2,2,0,1,3,0,76,2,0,1,0,0
200600074284,6,12,15,2015,3,1,1,1,2,363,4817900,414200,100,3,2,2,0,1,1,0,57,1,0,1,0,0
200600074286,6,12,17,500,3,1,1,1,7,55,4813000,436100,100,2,2,0,0,0,1,0,60,2,0,1,0,0
200600074287,6,12,29,1700,2,1,1,1,1,55,4813600,436000,100,3,2,2,0,1,1,0,118,1,0,1,0,0
200600074291,6,12,27,1845,3,1,2,1,5,323,4851700,368100,100,3,2,2,0,0,1,0,0,1,5,1,0,0
200600074292,6,12,16,2145,3,1,1,2,6,76,4808000,496600,520,3,2,2,0,1,3,0,75,2,0,3,0,1
200600074295,6,12,16,1515,1,2,1,8,6,93,4780800,543500,520,3,2,0,0,1,1,0,70,2,0,1,0,0
200600074299,6,12,30,1445,1,2,1,1,6,250,4844800,514000,520,6,0,0,0,2,1,0,0,1,0,1,0,0
200600074306,6,12,2,930,1,1,1,1,6,633,4734300,447100,210,1,3,2,0,1,1,20,75,1,0,3,0,0
200600074308,6,12,29,1445,1,1,1,5,3,209,4733500,515900,210,3,2,0,0,0,1,0,57,1,0,1,0,1
200600074309,6,12,13,430,3,1,1,5,2,38,4717100,540200,210,2,2,2,0,1,3,0,0,2,0,1,0,0
200600074310,6,12,18,1615,1,1,1,1,7,371,4717000,535400,210,3,2,2,0,1,1,0,60,1,0,3,0,0
200600074313,6,12,31,1930,5,2,1,2,6,337,4728700,539100,210,3,2,2,0,1,1,0,70,2,0,4,0,0
200600074314,6,12,9,30,3,1,1,2,6,611,4730500,472200,210,1,3,0,0,2,1,0,74,2,0,1,0,1
200600074315,6,12,9,1445,1,1,1,8,7,478,4737600,483700,210,3,2,2,0,0,3,0,0,2,0,3,0,0
200600074316,6,12,18,745,2,1,1,1,3,590,4705000,484100,210,3,2,2,0,2,1,0,85,1,0,1,0,0
200600074317,6,12,26,1715,3,1,1,8,1,414,4714300,448500,210,3,2,0,0,1,1,0,75,1,0,1,0,0
200600074318,6,12,1,1900,3,1,1,5,1,342,4711200,533000,210,3,2,2,0,1,1,0,70,1,0,1,0,1
200600074321,6,12,12,2130,3,1,1,5,6,57,4673000,322200,580,4,2,2,0,1,2,0,30,2,0,3,0,0
200600074322,6,12,20,2100,3,1,1,1,2,152,4690300,315600,580,2,2,3,0,2,1,0,218,1,0,1,0,0
200600074324,6,12,8,15,5,2,1,8,6,79,4746000,352000,580,3,2,2,0,2,1,0,81,2,0,1,0,0
200600074326,6,12,10,630,5,2,1,5,6,12,4754700,298800,580,3,2,0,0,4,2,0,46,2,0,4,0,0
200600074327,6,12,22,1705,5,2,1,5,3,556,4627500,479900,710,2,2,2,0,1,1,0,0,1,0,1,0,0
200600074328,6,12,12,2030,4,2,1,1,3,150,4624700,479700,710,3,2,2,0,4,1,0,46,1,0,1,0,0
200600074329,6,12,7,1815,5,2,1,3,1,267,4649700,482700,710,3,2,2,0,4,1,0,75,2,0,1,0,1
200600074332,6,12,3,945,1,1,1,1,7,227,4669800,393900,710,3,2,2,0,2,4,0,60,1,0,1,0,0
200600074333,6,12,1,1615,1,1,1,1,3,202,4684200,475300,710,3,2,2,0,1,1,0,0,1,0,1,0,1
200600074335,6,12,30,2100,5,2,1,8,1,442,4685000,464000,710,3,2,2,0,1,2,0,62,2,0,1,0,0
200600074337,6,12,16,1730,2,1,1,1,5,426,4674900,464800,710,2,2,0,0,1,1,0,0,0,0,0,0,0
200600074338,6,12,22,2130,3,1,1,8,3,324,4675000,466000,710,3,2,0,0,2,1,0,51,2,0,1,0,0
200600074343,6,12,31,245,3,1,1,8,7,82,4644600,422300,710,2,2,2,0,1,1,0,75,2,0,3,0,0
200600074345,6,12,24,500,5,2,1,9,1,176,4648000,398000,710,4,2,2,0,1,1,0,72,9,0,1,0,0
200600074346,6,12,24,1830,3,1,1,9,6,557,4645000,401000,710,3,2,2,0,2,1,0,0,9,0,1,0,0
200600074348,6,12,12,1130,1,1,1,8,6,348,4653600,384500,710,3,2,2,0,1,1,0,72,2,0,3,0,0
200600074354,6,12,22,1745,5,1,1,1,3,173,4675000,517000,710,3,2,2,0,1,1,0,60,1,5,1,0,0
200600074359,6,12,13,1800,5,1,1,1,3,198,4787000,356000,890,4,1,1,0,1,1,0,49,1,0,1,0,0
200600074360,6,12,31,1,3,1,1,1,6,263,4784700,355100,890,2,2,3,0,1,1,0,150,2,0,1,0,0
200600074361,6,12,13,1830,5,2,1,1,7,206,4798300,339400,890,3,2,2,0,0,0,50,0,1,0,1,0,0
200600074363,6,12,22,815,1,1,1,9,1,465,4825000,324300,890,3,0,0,0,1,1,0,0,7,0,1,0,0
200600074369,6,12,21,2200,3,1,1,9,6,184,4774300,418100,890,3,2,2,0,1,0,0,70,7,0,3,0,1
200600074377,6,12,16,2345,5,2,1,8,6,520,4729300,635700,250,3,2,0,0,1,2,0,64,2,0,3,0,0
200600074379,6,12,21,1415,1,1,1,1,1,122,4695900,616400,250,3,2,1,0,2,3,0,76,1,0,1,0,1
200600074380,6,12,29,800,2,1,1,1,6,621,4695400,604600,250,3,2,2,0,0,1,0,70,1,0,3,0,0
200600074383,6,12,6,1410,1,1,1,8,1,500,4696200,585800,390,3,2,0,0,1,1,0,72,2,0,1,0,0
200600074388,6,12,2,915,1,1,1,1,1,493,4740200,606500,700,2,2,2,0,1,3,0,81,1,0,1,0,0
200600074397,6,12,14,930,1,1,1,1,6,5,4773200,678700,900,3,2,2,0,1,2,0,66,1,0,3,0,1
200600074407,6,12,13,1145,1,1,1,1,1,19,4342900,535600,130,3,2,2,0,1,1,0,0,1,0,1,0,0
200600074408,6,12,19,915,1,2,1,1,2,15,4344100,539800,130,2,3,1,0,1,1,0,0,1,5,1,0,0
200600074409,6,12,22,100,3,1,1,1,6,66,4389100,490300,130,3,2,2,0,1,1,0,0,1,0,1,0,0
200600074410,6,12,4,500,3,1,1,8,6,97,4352700,484100,130,2,3,4,0,0,1,200,140,2,0,3,0,1
200600074411,6,12,16,2000,3,1,1,6,2,97,4351600,485400,130,2,3,2,0,1,1,0,70,1,0,1,0,1
200600074417,6,12,11,2130,3,1,1,1,1,13,4343500,556500,130,2,2,2,0,1,4,70,70,1,0,1,0,1
200600074418,6,12,12,400,5,2,6,1,6,31,4338200,560500,130,3,2,2,0,1,1,0,72,1,5,1,0,1
200600074422,6,12,31,1615,1,1,9,1,6,35,4368600,506400,130,3,2,2,2,1,1,0,110,1,0,3,0,1
200600074423,6,12,15,2115,3,1,1,1,1,53,4372000,521500,130,3,2,2,0,1,1,0,60,1,0,1,0,1
200600074424,6,12,8,1630,1,1,9,2,2,81,4349500,521900,130,3,3,0,0,3,3,0,0,2,3,1,0,0
200600074425,6,12,22,1645,1,1,9,1,3,81,4353200,519700,130,2,2,2,0,0,1,0,55,1,0,1,0,0
200600074431,6,12,16,1000,1,1,1,8,6,20,4423900,625700,40,3,2,2,0,2,2,0,50,7,0,3,0,0
200600074432,6,12,12,1445,1,2,1,1,6,76,4395500,682000,40,2,2,2,0,1,1,0,70,1,0,1,0,0
200600074436,6,12,1,1645,2,2,1,1,2,209,4418700,594900,40,2,2,1,0,0,1,0,0,1,0,1,0,0
200600074442,6,12,22,530,3,1,1,1,6,5,4426300,582400,50,3,2,2,0,1,3,0,82,9,0,3,0,1
200600074444,6,12,26,1745,3,1,1,1,1,178,4436300,591800,50,3,2,2,0,1,1,0,71,1,0,2,0,0
200600074447,6,12,19,1800,5,2,1,1,6,176,4449600,612700,50,3,2,2,0,1,1,0,70,1,0,1,0,0
200600074450,6,12,4,1645,1,2,1,1,4,6,4479500,656300,50,2,2,2,0,2,1,0,70,1,0,1,0,0
200600074451,6,12,19,1530,1,1,1,1,3,17,4456600,620100,50,2,2,2,0,1,1,0,70,1,0,1,0,0
200600074452,6,12,23,1730,3,1,1,1,1,17,4457600,617600,50,2,2,2,0,1,1,0,0,1,0,1,0,0
200600074455,6,12,1,1415,1,1,1,1,3,92,4377000,736100,60,3,2,2,0,1,1,0,74,1,0,1,0,0
200600074462,6,12,15,900,1,2,1,1,6,79,4354900,693800,60,2,3,3,0,1,1,0,0,1,0,1,0,0
200600074464,6,12,18,1700,1,1,1,1,7,128,4369600,713100,60,3,3,0,0,2,1,3,63,1,0,3,0,1
200600074465,6,12,21,1445,1,1,1,1,1,65,4373800,716600,60,4,2,1,0,2,2,0,44,1,0,1,0,0
200600074469,6,12,26,1630,1,1,1,1,3,99,4395800,690300,60,2,2,2,0,1,2,72,0,2,0,1,0,0
200600074470,6,12,9,700,2,1,1,5,6,72,4403600,709900,60,3,2,1,0,2,2,0,55,2,0,1,0,0
200600074481,6,12,22,1345,1,2,1,1,1,97,4351000,573500,830,3,0,1,0,0,0,30,0,0,0,0,0,0
200600074482,6,12,23,1530,1,2,1,1,1,116,4345500,586600,830,4,2,0,0,1,2,0,70,1,0,1,0,0
200600074484,6,12,10,1930,3,1,1,1,2,99,4346600,666000,830,3,2,2,0,1,1,0,79,1,0,1,0,0
200600074495,6,12,15,1030,1,1,1,1,3,47,4313200,608100,830,3,2,2,2,1,1,22,76,1,5,1,0,0
200600074496,6,12,24,1500,1,1,1,1,3,47,4313300,607700,830,3,2,2,2,1,1,0,140,1,2,1,0,0
200600074500,6,12,1,1845,3,1,1,1,1,36,4393600,493000,840,2,2,2,0,2,1,0,72,1,0,1,0,1
200600074501,6,12,13,730,2,1,1,1,7,119,4388600,495600,840,3,2,0,0,1,1,0,72,1,0,3,0,0
200600074510,6,12,29,1715,2,1,1,8,7,129,4402300,490800,840,4,2,0,0,2,4,0,0,2,0,1,0,0
200600074511,6,12,13,1800,4,2,1,1,6,144,4389800,556800,840,3,2,2,0,0,4,0,60,1,0,1,0,0
200600074516,6,12,3,930,1,1,1,1,1,122,4410700,492900,840,3,2,2,0,1,2,0,0,1,0,3,0,0
200600074517,6,12,14,1615,1,1,1,9,6,44,4423900,514600,840,4,2,2,0,1,1,0,53,7,0,3,0,0
200600074518,6,12,18,1115,1,1,1,1,5,88,4398500,498200,840,4,2,2,0,1,0,0,48,1,0,1,0,0
200600074519,6,12,27,1400,1,1,1,1,1,142,4396300,504300,840,3,2,2,0,1,1,0,69,1,0,1,0,0
200600074521,6,12,28,610,3,1,1,9,7,91,4418700,474700,840,3,2,0,0,1,2,0,0,7,0,1,0,0
200600074534,6,12,2,2200,3,1,1,1,7,176,4365000,403200,340,3,2,2,0,1,4,0,50,2,0,1,0,0
200600074538,6,12,15,800,2,2,1,1,2,312,4370200,316600,340,3,2,0,0,2,1,0,70,1,0,1,0,0
200600074539,6,12,3,1700,1,1,1,1,1,183,4329300,311500,340,3,2,2,0,1,1,0,74,1,0,1,0,0
200600074540,6,12,28,445,3,1,1,9,6,69,4341600,313600,340,3,2,2,0,1,1,0,53,7,0,3,0,0
200600074544,6,12,29,1800,5,2,1,1,2,162,4348600,348000,340,3,2,0,0,1,1,0,0,1,0,1,0,0
200600074546,6,12,10,1815,3,1,1,1,6,299,4326900,328400,340,3,2,2,0,1,1,0,76,1,0,1,0,1
200600074548,6,12,3,1900,3,1,1,1,1,124,4364700,343300,340,3,2,2,0,0,1,0,60,1,0,1,0,0
200600074549,6,12,5,1745,3,1,1,1,4,313,4358600,349500,340,3,2,2,0,1,3,0,0,1,0,1,0,0
200600074550,6,12,15,1345,1,1,1,2,5,79,4362500,343800,340,2,2,2,0,1,1,72,0,2,0,1,0,0
200600074551,6,12,21,2030,3,1,1,1,7,281,4352400,351800,340,3,2,2,0,2,1,0,40,1,0,1,0,0
200600074554,6,12,30,2100,5,2,1,1,3,113,4350000,371000,340,3,2,2,0,1,0,0,90,1,5,1,0,0
200600074556,6,12,17,430,3,1,1,8,6,157,4344800,357000,340,3,2,2,0,1,1,0,77,2,0,1,0,1
200600074557,6,12,3,1745,3,1,1,1,5,437,4324400,223000,110,3,2,2,0,1,1,0,57,1,0,1,0,1
200600074559,6,12,9,1100,3,1,1,1,6,11,4331300,234100,110,3,2,2,0,4,1,0,0,1,0,1,0,0
200600074560,6,12,31,400,3,1,1,1,6,198,4328300,251700,110,3,2,2,0,0,2,0,60,2,0,1,0,0
200600074562,6,12,14,1845,5,2,3,1,3,284,4336500,196400,110,3,1,1,0,1,1,0,49,1,5,1,0,0
200600074563,6,12,14,2200,3,1,1,1,6,225,4334300,187800,110,3,0,0,0,0,1,0,94,1,0,3,0,0
200600074564,6,12,29,915,1,1,1,1,1,361,4333200,202600,110,3,2,2,0,0,1,0,58,7,0,1,0,0