Num_Acc,an,mois,jour,hrmn,lum,agg,int,atm,col,com,lat,long,dep,catr,circ,nbv,vosp,prof,plan,lartpc,larrout,surf,infra,situ,env1,killed
200600074565,6,12,11,1315,1,2,1,7,1,206,4305800,221400,110,3,4,3,0,0,1,0,82,1,5,1,0,0
200600074578,6,12,13,1930,3,1,1,1,6,341,4358900,434700,300,3,2,0,0,1,3,0,0,1,0,1,0,0
200600074579,6,12,31,2330,3,1,1,5,7,162,4402900,402900,300,3,2,2,0,1,1,0,60,2,0,1,0,0
200600074582,6,12,18,845,1,1,1,1,7,284,4418700,408200,300,3,2,0,0,2,2,0,60,1,0,1,0,0
200600074583,6,12,9,900,1,1,1,1,3,161,4403400,411200,300,3,2,2,0,0,2,0,60,2,2,0,0,1
200600074584,6,12,13,1600,1,2,1,1,1,259,4408200,411600,300,3,2,2,0,0,1,0,75,1,0,1,0,0
200600074585,6,12,17,2045,3,1,1,1,2,348,4405400,414000,300,2,3,2,0,2,1,15,90,1,0,1,0,0
200600074586,6,12,2,500,3,1,1,8,6,8,4421300,424800,300,3,2,2,0,2,1,0,62,1,0,3,0,0
200600074587,6,12,11,1100,1,2,1,1,6,227,4426200,419200,300,3,2,2,0,1,1,0,75,1,6,1,0,0
200600074593,6,12,3,1400,1,1,1,2,6,166,4388200,454700,300,4,2,2,0,1,1,0,43,2,0,3,0,1
200600074600,6,12,6,1815,3,1,1,1,3,107,4395400,463400,300,2,2,2,0,1,1,0,75,1,0,1,0,0
200600074602,6,12,27,415,3,1,1,1,7,209,4400500,476800,300,3,2,0,0,1,1,0,56,1,0,1,0,0
200600074603,6,12,16,1145,1,1,1,3,6,272,4396400,368900,300,3,2,2,0,0,3,0,70,2,0,0,0,0
200600074606,6,12,8,1615,1,1,1,2,3,51,4429200,388700,480,4,2,1,0,2,3,0,33,2,0,0,0,0
200600074607,6,12,1,1200,1,1,1,1,1,96,4420100,339300,480,3,0,2,0,2,3,0,47,1,0,1,0,0
200600074608,6,12,9,2015,5,2,1,8,2,140,4480000,327900,480,3,2,2,0,2,1,0,75,2,0,1,0,0
200600074611,6,12,7,1915,3,1,1,1,7,118,4276400,268600,660,3,2,2,0,0,2,0,0,1,0,3,0,0
200600074622,6,12,3,1715,1,1,2,1,3,230,4265000,251500,660,2,2,2,0,2,1,0,0,1,3,1,0,1
200600074623,6,12,15,1415,1,1,1,3,3,165,4265000,256600,660,2,2,0,0,2,3,0,70,2,0,1,0,0
200600074628,6,12,29,400,3,1,1,1,7,247,4166000,930500,201,2,2,1,0,1,1,0,71,2,0,3,0,1
200600074632,6,12,26,1630,2,1,1,1,7,152,4289600,941000,202,3,2,0,0,0,1,0,60,1,0,3,0,0
200600074633,6,12,11,1745,3,1,1,1,2,93,4261600,889400,202,2,2,2,0,1,1,0,0,1,0,1,0,0
200600074635,6,12,23,2115,3,1,1,1,6,193,4241200,918300,202,3,2,0,0,0,0,0,0,0,0,0,0,1
200600074638,6,12,5,1,3,1,1,1,6,252,4243300,943700,202,3,2,2,0,1,2,0,56,1,0,1,0,0
200600074639,6,12,12,1430,1,1,1,1,1,166,4251600,944900,202,2,2,2,0,1,1,0,72,1,0,1,0,0
200600074643,6,12,22,1,3,1,1,1,6,474,4885500,164100,780,3,2,0,0,1,1,60,0,1,0,3,0,0
200600074644,6,12,31,1500,1,1,1,1,1,31,4896100,171600,780,3,2,2,0,2,1,0,73,2,0,1,0,0
200600074645,6,12,8,1445,1,1,1,2,3,506,4851600,179600,780,2,2,0,0,1,1,0,0,2,0,1,0,0
200600074647,6,12,17,700,5,1,1,8,7,513,4880600,179400,780,2,3,2,0,1,1,50,189,2,0,2,0,0
200600074651,6,12,10,1530,1,2,1,1,1,386,4855000,243300,910,9,0,0,0,1,0,70,0,1,0,1,0,0
200600074659,6,12,18,2015,3,1,1,9,1,661,4870300,225100,910,3,2,2,0,2,1,0,77,1,0,1,0,0
200600074661,6,12,15,2315,3,1,1,1,1,461,4860500,222500,910,3,2,2,0,1,1,0,70,2,0,1,0,0
200600074669,6,12,26,1230,1,1,1,8,1,287,4913200,204800,950,3,2,2,0,2,1,0,62,2,0,1,0,0
200600074674,6,12,26,1115,1,2,1,5,6,455,4865700,269600,770,3,2,2,0,1,1,0,0,2,0,3,0,0
200600074675,6,12,17,1700,2,1,2,8,3,354,4847400,285700,770,3,2,2,0,1,1,0,0,2,5,1,0,0
200600074676,6,12,1,2230,3,1,1,1,7,426,4859500,285200,770,3,2,2,0,1,1,0,0,1,0,3,0,0
200600074677,6,12,14,1645,2,1,2,1,3,529,4879600,286700,770,2,2,2,0,1,1,0,72,1,0,1,0,0
200600074679,6,12,19,2345,3,1,1,9,5,529,4882800,287600,770,2,3,2,0,1,1,0,0,1,5,1,0,0
200600074680,6,12,31,1245,1,1,1,8,5,141,4885400,283600,770,3,2,0,0,4,3,0,73,9,2,1,0,0
200600074681,6,12,21,1130,1,1,2,1,1,116,4875000,324000,770,3,2,0,0,1,2,0,55,7,0,1,0,0
200600074684,6,12,26,1930,3,1,1,1,6,478,4899000,310000,770,3,2,2,0,0,3,0,60,1,0,3,0,0
200600074685,6,12,27,2230,5,2,1,1,2,440,4895000,307000,770,2,2,2,0,1,1,36,51,1,5,1,0,0
200600074686,6,12,2,1030,1,1,6,1,3,508,4882400,281800,770,3,2,1,0,1,3,0,0,1,5,1,0,0
200600074690,6,12,28,2200,3,1,1,1,7,192,4870100,289900,770,9,0,2,0,0,3,0,60,1,0,3,0,0
200600074691,6,12,9,1430,1,2,1,1,6,465,4830400,294000,770,3,0,2,0,4,0,56,0,1,0,1,0,0
200600074692,6,12,13,735,2,1,1,8,2,261,4824800,291100,770,3,2,0,0,0,1,0,0,2,0,3,0,0
200600074693,6,12,17,1930,3,1,1,2,6,261,4824800,291000,770,3,2,0,0,1,1,0,0,2,0,3,0,0
200600074694,6,12,21,845,1,1,1,9,1,473,4828100,277000,770,3,2,0,0,2,1,0,55,7,0,1,0,0
200600074695,6,12,27,1415,1,1,1,8,1,370,4823200,273200,770,3,2,0,0,1,1,0,51,1,0,1,0,0
200600074696,6,12,3,1145,1,1,1,1,2,420,4906800,214100,770,2,2,4,0,2,1,0,150,2,0,1,0,0
200600074697,6,12,7,730,2,2,1,2,3,349,4912300,212100,770,3,2,2,0,1,1,0,70,2,0,1,0,0
200600074698,6,12,12,2230,5,2,1,1,6,171,4852000,235900,770,3,2,2,0,1,1,0,65,1,0,3,0,0
200600074699,6,12,12,830,1,1,1,5,1,437,4907800,231900,770,2,2,2,0,1,1,0,72,1,0,1,0,0
200600074701,6,12,14,900,1,2,1,1,6,248,4805300,169800,450,4,2,2,0,1,1,0,102,1,0,1,0,0
200600074704,6,12,20,900,1,2,1,1,1,89,4789200,203200,450,4,2,0,0,1,3,0,0,2,0,1,0,0
200600074706,6,12,14,1715,5,2,1,1,1,146,4772000,194800,450,4,2,2,0,1,1,0,60,2,0,1,3,1
200600074707,6,12,22,2115,3,1,1,1,1,146,4770700,194700,450,2,2,0,0,1,1,0,70,2,0,1,0,1
200600074708,6,12,5,1345,1,1,1,9,6,144,4782800,215500,450,3,2,2,0,1,2,0,60,2,0,3,0,0
200600074716,6,12,3,1215,1,2,1,2,1,15,4828000,210000,450,9,2,0,0,1,1,0,58,2,0,1,0,0
200600074717,6,12,6,1930,3,1,1,1,4,325,4817400,191900,450,2,3,0,0,1,1,35,78,2,0,1,0,0
200600074718,6,12,9,700,3,1,1,1,6,333,4795900,205100,450,4,2,2,0,1,0,0,0,1,0,1,0,0
200600074719,6,12,21,2345,3,1,1,5,2,301,4810500,213400,450,3,2,2,0,1,0,0,0,7,0,3,0,0
200600074721,6,12,3,2130,3,1,1,2,6,16,4763900,259200,450,3,2,2,0,1,1,0,56,2,0,1,0,0
200600074722,6,12,21,800,2,1,1,1,6,29,4752000,279100,450,3,2,2,0,1,2,0,65,7,0,1,0,0
200600074725,6,12,21,1815,3,1,1,1,5,83,4794100,295300,450,3,2,2,0,2,1,0,0,1,0,1,0,0
200600074732,6,12,25,1115,1,1,1,2,1,30,4808800,242200,450,3,2,2,0,1,1,0,65,2,0,1,0,1
200600074733,6,12,21,1215,1,2,1,7,1,23,4707800,272600,180,3,2,2,0,1,1,0,80,1,0,1,0,0
200600074734,6,12,22,900,1,2,1,9,3,197,4673300,249800,180,3,2,2,0,1,2,0,100,7,0,1,0,1
200600074742,6,12,26,1830,3,1,2,2,3,358,4850600,150500,280,3,2,2,0,1,1,0,65,2,5,1,0,0
200600074744,6,12,15,2245,3,1,1,1,6,95,4840200,135000,280,3,2,2,0,1,1,0,0,1,0,3,0,1
200600074745,6,12,21,1830,3,1,1,8,7,302,4848500,110400,280,3,0,2,0,1,2,0,45,1,0,3,0,0
200600074748,6,12,9,1800,5,2,1,1,2,61,4821400,118000,280,3,2,2,1,2,1,0,80,1,0,1,0,0
200600074751,6,12,24,1745,2,1,1,9,1,348,4876300,115100,280,3,2,0,0,3,1,0,0,2,0,1,0,1
200600074752,6,12,29,2315,3,1,1,1,1,171,4870500,134800,280,3,2,0,0,0,1,25,80,1,5,1,0,1
200600074753,6,12,20,830,1,1,1,9,7,59,4869000,111000,280,3,2,0,0,1,1,0,61,9,0,3,0,0
200600074754,6,12,14,1645,1,1,1,1,1,55,4863600,141600,280,3,2,0,0,1,1,0,70,1,0,1,0,0
200600074761,6,12,5,1415,1,1,1,1,7,34,4726000,171700,360,3,2,1,0,1,1,0,35,1,0,3,0,0
200600074762,6,12,31,1800,5,2,1,1,3,18,4663800,106500,360,3,4,0,0,1,1,0,0,2,5,1,0,0
200600074765,6,12,22,945,1,1,1,9,6,52,4694100,204200,360,3,2,2,0,0,0,0,51,7,0,3,0,0
200600074766,6,12,19,1500,1,1,3,1,3,3,4739800,100500,370,3,2,2,0,1,1,0,120,1,5,1,0,0
200600074769,6,12,22,730,3,1,1,9,6,224,4757800,78200,370,3,2,2,0,1,1,0,55,7,0,1,0,0
200600074772,6,12,5,1915,3,1,1,2,3,56,4731900,40800,370,3,2,2,0,3,2,0,65,2,0,1,0,0
200600074773,6,12,13,200,3,1,1,5,7,257,4723200,58200,370,3,2,2,0,2,1,0,0,2,0,3,0,0
200600074776,6,12,20,730,2,1,1,9,6,143,4713600,82600,370,3,2,2,0,1,1,0,0,7,0,3,0,1
200600074790,6,12,28,1545,1,1,1,5,4,63,4725300,143800,410,3,2,0,0,1,1,0,62,1,0,1,0,0
200600074794,6,12,29,745,3,1,1,9,6,70,4506000,95900,330,3,2,0,0,1,3,0,60,7,0,3,0,0
200600074796,6,12,25,830,2,2,1,1,6,2,4786700,339900,290,4,2,2,0,0,3,0,46,1,0,1,0,0
200600074797,6,12,6,1115,1,1,1,1,6,150,4781000,367300,290,3,2,2,2,1,1,0,66,2,0,1,0,1
200600074798,6,12,18,1645,1,1,1,1,1,150,4780900,362700,290,3,2,0,0,1,1,0,63,1,0,1,0,0
200600074800,6,12,8,830,4,2,1,2,6,241,4797000,382900,290,9,2,2,0,1,1,0,63,2,0,1,3,0
200600074802,6,12,20,1800,5,2,1,1,1,272,4797100,393200,290,3,2,2,0,1,1,0,60,1,0,1,0,0
200600074805,6,12,25,1915,5,2,1,1,6,527,4463700,102000,330,3,2,0,0,1,1,0,65,1,0,1,0,0
200600074806,6,12,12,215,5,1,9,1,1,65,4481800,52600,330,3,3,4,0,1,2,0,0,1,5,1,0,0
200600074807,6,12,29,1300,1,1,1,1,7,196,4714300,326900,580,3,2,2,0,1,1,0,48,1,0,3,0,1
200600074810,6,12,8,1100,1,1,1,3,1,87,4349300,562900,130,2,2,2,0,2,3,0,70,2,0,1,0,1
200600074813,6,12,3,1730,2,2,1,3,6,38,4947200,595400,570,4,1,1,0,0,3,0,50,2,5,1,0,0
200600074814,6,12,31,30,3,1,1,8,3,22,4938900,603800,570,3,2,0,0,0,1,0,36,2,5,0,0,0
200600074821,6,12,12,1815,3,1,1,1,2,363,4865800,217600,910,1,1,4,0,0,1,364,340,1,0,1,0,0
200600074823,6,12,18,1915,3,1,1,1,2,249,4861200,209100,910,1,3,4,0,1,1,24,340,1,0,3,0,0
200600074827,6,12,20,1200,1,2,1,1,6,189,4837000,436000,290,3,2,2,0,2,0,0,70,1,0,1,3,0
200600074828,6,12,22,1830,5,2,1,1,1,5,4473600,107800,330,3,2,2,0,1,1,0,69,2,0,1,0,0
200600074830,6,12,19,715,3,1,1,9,6,339,4837500,256300,770,1,3,6,0,0,1,30,260,2,0,1,0,0
200600074845,6,12,11,1,3,1,1,1,7,67,4332900,629300,830,1,3,2,0,1,1,15,70,1,0,1,0,0
200600074846,6,12,11,815,1,1,1,1,3,54,4320300,604500,830,1,3,2,0,1,1,10,70,1,0,1,0,0
200600074847,6,12,23,1015,1,1,1,1,2,31,4340200,634600,830,1,3,3,0,1,1,25,130,1,0,1,0,0
200600074848,6,12,24,945,1,1,1,1,1,62,4314500,600400,830,1,0,2,0,1,1,90,70,1,0,1,0,0
200600074857,6,12,13,1700,2,2,9,8,1,278,4774700,739700,680,9,2,2,0,2,1,0,41,1,0,1,0,0
200600074859,6,12,14,1400,1,1,4,1,3,137,4807300,93100,530,3,2,2,0,1,1,0,0,1,0,1,0,0
200600074860,6,12,16,1930,3,1,2,1,3,129,4814600,102800,530,3,2,2,0,1,1,0,61,1,0,1,0,0
200600074861,6,12,9,530,5,2,6,1,7,22,4368700,141100,310,4,2,2,0,1,1,0,75,1,5,1,0,0
200600074863,6,12,27,1630,1,2,1,7,3,116,4370000,144400,310,3,2,0,0,1,1,54,108,1,5,1,0,0
200600074864,6,12,30,1815,5,2,3,1,2,22,4367800,142700,310,3,2,2,0,1,1,0,90,1,0,1,0,0
200600074876,6,12,11,130,3,1,1,1,3,118,4541800,546000,380,1,3,2,0,2,3,10,102,1,0,1,0,1
200600074878,6,12,30,2300,3,1,1,1,3,218,4925000,1200,140,1,3,4,0,2,2,28,70,2,0,1,0,1
200600074881,6,12,28,815,1,2,1,1,1,31,4753400,138000,410,3,2,0,0,2,1,0,62,1,0,1,0,0
200600074886,6,12,9,1015,1,1,1,2,6,545,4335500,171700,640,1,3,4,0,2,2,20,72,2,0,2,0,0
200600074887,6,12,23,1830,3,1,9,1,2,483,4340700,163000,640,1,3,4,0,1,3,40,75,1,0,1,0,0
200600074896,6,12,18,715,1,1,1,1,7,88,4371300,719600,60,1,3,3,0,4,1,0,105,8,0,1,0,0
200600074901,6,12,8,725,2,1,1,1,3,39,4526700,589200,380,1,3,2,0,1,1,25,25,1,0,1,0,0
200600074903,6,12,6,1415,1,1,1,3,7,7,4335400,562100,130,1,2,3,0,1,2,15,90,2,0,1,0,0
200600074904,6,12,13,500,3,1,1,1,7,86,4335700,562300,130,1,1,2,0,0,3,25,70,1,0,2,0,0
200600074905,6,12,15,815,1,1,9,1,4,5,4332600,559900,130,1,3,0,0,1,1,0,0,1,7,1,0,0
200600074906,6,12,21,945,1,1,1,1,4,1,4351900,543400,130,1,1,4,0,0,1,25,140,1,0,1,0,0
200600074911,6,12,8,945,1,1,1,2,2,386,4805500,30200,720,1,1,3,0,1,1,8,135,2,0,1,0,0
200600074914,6,12,17,730,3,2,9,1,7,553,4862900,247600,910,2,2,0,0,1,3,0,80,9,0,3,0,1
200600074915,6,12,6,855,1,1,1,1,1,199,4462000,106900,330,1,2,2,0,1,1,2,64,1,0,1,0,0
200600074917,6,12,23,900,1,1,1,5,5,284,4469100,77800,330,1,3,4,0,1,1,100,204,1,0,1,0,0
200600074918,6,12,23,915,1,1,1,5,4,284,4469000,77800,330,1,3,0,0,1,1,100,204,2,0,1,0,0
200600074923,6,12,28,800,1,1,1,5,3,60,4411000,74800,470,1,1,2,0,1,1,30,70,2,0,1,0,0
200600074931,6,12,23,545,3,1,1,1,7,195,4269000,281200,660,2,3,2,0,1,1,10,70,1,0,1,0,1
200600074939,6,12,12,1615,1,1,1,1,3,142,4585100,507000,10,1,1,0,0,1,1,0,140,1,0,1,0,0
200600074940,6,12,14,715,3,1,1,5,4,32,4586700,516700,10,1,3,3,0,1,1,10,90,0,0,1,0,0
200600074941,6,12,3,1210,1,2,9,1,3,279,4550600,425500,420,3,3,0,3,1,3,88,60,1,5,1,0,0
200600074944,6,12,9,1825,3,1,1,8,5,432,4795200,532200,520,1,3,2,0,1,1,15,70,2,0,1,0,0
200600074945,6,12,5,715,2,2,9,1,6,203,4352400,133600,310,3,2,2,0,1,1,0,58,1,0,1,0,0
200600074947,6,12,2,1430,1,2,1,1,3,19,4543600,481700,380,2,2,0,3,4,1,30,90,1,5,1,0,0
200600074948,6,12,7,900,1,2,9,1,2,137,4602000,617300,740,3,4,2,0,1,0,0,30,2,0,1,0,0
200600074957,6,12,9,730,5,1,2,8,3,84,4758600,269300,560,3,3,0,0,1,1,70,970,2,0,1,0,0
200600074962,6,12,1,1200,1,1,1,1,1,337,4352500,383000,340,3,0,0,0,1,1,0,0,1,0,1,0,0
200600074968,6,12,3,1130,1,2,1,1,6,471,4863900,775100,670,3,2,2,0,0,1,0,71,1,0,4,0,1
200600074970,6,12,16,1415,1,1,1,2,1,89,4367600,698400,60,3,2,2,0,4,1,0,76,2,0,1,0,0
200600074977,6,12,23,1645,2,1,1,1,1,80,4366500,545400,130,3,2,2,2,1,3,0,0,1,5,1,0,0
200600074979,6,12,3,1030,1,1,1,1,7,88,4505300,516900,260,1,1,1,0,3,3,0,40,1,3,2,0,0
200600074980,6,12,14,1945,5,1,1,1,6,88,4503000,510000,260,1,1,2,0,0,0,35,0,1,7,0,0,0
200600074989,6,12,12,2130,3,1,1,5,6,91,4643800,82300,850,1,3,2,0,0,1,10,70,2,0,1,0,0
200600074995,6,12,10,1730,3,1,1,1,2,718,4994700,223000,800,1,1,2,0,1,1,25,70,1,0,1,0,1
200600075009,6,12,7,230,3,1,1,5,4,77,4452000,153000,460,1,1,2,0,3,1,15,74,2,0,1,0,1
200600075010,6,12,22,845,1,1,1,1,6,19,4465000,153800,460,1,3,2,0,0,1,30,70,1,0,1,0,0
200600075011,6,12,22,2345,3,1,1,1,6,204,4469400,155900,460,1,3,2,0,1,1,30,70,1,0,1,0,0
200600075020,6,12,26,1345,1,1,1,1,1,47,4379300,443600,300,3,2,2,0,1,1,0,80,1,0,1,0,0
200600075021,6,12,31,1545,1,1,1,1,7,27,4696600,135700,850,1,3,2,0,1,1,10,70,2,0,1,0,0
200600075023,6,12,29,1115,1,2,1,1,1,374,5000900,151300,760,3,2,2,0,1,1,5,70,1,0,1,0,0
200600075024,6,12,12,800,2,1,1,1,7,536,4948000,120300,760,3,2,2,0,1,1,0,40,1,0,1,0,0
200600075028,6,12,8,1730,3,1,1,2,5,101,4727100,577100,250,3,2,2,0,1,3,0,60,2,0,1,0,0
200600075031,6,12,17,1200,1,1,1,1,3,90,4786200,324900,560,3,2,2,0,1,1,0,65,1,0,1,0,0
200600075037,6,12,29,1845,3,1,1,8,3,407,4862200,133800,500,1,3,4,0,1,3,30,70,2,0,1,0,1
200600075038,6,12,30,1945,3,1,1,1,6,616,4865500,135100,500,2,3,0,0,1,2,30,144,9,0,2,0,0
200600076387,6,12,20,411,5,2,6,1,7,172,4360121,386796,340,4,1,4,0,1,0,200,120,1,5,3,3,0
200600076764,6,12,23,1245,1,2,1,1,6,147,4786012,345699,450,4,2,2,0,1,1,0,85,2,0,1,0,0
200600076765,6,12,23,120,3,1,1,1,6,274,4786012,345699,450,9,2,20,0,1,1,0,74,1,0,1,0,0
200600076767,6,12,26,1815,5,2,2,1,3,234,4792427,345699,450,4,2,2,0,1,1,0,52,1,0,0,0,0
200600076768,6,12,26,1520,1,2,1,2,6,234,4790664,345699,450,4,1,3,0,2,1,0,121,2,0,0,0,0
200600076770,6,12,27,1215,1,2,1,8,1,298,4789287,345699,450,4,2,2,0,1,4,0,70,1,0,0,0,0
200600076771,6,12,27,1740,5,2,1,1,3,286,4788333,345699,450,4,0,2,0,1,1,0,97,1,0,0,0,0
200600076772,6,12,27,2000,5,2,1,1,3,234,4790721,345699,450,4,2,2,0,1,1,0,60,1,0,0,0,0
200600076773,6,12,28,1735,5,2,1,1,4,302,4789287,345699,450,4,1,2,0,1,1,0,73,1,0,0,0,0
200600076774,6,12,28,1840,5,2,1,1,6,234,4790767,345699,450,4,1,1,0,1,0,0,55,1,0,1,0,0
200600077292,6,12,11,1305,1,1,1,2,5,6,4875581,934567,610,3,2,2,0,2,1,0,65,2,0,1,0,0
200500000001,5,1,12,1900,3,2,1,1,3,11,5051500,294400,590,3,2,2,0,1,1,0,63,1,0,1,0,0
200500000002,5,1,21,1600,1,2,1,1,1,51,5053700,280200,590,2,0,2,1,1,1,0,100,1,0,5,0,0
200500000003,5,1,21,1845,3,1,1,2,1,51,5054600,280000,590,2,0,0,1,1,1,0,0,2,0,5,0,0
200500000004,5,1,4,1615,1,1,1,1,5,82,5098700,240800,590,3,2,2,0,1,1,0,0,1,0,1,0,0
200500000005,5,1,10,1945,3,1,1,3,6,478,5096400,247500,590,3,2,2,0,1,3,0,59,2,0,3,0,0
200500000006,5,1,28,1415,1,1,1,8,6,82,5099500,239700,590,3,2,2,0,1,3,0,70,2,0,5,0,1
200500000008,5,1,18,2115,5,2,1,2,6,404,5105200,253300,590,3,2,2,0,1,3,0,69,1,0,3,0,0
200500000009,5,1,25,1715,1,1,2,8,3,309,5097300,257100,590,3,2,2,0,0,1,0,67,1,0,1,0,0
200500000010,5,1,29,2015,3,1,1,2,6,260,5106500,252400,590,2,0,2,0,1,1,0,70,2,0,1,0,0
200500000012,5,1,11,615,5,2,1,1,6,212,5064700,273300,590,3,2,2,0,1,1,0,90,2,0,4,0,0
200500000013,5,1,1,800,1,1,1,1,6,282,5081700,248300,590,3,2,2,0,1,3,0,71,1,0,3,0,0
200500000014,5,1,30,1930,5,2,1,2,6,202,5067800,283400,590,3,2,0,0,0,1,0,59,2,0,1,0,0
200500000015,5,1,28,1930,5,2,1,1,6,44,5061500,325200,590,3,2,2,0,1,1,0,106,2,0,1,0,0
200500000016,5,1,19,2030,3,1,1,1,3,144,5048800,348700,590,3,2,2,0,1,1,0,57,9,0,1,0,1
200500000017,5,1,9,2000,5,2,1,2,3,36,5015000,387000,590,3,2,0,0,2,1,0,58,2,0,1,0,0
200500000019,5,1,9,1630,1,2,1,1,1,139,5012300,340500,590,4,0,1,0,1,1,0,0,1,5,1,0,0
200500000020,5,1,30,2030,5,2,1,2,6,139,5012300,341500,590,4,2,2,0,1,3,0,0,2,0,1,0,0
200500000021,5,1,31,815,1,2,1,1,1,631,5007200,333800,590,3,2,0,0,0,1,0,69,1,0,1,0,0
200500000022,5,1,18,1930,3,1,1,1,2,10,5016500,313500,590,2,2,2,0,1,1,0,0,1,0,1,0,1
200500000024,5,1,15,1100,1,1,1,1,1,186,5020100,409600,590,3,2,2,0,1,2,0,55,7,0,1,0,0
200500000025,5,1,13,900,1,2,1,1,6,421,5011700,308700,620,3,2,0,0,0,1,0,75,1,0,1,0,1
200500000028,5,1,2,45,3,1,9,2,1,298,5023800,317400,620,2,2,2,3,0,1,0,68,2,5,1,0,0
200500000030,5,1,13,1945,5,2,1,1,3,331,5030000,284000,620,3,2,0,0,0,1,0,50,1,0,1,0,0
200500000031,5,1,8,1600,1,2,1,8,4,865,5032900,298100,620,3,2,0,0,2,1,0,60,2,0,1,0,0
200500000033,5,1,21,2200,3,2,1,1,7,252,5058500,271500,620,4,2,0,0,1,1,0,40,1,0,3,0,0
200500000035,5,1,18,715,5,2,1,1,2,487,5084000,177400,620,4,2,0,0,1,1,0,63,1,0,1,0,0
200500000037,5,1,29,15,3,1,1,1,1,43,5090700,195400,620,2,2,0,0,1,1,0,76,1,0,1,0,0
200500000038,5,1,28,730,5,2,1,6,1,793,5041500,263300,620,4,2,2,0,1,1,0,53,2,0,1,0,0
200500000040,5,1,16,1515,1,2,1,1,6,549,5037800,203100,620,3,2,2,0,1,1,0,0,1,0,4,0,0
200500000041,5,1,15,900,1,1,1,1,7,752,5047900,164900,620,3,2,2,0,1,1,0,57,1,0,1,0,0
200500000042,5,1,20,500,3,1,1,2,6,742,5046200,165100,620,3,2,2,0,1,3,0,60,2,0,3,0,1
200500000046,5,1,2,1115,1,2,1,7,6,38,5085900,197700,620,3,2,0,0,0,2,0,67,1,0,1,0,0
200500000047,5,1,2,1630,1,2,1,1,6,78,5086400,194300,620,4,4,2,0,1,1,25,20,1,0,1,0,0
200500000049,5,1,20,1845,3,1,1,6,6,905,5075700,217500,620,3,2,2,0,1,1,0,68,2,0,3,0,1
200500000050,5,1,18,2300,3,1,8,2,1,767,5039500,237200,620,3,2,2,0,4,4,0,0,2,4,1,0,0
200500000051,5,1,1,1545,1,1,1,8,6,60,5023200,213200,620,3,2,0,0,1,1,0,57,2,0,3,0,0
200500000052,5,1,10,1800,3,1,1,2,1,86,5022000,256400,620,2,2,2,0,1,1,0,74,2,0,1,0,0
200500000053,5,1,7,1415,1,1,1,1,6,577,5031100,221800,620,3,2,2,0,2,1,0,42,1,0,3,0,1
200500000055,5,1,3,1715,2,2,1,1,3,13,4996900,195300,800,3,2,2,0,0,2,0,0,1,0,1,0,0
200500000058,5,1,23,1200,1,1,2,1,1,92,4997600,227100,800,3,2,2,0,1,1,0,68,1,5,1,0,1
200500000061,5,1,14,1215,1,1,1,7,3,779,5010000,186000,800,3,2,2,0,1,1,0,74,1,0,1,0,0
200500000064,5,1,20,815,2,2,1,1,3,253,5016300,235100,800,4,2,0,0,1,1,0,65,2,0,1,0,0
200500000071,5,1,19,1415,1,2,1,8,7,186,4981700,280500,800,3,2,2,0,0,1,0,62,2,0,1,0,0
200500000082,5,1,8,500,4,1,1,1,6,498,4954000,382200,20,3,2,0,0,1,1,0,47,1,0,0,0,0
200500000083,5,1,25,1200,1,1,1,1,3,498,4955200,387600,20,3,2,2,0,1,1,0,60,2,0,1,0,0
200500000087,5,1,13,1030,1,2,9,1,3,95,4998600,345400,20,3,2,2,0,1,1,0,0,2,0,1,0,0
200500000089,5,1,21,830,2,2,1,1,6,503,4984700,350200,20,2,2,2,0,2,1,0,71,1,0,1,0,1
200500000090,5,1,18,1645,1,1,1,1,3,804,4931200,333700,20,3,2,2,0,0,2,0,72,1,0,1,0,0
200500000091,5,1,31,1815,5,2,2,1,3,424,4943400,333800,20,3,2,2,0,1,1,0,59,1,5,1,0,0
200500000092,5,1,31,2045,3,1,1,2,6,597,4933300,365400,20,3,0,2,0,2,0,0,50,2,0,3,0,0
200500000093,5,1,3,1330,1,2,1,1,1,810,4925500,309400,20,3,2,0,0,1,2,0,52,1,0,1,0,0
200500000094,5,1,3,700,2,1,1,9,5,789,4983000,389000,20,2,2,2,0,3,1,142,0,7,0,3,0,0
200500000095,5,1,19,815,1,1,1,9,7,642,4974000,420100,20,4,2,2,0,1,0,0,35,7,0,1,0,0
200500000096,5,1,30,2315,5,2,1,1,6,126,4977500,418100,20,3,2,0,0,1,1,0,70,1,0,4,0,1
200500000097,5,1,6,1815,5,2,1,1,1,558,5002100,379500,20,2,2,2,0,1,1,21,68,1,0,1,0,0
200500000098,5,1,13,2100,3,1,1,1,6,558,5001700,372600,20,3,2,2,0,1,3,0,0,1,0,1,0,0
200500000099,5,1,10,1815,3,1,1,1,1,833,4996700,398900,20,2,2,2,0,1,1,0,72,1,0,1,0,1