Num_Acc,an,mois,jour,hrmn,lum,agg,int,atm,col,com,lat,long,dep,catr,circ,nbv,vosp,prof,plan,lartpc,larrout,surf,infra,situ,env1,killed
200500000100,5,1,31,2215,3,1,1,1,5,495,4996100,403500,20,2,2,2,0,1,1,0,72,1,0,1,0,0
200500000101,5,1,6,800,2,1,1,1,4,646,4949400,203400,600,3,2,2,0,1,1,0,72,1,0,1,0,0
200500000102,5,1,15,1915,3,1,1,1,6,586,4940600,206400,600,3,2,2,0,0,2,0,56,1,0,3,0,0
200500000103,5,1,21,1015,1,1,1,1,7,41,4938800,225300,600,3,2,2,0,1,3,0,97,1,0,3,0,0
200500000108,5,1,3,815,2,1,1,2,7,193,4968700,193800,600,3,2,0,0,1,1,0,60,7,0,3,0,0
200500000115,5,1,30,530,5,2,1,1,6,178,4961400,209700,600,3,2,2,0,2,1,0,74,1,0,3,0,0
200500000121,5,1,20,745,3,1,1,2,3,439,4931900,228100,600,3,2,2,0,1,1,0,70,2,0,1,0,0
200500000122,5,1,24,1630,1,1,1,1,6,439,4935300,236600,600,4,2,2,0,2,1,0,44,1,0,1,0,0
200500000123,5,1,1,430,3,1,1,1,7,579,4935000,285000,600,3,2,2,0,1,1,0,59,1,0,3,0,0
200500000125,5,1,29,1600,1,1,1,1,4,156,4944300,283400,600,2,2,2,0,2,1,0,71,1,0,1,0,0
200500000130,5,1,26,1145,1,1,2,1,4,160,4959700,271800,600,2,2,0,0,3,1,120,0,1,0,1,0,0
200500000131,5,1,28,830,1,2,1,2,2,149,4935400,268000,600,3,2,0,0,1,1,0,73,2,0,1,0,0
200500000132,5,1,30,600,3,1,1,8,6,379,4952200,281200,600,3,2,0,0,1,1,0,70,2,0,1,0,0
200500000134,5,1,12,2245,5,2,1,1,1,471,4956000,304000,600,3,2,2,0,1,1,0,65,1,0,1,0,0
200500000135,5,1,23,215,3,1,1,2,4,37,4958000,307000,600,2,2,2,0,3,1,0,70,2,0,1,0,1
200500000140,5,1,13,930,1,2,1,1,2,450,4923200,228700,600,3,2,2,0,1,2,0,74,1,0,1,0,0
200500000151,5,1,8,1400,1,2,1,1,2,176,4923700,290100,600,4,2,0,0,1,3,0,0,2,0,1,0,0
200500000152,5,1,18,1815,5,2,1,2,6,176,4923100,288100,600,3,2,2,0,1,1,0,70,2,0,1,0,0
200500000153,5,1,29,1530,1,1,1,1,1,430,4932500,289400,600,3,2,0,0,1,1,0,70,1,0,1,0,1
200500000156,5,1,20,1500,1,1,1,1,6,367,4950800,109800,760,3,3,2,0,2,4,0,57,2,0,1,0,0
200500000157,5,1,14,445,5,2,1,1,7,452,4955800,107400,760,3,2,2,0,1,1,0,55,1,0,1,0,0
200500000158,5,1,10,1030,1,1,1,8,7,7,4956900,107700,760,3,2,2,0,1,1,0,70,1,0,1,0,0
200500000160,5,1,29,1200,1,2,4,1,3,413,4985700,116400,760,3,0,2,0,1,1,0,66,1,0,1,0,1
200500000161,5,1,14,645,2,1,1,9,6,700,4971700,104900,760,2,3,4,0,1,2,15,100,7,0,2,0,0
200500000162,5,1,13,1200,1,2,1,1,6,116,4939100,120100,760,4,2,2,0,0,1,0,0,1,0,1,3,0
200500000163,5,1,29,1130,1,1,1,1,7,753,4934300,119100,760,3,2,2,0,1,1,0,52,1,0,1,0,0
200500000164,5,1,12,1545,1,2,1,1,6,614,4944800,96300,760,4,1,1,0,2,1,0,0,2,0,1,0,0
200500000173,5,1,3,1330,1,1,2,1,1,592,4951100,51500,760,3,2,2,0,1,1,0,60,1,5,1,0,0
200500000176,5,1,31,1715,1,1,1,1,2,592,4951000,49600,760,3,2,0,0,0,1,0,63,1,0,1,0,0
200500000177,5,1,2,1230,1,2,2,1,3,202,4981900,136500,760,3,2,2,0,1,1,0,57,1,0,1,0,0
200500000178,5,1,28,1745,3,1,1,1,1,454,4975000,156300,760,2,2,1,0,2,2,0,70,1,0,1,0,1
200500000180,5,1,16,1300,1,2,1,1,6,59,4996300,155500,760,3,2,2,0,1,2,0,48,1,0,0,0,0
200500000182,5,1,14,2045,5,2,1,1,1,312,4949000,170000,760,2,2,0,0,0,0,0,0,1,0,1,0,0
200500000183,5,1,21,900,1,1,1,1,1,263,4946500,148700,760,2,2,2,0,3,4,0,46,1,0,1,0,0
200500000184,5,1,29,630,3,1,1,1,1,610,4963100,79400,760,2,3,0,0,1,1,0,98,1,0,1,0,1
200500000185,5,1,1,330,5,2,1,1,6,743,4953000,92600,760,3,2,0,0,1,3,0,65,1,0,3,0,0
200500000186,5,1,10,1030,1,1,2,1,3,385,4963600,91700,760,3,2,2,0,1,1,0,60,1,5,1,0,0
200500000187,5,1,10,1530,1,2,1,1,3,57,4956200,95400,760,3,2,0,0,1,1,0,60,1,0,1,3,0
200500000188,5,1,16,1100,1,1,1,7,6,444,4958900,84500,760,3,2,0,0,1,1,0,41,2,0,3,0,0
200500000189,5,1,30,1630,1,1,1,1,6,444,4959100,81200,760,3,2,2,0,2,1,0,29,2,0,3,0,0
200500000190,5,1,17,815,2,2,6,8,6,456,4963900,85500,760,3,2,2,0,1,1,15,35,2,0,1,3,0
200500000191,5,1,2,1800,3,1,1,1,1,446,4906000,92400,270,3,2,2,0,1,1,0,68,1,0,1,0,1
200500000196,5,1,31,2030,3,2,1,8,6,390,4883500,117200,270,3,2,0,0,1,2,0,41,2,0,4,0,0
200500000198,5,1,12,745,5,2,1,8,3,16,4924000,141000,270,3,2,2,0,1,1,0,50,2,0,1,0,0
200500000200,5,1,18,2145,3,2,1,9,6,284,4926000,178000,270,3,3,3,0,1,3,0,109,2,0,1,0,0
200500000203,5,1,29,1330,1,1,1,1,3,608,4907000,50900,270,3,2,2,0,1,1,0,59,1,0,1,0,0
200500000204,5,1,1,1545,1,2,1,8,3,51,4908400,78500,270,3,2,2,0,1,1,0,0,1,0,1,0,0
200500000206,5,1,29,2130,3,1,1,1,6,251,4909900,68600,270,3,2,2,0,1,1,0,72,1,0,1,0,0
200500000207,5,1,4,1630,1,2,2,1,1,335,4914300,119000,270,3,2,0,0,1,1,1,71,1,0,1,3,0
200500000208,5,1,7,2345,3,1,1,2,7,3,4917000,116000,270,3,2,2,0,2,1,0,57,2,0,3,0,0
200500000209,5,1,18,900,1,1,1,8,6,335,4912200,118800,270,2,3,4,0,2,2,50,127,2,0,1,0,0
200500000217,5,1,27,600,3,1,1,9,3,367,4922900,49800,270,3,2,2,0,1,2,0,77,7,5,1,0,0
200500000220,5,1,1,1830,5,2,1,1,1,173,4822200,169900,350,9,2,2,0,1,1,0,63,1,0,1,0,0
200500000222,5,1,24,1800,5,1,1,2,3,58,4826900,183900,350,3,2,0,0,1,1,0,70,2,0,1,0,0
200500000223,5,1,22,1700,1,1,1,2,3,184,4821100,204600,350,3,2,2,0,1,1,0,60,2,2,1,0,0
200500000226,5,1,22,845,1,2,1,1,3,188,4814000,195000,350,3,2,2,0,2,1,0,0,1,0,1,0,0
200500000229,5,1,25,915,1,1,1,4,6,11,4838300,137300,350,3,2,1,0,1,1,0,60,5,0,3,0,0
200500000230,5,1,25,900,1,1,1,4,7,273,4839500,125100,350,3,2,1,0,1,3,0,50,5,0,1,0,0
200500000231,5,1,18,2045,4,2,1,1,1,139,4798400,171900,350,3,2,2,0,1,1,0,68,1,0,1,0,0
200500000232,5,1,26,1615,1,1,1,2,1,219,4782100,191700,350,3,2,0,3,1,1,0,112,2,5,1,0,0
200500000237,5,1,9,715,2,1,1,1,6,95,4853200,174500,350,3,2,2,0,4,1,0,68,1,0,1,0,0
200500000239,5,1,7,115,5,2,1,8,6,228,4857000,205000,350,3,2,0,0,1,4,0,70,1,0,3,0,0
200500000240,5,1,18,1945,5,2,1,2,6,228,4859000,205000,350,3,2,0,0,1,3,0,65,2,0,3,0,0
200500000241,5,1,3,800,5,2,1,1,6,360,4812500,120400,350,9,2,0,0,0,1,80,0,1,0,1,0,0
200500000251,5,1,18,800,5,2,1,3,6,93,4847200,251600,220,3,2,2,0,1,3,0,0,2,0,1,0,0
200500000252,5,1,20,1530,1,1,1,2,5,326,4843900,242700,220,3,2,0,0,2,1,0,379,2,5,1,0,0
200500000253,5,1,14,915,1,1,1,1,7,153,4836800,262800,220,4,2,0,0,2,1,0,50,1,0,3,0,0
200500000254,5,1,23,1715,3,1,1,1,7,136,4825800,278100,220,3,2,2,0,1,2,0,72,2,0,0,0,0
200500000256,5,1,23,345,5,2,1,1,6,186,4858800,256000,220,3,2,2,0,1,2,0,50,1,0,4,0,0
200500000260,5,1,4,1645,1,2,2,1,1,143,4859000,230000,220,4,2,0,0,2,1,0,0,1,0,1,3,0
200500000262,5,1,12,745,3,1,2,1,3,183,4817500,261800,220,2,3,2,0,3,1,31,130,2,5,1,0,0
200500000263,5,1,26,1215,1,1,9,9,6,133,4817200,225700,220,3,2,2,0,0,1,0,52,7,0,0,0,0
200500000265,5,1,8,1915,3,1,2,2,3,226,4870500,352200,220,3,2,2,0,1,1,0,63,1,0,1,0,0
200500000266,5,1,1,400,4,1,1,8,1,168,4880100,345600,220,3,2,2,0,2,3,0,53,2,0,1,0,0
200500000270,5,1,18,1145,1,1,1,1,1,169,4806200,414800,290,3,2,2,0,2,1,0,65,1,0,1,0,0
200500000271,5,1,4,1730,2,2,1,2,3,58,4789900,401200,290,3,2,2,0,2,1,0,92,2,0,1,0,0
200500000275,5,1,28,1730,1,1,1,8,6,179,4849600,429200,290,3,2,2,0,1,2,0,0,1,0,1,0,0
200500000280,5,1,25,1700,1,1,1,1,5,149,4844100,457700,290,3,2,0,0,1,1,0,86,2,5,1,0,0
200500000281,5,1,16,630,3,1,1,1,7,89,4828300,360200,290,9,2,2,0,1,2,0,40,2,0,0,0,1
200500000291,5,1,24,1730,1,2,1,1,3,155,4748500,246700,560,4,2,1,0,1,1,0,0,1,0,1,0,0
200500000292,5,1,3,745,1,1,1,1,3,137,4773200,269400,560,3,2,2,0,1,1,0,61,1,0,1,0,0
200500000294,5,1,8,1830,5,2,1,1,6,186,4748700,311800,560,3,1,1,0,1,3,0,0,2,0,1,0,0
200500000297,5,1,5,1845,5,2,1,1,6,165,4793100,240000,560,9,2,2,1,0,1,10,80,1,0,1,0,0
200500000299,5,1,7,1845,2,1,1,1,1,236,4792600,252700,560,3,2,0,0,1,1,0,65,1,5,1,0,0
200500000301,5,1,8,2045,3,1,1,1,6,110,4803700,323800,560,3,0,2,0,1,2,0,58,2,0,3,0,0
200500000302,5,1,10,2130,5,2,1,1,3,178,4807000,296000,560,3,2,0,0,0,1,0,87,2,0,1,0,0
200500000303,5,1,11,1815,5,2,1,3,6,178,4806700,296100,560,3,2,2,1,1,1,0,0,2,0,1,0,0
200500000306,5,1,18,1815,5,2,1,1,3,20,4913100,16800,140,3,2,2,0,1,1,50,0,1,0,1,0,0
200500000310,5,1,4,1945,5,2,1,1,6,711,4931200,90400,140,3,0,2,0,1,1,0,60,1,0,1,0,0
200500000311,5,1,23,1200,1,1,1,1,3,714,4924000,82700,140,3,2,0,0,1,1,0,45,1,0,1,0,0
200500000313,5,1,30,915,1,1,1,1,1,753,4895000,27100,140,3,2,2,0,0,1,0,70,2,0,1,0,1
200500000314,5,1,10,845,2,1,1,1,6,656,4893800,48900,140,3,2,2,0,2,1,0,50,2,0,1,0,0
200500000315,5,1,24,2030,5,2,1,4,6,207,4901200,43400,140,3,2,2,0,2,1,0,64,7,0,4,0,0
200500000316,5,1,8,115,3,1,1,1,6,422,4907900,2000,140,3,2,2,0,1,3,0,59,1,0,1,0,1
200500000317,5,1,11,1930,3,1,1,2,1,410,4914000,7000,140,3,2,0,0,1,1,0,44,2,0,1,0,0
200500000318,5,1,17,815,1,1,2,8,3,433,4902000,1000,140,3,2,2,0,1,1,0,59,2,0,1,0,0
200500000320,5,1,18,1930,5,2,1,1,1,431,4907000,7000,140,3,2,2,0,1,1,0,60,1,0,1,0,0
200500000324,5,1,21,1645,1,1,9,1,3,358,4918500,3400,140,3,2,2,0,1,1,0,67,1,0,1,0,0
200500000325,5,1,29,1515,1,1,1,1,1,91,4926500,6300,140,4,2,2,0,1,3,0,27,9,0,1,0,0
200500000326,5,1,4,1800,5,2,1,8,6,762,4884200,87600,140,3,2,1,0,1,1,0,70,2,6,1,0,0
200500000329,5,1,4,1900,3,1,1,8,2,213,4908600,109200,500,3,2,2,0,1,1,0,54,2,0,1,0,1
200500000330,5,1,21,1730,1,1,1,8,3,99,4929500,126000,500,3,0,2,0,0,1,0,75,2,0,1,0,0
200500000331,5,1,7,1345,1,1,1,1,3,46,4914200,96200,500,3,2,2,0,1,1,0,100,1,0,1,0,0
200500000334,5,1,5,745,4,1,3,1,3,554,4868000,132500,500,3,0,2,0,1,1,0,73,2,5,1,0,0
200500000337,5,1,30,1400,1,1,1,1,7,27,4868000,142000,500,3,2,0,0,4,2,0,57,1,0,1,0,1
200500000342,5,1,12,1545,1,2,1,1,1,579,4953100,159400,500,4,1,0,0,2,1,0,32,1,0,1,0,0
200500000343,5,1,11,1430,1,2,1,1,6,523,4949100,139200,500,9,1,1,0,2,1,0,40,1,0,4,0,0
200500000344,5,1,26,715,3,1,1,4,3,169,4947500,136600,500,2,3,4,0,1,1,25,140,2,0,3,0,0
200500000345,5,1,2,1645,1,2,1,1,1,178,4968700,145400,500,3,2,0,0,1,3,0,48,1,0,1,0,0
200500000346,5,1,4,1345,1,2,1,1,1,648,4949600,150500,500,3,2,0,0,0,3,0,55,1,5,1,0,0
200500000347,5,1,8,2345,3,1,1,1,6,86,4963400,141000,500,3,2,2,0,0,3,0,50,1,0,3,0,0
200500000348,5,1,9,45,3,1,1,1,1,267,4923000,153000,500,3,2,2,0,1,0,0,71,1,0,1,0,1
200500000350,5,1,23,630,3,1,1,2,6,182,4918300,152000,500,3,2,2,0,1,1,0,65,2,0,3,0,0
200500000352,5,1,7,715,3,2,1,1,6,391,4859000,109000,500,4,2,2,0,1,0,0,60,2,0,4,0,0
200500000353,5,1,3,1545,1,1,1,1,3,352,4881800,11600,610,2,2,0,0,0,1,0,70,1,0,1,0,0
200500000354,5,1,14,1915,3,1,2,1,3,260,4866300,43400,610,3,2,0,0,1,1,0,52,1,0,1,0,0
200500000362,5,1,7,2100,5,2,1,1,3,214,4876900,62400,610,9,1,0,0,3,1,0,60,1,5,1,0,0
200500000364,5,1,28,2030,3,1,1,2,1,100,4871200,62000,610,3,2,2,0,3,3,0,63,7,0,1,0,1
200500000367,5,1,11,1745,5,2,1,2,1,26,4728800,150800,440,4,2,3,2,1,1,0,120,2,5,1,0,0
200500000369,5,1,9,15,3,1,1,9,1,81,4689800,158000,440,3,2,2,0,1,1,0,66,2,0,1,0,0
200500000370,5,1,10,745,5,1,3,8,3,41,4710000,159000,440,3,2,2,0,1,1,0,55,1,5,1,0,1
200500000371,5,1,20,945,5,2,1,1,6,188,4704500,164000,440,3,2,2,0,4,1,0,52,1,0,1,0,0
200500000374,5,1,12,1645,1,2,3,1,3,198,4715800,153200,440,4,2,2,0,1,1,0,0,1,5,1,0,0
200500000376,5,1,4,715,3,1,1,8,4,212,4715900,120500,440,2,3,4,0,1,1,30,70,7,0,2,0,0
200500000377,5,1,4,1100,1,1,1,9,3,54,4763900,130100,440,3,2,1,0,1,1,0,60,2,0,1,0,0
200500000378,5,1,10,1830,3,1,1,3,3,36,4770600,136600,440,3,2,2,0,1,1,0,54,2,0,1,0,0
200500000379,5,1,29,1430,1,2,6,1,3,120,4720100,175800,440,3,2,2,0,1,2,0,0,1,5,1,0,0
200500000380,5,1,31,1315,1,1,1,1,6,150,4714800,164100,440,4,2,2,0,1,2,0,56,1,0,3,0,1
200500000381,5,1,20,615,5,2,1,1,6,131,4711800,209400,440,3,2,0,0,1,3,0,90,2,6,1,0,0
200500000384,5,1,4,1800,5,2,1,1,3,87,4699800,181900,440,4,2,2,0,0,1,0,70,1,0,1,0,0
200500000385,5,1,6,1645,1,1,1,1,1,119,4695100,178400,440,3,2,2,0,1,1,0,56,1,0,1,0,0
200500000386,5,1,20,1130,3,1,1,9,3,220,4720800,191300,440,3,2,2,0,1,1,0,60,2,5,1,0,1
200500000391,5,1,5,1400,3,1,1,2,3,195,4737800,198800,440,4,2,2,0,1,1,0,65,2,5,1,0,0
200500000392,5,1,7,2030,3,1,1,1,5,195,4737000,194900,440,2,3,2,0,1,1,0,0,2,0,1,0,0
200500000395,5,1,21,1915,3,1,4,1,3,25,4742600,196800,440,3,2,0,0,1,1,60,0,1,5,1,0,0
200500000397,5,1,9,1845,3,1,1,2,3,21,4741000,20000,490,3,0,2,0,1,1,0,65,2,0,1,0,0
200500000398,5,1,15,1145,1,2,1,1,1,194,4745800,26400,490,9,2,2,0,0,1,0,58,1,0,1,0,0
200500000399,5,1,22,430,3,1,1,8,7,194,4747000,29000,490,2,2,2,0,0,1,0,0,2,0,3,0,0
200500000400,5,1,22,2115,3,1,1,8,1,338,4738100,52400,490,3,2,1,0,2,4,0,56,2,0,1,0,0
200500000401,5,1,31,1745,3,1,1,1,7,223,4739900,52800,490,4,2,2,0,1,2,0,45,1,0,1,0,0
200500000402,5,1,10,2200,1,2,1,1,3,307,4741900,31100,490,3,2,2,0,1,1,0,60,1,5,1,0,0
200500000403,5,1,12,1530,1,1,1,1,2,117,4742500,45100,490,3,2,2,0,1,1,0,105,1,0,1,0,0
200500000404,5,1,29,30,3,1,1,1,1,32,4742400,41400,490,3,2,2,0,0,3,0,58,1,0,1,0,0
200500000405,5,1,18,1545,1,1,1,1,6,84,4755000,27200,490,3,2,2,0,2,1,0,95,1,0,0,0,0
200500000406,5,1,3,1515,1,2,1,7,1,343,4700000,84000,490,3,2,2,0,1,1,0,56,1,0,1,0,0
200500000408,5,1,5,1800,5,2,1,2,6,260,4706400,102300,490,3,1,1,0,1,1,0,69,2,0,1,0,0
200500000412,5,1,14,1915,3,1,1,1,2,359,4721600,18100,490,3,2,2,0,1,1,74,74,1,0,1,0,0
200500000413,5,1,25,1415,1,1,1,8,1,311,4739600,3200,490,3,2,2,0,1,3,0,57,1,0,1,0,1
200500000414,5,1,26,1445,1,1,1,1,1,304,4730000,11000,490,3,2,3,0,1,1,0,87,1,0,1,0,0
200500000418,5,1,19,1530,1,1,2,8,3,144,4753400,108500,490,3,2,2,0,4,1,0,70,2,0,1,0,0
200500000421,5,1,25,1915,3,1,1,1,6,216,4758800,37900,490,3,2,0,0,1,1,30,74,1,0,3,0,0
200500000423,5,1,30,1600,1,1,1,1,6,159,4820600,54800,530,3,2,2,0,1,1,0,39,1,0,1,0,0
200500000425,5,1,10,1800,5,2,1,3,6,77,4795200,91000,530,2,2,2,0,2,1,0,0,2,0,1,0,0
200500000427,5,1,20,1400,1,1,2,2,1,116,4840200,46900,530,3,2,2,0,1,1,0,58,2,0,1,0,0
200500000428,5,1,30,1400,1,1,2,1,1,127,4841200,49600,530,3,2,2,0,2,1,0,56,1,0,1,0,0
200500000430,5,1,12,2330,3,1,1,1,3,271,4832100,32100,530,3,2,2,0,0,1,0,0,1,0,1,0,1
200500000432,5,1,2,430,3,1,1,1,7,54,4801000,31000,720,2,2,2,0,0,2,0,70,1,0,1,0,0
200500000433,5,1,22,515,3,1,1,8,1,46,4799100,49300,720,2,2,2,2,2,1,0,96,2,0,1,0,0
200500000434,5,1,26,1700,1,1,1,1,1,54,4801400,31200,720,2,2,0,0,1,2,0,71,1,0,1,0,0
200500000436,5,1,22,1730,1,2,1,3,6,133,4790700,13000,720,3,2,2,0,1,3,0,60,2,0,0,0,0
200500000439,5,1,11,1015,1,1,1,1,1,325,4780000,53800,720,3,2,2,0,3,0,69,0,1,5,1,0,0
200500000440,5,1,14,815,1,2,2,1,3,71,4769600,42400,720,2,2,0,0,0,1,0,75,1,0,1,0,0
200500000441,5,1,27,1215,1,1,1,1,3,13,4768600,24800,720,3,2,2,0,1,1,0,56,1,0,1,0,0
200500000442,5,1,2,1145,1,2,1,1,2,264,4784300,33100,720,9,2,2,0,0,0,0,50,1,0,1,0,0
200500000446,5,1,22,1645,1,1,1,8,7,84,4675800,121700,850,4,2,2,0,1,2,0,63,1,0,3,0,0
200500000447,5,1,4,800,2,2,1,1,6,146,4698200,131100,850,4,1,0,0,1,1,0,41,1,0,1,0,0
200500000451,5,1,28,1730,1,2,1,8,1,302,4696700,100100,850,4,2,2,0,1,3,0,65,1,0,3,0,0
200500000453,5,1,3,1230,1,2,1,1,3,1,4633800,130900,850,3,2,0,0,0,1,0,60,1,0,1,0,0
200500000454,5,1,19,915,1,1,1,2,5,216,4647300,110300,850,3,2,2,0,1,1,0,60,2,0,1,0,0
200500000455,5,1,22,1145,1,1,1,1,2,188,4658300,104800,850,2,2,2,3,0,1,0,71,1,0,1,0,0
200500000456,5,1,11,2315,3,1,1,2,6,303,4634100,82300,850,9,2,1,0,1,3,0,40,2,0,3,0,0
200500000457,5,1,16,1045,1,1,1,1,1,137,4655000,86100,850,3,2,0,0,1,2,0,65,1,0,1,0,0
200500000458,5,1,20,1915,5,1,1,2,6,280,4687000,194000,850,3,2,2,0,1,1,0,66,2,0,1,0,0
200500000459,5,1,7,2030,3,2,1,1,3,112,4656700,178100,850,3,2,2,0,1,3,0,49,1,0,1,0,0
200500000460,5,1,12,1245,1,1,1,1,2,211,4663500,160800,850,2,2,2,0,4,1,0,70,1,0,1,0,0
200500000465,5,1,25,1030,1,2,1,1,2,12,4689200,211900,850,4,2,2,0,1,1,0,63,1,0,1,0,0
200500000474,5,1,1,930,2,1,1,8,6,267,4528500,44100,330,3,2,0,0,1,3,0,59,2,0,3,0,1
200500000475,5,1,12,745,2,1,1,1,3,6,4520400,62900,330,3,2,0,0,1,1,0,70,1,0,1,0,0
200500000476,5,1,16,2230,5,2,1,5,7,114,4510100,38800,330,3,2,2,0,1,2,0,67,1,0,3,0,1
200500000479,5,1,15,1530,1,1,1,1,1,23,4470000,49000,330,2,2,0,0,0,1,0,70,1,0,1,0,0
200500000480,5,1,18,1745,2,2,1,8,6,109,4470000,44000,330,2,2,2,0,2,4,0,65,2,0,1,0,0
200500000483,5,1,14,1800,3,1,1,5,6,76,4454000,42600,330,3,2,0,0,0,1,0,0,2,0,1,0,0
200500000485,5,1,31,1130,1,2,1,1,3,227,4455400,25100,330,3,2,0,0,1,1,0,83,1,5,1,3,0
200500000486,5,1,5,2000,3,1,1,1,6,195,4438500,3300,330,3,2,2,0,1,1,0,70,1,0,3,0,0
200500000487,5,1,16,1815,4,2,1,1,1,287,4457500,2200,330,2,2,2,0,0,0,0,50,1,0,1,0,0
200500000495,5,1,2,2100,3,1,1,1,7,296,4483000,4000,330,3,2,0,0,1,1,60,0,1,0,3,0,0
200500000496,5,1,9,1745,1,1,4,1,1,194,4481000,22000,330,3,2,2,0,3,3,0,82,1,0,1,0,0
200500000497,5,1,29,730,3,1,3,1,3,421,4481000,13000,330,3,2,0,0,1,1,0,50,1,5,1,0,0
200500000498,5,1,23,615,3,1,1,1,6,459,4485900,8200,330,3,2,2,0,1,1,0,60,1,0,3,0,0
200500000499,5,1,15,215,3,1,1,5,7,1,4500000,12000,330,3,2,2,0,1,4,0,65,0,0,3,0,1
200500000500,5,1,10,1830,2,1,1,1,2,218,4507800,16700,330,3,2,2,0,4,0,0,0,1,0,3,0,1
200500000502,5,1,28,815,1,1,1,2,3,542,4499700,36400,330,3,2,2,0,2,0,0,90,7,0,1,0,0
200500000503,5,1,2,1230,1,1,1,8,2,64,4539200,63100,240,3,2,2,0,2,3,0,74,2,0,1,0,0
200500000505,5,1,16,1100,1,1,1,1,6,46,4528200,115500,240,3,2,0,0,2,2,0,44,1,0,3,0,0
200500000507,5,1,20,745,5,2,1,2,3,527,4527800,91500,240,3,2,2,0,1,1,0,60,2,0,1,0,0
200500000512,5,1,4,1600,1,2,9,1,6,311,4553400,66000,240,3,2,2,0,1,3,0,65,1,0,1,3,0
200500000513,5,1,9,2115,3,1,1,1,6,460,4525200,41500,240,3,2,2,0,1,1,0,72,1,0,1,0,1
200500000514,5,1,22,2330,3,2,1,8,6,434,4533800,50900,240,3,2,2,0,1,1,0,50,2,0,1,0,0
200500000522,5,1,15,100,3,1,1,5,6,162,4395200,40400,400,3,2,2,0,1,1,0,73,1,0,3,0,1
200500000523,5,1,17,1830,3,1,1,1,1,250,4392700,44100,400,3,2,2,0,1,1,0,0,1,0,1,0,0
200500000524,5,1,20,1000,1,1,1,2,1,139,4386000,44000,400,3,2,2,0,2,1,0,70,2,0,3,0,0
200500000527,5,1,31,1545,1,2,1,1,6,313,4383700,81000,400,9,2,2,0,2,1,0,45,1,0,1,0,0
200500000528,5,1,16,500,3,1,1,1,6,120,4350000,112000,400,3,2,0,0,2,3,0,65,1,0,3,0,0
200500000529,5,1,18,1915,3,1,1,2,1,231,4356600,120300,400,2,2,2,0,4,3,0,74,2,0,1,0,0
200500000531,5,1,12,15,3,1,1,1,7,168,4379700,116300,400,3,2,2,0,1,1,0,56,1,0,3,0,0
200500000532,5,1,17,1800,2,2,1,1,3,312,4350200,145500,400,3,2,2,0,1,1,0,100,1,0,1,0,0
200500000533,5,1,25,945,1,1,1,1,6,248,4356000,135200,400,3,2,0,0,1,1,0,34,1,0,1,0,0
200500000537,5,1,13,1845,5,1,6,1,7,282,4364800,61800,400,3,4,0,0,1,4,0,0,2,5,1,0,0
200500000541,5,1,20,1345,1,1,1,8,6,22,4366600,35200,400,3,2,0,0,0,3,0,0,2,0,3,0,0
200500000551,5,1,4,1945,3,1,1,1,7,140,4429400,62100,470,3,2,2,0,2,3,0,60,1,0,3,0,0
200500000552,5,1,18,745,2,1,1,2,1,66,4424700,42100,470,3,2,0,0,1,3,0,0,2,0,1,0,0
200500000554,5,1,21,1830,5,1,1,9,5,51,4418400,67700,470,2,2,3,0,1,1,0,110,2,0,1,0,0
200500000555,5,1,8,1845,3,1,1,1,6,121,4434300,13000,470,3,2,2,0,2,3,0,60,1,0,3,0,0
200500000556,5,1,8,1515,1,1,1,1,6,28,4449600,24700,470,3,2,2,0,1,4,0,60,1,0,3,0,0
200500000557,5,1,29,2000,3,1,1,1,6,326,4449900,24600,470,3,2,0,0,1,3,0,55,1,0,3,0,0
200500000558,5,1,28,1745,3,1,1,1,5,108,4449200,11800,470,3,2,0,0,1,1,0,61,1,0,1,0,0
200500000559,5,1,30,1015,1,1,2,1,3,144,4458800,42800,470,3,2,2,0,2,2,0,50,1,0,1,0,0
200500000560,5,1,11,1730,1,1,1,1,2,65,4435800,36800,470,3,2,2,0,1,1,0,65,1,5,1,3,0
200500000561,5,1,13,1100,1,1,1,1,3,65,4436600,37000,470,3,2,2,0,0,3,0,74,2,0,1,0,0
200500000562,5,1,15,545,3,1,1,1,6,310,4435800,32000,470,2,2,1,0,1,1,0,76,1,0,3,0,1
200500000563,5,1,19,1115,1,2,1,2,6,310,4440500,29900,470,2,2,0,0,0,1,0,0,2,0,1,0,0
200500000564,5,1,25,1545,1,1,1,1,4,159,4441500,22100,470,3,2,2,0,1,1,0,58,1,2,1,0,0
200500000565,5,1,3,1600,1,1,1,1,1,119,4420000,6000,470,3,2,2,0,1,1,0,65,1,0,1,0,0
200500000568,5,1,1,700,3,1,9,1,1,451,4326700,7300,640,3,2,2,0,1,1,0,82,1,0,1,0,0
200500000569,5,1,30,430,3,1,1,1,6,374,4343100,47200,640,3,2,0,0,1,1,0,70,1,0,3,0,1
200500000572,5,1,6,1900,3,1,9,1,3,546,4350500,131700,640,3,2,2,0,1,2,0,80,1,0,1,0,0
200500000574,5,1,13,1700,1,1,1,1,1,303,4310500,83000,640,3,2,2,0,1,1,0,77,1,5,1,0,0
200500000575,5,1,15,1045,1,1,1,1,1,93,4319000,77400,640,3,2,2,0,0,3,0,44,2,0,1,0,0
200500000576,5,1,14,1730,1,1,1,1,6,105,4336600,108500,640,3,2,2,0,1,1,0,66,1,0,1,0,0