Num_Acc,an,mois,jour,hrmn,lum,agg,int,atm,col,com,lat,long,dep,catr,circ,nbv,vosp,prof,plan,lartpc,larrout,surf,infra,situ,env1,killed
200500000577,5,1,4,1230,1,2,1,7,6,422,4319600,60600,640,4,2,0,0,1,1,0,107,1,6,1,0,0
200500000578,5,1,11,1545,1,2,1,1,6,422,4319600,61000,640,4,2,2,0,1,1,0,97,1,6,1,0,0
200500000579,5,1,12,1730,5,2,1,1,1,422,4316600,59900,640,2,2,0,3,1,1,0,90,1,5,1,0,0
200500000580,5,1,2,1230,1,1,1,2,3,104,4304000,60600,640,2,2,0,0,2,4,0,86,2,2,1,0,0
200500000583,5,1,18,1830,3,2,1,1,6,430,4350500,77300,640,3,2,2,0,1,1,0,69,2,0,3,0,0
200500000593,5,1,23,2300,3,1,1,1,5,286,4687500,14600,860,2,2,2,0,1,1,0,69,1,0,1,0,0
200500000596,5,1,19,730,2,1,1,1,6,126,4653200,72900,860,3,2,2,0,2,1,0,70,0,0,3,0,0
200500000602,5,1,13,1515,1,2,1,1,6,97,4574800,35700,160,3,2,2,0,1,3,0,56,1,0,1,0,0
200500000603,5,1,15,1545,3,1,1,1,7,28,4547100,12300,160,3,2,0,0,0,0,0,0,1,0,0,0,0
200500000605,5,1,26,1115,1,2,1,1,3,150,4565200,26000,160,4,2,2,0,1,1,0,57,1,0,1,0,0
200500000607,5,1,28,1000,1,1,9,4,2,106,4603400,64500,160,3,2,2,0,1,1,0,70,5,0,1,0,0
200500000608,5,1,8,2000,5,2,1,2,6,192,4590000,57400,160,3,2,2,0,0,1,0,54,2,0,1,0,1
200500000609,5,1,6,1445,1,2,9,1,6,292,4603300,20200,160,3,2,2,0,1,0,0,0,1,5,1,3,0
200500000610,5,1,6,1015,1,1,1,1,6,320,4576500,200,160,3,2,0,0,1,1,0,66,1,0,3,0,0
200500000611,5,1,6,1300,1,2,1,8,3,61,4572300,30400,160,3,2,2,0,0,1,0,63,2,0,1,0,0
200500000613,5,1,2,1315,1,2,2,1,1,286,4578000,6000,160,3,2,0,0,1,1,0,0,1,5,1,0,0
200500000614,5,1,13,700,3,1,9,5,3,136,4611000,98300,170,3,3,2,0,2,2,0,0,2,2,1,0,0
200500000615,5,1,29,1545,1,1,2,1,3,194,4613700,99900,170,3,2,0,0,0,1,0,60,1,5,1,0,0
200500000616,5,1,14,1815,5,2,9,1,3,197,4545600,43900,170,3,2,2,0,1,1,0,113,1,5,1,0,0
200500000617,5,1,29,915,1,2,3,1,3,240,4529200,40800,170,3,2,2,0,2,1,0,73,1,0,1,0,0
200500000619,5,1,15,1900,4,2,1,1,6,309,4516100,500,170,3,2,2,0,1,3,0,60,1,0,1,0,0
200500000620,5,1,16,500,5,1,1,1,6,219,4583300,109700,170,3,3,2,3,1,1,52,164,1,5,1,0,1
200500000621,5,1,6,215,5,2,1,2,6,429,4592900,100700,170,3,2,2,0,1,3,0,74,2,0,3,0,0
200500000622,5,1,22,1830,2,1,1,2,6,429,4592900,100900,170,3,2,0,0,1,1,0,50,2,0,3,0,0
200500000623,5,1,8,915,1,2,1,8,1,486,4601900,135200,170,4,2,2,0,1,1,56,0,2,0,1,0,0
200500000624,5,1,12,1230,1,1,2,8,3,93,4586900,119900,170,2,3,1,0,0,1,35,80,2,5,1,0,0
200500000625,5,1,13,1615,3,1,1,2,6,337,4596100,137700,170,4,2,0,0,1,3,0,0,2,0,1,0,0
200500000627,5,1,17,1230,1,1,2,5,3,216,4594000,82000,170,3,2,0,0,1,1,0,45,2,0,1,0,0
200500000631,5,1,15,1500,1,1,1,1,6,102,4569900,66700,170,3,2,2,0,1,1,0,58,1,0,3,0,0
200500000632,5,1,17,815,1,1,1,5,1,45,4588200,82100,170,3,2,2,0,1,2,0,55,2,0,1,0,0
200500000634,5,1,29,1945,2,1,1,1,6,425,4562000,91800,170,3,2,2,0,1,2,0,69,1,0,1,0,0
200500000640,5,1,9,1700,1,1,1,1,1,104,4649300,42400,790,3,2,2,0,1,1,0,63,1,0,1,0,1
200500000645,5,1,31,1030,1,2,1,1,1,62,4681900,66400,790,3,2,2,0,1,1,0,62,1,0,1,0,0
200500000647,5,1,22,1830,3,1,2,2,5,299,4689400,19700,790,3,2,0,0,1,1,25,140,2,5,1,0,0
200500000650,5,1,16,1515,1,1,1,1,6,148,4627600,3800,790,4,2,2,0,1,3,0,46,1,0,1,0,1
200500000655,5,1,13,1400,1,1,1,1,7,74,4634900,136500,870,3,2,2,0,1,3,0,70,2,0,3,0,0
200500000656,5,1,23,2330,5,2,1,1,7,74,4635400,139100,870,3,2,2,0,1,2,0,55,1,0,3,0,0
200500000657,5,1,24,2130,3,1,1,4,3,180,4619600,125500,870,2,2,2,0,1,3,0,74,7,0,1,0,0
200500000658,5,1,31,1000,1,1,1,5,1,111,4571300,88700,870,3,2,2,0,2,1,0,60,2,0,1,0,0
200500000659,5,1,6,1845,3,1,1,1,6,203,4520000,177400,190,3,2,2,0,3,3,0,78,1,0,1,0,0
200500000660,5,1,11,2015,3,1,1,1,5,207,4525700,163300,190,3,2,2,0,0,3,0,75,1,0,1,0,0
200500000661,5,1,29,1630,1,2,1,1,6,84,4516200,186900,190,2,2,2,0,1,1,0,74,1,0,3,0,0
200500000662,5,1,14,1600,1,2,1,7,7,125,4527700,203200,190,3,2,0,0,2,3,0,60,1,0,1,3,0
200500000664,5,1,10,1700,1,1,1,7,3,196,4529100,139200,190,3,2,2,0,1,1,0,66,1,0,1,0,0
200500000665,5,1,13,1200,1,2,1,1,3,153,4527000,140100,190,3,2,0,0,0,0,0,74,0,0,0,0,0
200500000666,5,1,24,1845,5,2,1,1,6,153,4526200,140500,190,3,2,2,0,2,1,0,52,1,0,0,0,0
200500000667,5,1,10,800,1,1,1,1,6,180,4550400,229600,190,3,2,2,0,1,1,0,0,1,0,3,0,0
200500000668,5,1,15,1745,1,1,2,1,3,141,4565800,246700,190,2,0,2,0,3,1,0,75,1,5,1,0,1
200500000669,5,1,4,945,1,1,1,1,1,33,4559400,192000,190,3,2,2,0,1,1,0,62,1,0,1,0,0
200500000670,5,1,8,930,1,1,1,9,6,136,4552200,217100,190,3,2,2,0,0,0,0,71,7,0,1,0,0
200500000671,5,1,31,1030,1,1,1,5,1,93,4620600,223900,230,3,2,2,0,0,1,0,0,2,0,1,0,1
200500000672,5,1,6,2315,3,1,1,1,2,247,4620100,178500,230,2,0,2,0,2,2,0,73,1,0,1,0,1
200500000673,5,1,4,1030,1,2,1,1,6,69,4587200,236900,230,3,2,2,0,2,2,0,56,1,0,1,0,0
200500000674,5,1,18,1830,3,1,1,4,6,220,4600800,216200,230,3,2,2,0,2,1,0,74,7,0,1,0,0
200500000675,5,1,31,1945,4,2,1,5,6,220,4602900,213800,230,3,2,1,0,2,3,0,73,2,0,3,3,0
200500000676,5,1,18,945,1,1,1,2,1,181,4594000,165200,230,2,2,2,0,0,3,0,84,2,0,1,0,0
200500000677,5,1,9,1645,1,1,1,1,6,355,4362700,157300,310,3,2,0,0,1,2,0,50,1,0,3,0,0
200500000678,5,1,10,1500,1,1,1,1,3,163,4359800,158800,310,2,2,2,0,2,2,0,90,1,0,1,0,0
200500000679,5,1,19,1400,1,2,1,2,1,113,4352300,149900,310,3,2,1,1,1,1,0,80,2,5,1,0,0
200500000680,5,1,28,1145,1,1,1,4,6,25,4347600,144900,310,3,2,1,0,1,1,0,62,1,0,3,0,0
200500000681,5,1,11,830,1,1,1,5,1,118,4379400,134400,310,2,2,3,0,1,2,0,103,2,0,1,0,0
200500000682,5,1,8,1715,1,2,1,1,6,424,4357500,130400,310,9,2,2,0,1,3,0,60,1,0,1,0,0
200500000683,5,1,10,2115,4,2,1,8,1,433,4354200,137100,310,3,2,2,3,1,1,57,39,1,0,1,0,1
200500000684,5,1,26,1345,1,2,2,9,3,433,4353000,140400,310,3,3,0,1,1,1,20,160,1,5,1,0,0
200500000689,5,1,17,1015,1,2,1,1,6,91,4371400,140000,310,3,2,2,0,1,1,0,70,1,0,3,0,1
200500000692,5,1,19,1045,1,1,1,1,2,395,4346800,129200,310,3,2,0,0,1,1,0,60,1,0,1,0,0
200500000694,5,1,1,500,5,2,1,1,6,128,4330000,146000,310,3,2,2,0,2,3,0,60,1,0,1,0,0
200500000700,5,1,23,1730,1,2,9,2,6,246,4310800,83300,310,3,2,2,0,1,2,0,60,2,0,0,0,0
200500000701,5,1,1,2245,5,2,3,8,6,239,4338600,83500,310,3,2,2,0,1,1,0,90,1,5,3,0,0
200500000702,5,1,9,300,3,1,1,1,7,28,4321500,87400,310,3,2,2,0,1,1,0,55,1,0,3,0,0
200500000703,5,1,2,930,1,1,1,2,6,237,4307000,96000,310,3,2,2,0,0,2,0,70,2,0,3,0,1
200500000704,5,1,22,315,3,1,1,1,7,112,4306000,97000,310,3,2,2,0,1,1,0,60,1,0,3,0,0
200500000705,5,1,7,1915,3,1,1,1,6,450,4338300,171000,310,3,2,0,0,1,1,0,55,1,0,3,0,0
200500000706,5,1,25,1645,1,1,1,8,3,374,4338800,162500,310,3,2,0,0,3,2,0,58,1,2,1,0,0
200500000707,5,1,11,700,3,1,1,5,6,558,4347500,174800,310,3,2,2,0,1,1,0,70,2,5,1,0,0
200500000708,5,1,17,830,1,1,1,1,6,272,4291000,164000,90,3,2,2,0,0,2,70,84,1,0,1,0,0
200500000710,5,1,12,1445,1,2,1,1,4,160,4292900,183800,90,3,2,2,0,2,1,0,90,1,0,1,0,0
200500000711,5,1,12,2115,5,2,1,1,6,306,4285000,160000,90,3,1,1,0,1,0,20,60,1,0,1,0,0
200500000713,5,1,2,1200,1,1,1,1,6,260,4311000,191000,90,3,2,2,0,2,1,0,65,2,0,3,0,0
200500000714,5,1,16,815,1,1,1,9,7,102,4307000,181000,90,3,2,2,0,1,1,0,55,7,0,1,0,0
200500000715,5,1,29,1045,1,1,1,1,1,316,4300000,188000,90,3,2,2,0,3,1,0,70,5,0,1,0,0
200500000716,5,1,14,1345,1,2,1,1,1,261,4298700,114200,90,3,2,2,0,1,1,0,79,1,5,1,0,0
200500000720,5,1,23,1015,1,1,1,3,3,32,4430900,239500,120,3,2,0,0,1,2,0,78,2,0,1,0,0
200500000721,5,1,20,415,3,1,1,2,1,157,4439000,270000,120,2,2,2,0,1,2,0,74,2,0,3,0,0
200500000722,5,1,15,1630,1,2,1,1,3,169,4420000,233000,120,4,0,0,0,1,1,0,85,1,0,1,0,0
200500000723,5,1,21,1630,1,1,1,2,5,288,4445900,242400,120,2,2,2,0,4,2,0,75,2,0,1,0,0
200500000726,5,1,1,2000,5,2,1,1,1,224,4446500,297100,120,3,2,2,1,1,1,0,76,1,0,1,0,0
200500000727,5,1,7,1530,1,2,1,7,3,115,4397500,319900,120,3,2,0,0,2,1,0,78,1,5,1,0,0
200500000728,5,1,9,715,3,1,1,5,7,225,4407800,299100,120,3,2,2,0,4,1,0,76,1,0,3,0,0
200500000731,5,1,4,1845,5,2,1,1,3,300,4434700,203700,120,3,2,0,0,0,1,0,0,1,0,1,0,0
200500000732,5,1,25,1630,1,1,1,1,6,300,4432200,202900,120,3,2,2,0,3,1,0,67,1,0,3,0,0
200500000733,5,1,28,1930,3,1,1,4,1,301,4441900,204100,120,3,2,2,0,1,1,0,69,5,0,1,0,0
200500000735,5,1,19,830,5,2,1,1,7,160,4361800,107300,320,3,0,2,0,0,1,0,0,1,0,1,0,1
200500000737,5,1,3,1245,1,1,1,1,7,382,4374000,37400,320,2,2,2,0,1,3,0,70,1,0,1,0,0
200500000742,5,1,13,1400,1,1,1,1,6,242,4346000,57900,320,3,2,2,0,1,1,0,65,1,0,3,0,0
200500000743,5,1,17,1345,1,1,1,1,6,167,4348600,29400,320,3,2,2,0,1,2,0,50,1,0,3,0,0
200500000744,5,1,9,1100,1,1,1,1,3,244,4367800,8400,320,3,2,0,0,0,1,0,70,1,0,1,0,0
200500000746,5,1,12,2300,1,1,1,1,5,100,4457200,202900,460,3,2,2,0,0,1,0,60,1,0,1,0,0
200500000749,5,1,19,1730,1,1,1,8,6,284,4488400,186800,460,3,2,2,0,2,1,0,74,1,0,1,0,1
200500000754,5,1,12,745,5,1,1,1,1,340,4328900,11300,650,2,2,2,0,1,1,77,0,1,0,1,0,1
200500000755,5,1,18,1700,1,2,1,8,5,256,4317200,26700,650,2,2,0,0,1,1,0,74,2,0,1,0,0
200500000759,5,1,12,1345,2,1,1,1,7,119,4378800,214700,810,3,2,2,0,1,1,0,70,1,0,3,0,0
200500000761,5,1,25,1200,1,2,1,9,1,222,4377800,218900,810,9,2,2,0,1,3,0,65,7,0,1,0,0
200500000762,5,1,28,630,3,1,1,1,5,222,4380500,218400,810,2,2,3,0,2,2,0,35,1,0,1,0,0
200500000763,5,1,6,1115,3,2,1,2,6,132,4364700,205100,810,3,2,2,0,1,1,0,60,2,0,1,0,0
200500000765,5,1,2,1800,3,1,1,2,6,323,4367000,192700,810,3,2,0,0,1,3,0,68,2,0,1,0,1
200500000766,5,1,7,1015,1,1,1,5,7,252,4368200,222300,810,2,2,0,0,2,1,0,70,2,0,3,0,0
200500000767,5,1,14,615,2,1,1,1,6,99,4389100,187000,810,3,2,0,0,2,1,71,0,1,0,3,0,1
200500000769,5,1,4,1715,1,1,1,7,3,145,4385500,180200,810,3,2,2,0,0,3,0,71,1,5,1,0,0
200500000770,5,1,8,200,3,1,1,5,6,220,4381300,170400,810,3,2,2,0,3,2,0,67,2,0,3,0,0
200500000771,5,1,8,1800,3,1,1,1,1,208,4383900,186700,810,3,2,0,0,0,1,0,61,2,0,1,0,0
200500000772,5,1,4,1800,3,1,1,1,1,237,4346900,209100,810,3,2,2,0,2,1,0,62,1,0,3,0,1
200500000773,5,1,11,1030,1,2,1,7,6,219,4357800,201000,810,3,2,2,0,2,1,0,113,1,0,1,0,0
200500000774,5,1,1,345,3,1,1,2,6,5,4380100,119400,820,3,2,2,0,1,2,40,0,2,0,3,0,0
200500000776,5,1,11,1130,1,2,1,1,6,37,4416600,153900,820,3,2,0,0,1,1,0,70,1,0,1,0,0
200500000778,5,1,22,800,2,1,1,2,7,38,4424200,178300,820,3,2,2,0,1,3,0,55,2,0,0,0,0
200500000779,5,1,27,1745,2,1,1,1,6,53,4385900,101600,820,3,2,2,0,2,1,50,50,1,0,3,0,1
200500000780,5,1,27,1630,1,2,1,1,6,79,4392200,136800,820,3,2,0,0,1,1,0,0,1,0,1,0,0
200500000781,5,1,9,1130,1,1,1,1,6,94,4428100,114800,820,3,2,2,0,1,1,0,60,1,0,3,0,0
200500000782,5,1,11,1830,2,1,1,8,6,151,4433700,96600,820,3,2,2,0,0,2,0,60,1,0,3,0,1
200500000783,5,1,5,1545,1,1,1,1,1,127,4417300,108900,820,3,2,2,0,2,1,67,0,1,0,1,0,0
200500000784,5,1,19,1545,1,1,1,2,6,112,4412600,114700,820,3,2,2,0,2,3,62,0,2,0,1,0,0
200500000785,5,1,7,2100,3,1,9,5,7,43,4386800,109600,820,3,2,0,0,4,4,0,87,2,0,1,0,1
200500000788,5,1,14,1500,5,2,1,1,6,277,4573600,500100,690,3,2,2,0,3,1,0,80,1,0,1,0,1
200500000789,5,1,14,1900,5,1,1,1,6,271,4572700,498500,690,3,3,0,0,1,1,0,0,1,5,1,0,0
200500000790,5,1,23,1345,1,1,1,4,3,277,4574800,500800,690,4,2,2,0,0,2,0,50,2,0,1,0,0
200500000791,5,1,31,1330,1,1,1,1,6,279,4579000,502800,690,3,2,1,0,1,1,0,60,1,0,3,0,0
200500000797,5,1,19,1100,1,1,1,9,6,255,4571900,461400,690,3,2,2,0,0,4,0,62,2,0,3,0,0
200500000800,5,1,6,1615,1,1,2,9,1,74,4601200,465000,690,3,2,2,0,2,3,0,0,2,5,1,0,0
200500000805,5,1,8,1515,1,2,1,8,7,18,4615600,459100,690,4,2,2,0,2,1,0,0,1,0,4,0,0
200500000806,5,1,3,930,1,1,1,9,7,206,4608000,475000,690,3,2,2,0,0,1,0,60,7,0,3,0,0
200500000807,5,1,19,1315,1,1,1,1,6,242,4611700,476100,690,3,2,2,0,2,3,0,65,1,2,3,0,0
200500000808,5,1,21,1630,1,2,1,8,3,19,4611400,474700,690,4,0,0,0,1,1,0,50,2,0,1,0,0
200500000810,5,1,22,2115,3,1,1,1,6,206,4604300,471800,690,2,2,0,0,1,2,0,110,2,0,3,0,0
200500000811,5,1,8,1530,1,1,1,1,5,50,4587400,465600,690,3,2,0,0,1,2,0,0,1,0,5,0,0
200500000812,5,1,11,900,1,2,1,7,2,214,4600500,433000,690,3,2,0,0,1,1,0,0,1,0,1,0,0
200500000813,5,1,19,1215,1,2,1,2,1,6,4598600,433600,690,3,2,2,0,2,2,62,0,2,0,1,0,0
200500000815,5,1,9,1900,3,1,1,1,1,284,4640200,491900,10,3,2,2,0,4,1,0,60,1,0,1,0,0
200500000816,5,1,19,1315,1,2,1,1,1,304,4614400,531700,10,3,2,2,0,1,1,0,65,1,0,1,0,0
200500000822,5,1,17,700,2,2,3,5,3,118,4597500,581100,10,3,2,0,0,0,1,0,60,2,0,1,0,0
200500000824,5,1,24,1630,1,2,1,1,3,138,4586800,580100,10,3,2,0,0,1,4,0,68,1,0,1,0,0
200500000826,5,1,9,945,1,2,1,9,1,265,4617600,557200,10,3,2,0,0,0,1,0,70,2,0,3,0,0
200500000829,5,1,17,1700,2,1,3,5,1,71,4631200,606700,10,2,2,2,0,1,1,0,0,2,0,1,0,0
200500000832,5,1,28,1715,2,2,1,1,2,194,4598800,475300,10,3,2,0,0,1,1,0,0,2,0,1,0,0
200500000833,5,1,21,2330,5,1,1,2,3,272,4616800,501000,10,3,2,2,0,1,1,0,65,2,0,1,0,0
200500000835,5,1,21,2245,3,1,1,3,7,246,4624500,506800,10,3,2,2,0,1,2,0,51,2,0,3,0,0
200500000836,5,1,10,1100,1,1,2,1,3,45,4593100,504200,10,3,2,2,0,1,1,30,60,1,5,0,0,0
200500000837,5,1,22,700,3,2,1,3,6,5,4600300,490300,10,3,2,2,0,1,1,0,65,2,0,3,0,1
200500000839,5,1,30,1830,2,2,1,1,1,420,4610000,476000,10,3,2,1,0,1,0,0,0,1,0,1,0,0
200500000840,5,1,9,1545,1,2,1,1,1,339,4465500,444000,70,4,0,0,0,1,0,0,0,1,0,1,0,0
200500000841,5,1,1,600,3,1,1,1,7,268,4431600,455800,70,3,2,2,0,1,4,0,70,1,0,1,0,0
200500000842,5,1,20,1030,1,1,1,5,6,346,4451200,468200,70,2,2,0,0,1,2,42,0,2,0,3,0,0
200500000844,5,1,8,1530,1,1,1,1,6,198,4479000,468900,70,3,0,0,0,0,0,0,0,0,0,0,0,0
200500000846,5,1,5,800,4,1,1,1,3,323,4491000,482000,70,3,2,2,0,2,1,0,60,2,0,1,0,1
200500000847,5,1,6,1615,1,1,1,1,6,225,4526000,470000,70,2,2,2,0,0,1,0,71,1,0,3,0,0
200500000849,5,1,16,1700,3,1,2,1,3,64,4491700,502800,260,3,2,2,0,1,1,0,72,1,0,3,0,0
200500000850,5,1,30,615,3,1,1,1,2,64,4491600,496800,260,3,2,2,0,1,1,0,80,1,0,1,0,0
200500000853,5,1,29,1930,3,1,1,1,5,166,4475900,479100,260,3,0,2,3,0,0,0,130,1,7,1,0,0
200500000857,5,1,13,730,1,1,1,1,5,367,4440500,506400,260,3,2,2,0,2,1,0,54,1,0,1,0,0
200500000858,5,1,14,1630,1,2,1,1,6,220,4436500,514000,260,4,2,0,0,1,1,0,42,1,0,1,0,0
200500000861,5,1,7,745,2,1,1,1,1,250,4501900,488600,260,3,2,2,0,0,1,0,70,0,0,1,0,0
200500000862,5,1,17,530,3,1,1,5,5,271,4503000,486900,260,2,2,2,0,4,1,0,73,2,5,1,0,0
200500000863,5,1,10,1415,1,2,1,7,6,317,4512800,569900,380,2,4,2,0,1,1,0,110,1,5,1,0,0
200500000864,5,1,10,2045,5,2,1,1,3,6,4540100,607700,380,3,2,2,0,1,1,0,61,1,0,1,0,0
200500000865,5,1,14,2000,3,2,1,1,3,62,4540400,597700,380,2,2,2,0,1,1,0,70,1,0,1,0,0
200500000869,5,1,3,645,5,1,1,1,6,303,4529900,594600,380,3,2,2,0,1,1,0,90,1,0,1,0,0
200500000871,5,1,7,2230,3,1,1,1,6,181,4534900,597600,380,3,2,2,0,2,3,0,67,1,2,1,0,1
200500000872,5,1,14,745,1,1,1,1,6,140,4527200,590000,380,4,2,0,0,1,3,0,30,7,0,3,0,0
200500000875,5,1,24,730,2,2,1,1,6,548,4507700,555300,380,3,2,0,0,1,0,0,58,2,0,1,0,0
200500000879,5,1,3,1630,1,2,1,1,1,59,4513500,577700,380,3,2,2,0,4,3,0,70,1,0,3,0,0
200500000881,5,1,14,1800,5,2,1,9,6,562,4508000,577100,380,9,2,2,0,1,1,0,50,7,0,1,0,0
200500000883,5,1,10,1230,1,2,1,1,3,416,4515800,531600,380,4,2,0,0,0,1,60,0,1,0,1,0,0
200500000884,5,1,7,1100,1,2,1,2,1,400,4534900,557400,380,4,2,2,0,2,1,0,75,1,5,1,0,0
200500000885,5,1,22,1600,1,1,1,2,1,332,4534600,548900,380,3,2,2,0,2,2,0,0,2,0,1,0,0
200500000887,5,1,6,1815,3,1,1,9,6,82,4542500,551700,380,3,3,2,0,0,3,0,62,7,0,3,0,0
200500000888,5,1,18,1530,1,1,1,4,6,65,4543700,543100,380,3,2,0,0,1,3,0,64,7,0,3,0,0
200500000889,5,1,20,1500,1,2,1,2,3,296,4553800,551100,380,4,2,0,0,1,0,0,48,2,0,1,0,0
200500000890,5,1,25,1700,1,2,1,1,4,82,4543400,551300,380,3,2,2,0,1,1,0,50,1,0,1,0,0
200500000891,5,1,28,1930,3,1,1,1,6,63,4542600,542600,380,3,2,2,0,2,3,0,66,1,0,1,0,0
200500000892,5,1,4,1000,1,1,1,2,6,135,4577000,540300,380,2,2,2,0,1,2,0,70,2,0,1,0,0
200500000893,5,1,6,1100,1,1,1,8,1,135,4575400,540400,380,2,2,0,0,1,1,0,70,2,0,1,0,0
200500000894,5,1,8,1130,1,2,7,1,3,247,4582000,540200,380,4,2,2,0,1,1,0,61,0,0,1,3,0
200500000895,5,1,28,1300,1,1,1,1,6,247,4582200,535500,380,3,2,0,0,0,3,0,50,1,0,1,0,0
200500000896,5,1,31,915,1,1,1,1,7,135,4572400,541700,380,2,2,2,0,1,1,0,70,1,0,1,0,0
200500000897,5,1,8,845,1,1,1,9,6,297,4569600,542400,380,3,2,0,0,1,1,0,0,7,0,1,0,0
200500000898,5,1,8,830,1,1,1,9,7,261,4566700,541200,380,3,2,1,0,2,0,0,0,7,0,3,0,0
200500000902,5,1,9,515,3,1,1,9,6,324,4540700,502200,380,3,2,0,0,2,3,0,60,0,0,3,0,1
200500000904,5,1,24,900,1,1,1,4,1,25,4539600,522400,380,3,2,0,0,1,1,0,0,0,0,1,0,0
200500000905,5,1,8,1530,1,2,2,1,1,408,4558800,500000,380,3,2,0,0,1,0,60,0,1,0,0,0,0
200500000906,5,1,11,1100,1,1,1,1,1,519,4559800,506200,380,3,2,0,0,1,1,0,70,1,0,1,0,0
200500000908,5,1,5,1200,1,2,1,1,6,316,4576200,517900,380,3,2,2,0,1,1,0,65,1,0,1,0,0
200500000910,5,1,6,1345,1,2,1,1,6,344,4537500,480700,380,4,2,2,0,1,1,0,0,1,0,0,3,0
200500000915,5,1,15,215,3,1,1,1,6,224,4537000,443100,420,3,2,2,0,2,3,0,52,1,0,3,0,0
200500000916,5,1,4,730,3,1,1,1,3,97,4549200,430800,420,3,2,2,0,2,1,0,71,1,0,1,0,0
200500000917,5,1,20,1730,1,1,1,8,1,234,4551900,437700,420,3,2,2,0,2,2,0,66,2,0,1,0,0
200500000918,5,1,18,1730,1,1,1,4,3,159,4581300,378200,420,2,2,2,0,1,2,0,76,5,5,1,0,0
200500000919,5,1,15,1815,5,2,1,1,1,94,4575600,422100,420,9,2,2,0,1,1,35,70,1,5,1,3,0
200500000922,5,1,9,1515,1,1,1,1,1,322,4543300,454000,420,3,2,0,0,2,4,0,38,2,0,1,0,0
200500000923,5,1,30,1115,1,2,2,1,3,168,4542300,468300,420,3,2,2,0,1,1,0,0,1,5,1,3,0
200500000925,5,1,24,1130,1,1,1,4,7,118,4595800,423100,420,3,2,2,0,2,2,0,60,5,0,1,0,0
200500000926,5,1,12,1415,1,2,1,2,6,52,4616400,417500,420,4,1,1,0,1,1,0,50,2,0,1,0,0
200500000928,5,1,8,1330,1,1,1,1,1,3,4610900,387000,420,3,2,0,0,2,2,0,44,0,0,1,0,0
200500000929,5,1,15,200,3,1,6,5,7,257,4620800,381600,420,2,2,2,0,1,3,0,80,2,5,1,0,0
200500000931,5,1,26,1430,1,1,1,1,1,265,4575900,600300,730,3,2,2,0,2,2,0,72,1,0,1,0,1
200500000932,5,1,7,2000,3,1,1,1,1,213,4555500,595400,730,3,2,2,0,1,1,0,68,1,0,1,0,0
200500000935,5,1,7,1600,1,1,1,9,6,149,4576700,580300,730,3,2,2,0,4,2,0,55,7,0,1,0,0
200500000938,5,1,26,1045,1,2,1,1,2,303,4575400,641100,730,3,2,0,0,1,1,0,130,1,0,1,0,0
200500000942,5,1,19,815,1,1,1,4,1,261,4521500,648300,730,2,2,0,0,1,1,0,95,5,0,1,0,0
200500000943,5,1,20,1015,1,1,1,4,1,56,4523000,677100,730,2,2,0,0,1,4,0,80,5,0,1,0,0
200500000945,5,1,25,1715,1,1,1,1,6,254,4583500,602200,740,3,2,2,0,0,3,0,0,1,0,1,0,0
200500000947,5,1,6,2230,3,1,1,1,6,212,4597700,638800,740,3,2,0,0,2,2,0,0,7,0,3,0,1
200500000948,5,1,15,1845,3,1,1,2,6,110,4596200,638700,740,3,2,2,0,1,2,0,57,2,0,1,0,0
200500000951,5,1,4,1730,2,1,1,1,6,83,4590700,663800,740,4,2,2,0,2,1,0,40,1,0,1,0,0
200500000954,5,1,26,1715,1,1,1,1,1,83,4590500,665000,740,2,2,3,0,2,1,0,230,1,0,1,0,0
200500000955,5,1,18,1045,1,1,1,8,1,116,4604800,625400,740,2,2,2,0,2,3,0,70,2,0,1,0,0
200500000959,5,1,12,2215,3,1,1,2,1,243,4613000,606000,740,2,2,2,0,1,3,0,80,2,0,1,0,0
200500000960,5,1,13,800,2,1,9,5,3,243,4613000,608000,740,2,4,3,3,2,1,0,131,2,3,1,0,0
200500000965,5,1,26,1045,1,1,1,4,3,309,4611800,601200,740,2,2,2,0,1,1,0,100,5,0,1,0,0
200500000966,5,1,11,1200,1,1,1,1,2,109,4609900,583300,740,2,2,2,0,1,1,0,78,1,0,1,0,0
200500000968,5,1,27,2000,5,2,1,1,1,75,4600000,593700,740,3,2,2,0,4,1,0,48,1,0,1,0,0
200500000969,5,1,5,45,3,1,1,1,6,48,4627700,639600,740,3,0,2,0,1,1,0,60,1,0,1,0,0
200500000970,5,1,24,1900,5,1,1,9,7,263,4633100,635900,740,2,2,2,0,1,1,0,76,2,0,1,0,0
200500000971,5,1,4,1300,1,1,1,7,1,1,4629500,675600,740,3,2,2,0,1,2,0,62,1,0,1,0,0
200500000972,5,1,6,615,3,1,1,4,6,146,4638100,657100,740,4,1,1,0,2,2,0,47,7,0,3,0,0
200500000973,5,1,3,1245,1,1,1,1,1,453,4578800,330600,630,3,2,0,0,1,3,0,62,1,0,1,0,1
200500000974,5,1,14,1945,3,1,1,1,4,40,4572400,330800,630,3,2,2,0,1,1,0,70,1,0,1,0,0
200500000975,5,1,15,1430,1,1,1,1,1,40,4573900,333700,630,3,2,2,0,4,1,0,69,1,0,1,0,0
200500000978,5,1,26,730,1,1,1,4,5,453,4578200,329200,630,2,2,2,0,2,1,0,70,5,0,1,0,0