Num_Acc,an,mois,jour,hrmn,lum,agg,int,atm,col,com,lat,long,dep,catr,circ,nbv,vosp,prof,plan,lartpc,larrout,surf,infra,situ,env1,killed
200500000979,5,1,26,2000,5,2,1,1,6,106,4575600,328100,630,3,2,2,0,1,1,0,55,1,0,1,0,0
200500000981,5,1,14,715,2,2,1,9,6,214,4569500,320000,630,4,2,0,0,1,1,0,72,7,0,4,3,1
200500000982,5,1,1,1130,1,1,1,1,6,79,4545400,344400,630,3,0,0,0,1,2,0,35,2,0,3,0,1
200500000983,5,1,9,1115,1,1,1,1,7,423,4559800,339500,630,3,2,0,0,1,1,60,50,1,0,1,0,0
200500000985,5,1,15,1100,1,2,9,1,1,22,4544900,331400,630,3,2,0,0,1,1,0,90,1,0,1,0,0
200500000988,5,1,1,1800,5,2,1,1,6,332,4600000,329000,630,3,3,2,0,1,1,5,67,1,0,3,0,1
200500000989,5,1,11,1500,1,1,1,1,2,240,4604100,321100,630,2,2,0,0,1,1,0,83,1,0,1,0,0
200500000991,5,1,25,1615,1,1,1,4,3,428,4610800,282500,630,3,2,0,0,2,1,0,0,5,0,1,0,0
200500000993,5,1,12,1915,5,2,1,2,6,430,4584800,352000,630,2,3,0,0,1,1,0,60,0,0,1,0,1
200500000995,5,1,10,945,1,2,1,1,6,125,4576100,353600,630,9,2,2,0,1,1,0,57,1,0,1,0,0
200500000996,5,1,12,1600,1,1,1,8,7,418,4578100,349600,630,3,2,2,0,2,3,0,63,8,0,3,0,0
200500000997,5,1,22,1845,3,1,1,2,3,291,4599200,348800,630,3,2,0,0,1,4,0,0,2,0,1,0,0
200500000998,5,1,26,800,1,1,1,4,3,210,4588500,331500,630,3,2,1,0,1,1,0,65,5,0,1,0,0
200500001001,5,1,7,1200,1,2,1,1,3,254,4631300,329200,30,2,2,0,0,1,0,0,0,1,0,1,0,0
200500001002,5,1,10,1245,1,1,1,1,1,62,4619300,318600,30,3,2,0,0,1,1,0,62,1,0,1,0,0
200500001005,5,1,22,1845,5,2,1,1,6,82,4629300,275200,30,3,2,0,0,0,1,0,79,0,0,1,0,1
200500001006,5,1,26,1345,1,1,1,6,7,82,4634100,268000,30,2,2,2,0,2,1,0,77,1,0,0,0,0
200500001007,5,1,25,930,1,1,1,1,6,43,4619000,325800,30,2,2,2,0,1,1,0,78,1,0,3,0,0
200500001008,5,1,23,215,3,1,1,2,6,34,4632500,352100,30,3,2,2,0,1,1,0,62,2,2,3,0,1
200500001009,5,1,22,900,1,1,1,8,7,90,4478000,245000,150,3,2,2,0,1,1,0,78,2,0,3,0,0
200500001010,5,1,18,1630,1,1,1,4,7,41,4510500,289500,150,3,2,0,0,2,1,0,65,5,0,3,0,0
200500001011,5,1,6,1745,1,2,9,8,6,234,4496700,354400,430,4,2,2,0,4,2,0,0,2,0,4,0,0
200500001012,5,1,15,1000,1,1,1,1,6,221,4499900,368100,430,3,2,0,0,4,3,0,62,1,0,1,0,0
200500001013,5,1,9,1530,1,1,1,1,6,196,4537200,378800,430,3,2,2,0,2,2,0,63,2,0,1,0,1
200500001016,5,1,12,1030,1,2,1,1,6,110,4531500,342100,430,3,2,2,0,1,1,0,0,1,0,3,0,0
200500001018,5,1,13,1200,1,2,1,1,1,38,4534000,333600,430,3,2,1,0,1,1,0,33,1,0,1,0,0
200500001019,5,1,8,1230,1,2,3,7,3,162,4520500,403800,430,3,2,2,0,1,1,0,81,2,5,1,0,0
200500001020,5,1,17,1730,1,2,1,1,6,268,4514700,411800,430,4,2,2,0,2,2,63,60,0,0,3,0,0
200500001023,5,1,7,730,2,1,1,1,2,177,4537100,426500,430,2,3,2,0,2,1,10,90,1,0,1,0,0
200500001024,5,1,14,845,1,1,1,1,3,213,4526300,428100,430,3,2,2,0,3,1,0,70,1,0,1,0,0
200500001025,5,1,14,1645,1,1,1,1,3,177,4532100,429700,430,3,2,2,0,2,1,0,90,1,0,1,0,0
200500001030,5,1,29,1745,2,1,1,9,5,634,4916300,610800,570,3,2,2,0,2,3,0,0,7,0,1,0,0
200500001035,5,1,19,1815,1,2,1,7,1,288,4918200,664800,570,3,4,2,0,1,2,0,61,1,0,1,0,0
200500001036,5,1,21,1745,5,2,1,1,6,160,4921300,669600,570,9,1,2,0,0,1,0,60,1,0,1,0,0
200500001038,5,1,16,1515,1,1,1,1,6,762,4912200,657200,570,2,2,2,0,0,1,0,108,7,0,3,0,1
200500001039,5,1,26,1930,3,1,1,1,5,413,4911700,662000,570,2,2,2,0,2,1,0,74,7,0,1,0,0
200500001040,5,1,2,1800,3,1,1,1,6,486,4894800,643000,570,3,2,2,0,1,1,0,60,1,0,1,0,0
200500001041,5,1,3,815,2,1,1,8,6,132,4882800,652000,570,3,2,0,0,1,1,0,63,7,0,1,0,1
200500001042,5,1,21,1815,5,2,1,1,6,177,4881700,672300,570,3,2,2,0,1,1,110,35,1,0,1,0,0
200500001043,5,1,28,1915,5,2,1,9,3,181,4886500,682300,570,3,2,2,0,2,3,0,70,7,5,1,0,0
200500001044,5,1,29,1330,1,1,1,1,3,11,4894700,686800,570,3,2,0,0,1,1,0,63,1,0,1,3,0
200500001051,5,1,17,1115,1,1,1,5,3,206,4931600,610500,570,2,2,2,0,2,1,0,0,2,5,1,0,0
200500001053,5,1,3,2030,3,1,1,2,6,152,4946500,635200,570,3,2,2,0,2,1,0,43,2,0,1,0,0
200500001059,5,1,28,1945,3,1,1,8,6,400,4890900,622500,540,3,2,0,0,1,1,0,60,2,0,1,0,0
200500001070,5,1,27,1745,3,1,1,4,1,249,4909700,584000,540,3,2,2,0,3,1,0,65,5,0,1,0,0
200500001071,5,1,16,130,3,1,1,9,7,476,4946200,548300,540,3,2,2,0,1,1,0,64,7,0,1,0,0
200500001075,5,1,3,745,2,2,9,9,6,152,4856500,639600,540,4,2,0,0,1,1,0,60,7,0,1,0,0
200500001079,5,1,13,730,1,1,1,9,5,73,4865100,589800,540,3,2,2,0,1,1,0,57,7,0,1,0,0
200500001081,5,1,15,800,2,1,1,8,7,523,4858000,597000,540,3,2,0,0,2,2,0,105,2,0,1,0,0
200500001084,5,1,21,200,3,1,1,6,6,46,4853000,586000,540,3,2,2,0,1,1,0,0,2,0,3,0,1
200500001087,5,1,15,1900,3,1,2,1,3,208,4874900,594800,540,2,2,2,0,1,1,0,70,1,0,1,0,0
200500001088,5,1,24,2015,3,1,1,9,6,346,4879200,593000,540,3,2,2,0,0,3,0,55,1,0,3,0,0
200500001096,5,1,8,815,1,1,1,9,1,147,4815700,628500,880,3,2,2,0,0,3,0,70,7,0,1,0,1
200500001099,5,1,1,1215,1,1,1,2,7,90,4836200,629700,880,2,3,0,0,1,2,10,74,2,0,0,0,0
200500001101,5,1,13,1745,2,2,1,8,6,321,4836100,570100,880,2,2,2,0,1,0,0,60,2,0,1,0,0
200500001102,5,1,20,1830,3,1,1,2,1,189,4832500,562000,880,2,2,0,0,1,1,0,80,2,0,1,0,0
200500001103,5,1,26,1815,3,1,1,9,5,270,4832400,562100,880,2,2,0,0,0,0,0,0,0,4,0,0,0
200500001104,5,1,13,1900,5,2,1,1,3,516,4820300,595100,880,3,2,2,0,1,2,19,122,1,5,1,0,0
200500001105,5,1,4,1545,1,2,1,7,6,11,4811000,653000,880,4,2,0,0,1,1,0,0,1,0,1,0,0
200500001106,5,1,22,1900,3,1,1,1,3,11,4813000,649600,880,3,4,2,0,1,1,0,62,1,3,1,0,0
200500001109,5,1,14,1745,5,2,1,1,6,181,4818900,698900,880,3,2,2,0,1,1,0,70,1,6,1,0,0
200500001111,5,1,13,1245,1,1,1,8,6,82,4847700,697600,880,3,2,2,0,1,3,0,55,2,0,1,0,0
200500001114,5,1,7,1800,5,2,6,1,6,28,4837000,759000,670,3,1,1,0,1,2,0,71,1,0,1,0,0
200500001115,5,1,25,1715,2,2,1,8,6,130,4842600,765900,670,3,2,2,0,0,1,0,68,9,0,1,3,0
200500001116,5,1,4,2000,3,1,1,1,3,46,4875200,783300,670,3,2,2,0,1,1,78,0,1,0,1,0,0
200500001117,5,1,4,930,1,2,1,1,1,345,4878600,786700,670,4,2,2,0,1,1,0,60,1,0,1,0,0
200500001121,5,1,24,630,2,1,1,8,7,328,4885000,763300,670,3,2,2,0,2,2,0,74,5,0,3,0,0
200500001123,5,1,8,1545,1,1,1,1,7,413,4893400,735200,670,3,2,2,0,1,1,0,60,2,0,3,0,0
200500001124,5,1,8,2030,3,1,1,1,5,191,4900900,707000,670,3,2,0,0,1,1,0,70,2,0,1,0,1
200500001127,5,1,16,1200,1,1,1,1,2,202,4875800,754400,670,3,2,2,0,0,1,0,100,1,0,1,0,0
200500001128,5,1,22,1200,1,2,1,1,2,202,4876600,757000,670,4,2,1,0,1,1,0,70,1,0,1,3,0
200500001129,5,1,4,1945,3,1,1,1,6,485,4861900,766200,670,3,0,2,0,2,1,0,69,1,0,1,0,0
200500001131,5,1,22,1800,5,2,1,1,3,151,4869800,788700,670,3,2,0,1,1,1,0,75,1,0,1,0,0
200500001132,5,1,15,1030,1,1,1,4,6,116,4831600,751400,670,3,2,2,0,1,1,0,60,7,2,3,0,0
200500001133,5,1,1,30,5,2,1,1,6,486,4825500,760800,670,4,2,2,0,1,1,0,90,2,0,1,0,0
200500001134,5,1,21,900,1,1,1,1,6,281,4818000,755300,670,3,2,2,0,1,2,0,60,1,0,3,0,0
200500001136,5,1,20,1100,1,2,1,1,3,544,4904100,793900,670,3,2,0,0,1,0,34,69,1,0,1,0,0
200500001137,5,1,27,1615,3,1,1,1,7,288,4896900,786100,670,3,2,0,0,1,3,0,60,1,0,3,0,0
200500001138,5,1,15,515,3,1,1,9,6,404,4890100,794300,670,3,2,0,0,1,1,0,55,7,2,1,0,0
200500001139,5,1,9,30,5,2,1,1,7,132,4887900,774000,670,3,2,2,0,1,1,0,60,1,0,1,0,0
200500001145,5,1,27,645,5,2,1,9,6,117,4804600,718400,680,3,2,2,0,1,1,0,75,7,0,1,0,1
200500001146,5,1,7,1500,1,2,1,1,1,310,4813900,730300,680,4,2,0,0,1,0,0,60,1,0,1,0,0
200500001147,5,1,18,700,2,2,1,2,7,310,4814000,730300,680,4,2,0,0,1,1,0,60,2,0,1,0,0
200500001148,5,1,19,1745,1,2,1,1,3,164,4813900,728300,680,3,2,3,0,1,1,0,91,1,0,1,0,0
200500001149,5,1,24,800,1,1,1,4,1,269,4819100,733800,680,3,2,2,0,0,4,61,0,7,0,1,0,0
200500001150,5,1,1,915,1,1,1,8,3,4,4763200,726600,680,3,3,2,0,1,1,10,70,1,0,1,0,0
200500001153,5,1,11,1200,3,2,1,1,3,156,4791000,724000,680,3,2,2,0,1,1,26,78,1,5,1,0,0
200500001156,5,1,5,1945,3,1,9,1,1,287,4796500,731000,680,2,2,0,0,2,2,0,110,1,3,1,0,0
200500001158,5,1,31,1100,1,1,1,1,6,32,4784300,722200,680,3,2,0,0,1,2,0,71,1,0,3,0,0
200500001159,5,1,10,1830,5,2,1,1,3,154,4778300,736900,680,3,3,0,0,1,1,0,120,1,5,1,0,0
200500001160,5,1,31,715,2,1,9,1,1,300,4779100,743100,680,3,2,4,0,1,1,65,0,1,3,1,0,1
200500001161,5,1,21,1215,1,2,1,1,3,20,4781900,750700,680,3,2,0,0,1,1,63,105,1,5,1,0,0
200500001162,5,1,4,1415,1,2,1,8,3,286,4764300,752000,680,3,2,2,0,1,1,0,53,1,0,1,0,0
200500001165,5,1,10,1215,1,2,1,7,6,40,4783300,708100,680,2,2,2,0,1,1,28,70,1,0,1,0,0
200500001166,5,1,19,1400,1,2,9,1,1,40,4783300,708100,680,2,2,2,3,1,1,28,70,2,0,1,0,0
200500001167,5,1,27,1500,1,2,1,1,3,63,4780900,717700,680,4,2,2,1,1,1,70,0,1,0,1,0,0
200500001168,5,1,8,1500,1,2,1,1,3,89,4790300,698200,680,3,2,2,0,1,1,34,69,1,5,1,0,0
200500001169,5,1,16,1900,3,1,1,1,1,344,4789200,697000,680,2,2,0,0,1,3,0,80,7,0,1,0,0
200500001170,5,1,30,1745,3,1,1,1,1,344,4788700,691900,680,2,2,0,0,2,3,0,88,7,0,1,0,0
200500001171,5,1,3,1300,1,1,1,8,3,146,4891300,427300,510,3,2,0,0,1,1,0,70,2,0,1,0,0
200500001172,5,1,27,200,3,1,1,1,7,617,4905500,430400,510,2,3,0,0,1,1,54,145,1,0,0,0,1
200500001174,5,1,4,1545,1,1,1,7,2,24,4883700,394700,510,3,2,2,0,1,1,0,60,1,0,1,0,1
200500001175,5,1,8,1400,1,1,1,8,6,268,4886400,416600,510,3,2,2,0,1,2,0,0,1,0,1,0,0
200500001176,5,1,10,1915,5,2,1,2,3,612,4890800,400600,510,3,1,1,0,1,1,0,77,2,0,1,0,0
200500001177,5,1,19,1315,1,2,1,1,6,612,4890400,400800,510,3,2,0,0,1,1,0,69,1,0,3,0,0
200500001178,5,1,19,830,1,1,1,2,7,380,4891500,355500,510,3,2,2,0,0,2,0,40,2,0,1,0,0
200500001179,5,1,5,1500,1,1,1,2,2,237,4873300,357100,510,2,3,4,0,1,1,45,140,2,0,1,0,0
200500001180,5,1,6,1000,1,1,1,1,1,360,4869800,367100,510,9,2,0,0,1,1,0,37,2,0,1,0,0
200500001181,5,1,25,730,1,1,1,1,6,258,4864800,357400,510,3,2,0,0,1,1,0,0,2,0,3,0,0
200500001185,5,1,15,745,2,1,1,5,3,48,4911600,386500,510,3,2,2,0,1,1,0,50,1,0,1,0,0
200500001186,5,1,16,1930,3,1,1,9,1,72,4920900,389400,510,3,2,0,0,2,3,0,65,9,0,1,0,0
200500001188,5,1,29,1845,3,1,1,1,6,48,4913400,385300,510,3,2,0,0,1,1,0,41,1,0,1,0,1
200500001190,5,1,18,930,1,2,1,1,3,649,4873300,459300,510,3,2,2,0,1,1,0,0,1,0,1,0,0
200500001191,5,1,19,700,2,2,1,8,2,649,4873400,458600,510,3,0,0,0,0,0,0,0,2,0,1,0,0
200500001192,5,1,19,1545,1,1,1,9,6,507,4907700,488900,510,3,2,0,0,2,2,0,56,7,2,1,0,0
200500001193,5,1,25,1815,3,1,1,2,5,263,4975400,477200,80,3,2,2,0,1,1,0,70,2,0,1,0,1
200500001194,5,1,31,1845,3,1,1,9,5,263,4974300,477800,80,1,3,0,0,1,1,30,240,2,0,1,0,0
200500001195,5,1,31,1745,1,2,1,8,3,328,4982200,474500,80,4,2,0,0,0,0,70,0,2,0,1,0,0
200500001198,5,1,19,930,1,1,1,9,6,319,4989200,438000,80,4,2,2,0,0,2,0,31,7,0,3,0,0
200500001199,5,1,3,1800,3,1,1,2,5,336,4965900,514300,80,2,2,2,0,1,1,76,0,2,0,1,0,1
200500001200,5,1,22,1230,1,1,1,1,6,300,4956500,486700,80,3,2,2,0,1,4,0,67,1,0,3,0,0
200500001201,5,1,1,1115,1,1,1,8,2,493,4944100,467000,80,3,2,2,0,2,1,0,0,2,0,1,0,0
200500001202,5,1,16,2015,5,2,1,1,1,296,4929600,482100,80,3,2,0,0,1,1,0,73,1,0,1,0,0
200500001203,5,1,18,2345,3,1,1,2,7,384,4949800,461700,80,3,2,2,0,1,1,0,50,2,0,1,0,0
200500001204,5,1,12,1100,1,1,1,8,1,198,4933900,487200,80,3,2,2,0,1,3,0,64,2,0,1,0,0
200500001207,5,1,7,2000,5,2,1,1,1,442,4846000,412300,100,2,2,2,0,1,1,0,100,1,0,1,0,0
200500001208,5,1,28,1700,1,1,1,8,3,216,4867400,420100,100,3,2,0,0,1,1,0,80,2,0,1,0,0
200500001210,5,1,16,845,1,1,1,4,6,8,4825900,457800,100,2,2,2,0,1,1,0,72,7,0,3,0,0
200500001211,5,1,9,1930,5,2,1,1,6,170,4803400,443000,100,4,2,2,0,1,1,0,35,1,0,4,0,0
200500001212,5,1,4,1415,3,1,1,1,3,308,4838000,377600,100,3,2,0,0,0,1,0,47,1,0,1,0,0
200500001213,5,1,21,1215,1,1,1,1,1,231,4850900,345500,100,2,2,2,0,1,1,0,71,1,0,1,0,0
200500001214,5,1,11,1830,5,2,1,1,3,323,4851000,373000,100,2,2,3,3,0,1,33,100,1,5,1,0,0
200500001215,5,1,11,830,1,2,6,1,3,323,4852400,372600,100,4,2,1,0,1,1,0,80,1,5,1,0,0
200500001216,5,1,18,1045,1,1,2,2,3,392,4846900,389200,100,2,2,3,0,1,1,0,156,2,5,1,0,0
200500001217,5,1,21,845,1,1,1,8,7,305,4849500,402600,100,3,2,2,0,1,3,0,60,2,0,3,0,0
200500001218,5,1,23,1530,1,1,2,1,3,323,4851000,368000,100,2,2,0,0,1,1,0,142,1,0,1,0,0
200500001219,5,1,4,1630,1,1,3,1,3,114,4801000,490200,520,3,2,2,0,0,1,0,60,1,5,1,0,0
200500001223,5,1,1,445,3,1,1,1,3,269,4786200,537100,520,2,2,2,0,1,3,0,71,2,0,1,0,0
200500001226,5,1,25,745,2,2,1,1,1,93,4781100,543900,520,4,2,0,0,1,1,0,75,1,0,1,0,0
200500001227,5,1,21,700,3,1,1,6,6,529,4773600,530700,520,2,2,2,0,1,1,0,73,2,0,3,0,0
200500001228,5,1,4,1645,1,2,1,1,1,490,4846000,517400,520,4,2,0,0,0,1,58,0,1,0,1,0,0
200500001229,5,1,13,2330,3,1,1,1,6,250,4846300,513200,520,3,2,0,0,1,2,0,71,2,0,0,0,1
200500001234,5,1,26,445,3,1,1,6,1,280,4739000,437200,210,1,3,2,0,1,1,30,105,5,0,1,0,1
200500001235,5,1,22,1830,3,1,1,1,5,609,4721000,527900,210,3,2,2,0,1,1,0,60,1,0,1,0,1
200500001237,5,1,9,2015,3,1,1,2,6,60,4735600,526500,210,3,2,0,0,1,1,0,48,2,0,3,0,0
200500001240,5,1,19,800,3,1,1,1,6,33,4731100,463400,210,1,0,0,0,0,0,0,0,0,0,0,0,0
200500001242,5,1,27,900,1,1,1,1,1,412,4696600,477000,210,2,2,2,0,1,1,0,82,1,0,1,0,0
200500001243,5,1,6,630,3,1,1,2,6,104,4773300,459900,210,2,2,2,0,1,3,0,74,2,0,3,0,0
200500001244,5,1,13,2145,3,1,1,5,3,380,4739800,440100,210,3,2,2,1,1,1,0,74,2,0,1,0,1
200500001245,5,1,9,445,3,1,1,1,6,105,4685900,336800,580,2,2,2,0,1,1,0,78,2,0,3,0,1
200500001246,5,1,17,1445,1,1,1,1,2,95,4681300,347700,580,3,2,0,0,0,1,0,61,1,0,1,0,0
200500001247,5,1,20,1915,5,2,1,1,6,51,4696500,315300,580,4,2,0,0,1,3,0,40,2,0,1,0,0
200500001248,5,1,12,1400,3,1,1,2,1,57,4675200,315000,580,2,2,2,0,1,1,38,73,2,0,1,0,1
200500001251,5,1,8,2215,3,1,1,8,6,79,4744800,350700,580,3,2,2,0,1,3,0,60,2,0,3,0,0
200500001252,5,1,21,1100,1,2,1,2,6,304,4735000,338000,580,2,2,0,0,2,1,0,65,8,0,3,0,0
200500001256,5,1,9,1345,1,1,1,8,1,172,4678300,416800,710,4,2,2,0,1,1,0,33,2,0,1,0,0
200500001258,5,1,12,1900,3,1,1,1,1,404,4676300,473100,710,3,2,2,0,1,2,0,64,1,3,1,0,0
200500001265,5,1,18,1045,1,2,1,2,6,443,4695500,490900,710,3,2,0,0,1,1,0,50,2,2,1,0,0
200500001266,5,1,16,1330,1,1,1,1,7,571,4642100,443000,710,2,2,0,0,1,1,0,0,0,0,1,0,1
200500001269,5,1,14,500,5,1,1,5,5,557,4646000,401500,710,3,2,2,0,1,1,0,61,2,0,1,0,0
200500001275,5,1,8,1930,3,2,1,1,1,27,4667500,539900,710,2,2,0,0,2,1,0,75,1,0,1,0,0
200500001277,5,1,20,1700,1,1,1,2,4,367,4664600,529300,710,2,2,2,0,1,1,0,65,2,0,1,0,0
200500001278,5,1,6,745,1,2,2,2,3,213,4654700,503400,710,3,2,0,0,1,1,0,68,2,0,1,0,0
200500001279,5,1,21,1745,3,1,1,2,5,412,4673100,445500,710,2,2,3,0,0,1,0,99,1,0,1,0,1
200500001280,5,1,6,1745,3,1,1,2,7,453,4780400,345400,890,3,2,2,0,1,1,0,55,2,0,3,0,0
200500001281,5,1,12,1230,1,1,2,2,3,102,4775100,347800,890,3,2,0,0,2,0,0,46,2,0,1,0,0
200500001282,5,1,28,745,5,2,1,4,3,453,4778000,350000,890,3,2,2,0,2,2,0,70,2,5,1,0,0
200500001286,5,1,9,1600,3,2,6,1,7,200,4793300,360800,890,3,2,0,0,0,1,100,88,1,5,1,0,0
200500001289,5,1,13,1930,3,1,1,5,5,73,4778700,308800,890,3,2,0,0,1,1,0,55,1,0,1,0,0
200500001290,5,1,16,1300,1,1,2,1,3,311,4775500,340700,890,3,2,0,0,1,1,0,120,1,5,1,0,0
200500001291,5,1,3,1545,1,2,1,1,6,364,4746500,376400,890,3,2,0,0,4,3,0,60,1,0,1,0,0
200500001292,5,1,26,1115,1,1,1,4,6,235,4749600,397900,890,2,2,0,0,2,1,0,0,5,0,3,0,0
200500001293,5,1,20,2030,5,2,3,2,1,134,4747300,403100,890,3,2,2,0,1,1,0,58,2,0,1,0,0
200500001294,5,1,21,1700,1,1,1,1,3,67,4800300,331400,890,3,2,0,0,1,1,0,0,1,0,1,0,0
200500001295,5,1,18,915,1,1,1,1,6,3,4789500,303200,890,3,2,2,0,1,2,0,40,2,0,1,0,0
200500001296,5,1,29,1530,1,2,1,1,3,257,4797000,351600,890,9,2,2,0,1,1,0,60,1,0,1,0,0
200500001299,5,1,6,645,5,2,1,8,2,309,4828500,321000,890,3,2,2,0,1,1,0,60,2,0,1,0,0
200500001300,5,1,20,1515,1,1,1,1,6,309,4828400,321400,890,3,2,2,0,0,1,0,64,1,0,1,0,0
200500001301,5,1,3,715,3,1,1,1,7,370,4818900,307600,890,3,2,2,0,1,1,0,70,1,0,1,0,0
200500001303,5,1,19,730,1,1,1,1,7,180,4818000,316000,890,3,2,2,0,1,1,0,70,7,0,1,0,0
200500001304,5,1,2,2115,3,1,1,1,6,240,4818000,339800,890,2,2,0,0,1,1,0,80,1,0,1,0,0
200500001306,5,1,11,1745,3,1,2,1,3,464,4808800,330300,890,2,2,2,0,4,2,0,260,1,0,1,0,0
200500001307,5,1,20,1900,3,1,1,1,6,440,4802800,325900,890,3,2,2,0,0,1,0,0,1,0,1,0,0
200500001308,5,1,31,1215,1,2,1,1,6,432,4813600,355300,890,3,2,2,0,1,0,0,84,1,0,1,3,0
200500001309,5,1,14,1830,3,1,1,8,6,267,4724500,612600,250,3,2,0,0,1,1,0,65,2,0,1,0,0
200500001312,5,1,5,1400,1,2,1,1,6,57,4752400,678800,250,4,2,2,0,2,1,0,0,1,0,3,0,0
200500001313,5,1,11,1545,1,1,6,7,3,97,4752900,685800,250,3,1,0,0,1,2,0,60,1,0,1,0,0
200500001314,5,1,24,1500,1,1,1,4,6,523,4748500,668900,250,3,2,0,0,0,0,0,0,5,0,0,0,0
200500001315,5,1,12,1800,5,2,9,2,6,367,4745400,680900,250,2,2,0,0,1,1,0,70,2,0,1,0,0
200500001316,5,1,9,1600,1,2,1,1,6,370,4744000,678600,250,3,2,0,0,1,3,0,67,2,0,3,0,0
200500001317,5,1,24,1300,1,2,1,8,6,463,4738700,677500,250,3,2,2,0,0,1,0,69,2,0,1,0,1
200500001320,5,1,19,1900,3,1,1,1,1,334,4696000,606900,250,3,2,2,0,2,3,0,71,7,0,1,0,0
200500001321,5,1,27,630,3,1,1,6,1,309,4692300,629900,250,3,2,2,0,1,3,0,101,5,0,1,0,0
200500001322,5,1,23,1615,1,2,1,4,7,320,4677700,628100,250,3,2,0,0,0,0,0,70,5,0,0,0,0
200500001324,5,1,12,815,2,1,1,8,5,279,4672700,547400,390,3,2,2,0,1,1,0,65,1,0,1,0,1
200500001326,5,1,21,1345,1,1,1,2,7,6,4696000,579000,390,2,2,4,0,1,2,0,126,2,0,1,0,0
200500001327,5,1,20,1915,3,1,1,5,1,451,4716100,571900,390,3,2,2,0,3,1,0,75,1,0,1,0,0
200500001328,5,1,8,445,3,1,1,9,6,440,4639000,574800,390,3,2,3,0,0,3,0,111,7,0,1,0,0
200500001329,5,1,15,2330,5,2,1,1,6,286,4638800,577900,390,3,2,2,0,1,1,63,63,1,0,1,3,0
200500001331,5,1,8,1100,1,2,1,7,6,367,4654100,601600,390,2,2,0,0,2,1,0,65,1,0,1,0,0
200500001333,5,1,29,2000,3,1,1,1,1,232,4663000,595000,390,2,2,0,0,2,3,0,73,7,0,1,0,0
200500001335,5,1,3,1615,1,1,1,1,5,208,4751000,611000,700,2,2,2,0,1,1,0,75,1,0,1,0,0
200500001336,5,1,14,1930,3,1,1,1,3,575,4734000,601000,700,2,4,3,0,1,1,0,120,1,0,1,0,1
200500001337,5,1,6,745,2,1,1,2,1,14,4768100,640000,700,2,2,2,0,1,1,0,79,2,0,1,0,0
200500001338,5,1,26,1330,1,2,1,1,3,310,4767900,650600,700,3,2,2,0,0,1,0,61,1,0,1,0,0
200500001339,5,1,22,1630,1,1,1,1,2,413,4774100,673000,700,3,2,0,0,1,1,0,66,1,0,1,0,0
200500001340,5,1,25,1830,5,1,1,1,7,459,4775200,658500,700,3,2,2,0,2,2,0,66,1,0,3,0,1
200500001343,5,1,7,1445,1,2,1,1,6,257,4749200,594800,700,3,2,2,0,1,1,0,72,1,0,4,0,0
200500001344,5,1,19,1800,3,1,1,8,3,546,4752900,564700,700,3,2,2,0,1,4,0,70,2,0,1,0,0
200500001349,5,1,20,1900,5,2,1,2,6,52,4774700,682600,900,3,2,2,0,2,2,0,60,2,0,1,0,0
200500001350,5,1,26,830,1,1,1,8,1,53,4752800,696300,900,3,2,0,0,1,2,0,66,2,0,1,0,0
200500001355,5,1,15,2300,3,1,1,1,5,59,4366000,549500,130,3,2,0,0,0,1,0,75,1,0,1,0,1
200500001358,5,1,4,900,1,1,1,1,1,19,4344000,537000,130,3,2,2,0,1,1,0,45,1,0,1,0,0
200500001359,5,1,6,945,1,2,1,1,6,15,4346000,541000,130,5,2,2,0,0,3,0,35,1,0,1,0,0
200500001361,5,1,20,1945,3,1,1,1,1,66,4389100,490200,130,3,2,2,0,1,1,0,74,1,0,3,0,0
200500001363,5,1,25,2345,3,1,1,1,1,66,4387300,491500,130,2,2,2,0,0,1,0,105,1,0,1,0,0
200500001367,5,1,23,1745,2,2,1,2,6,4,4353000,470700,130,3,2,2,0,1,3,0,69,2,0,1,0,1
200500001371,5,1,22,1215,1,1,1,1,1,86,4334200,560300,130,2,2,0,0,1,1,0,62,1,0,1,0,0
200500001372,5,1,29,1630,1,2,7,1,3,86,4335600,560500,130,4,1,0,0,0,0,0,40,1,0,0,0,0
200500001374,5,1,23,745,2,1,1,1,1,34,4379000,493600,130,3,2,2,0,0,1,0,64,1,0,1,0,0
200500001375,5,1,9,500,5,1,1,1,5,81,4349000,522300,130,2,2,0,0,1,1,10,60,1,0,3,0,0
200500001376,5,1,29,1230,1,2,1,1,5,81,4349100,523200,130,3,2,2,0,0,1,0,70,1,0,1,0,0
200500001377,5,1,16,1345,1,2,1,1,1,93,4368800,539900,130,3,2,0,0,3,1,0,0,1,0,1,0,1
200500001378,5,1,29,400,3,1,1,1,6,94,4378600,586900,40,3,2,2,0,1,3,0,70,1,0,3,0,0
200500001379,5,1,7,1400,1,2,1,1,1,149,4404100,594900,40,2,2,2,0,1,1,0,75,1,0,1,0,0
200500001380,5,1,29,100,3,1,1,1,1,143,4389600,590900,40,3,2,2,0,1,1,0,70,1,0,1,0,0
200500001381,5,1,3,1415,1,2,1,1,3,19,4438900,666300,40,3,1,0,0,1,1,0,42,2,2,1,0,0