Num_Acc,an,mois,jour,hrmn,lum,agg,int,atm,col,com,lat,long,dep,catr,circ,nbv,vosp,prof,plan,lartpc,larrout,surf,infra,situ,env1,killed
200500001382,5,1,28,430,3,1,1,9,6,73,4437800,668000,40,3,2,0,0,0,3,0,80,1,0,1,0,1
200500001383,5,1,12,1200,1,1,1,9,6,198,4445100,633000,40,3,0,0,0,4,2,73,0,7,0,0,0,0
200500001384,5,1,18,630,2,1,1,8,7,161,4440400,654300,40,3,2,2,0,1,3,0,65,7,0,1,0,0
200500001386,5,1,13,1815,3,1,1,1,3,188,4390800,579200,40,3,2,0,0,1,2,0,0,1,0,1,0,0
200500001388,5,1,5,1815,3,1,1,1,3,123,4429900,584300,40,2,2,2,0,1,1,0,70,1,0,1,0,0
200500001389,5,1,13,1845,5,2,1,1,6,209,4420100,594500,40,4,2,2,0,1,1,0,70,1,0,1,3,0
200500001391,5,1,15,1115,1,1,1,1,2,166,4440900,573100,50,2,2,2,0,0,1,0,100,1,0,1,0,0
200500001392,5,1,16,1345,1,1,1,1,7,87,4460400,585900,50,3,2,1,0,1,1,0,70,1,0,1,0,0
200500001395,5,1,27,1145,1,1,1,1,7,40,4455000,627000,50,4,2,2,0,1,1,0,40,1,0,0,0,0
200500001403,5,1,6,615,2,1,1,1,7,151,4390700,719800,60,2,1,2,0,1,2,0,0,7,0,0,0,0
200500001404,5,1,8,1345,1,1,1,1,2,151,4390900,719800,60,2,1,2,0,1,1,0,72,2,0,1,0,0
200500001405,5,1,12,1830,5,2,1,1,7,103,4402000,731400,60,3,2,2,0,1,1,0,70,1,0,1,0,0
200500001408,5,1,17,1615,1,2,1,1,5,121,4369600,733000,60,3,2,0,0,1,1,0,55,1,0,1,0,0
200500001416,5,1,6,1115,1,1,1,1,1,78,4392200,716700,60,2,2,2,0,0,2,0,75,7,0,1,0,0
200500001417,5,1,23,1615,1,1,1,1,5,144,4395600,716100,60,3,2,2,0,1,3,0,67,1,0,1,0,0
200500001418,5,1,27,545,3,1,1,1,6,906,4409200,691900,60,3,2,2,0,1,1,0,80,1,0,1,0,0
200500001419,5,1,9,1530,1,2,1,1,6,120,4423100,693800,60,3,2,2,0,2,1,0,67,1,0,1,0,0
200500001420,5,1,5,1930,3,1,1,1,7,38,4359700,646300,830,3,2,0,0,1,3,0,70,1,0,1,0,0
200500001425,5,1,5,745,1,1,1,1,1,95,4356400,609200,830,3,2,2,0,1,1,0,56,7,0,1,0,0
200500001426,5,1,5,1730,2,1,1,1,7,25,4351500,592300,830,3,2,2,0,1,1,0,54,1,0,1,0,0
200500001427,5,1,24,2300,5,2,1,1,6,12,4356400,601100,830,3,2,2,0,1,4,0,56,1,0,4,3,0
200500001428,5,1,12,1900,3,1,1,1,1,113,4371100,587200,830,3,2,0,0,2,1,0,45,1,0,1,0,0
200500001431,5,1,7,2345,3,1,1,1,7,97,4350100,573600,830,3,2,0,0,1,2,0,70,1,0,1,0,0
200500001434,5,1,29,1815,3,1,1,1,6,107,4346700,662800,830,2,3,0,0,2,1,45,140,1,0,0,0,1
200500001437,5,1,14,2230,3,1,1,1,6,85,4352400,656300,830,3,2,2,0,3,2,0,97,1,0,1,0,0
200500001442,5,1,12,1445,1,1,1,1,3,16,4322200,581600,830,2,2,2,0,2,2,0,76,1,0,1,0,0
200500001444,5,1,4,1915,3,1,1,1,3,49,4324000,610400,830,3,2,2,0,1,1,25,80,1,5,1,0,0
200500001445,5,1,10,1730,3,1,1,1,3,47,4313200,608200,830,2,2,0,0,1,1,0,115,1,0,1,0,0
200500001446,5,1,19,1800,3,1,1,1,6,47,4314100,608100,830,3,2,2,0,1,0,0,60,1,0,1,0,0
200500001451,5,1,19,930,1,1,1,8,3,112,4316500,572900,830,3,2,2,0,2,4,0,78,1,0,1,0,1
200500001454,5,1,3,1200,1,1,1,1,2,131,4383900,507900,840,3,2,0,0,0,1,0,0,1,0,1,0,0
200500001455,5,1,10,1730,2,2,1,1,3,99,4387300,512700,840,2,2,2,0,1,1,0,0,1,5,1,0,0
200500001456,5,1,14,1715,1,2,1,1,6,71,4384900,514000,840,3,2,2,0,1,1,0,50,1,0,1,0,0
200500001457,5,1,21,515,5,2,1,1,2,38,4382000,506700,840,3,2,2,0,1,1,14,62,1,0,1,0,1
200500001458,5,1,7,2345,3,1,1,1,7,129,4400700,488800,840,4,2,0,0,1,3,0,60,1,0,3,0,0
200500001460,5,1,16,830,1,1,1,1,6,3,4385600,538500,840,3,2,2,0,2,0,0,45,1,0,3,0,0
200500001461,5,1,17,1645,1,2,1,1,3,3,4388300,538800,840,3,2,0,0,1,2,90,70,1,5,1,0,0
200500001464,5,1,29,1400,1,1,1,1,1,51,4386500,522300,840,2,2,0,0,1,1,0,0,1,0,1,0,0
200500001469,5,1,7,1800,3,1,1,1,3,91,4416000,476000,840,2,2,2,0,1,1,0,105,1,0,1,0,0
200500001472,5,1,23,1745,3,1,1,2,1,78,4425900,468200,840,3,2,2,0,1,3,0,76,2,0,1,0,1
200500001477,5,1,21,1215,1,2,1,1,3,327,4366400,397500,340,4,2,2,0,1,1,0,68,1,5,1,0,0
200500001478,5,1,6,745,1,1,1,9,6,243,4391100,376600,340,3,2,0,0,0,3,0,55,7,0,3,0,0
200500001479,5,1,5,1230,1,2,1,1,3,344,4356300,408900,340,4,2,1,0,0,2,0,75,1,0,1,0,0
200500001485,5,1,15,1415,1,1,1,1,2,28,4361800,317400,340,3,2,2,0,1,1,0,72,1,0,1,0,0
200500001487,5,1,1,800,1,1,1,1,6,183,4330100,314500,340,2,2,0,0,0,1,0,100,1,0,1,0,0
200500001488,5,1,7,1000,1,2,1,7,2,225,4337300,304200,340,2,2,2,0,1,1,0,60,1,0,1,0,0
200500001489,5,1,10,800,2,1,2,1,5,81,4331200,316800,340,2,2,2,0,1,1,0,120,1,0,1,0,0
200500001490,5,1,3,2215,5,2,1,1,3,310,4342700,316800,340,4,2,0,0,2,1,0,68,1,0,1,0,0
200500001491,5,1,24,1030,1,1,1,1,7,178,4344000,312900,340,3,2,0,0,1,0,0,60,0,0,0,0,0
200500001492,5,1,22,1900,3,1,1,1,6,148,4337500,314700,340,3,2,0,0,1,2,0,0,1,0,1,0,0
200500001494,5,1,18,1945,3,1,1,6,6,237,4350000,333400,340,3,2,2,0,0,1,0,60,1,0,3,0,1
200500001496,5,1,24,1000,1,2,1,1,6,237,4350900,331100,340,3,2,0,0,0,1,0,70,1,0,1,0,0
200500001497,5,1,24,2230,3,1,1,1,6,139,4343500,325500,340,3,2,2,0,1,1,0,60,1,0,0,0,0
200500001498,5,1,15,45,5,2,1,1,6,299,4328500,328400,340,3,2,2,0,1,1,0,70,1,0,4,0,0
200500001499,5,1,29,2030,3,1,1,1,5,329,4329600,322100,340,3,2,0,0,1,0,0,70,1,0,1,0,1
200500001502,5,1,3,1800,1,2,1,1,3,29,4355700,348700,340,3,0,2,0,0,1,60,70,1,0,1,0,0
200500001503,5,1,13,800,3,1,1,1,7,45,4357500,336400,340,3,2,2,0,1,2,0,60,1,0,0,0,1
200500001504,5,1,15,1430,1,1,1,1,1,210,4361400,350300,340,3,2,2,0,1,1,0,65,1,0,1,0,0
200500001505,5,1,29,30,3,1,1,6,6,47,4354500,348500,340,3,2,2,0,1,1,0,56,1,0,3,0,0
200500001508,5,1,4,1200,1,1,9,1,7,95,4356200,379600,340,2,2,1,0,2,1,70,70,1,3,1,0,0
200500001509,5,1,10,1830,5,2,1,1,5,113,4350200,371200,340,2,2,0,0,1,1,120,90,1,0,1,0,0
200500001510,5,1,20,1930,3,1,1,1,1,213,4350400,366800,340,3,2,2,0,2,2,0,98,1,0,1,0,0
200500001511,5,1,28,2000,3,1,1,1,1,113,4346100,369100,340,3,2,2,0,1,1,0,72,1,0,1,0,0
200500001512,5,1,10,1030,1,1,1,1,7,157,4345900,359700,340,3,2,2,0,1,1,0,55,1,0,1,0,0
200500001513,5,1,30,1700,1,2,1,1,2,213,4348800,366300,340,4,2,0,0,1,0,0,0,1,0,0,0,0
200500001514,5,1,20,730,2,1,1,2,6,198,4330000,254000,110,3,2,2,0,1,1,0,60,2,0,1,0,0
200500001516,5,1,30,215,3,1,1,1,6,81,4331700,250000,110,3,2,0,0,1,3,0,60,1,0,3,0,1
200500001517,5,1,2,1700,2,2,1,2,6,254,4320300,214700,110,9,2,2,0,2,3,0,78,2,0,1,0,0
200500001518,5,1,28,1500,1,1,1,8,1,90,4311500,227300,110,3,2,2,0,1,1,0,65,2,0,1,0,0
200500001519,5,1,30,1400,1,2,1,1,2,206,4306400,222100,110,3,2,2,1,1,1,0,70,1,0,1,0,0
200500001521,5,1,1,200,5,1,9,1,6,77,4323600,267600,110,3,2,2,0,0,1,0,50,1,2,1,0,0
200500001522,5,1,9,1830,3,1,1,1,7,203,4321000,279100,110,2,2,0,0,1,1,0,80,1,0,3,0,0
200500001524,5,1,29,1500,1,2,1,6,7,64,4313400,265400,110,4,2,0,0,3,2,0,30,1,0,1,0,0
200500001525,5,1,25,730,3,1,1,4,7,431,4296500,276900,110,3,2,2,0,1,2,0,60,7,0,3,0,0
200500001527,5,1,19,1400,1,2,1,1,6,321,4378700,408700,300,2,2,0,1,1,1,0,0,1,0,1,3,1
200500001529,5,1,21,2100,3,1,1,1,5,156,4389900,452800,300,3,2,0,0,1,1,0,65,1,0,1,0,1
200500001531,5,1,25,1045,1,1,1,6,6,258,4369900,438900,300,3,2,2,0,0,1,0,58,9,0,3,0,0
200500001533,5,1,22,2245,3,1,1,1,6,173,4411300,416400,300,3,2,1,0,2,2,0,51,1,0,3,0,1
200500001534,5,1,23,1800,5,2,1,2,3,305,4417700,416000,300,4,2,2,0,1,1,0,50,2,5,1,0,0
200500001535,5,1,26,1415,1,1,1,1,6,173,4414700,417300,300,3,2,1,0,2,2,0,65,1,0,3,0,0
200500001536,5,1,28,1030,1,1,1,1,6,294,4413300,413600,300,3,2,2,0,2,1,0,60,1,0,1,0,0
200500001539,5,1,3,1000,1,2,1,1,6,227,4425900,420700,300,3,0,2,0,1,1,0,77,1,0,1,0,0
200500001540,5,1,14,1445,3,2,1,1,6,227,4420600,423900,300,3,2,0,0,1,2,0,55,1,0,1,0,0
200500001541,5,1,15,1630,1,2,1,1,6,268,4423700,414400,300,4,2,0,0,1,1,0,0,1,0,3,0,0
200500001543,5,1,31,1415,1,1,1,1,3,29,4430600,434300,300,3,0,0,0,1,1,0,61,1,0,1,0,0
200500001546,5,1,21,945,1,1,1,1,3,212,4394500,460400,300,2,0,2,0,1,1,0,64,1,0,1,0,0
200500001552,5,1,6,2045,3,1,1,1,6,61,4388800,430400,300,2,3,2,0,4,1,0,76,1,0,1,0,0
200500001553,5,1,6,1545,3,1,1,1,4,61,4388800,430500,300,2,3,2,0,4,1,0,76,1,0,1,0,0
200500001555,5,1,18,800,1,1,1,1,1,122,4390100,422500,300,3,2,2,0,3,1,0,58,1,0,1,0,0
200500001557,5,1,23,2030,3,1,1,1,3,229,4401400,367500,300,3,0,2,0,1,3,0,0,1,0,1,0,0
200500001558,5,1,10,1545,1,1,1,1,1,210,4392500,399000,300,3,2,2,0,1,1,0,74,1,0,1,0,0
200500001560,5,1,16,1430,1,1,1,1,1,106,4397400,392500,300,3,2,2,0,1,1,0,70,1,0,1,0,0
200500001561,5,1,28,1630,1,2,1,8,6,80,4473600,385700,480,2,2,2,0,1,1,0,67,5,0,1,0,0
200500001562,5,1,2,1745,3,1,1,1,5,107,4452900,329800,480,2,2,2,0,1,1,0,86,1,0,1,0,1
200500001563,5,1,10,530,3,1,1,9,7,34,4448400,320500,480,2,2,0,0,1,1,0,38,7,0,1,0,0
200500001564,5,1,13,830,1,2,1,9,6,59,4480400,321000,480,4,2,0,0,4,2,0,50,7,0,1,0,0
200500001565,5,1,18,930,3,1,1,1,6,188,4469800,339700,480,2,2,2,0,2,2,0,80,1,0,1,0,1
200500001567,5,1,19,1500,3,1,1,1,6,164,4277000,284000,660,3,2,0,0,1,0,0,50,1,0,0,0,0
200500001569,5,1,9,1930,3,1,1,1,3,145,4262600,286900,660,2,2,0,0,1,1,72,72,1,0,1,0,0
200500001571,5,1,17,1000,1,2,1,1,1,3,4248000,267000,660,3,2,2,0,1,4,0,90,1,0,1,0,0
200500001572,5,1,21,1615,1,1,1,1,1,160,4248500,269900,660,3,2,0,0,2,2,0,34,1,0,1,0,0
200500001573,5,1,27,1700,1,2,1,1,6,49,4250000,274000,660,3,2,0,0,1,1,0,55,1,0,1,0,0
200500001575,5,1,12,1245,1,2,1,1,3,8,4254800,302900,660,4,2,0,0,1,1,0,0,1,0,1,0,0
200500001576,5,1,19,1000,1,2,1,2,1,178,4251600,279700,660,9,2,2,0,0,2,0,50,2,0,0,0,0
200500001577,5,1,25,1300,1,1,1,9,7,24,4252000,285500,660,3,2,2,0,2,1,0,0,7,0,0,0,0
200500001580,5,1,14,845,1,1,1,1,1,82,4260000,210000,660,3,2,2,0,2,2,0,58,1,0,1,0,0
200500001581,5,1,14,1915,5,1,1,1,1,130,4190800,881600,201,3,2,2,0,1,4,0,72,1,0,1,0,1
200500001582,5,1,1,1615,1,1,1,1,6,209,4203100,890900,201,2,2,0,0,1,1,0,60,1,0,3,0,0
200500001583,5,1,18,1245,1,1,1,8,7,6,4198100,878100,201,3,2,0,0,0,1,0,76,2,0,0,0,0
200500001585,5,1,16,1845,3,2,3,1,3,247,4157400,927500,201,2,2,2,0,1,1,0,64,1,0,1,0,0
200500001587,5,1,8,1915,3,1,1,1,3,355,4252400,939400,202,2,2,2,0,1,2,0,68,1,0,1,0,1
200500001588,5,1,16,1145,1,2,1,1,1,96,4231200,915000,202,3,2,2,0,1,1,0,0,0,0,1,3,0
200500001589,5,1,11,1900,3,1,1,1,6,96,4230400,915900,202,3,2,1,0,0,2,0,70,1,0,1,0,0
200500001594,5,1,2,2100,3,1,1,1,3,311,4235800,953300,202,2,2,2,0,1,1,72,0,1,0,1,0,0
200500001595,5,1,6,1800,3,1,1,1,1,87,4232700,950600,202,3,2,0,0,0,3,0,60,2,0,1,0,0
200500001596,5,1,15,200,3,2,1,1,7,303,4217000,952700,202,2,2,2,0,1,1,0,70,1,0,3,0,0
200500001597,5,1,18,915,1,1,1,1,6,143,4222000,953500,202,2,2,2,0,3,3,0,74,1,0,3,0,0
200500001598,5,1,24,1915,5,1,1,2,2,311,4236600,953100,202,2,2,2,0,1,1,62,0,2,0,1,0,0
200500001599,5,1,22,1630,1,1,1,1,7,334,4233100,942300,202,3,2,1,0,2,3,0,32,1,0,1,0,1
200500001600,5,1,15,1730,3,1,1,1,1,77,4246800,949700,202,2,2,0,0,1,2,0,72,1,0,1,0,1
200500001601,5,1,9,2015,3,1,1,8,7,276,4908600,158700,780,4,2,2,0,1,2,0,38,2,0,0,0,0
200500001602,5,1,8,1630,1,2,1,2,3,460,4903300,185400,780,3,2,2,0,1,2,0,60,2,0,1,0,0
200500001603,5,1,29,1030,1,1,2,1,5,246,4903700,174800,780,3,2,0,0,2,1,0,67,2,5,1,0,0
200500001605,5,1,24,1845,3,1,1,1,1,263,4879400,169600,780,3,2,2,0,1,1,0,0,1,0,1,0,0
200500001607,5,1,9,345,3,1,1,1,6,192,4891400,160800,780,3,2,1,0,1,3,0,60,1,0,3,0,0
200500001608,5,1,18,2100,3,1,1,2,1,3,4851900,182300,780,2,2,2,0,1,1,0,101,2,0,1,0,1
200500001609,5,1,10,1515,3,1,1,1,6,128,4866900,193500,780,3,2,0,0,0,2,0,69,1,0,1,0,0
200500001612,5,1,29,300,3,1,1,1,6,623,4878200,188700,780,3,2,2,0,2,2,0,60,1,0,3,0,1
200500001618,5,1,14,745,1,2,1,5,1,408,4844000,245700,910,9,4,2,0,1,0,0,50,2,0,4,0,0
200500001620,5,1,12,1200,1,2,1,1,1,86,4860800,237300,910,4,2,2,0,0,3,93,0,2,0,1,0,0
200500001622,5,1,13,2015,3,1,1,2,1,132,4852800,220500,910,2,3,4,0,1,1,6,70,2,0,1,0,1
200500001623,5,1,12,845,1,1,1,2,6,226,4848900,219600,910,2,3,0,0,1,1,15,69,2,0,0,0,0
200500001624,5,1,14,2015,3,1,1,1,1,330,4853900,228800,910,3,2,0,0,2,3,0,100,1,0,1,0,0
200500001626,5,1,3,1700,2,2,1,8,1,129,4849600,235100,910,3,2,2,0,1,0,0,64,1,0,1,0,0
200500001627,5,1,16,1415,1,1,1,8,1,654,4847000,239000,910,3,2,2,0,1,4,0,51,2,0,1,0,0
200500001628,5,1,29,930,1,2,1,4,6,412,4849000,243000,910,4,2,2,0,0,1,0,39,5,0,1,0,0
200500001629,5,1,26,800,1,1,1,1,7,75,4837200,225100,910,3,2,1,0,1,1,0,0,1,0,1,0,0
200500001630,5,1,17,830,1,2,1,5,1,534,4875100,218000,910,4,2,0,0,1,1,0,0,2,0,1,0,0
200500001631,5,1,3,745,2,1,1,1,7,554,4917000,176600,950,3,2,3,0,2,3,0,102,7,0,1,0,0
200500001634,5,1,20,615,2,2,1,1,1,142,4916200,194600,950,3,2,2,0,2,1,0,69,2,5,1,3,0
200500001635,5,1,30,730,2,1,1,1,6,370,4916000,188300,950,3,2,2,0,1,1,0,0,1,0,0,0,0
200500001636,5,1,1,200,3,1,1,1,6,211,4909000,210700,950,3,0,2,0,0,2,20,72,2,0,1,0,0
200500001637,5,1,6,830,1,1,1,1,7,211,4909000,210200,950,3,2,2,0,1,2,33,106,0,5,0,0,0
200500001638,5,1,31,2000,3,1,1,1,7,627,4914500,210600,950,3,2,2,0,0,2,0,0,1,0,1,0,1
200500001640,5,1,30,1015,1,2,1,8,6,457,4866000,271400,770,4,2,2,0,1,1,0,41,1,0,1,0,0
200500001641,5,1,4,1830,3,1,1,1,2,453,4855000,276000,770,3,2,2,0,1,1,56,36,1,0,1,0,0
200500001644,5,1,8,2045,3,1,1,2,7,165,4851200,292300,770,3,2,1,0,0,0,0,62,2,0,0,0,0
200500001645,5,1,10,1445,1,2,1,7,6,317,4860900,289000,770,3,2,2,0,1,1,0,65,1,0,1,0,0
200500001646,5,1,19,900,1,2,1,1,6,426,4858300,282100,770,3,2,2,0,2,1,0,60,7,0,1,0,0
200500001647,5,1,28,1800,2,1,1,1,6,211,4858200,298700,770,2,2,0,0,1,1,0,70,2,0,3,0,0
200500001649,5,1,5,845,1,1,1,2,2,254,4871200,276300,770,3,2,2,0,1,1,55,0,2,0,1,0,0
200500001650,5,1,19,1815,3,1,9,2,6,470,4875600,276600,770,3,2,0,0,1,0,0,0,2,0,1,0,0
200500001651,5,1,1,2130,3,1,1,1,2,142,4886800,293700,770,3,2,1,0,2,2,0,60,2,0,1,0,0
200500001652,5,1,16,1230,1,1,1,1,1,505,4892900,297200,770,3,2,2,0,1,1,0,50,1,0,1,0,0
200500001653,5,1,20,800,2,2,1,1,7,141,4886500,286300,770,3,0,0,0,1,0,0,0,1,6,1,0,0
200500001654,5,1,9,1630,1,1,1,1,3,182,4878000,328000,770,2,2,2,0,1,1,0,70,1,5,1,0,0
200500001655,5,1,25,1800,5,2,1,1,6,182,4876400,321800,770,9,2,0,0,1,1,0,53,1,0,1,3,0
200500001660,5,1,22,645,3,1,1,1,7,192,4871400,295100,770,3,2,2,0,0,1,0,70,1,0,1,0,0
200500001661,5,1,5,830,1,1,9,2,1,60,4827800,243300,770,3,2,0,0,2,3,0,60,2,0,1,0,0
200500001662,5,1,10,1100,1,1,1,1,3,99,4815300,269000,770,3,2,2,0,0,3,0,60,1,0,1,0,0
200500001663,5,1,19,815,2,1,1,9,1,261,4823700,290200,770,3,2,2,0,2,3,0,70,7,0,1,0,0
200500001664,5,1,19,700,4,1,1,1,1,95,4896000,274700,770,3,2,2,0,1,1,0,60,7,0,1,0,0
200500001666,5,1,28,1700,1,1,1,8,2,437,4903700,280600,770,3,2,2,0,1,1,0,70,9,0,1,0,1
200500001667,5,1,28,2330,5,2,1,1,6,515,4898500,278400,770,3,2,2,0,1,3,0,0,2,0,4,0,0
200500001669,5,1,15,1745,2,1,1,5,5,137,4870200,327800,770,2,2,2,0,2,1,0,0,2,0,1,0,1
200500001670,5,1,20,1130,1,2,1,1,1,347,4846600,322800,770,4,2,0,0,1,1,0,59,1,0,1,3,0
200500001673,5,1,30,1430,1,1,1,8,1,6,4781400,184500,450,3,2,0,0,1,1,0,61,2,0,1,0,0
200500001674,5,1,19,1600,1,1,1,1,3,333,4797800,205300,450,2,2,2,0,1,1,0,133,1,5,1,0,1
200500001675,5,1,11,730,2,1,1,1,6,155,4770100,274500,450,2,2,0,0,1,1,0,180,1,5,1,0,1
200500001677,5,1,17,845,1,2,1,1,6,155,4770000,263200,450,9,2,2,0,1,1,0,0,2,0,1,0,1
200500001679,5,1,13,1815,1,1,1,1,3,279,4796500,279700,450,3,2,2,0,1,1,35,70,0,5,1,0,0
200500001680,5,1,18,900,1,1,2,3,3,307,4810100,288500,450,4,2,2,0,1,1,0,0,1,0,1,0,1
200500001683,5,1,25,915,1,2,1,4,7,252,4819300,224900,450,3,2,2,0,1,0,0,70,7,0,1,0,0
200500001684,5,1,27,1030,1,2,1,1,1,252,4818400,224600,450,4,2,2,0,1,1,0,70,1,0,1,0,1
200500001687,5,1,6,1500,2,1,1,2,6,240,4715800,290500,180,3,2,0,0,1,2,0,47,1,0,1,0,0
200500001689,5,1,7,1845,5,2,1,1,3,241,4733300,283200,180,3,2,2,0,2,1,0,78,1,0,1,0,0
200500001690,5,1,8,1515,1,2,1,2,7,32,4744500,288400,180,3,2,2,0,1,2,0,0,2,0,1,0,0
200500001691,5,1,9,15,5,2,1,2,6,197,4673400,250500,180,9,2,2,0,1,1,0,77,2,0,1,0,0
200500001694,5,1,28,1730,2,1,1,2,1,62,4699000,299900,180,3,2,0,0,3,2,0,60,7,0,1,0,0
200500001695,5,1,9,30,3,1,1,2,6,15,4748000,243000,180,3,2,0,0,1,1,75,0,2,0,3,0,0
200500001697,5,1,12,1215,1,1,1,2,6,28,4713300,232000,180,2,2,2,0,0,1,0,130,2,0,3,0,1
200500001698,5,1,24,815,2,1,1,9,1,206,4719800,232700,180,3,2,2,0,1,2,0,70,7,0,1,0,1
200500001699,5,1,28,1400,1,1,1,8,5,111,4725600,268200,180,3,2,2,0,3,1,0,70,1,0,1,0,0
200500001700,5,1,4,1800,3,1,1,8,3,162,4830000,148000,280,3,2,2,0,1,1,0,55,1,5,1,0,0
200500001701,5,1,4,645,3,1,2,1,5,278,4847300,161100,280,2,2,3,0,1,1,0,111,2,0,1,0,1
200500001703,5,1,25,800,2,1,1,1,7,350,4845000,129000,280,2,2,3,0,1,1,0,0,1,0,3,0,1
200500001705,5,1,29,1545,1,1,1,8,1,208,4850600,173400,280,2,4,3,0,1,1,0,110,2,0,1,0,1
200500001706,5,1,3,1500,1,1,1,1,2,98,4875600,146000,280,2,3,4,0,1,1,80,71,1,5,1,0,0
200500001707,5,1,17,645,3,1,1,1,2,151,4870800,102000,280,3,2,2,0,0,1,0,77,2,0,1,0,1
200500001708,5,1,15,1900,5,2,1,1,6,386,4857300,125300,280,3,2,2,0,1,1,0,75,0,0,1,0,0
200500001709,5,1,4,1500,1,2,1,1,6,280,4832000,82000,280,2,2,2,0,1,1,0,70,1,0,1,0,0
200500001710,5,1,7,1815,3,1,1,2,3,280,4829000,85000,280,3,2,0,0,0,1,0,0,2,5,1,0,0
200500001711,5,1,13,1200,1,2,1,1,6,280,4831300,80100,280,9,2,2,0,1,1,0,60,1,0,1,0,0
200500001712,5,1,23,1230,1,1,1,1,6,354,4849000,107200,280,3,2,2,0,1,2,0,60,2,0,3,0,0
200500001713,5,1,17,1045,1,2,3,1,3,93,4698500,161000,360,4,2,2,0,1,1,0,80,1,0,1,0,0
200500001717,5,1,21,1445,1,2,1,3,7,6,4659500,152100,360,3,2,0,0,2,1,0,60,2,0,1,0,0
200500001718,5,1,28,2000,3,1,1,1,7,168,4653700,125200,360,3,2,2,0,2,3,0,58,1,0,1,0,0
200500001719,5,1,3,845,1,1,1,9,6,69,4706600,139900,360,3,2,2,0,1,1,0,59,7,0,1,0,0
200500001720,5,1,3,900,1,1,1,9,6,69,4706500,140300,360,3,2,2,0,1,1,0,59,7,0,3,0,0
200500001721,5,1,6,930,1,1,1,1,6,139,4679000,148000,360,3,2,2,0,1,1,0,60,2,0,3,0,0
200500001722,5,1,8,2030,3,1,1,2,6,198,4689000,148000,360,3,2,2,0,1,1,0,40,2,0,3,0,0
200500001723,5,1,16,1330,3,1,1,1,7,31,4690000,145000,360,3,2,2,0,1,1,0,58,1,0,3,0,0
200500001725,5,1,26,700,3,1,1,1,3,69,4710000,138000,360,3,2,2,0,1,1,0,52,1,0,1,0,0
200500001726,5,1,3,1100,2,1,1,1,3,229,4722500,160900,360,3,2,0,0,2,1,0,50,1,0,1,0,0
200500001727,5,1,3,2045,3,1,1,5,1,34,4725900,161000,360,3,2,2,0,1,1,0,50,1,0,1,0,0
200500001729,5,1,30,1515,1,1,1,8,6,228,4715600,151100,360,3,2,2,0,1,1,0,58,2,0,1,0,0
200500001730,5,1,2,2045,3,1,1,1,1,176,4662000,116000,360,3,2,0,0,1,1,0,48,1,0,1,0,0
200500001732,5,1,7,1500,1,2,1,1,5,46,4658700,198900,360,3,2,0,0,0,1,0,80,1,0,1,0,0
200500001733,5,1,6,1015,3,1,1,1,1,14,4648600,150700,360,3,2,0,0,1,3,0,36,1,0,1,0,0
200500001738,5,1,9,2030,3,1,1,1,1,171,4740800,92100,370,2,2,2,0,1,1,0,72,2,0,1,0,0
200500001741,5,1,1,1800,3,1,1,2,7,167,4754000,56000,370,3,2,0,0,1,1,0,0,2,0,3,0,0
200500001743,5,1,5,1815,2,1,1,2,1,172,4745800,69700,370,3,2,2,1,1,1,0,76,2,0,1,0,0
200500001744,5,1,8,630,3,1,1,1,6,276,4754700,85400,370,2,2,2,0,0,1,0,86,1,0,1,0,0
200500001745,5,1,12,1815,2,2,1,1,1,63,4760200,91500,370,4,2,2,0,1,1,0,80,1,0,1,0,0
200500001746,5,1,14,1300,1,1,2,1,3,42,4720300,5600,370,3,2,2,0,1,2,0,70,1,5,1,0,0
200500001747,5,1,19,645,3,1,1,1,5,248,4713000,15600,370,3,2,2,0,1,1,0,62,1,0,1,0,0
200500001748,5,1,16,1630,1,1,1,8,6,150,4738900,47300,370,3,2,2,0,0,1,60,0,1,0,0,0,1
200500001749,5,1,6,1400,1,1,1,1,7,278,4721100,61900,370,3,2,1,0,1,1,0,47,1,0,3,0,0
200500001751,5,1,31,1900,2,1,1,1,6,148,4699000,50000,370,3,2,1,0,1,2,0,52,1,0,3,0,0
200500001753,5,1,14,1530,1,1,1,1,6,282,4679400,81800,370,3,2,2,0,2,1,0,78,1,0,1,0,0
200500001754,5,1,21,2100,3,1,1,3,1,159,4730600,64700,370,3,2,2,2,1,1,0,92,2,0,1,0,0
200500001756,5,1,22,900,1,2,1,2,3,276,4761000,128000,410,6,2,2,0,1,1,0,40,2,0,1,0,0
200500001758,5,1,14,1700,1,2,1,1,1,220,4772300,161800,410,3,2,3,3,1,1,0,140,1,5,4,0,0
200500001759,5,1,21,1115,1,1,2,8,3,69,4766100,143200,410,2,2,2,0,1,1,0,70,2,0,1,0,0
200500001766,5,1,4,1100,1,1,1,1,6,259,4777000,96200,410,3,2,2,0,2,3,0,63,1,0,3,0,0
200500001767,5,1,7,1600,1,1,1,1,6,79,4774700,70100,410,4,2,2,0,4,3,0,42,2,0,3,0,0
200500001768,5,1,12,1630,1,2,1,1,2,149,4775900,86400,410,3,2,0,0,1,1,0,62,1,0,1,0,0
200500001769,5,1,22,1,3,2,1,2,7,1,4771800,96900,410,3,2,1,0,0,3,0,65,2,0,1,0,0