Num_Acc,an,mois,jour,hrmn,lum,agg,int,atm,col,com,lat,long,dep,catr,circ,nbv,vosp,prof,plan,lartpc,larrout,surf,infra,situ,env1,killed
200500001770,5,1,1,400,3,1,1,9,7,333,4489900,111900,330,4,2,1,0,1,1,0,43,2,0,3,0,1
200500001771,5,1,16,200,3,1,1,1,6,203,4520300,104700,330,3,2,2,0,1,1,0,56,1,0,1,0,0
200500001772,5,1,15,1630,1,1,1,1,7,88,4336300,527700,130,2,2,1,0,0,2,0,65,1,0,3,0,1
200500001774,5,1,3,2215,3,1,1,1,1,26,4914000,234500,950,3,2,2,0,1,2,60,60,1,0,1,0,0
200500001777,5,1,4,830,1,1,3,1,1,234,4480300,51600,330,3,1,0,1,1,1,0,30,1,0,1,0,0
200500001778,5,1,13,1130,1,1,9,1,1,85,4477400,44500,330,3,2,2,0,2,1,0,63,1,0,1,0,0
200500001779,5,1,21,745,2,1,1,2,3,88,4701100,319100,580,3,2,2,0,1,1,0,74,2,0,1,0,0
200500001780,5,1,4,815,1,1,1,1,1,40,4346300,554700,130,2,2,0,0,1,1,0,70,1,0,1,0,0
200500001781,5,1,13,2100,3,1,1,1,7,40,4344600,555500,130,2,2,2,0,1,3,0,0,1,0,3,0,1
200500001782,5,1,26,900,1,2,1,1,6,40,4345700,556400,130,4,0,0,0,0,0,0,0,1,0,1,0,0
200500001783,5,1,18,645,2,1,3,2,3,195,4413100,35100,470,3,2,0,0,1,1,0,56,2,0,1,0,0
200500001784,5,1,19,945,1,1,1,2,3,180,4414000,42000,470,3,2,2,0,1,1,0,75,2,0,1,0,0
200500001785,5,1,23,130,3,1,1,1,1,41,4421600,39000,470,3,2,2,0,1,4,0,72,1,0,1,0,1
200500001786,5,1,28,1515,1,1,1,9,6,133,4406400,55900,470,3,2,0,0,1,1,0,60,7,0,0,0,0
200500001792,5,1,17,1800,2,1,9,8,5,51,4812000,156000,350,2,0,0,0,2,2,70,0,2,0,1,0,0
200500001793,5,1,19,830,2,2,1,2,1,51,4811000,165000,350,4,4,1,0,1,1,30,0,2,2,1,0,0
200500001794,5,1,5,2115,3,1,1,8,1,349,4856000,197000,780,1,3,4,0,0,1,364,340,2,0,1,0,0
200500001795,5,1,9,730,3,1,1,8,6,319,4865000,216000,910,1,1,0,0,3,1,364,340,1,0,3,0,0
200500001797,5,1,4,645,2,1,1,1,3,193,4551100,483900,690,2,2,2,0,2,1,0,60,1,2,1,0,0
200500001798,5,1,4,715,3,1,1,5,4,252,4552900,469500,690,3,2,2,0,1,1,0,58,7,0,1,0,0
200500001800,5,1,31,430,3,1,1,2,6,189,4837500,433600,290,4,2,0,0,1,1,0,51,2,0,1,0,0
200500001801,5,1,1,1745,2,2,2,2,3,5,4475200,109400,330,4,2,0,0,1,1,0,50,2,0,1,0,0
200500001803,5,1,29,1945,3,2,1,8,6,5,4476200,107200,330,3,2,2,0,0,1,0,60,1,0,1,3,0
200500001805,5,1,24,415,3,1,1,1,2,520,4831800,263900,770,1,3,6,0,2,1,40,276,1,0,1,0,0
200500001814,5,1,8,1900,3,1,9,1,2,107,4938700,60500,270,1,3,2,0,1,1,10,70,1,0,1,0,0
200500001815,5,1,18,1045,1,1,1,4,4,656,4936800,46800,270,1,3,4,0,1,1,10,80,7,0,1,0,0
200500001826,5,1,19,1100,1,1,1,9,1,137,4807000,92000,530,2,2,0,0,1,1,0,0,2,0,1,0,0
200500001827,5,1,29,600,3,1,1,1,7,108,4808600,103600,530,3,3,2,0,1,3,203,0,2,3,3,0,0
200500001828,5,1,23,2000,3,1,9,1,3,371,4908200,252900,950,2,2,0,0,1,1,0,159,1,5,1,0,1
200500001829,5,1,19,1815,5,2,1,2,6,22,4367700,143000,310,4,2,2,0,1,1,0,65,2,0,1,0,0
200500001830,5,1,28,1330,1,1,1,4,3,116,4370200,145400,310,3,2,0,0,4,1,0,60,2,0,1,0,0
200500001835,5,1,11,1215,1,2,1,1,2,27,4733000,99300,370,3,2,2,0,0,1,0,55,1,0,1,0,0
200500001839,5,1,28,1530,1,1,1,1,3,32,4354700,537500,130,3,2,2,0,0,1,0,45,1,0,1,0,0
200500001842,5,1,13,1315,1,1,1,1,2,356,4381500,441600,300,3,2,0,0,1,1,0,70,1,0,1,0,0
200500001845,5,1,2,1115,1,1,1,2,2,182,4592800,610700,740,1,0,0,0,1,1,18,70,2,0,1,0,0
200500001846,5,1,14,900,3,1,1,1,7,217,4595200,611300,740,1,3,2,0,4,2,30,100,2,0,2,0,1
200500001847,5,1,18,2000,3,1,1,4,6,245,4597300,610600,740,1,0,0,0,1,1,20,70,7,0,1,0,0
200500001848,5,1,29,645,3,1,1,1,6,565,4526600,563700,380,1,1,0,0,1,3,20,35,1,0,1,0,0
200500001849,5,1,29,515,3,1,1,1,5,565,4526800,563400,380,1,1,0,0,1,1,20,35,1,0,1,0,0
200500001850,5,1,20,2200,4,2,1,1,1,295,4750500,140000,410,4,2,0,0,0,2,44,0,1,0,1,0,0
200500001851,5,1,28,1500,1,2,1,2,6,32,4753600,130800,410,3,2,2,0,1,1,0,75,2,0,1,3,0
200500001852,5,1,8,1015,1,1,1,9,3,27,4567400,477500,690,3,2,2,0,2,2,0,70,7,0,0,0,0
200500001856,5,1,26,1800,1,1,1,1,2,483,4339100,164200,640,1,1,0,0,2,2,8,32,1,0,1,0,0
200500001864,5,1,15,2015,3,1,1,8,6,168,4908200,337400,20,1,3,4,0,2,2,20,200,2,0,3,0,0
200500001867,5,1,21,2030,3,1,1,1,6,150,4375000,738000,60,1,0,3,0,2,2,10,120,2,0,1,0,0
200500001872,5,1,1,400,3,1,1,1,6,144,4265000,286000,660,1,3,2,0,1,1,0,70,1,0,2,0,0
200500001873,5,1,27,800,1,1,1,2,2,563,5048200,269400,620,1,3,2,0,1,1,30,110,2,0,1,0,0
200500001876,5,1,10,1815,3,1,1,1,3,418,4325900,203800,110,1,3,2,0,1,1,30,105,1,0,1,0,1
200500001877,5,1,18,1745,2,1,1,4,6,69,4319900,230100,110,1,3,2,0,1,1,15,104,9,0,2,0,0
200500001878,5,1,17,1415,1,1,1,1,2,68,4447600,5100,470,1,1,2,3,1,2,47,70,1,0,1,0,1
200500001879,5,1,2,1930,3,1,1,1,6,617,4863800,252700,910,4,2,2,0,1,2,0,60,2,0,3,0,0
200500001880,5,1,12,1315,1,2,1,1,7,225,4864000,247900,910,4,0,0,0,1,1,0,50,1,0,1,0,0
200500001881,5,1,12,1900,3,1,1,1,4,617,4866900,251300,910,2,3,4,0,1,1,0,72,1,0,1,0,0
200500001883,5,1,13,1100,1,1,1,1,6,208,4592900,673400,740,2,1,2,0,2,2,79,79,8,0,1,0,0
200500001899,5,1,19,1530,1,2,1,9,5,126,4521100,574600,380,3,2,2,0,2,1,0,80,2,0,1,0,0
200500001901,5,1,20,1745,1,1,9,2,1,466,4893900,195500,780,3,2,3,0,1,1,0,90,2,0,1,0,0
200500001902,5,1,10,1900,3,1,1,1,7,122,4472700,74700,330,3,2,2,0,1,1,0,0,1,0,3,0,0
200500001904,5,1,25,1100,1,1,1,6,3,195,4268100,278600,660,3,2,2,0,1,0,0,60,1,0,1,0,0
200500001908,5,1,20,1945,5,2,1,2,1,206,4854100,299400,220,3,2,0,0,1,1,68,0,2,0,1,0,0
200500001914,5,1,3,430,3,1,1,8,7,447,4919300,428700,510,3,2,0,0,1,1,0,69,2,0,3,0,0
200500001916,5,1,31,1530,1,1,2,1,3,571,4920600,425600,510,3,2,2,0,1,1,0,68,2,5,1,0,0
200500001917,5,1,11,1830,3,1,1,3,3,73,4837200,294700,220,3,2,0,0,0,1,0,70,2,0,1,0,0
200500001918,5,1,26,1215,1,1,1,1,1,171,4841200,282300,220,3,2,2,0,1,1,0,70,1,0,1,0,0
200500001919,5,1,4,1815,5,2,1,1,6,588,4353500,135600,310,3,3,2,0,1,1,36,94,1,0,1,0,0
200500001920,5,1,7,2200,5,1,1,1,7,588,4352500,134500,310,3,2,0,0,1,1,0,54,1,0,1,0,0
200500001923,5,1,17,845,2,1,1,8,1,353,4541900,475200,380,3,2,3,0,1,1,0,100,1,0,1,0,0
200500001925,5,1,16,115,5,2,1,1,1,137,4601300,617000,740,3,2,2,0,3,1,0,60,1,5,1,0,0
200500001926,5,1,20,300,5,2,1,1,6,11,4591000,615800,740,3,2,2,1,1,1,0,105,1,0,1,0,0
200500001930,5,1,15,1515,1,1,1,1,1,42,4906400,232800,950,9,4,0,1,0,1,0,0,1,0,5,0,0
200500001931,5,1,22,1500,1,2,1,1,6,176,4276600,176300,90,4,2,2,0,1,1,0,0,1,0,1,0,0
200500001932,5,1,23,1600,1,1,3,1,1,28,4280000,167500,90,2,3,2,0,0,2,0,61,1,5,1,0,0
200500001934,5,1,14,2015,3,1,1,1,4,424,4976000,148000,760,1,1,2,0,1,3,10,100,1,0,1,0,1
200500001935,5,1,12,1700,1,1,1,1,1,248,4759600,264500,560,3,2,2,0,1,1,0,60,1,0,1,0,0
200500001936,5,1,14,1615,1,1,1,3,1,84,4758300,269500,560,3,2,2,0,1,3,0,74,2,0,1,0,0
200500001940,5,1,4,1000,1,1,1,1,2,337,4355600,384000,340,2,3,1,0,0,1,50,70,1,0,1,0,0
200500001941,5,1,27,745,2,1,1,1,1,333,4349600,377500,340,2,2,2,0,0,1,0,70,1,0,1,0,0
200500001944,5,1,5,830,1,1,1,1,3,51,4356100,516700,130,2,2,4,0,2,1,0,140,1,0,1,0,0
200500001945,5,1,21,2200,3,1,1,1,1,51,4356300,516300,130,2,2,4,0,2,2,0,140,1,0,1,0,0
200500001949,5,1,10,1645,2,2,1,1,3,124,4852600,766600,670,4,2,2,1,1,1,0,70,1,0,1,0,0
200500001950,5,1,13,1745,3,1,1,1,1,49,4851400,761400,670,3,2,1,0,1,1,0,56,1,0,1,0,0
200500001951,5,1,18,800,2,1,1,2,3,152,4852500,766600,670,3,2,3,0,0,1,0,137,2,3,1,0,0
200500001954,5,1,27,1845,2,2,1,1,3,471,4863300,772900,670,3,2,4,0,1,1,0,120,1,5,1,0,0
200500001955,5,1,8,1600,1,1,1,1,6,238,4323400,5400,640,1,1,2,0,1,1,10,75,1,0,1,0,0
200500001964,5,1,5,1845,5,2,1,2,3,206,4804900,166100,350,3,2,0,0,1,1,0,0,2,5,1,0,0
200500001968,5,1,21,1100,1,2,1,1,6,91,4362200,530000,130,3,2,2,0,0,1,0,0,1,0,1,0,0
200500001969,5,1,30,1900,3,1,1,1,6,91,4362900,529400,130,2,2,0,0,2,1,0,0,1,0,1,0,0
200500001970,5,1,5,1800,3,1,1,1,6,261,4330200,118100,310,1,3,2,0,1,1,20,60,1,0,1,0,0
200500001972,5,1,6,1430,1,1,1,1,6,533,4949500,26400,760,9,1,1,0,1,3,0,77,1,3,1,0,0
200500001973,5,1,24,1900,3,1,9,4,2,489,4947400,27400,760,9,3,2,0,2,1,0,68,5,0,1,0,0
200500001975,5,1,5,1900,3,1,1,1,5,311,4615800,637300,740,3,2,2,0,0,1,0,0,1,0,1,0,0
200500001976,5,1,8,1100,1,2,1,1,6,164,4609500,651000,740,3,2,2,0,0,1,0,69,1,0,1,0,0
200500001977,5,1,22,900,4,1,1,2,7,164,4607600,647600,740,3,2,2,0,1,3,0,70,2,0,3,0,1
200500001978,5,1,26,630,3,1,1,8,3,241,4613000,649900,740,3,2,0,0,1,1,0,60,1,0,1,0,1
200500001980,5,1,24,1930,3,1,1,8,5,131,4985100,239500,800,1,3,2,0,1,1,10,72,2,0,1,0,0
200500001989,5,1,3,1530,1,1,9,1,3,182,4631900,141900,870,6,0,0,0,1,2,0,0,1,0,0,0,0
200500001993,5,1,14,1630,1,1,1,1,2,202,4680400,164500,360,1,3,4,0,1,2,15,120,1,0,1,0,0
200500002004,5,1,25,2300,3,1,1,1,2,216,4865500,418700,100,2,2,0,0,1,1,0,70,1,0,1,0,0
200500002005,5,1,7,1930,3,1,1,1,7,321,4782400,724900,680,3,2,2,0,1,1,0,66,1,0,3,0,1
200500002010,5,1,6,1145,1,1,1,1,6,362,4952500,435400,80,2,3,2,0,1,2,10,85,1,0,3,0,0
200500002011,5,1,26,615,3,1,1,1,6,36,4384700,483800,130,3,2,0,0,1,1,0,73,1,0,3,0,0
200500002013,5,1,7,1845,5,2,1,1,1,711,5006400,137400,760,3,2,2,0,1,1,0,71,1,0,1,0,0
200500002015,5,1,13,1845,5,2,1,1,6,56,4366800,138100,310,4,2,2,0,1,1,0,60,1,0,1,0,0
200500002017,5,1,11,500,3,1,1,1,6,175,4774600,289300,560,3,2,2,0,1,1,0,53,2,0,1,0,0
200500002018,5,1,26,1500,1,1,3,1,3,97,4776300,313300,560,2,1,1,0,1,1,0,36,1,3,0,0,0
200500006709,5,1,13,1815,3,2,1,5,6,143,4787000,47000,720,3,2,2,0,1,1,73,0,1,0,1,0,1
200500010462,5,2,18,2145,3,1,1,2,6,25,5059500,282500,590,3,2,1,0,1,1,30,70,2,5,1,0,0
200500010463,5,2,10,1245,1,1,1,3,3,663,5089900,246200,590,3,0,2,0,4,1,0,70,2,0,1,0,0
200500010466,5,2,16,1845,3,2,1,1,1,238,5051700,349800,590,4,2,0,0,1,2,0,37,1,0,1,0,0
200500010467,5,2,28,545,5,2,1,1,6,418,5050300,345100,590,3,2,2,0,1,1,0,0,1,0,1,0,1
200500010471,5,2,22,1315,1,2,2,1,3,139,5012100,341200,590,4,2,2,0,1,1,0,50,1,0,1,0,0
200500010474,5,2,22,1630,1,2,1,1,1,626,5028900,361800,590,4,2,0,0,1,3,0,55,1,0,1,0,0
200500010476,5,2,20,1930,3,1,1,4,6,861,5036900,279600,620,2,2,3,0,2,1,0,80,2,0,3,0,0
200500010477,5,2,25,1,3,1,1,4,6,801,5038100,274200,620,3,2,0,0,1,3,0,72,5,0,3,0,1
200500010478,5,2,3,1715,1,2,1,1,6,709,5020600,295600,620,3,3,2,0,1,0,0,61,2,0,1,0,0
200500010479,5,2,16,1015,1,1,2,1,1,338,5064600,282000,620,3,0,2,0,1,2,0,66,1,0,1,0,0
200500010483,5,2,11,1500,1,2,1,2,3,329,5082700,178300,620,4,2,0,0,3,2,0,0,2,5,1,0,0
200500010486,5,2,6,1915,2,1,1,1,1,443,5044700,264500,620,3,2,0,0,1,1,0,40,1,0,1,0,0
200500010489,5,2,25,1500,1,2,1,1,6,390,5046300,162600,620,3,2,0,0,1,4,0,0,1,0,4,0,0
200500010490,5,2,6,1700,1,1,1,8,3,318,5054200,162500,620,3,2,0,1,1,1,0,68,1,0,1,0,0
200500010491,5,2,20,1845,2,1,2,2,3,201,5057300,160500,620,3,2,3,1,1,1,0,120,2,5,1,0,0
200500010492,5,2,19,2145,3,1,1,1,6,134,5055500,188800,620,3,2,2,0,0,1,0,31,1,0,3,0,1
200500010496,5,2,25,1530,1,1,1,1,7,325,5058800,209800,620,3,2,2,2,2,1,0,102,1,0,3,0,0
200500010497,5,2,9,645,5,1,1,1,6,794,5072600,217200,620,2,2,2,0,0,1,0,43,1,0,1,0,0
200500010498,5,2,13,100,3,2,1,1,6,580,5040500,245000,620,3,2,2,0,1,2,0,59,0,0,1,0,0
200500010500,5,2,9,1915,5,2,1,2,6,785,5035400,255900,620,3,2,2,0,4,2,0,69,2,0,4,3,0
200500010501,5,2,11,1,3,1,1,2,6,415,5033700,264100,620,2,2,2,0,2,1,0,89,2,0,1,0,0
200500010503,5,2,7,1745,1,2,1,1,1,154,5024700,226300,620,3,2,0,0,1,1,0,62,1,0,1,0,0
200500010504,5,2,14,2300,3,1,1,4,7,805,5047100,233100,620,3,2,0,0,1,2,0,48,2,0,3,0,0
200500010511,5,2,26,500,1,2,1,5,6,485,4977900,217400,800,3,2,2,0,1,2,0,60,1,0,1,0,0
200500010513,5,2,14,1815,2,1,1,1,1,634,4995100,244600,800,3,3,2,0,4,2,0,52,1,0,1,0,0
200500010514,5,2,26,45,3,1,1,8,7,20,4995000,237000,800,3,2,2,0,4,3,0,63,1,0,3,0,0
200500010515,5,2,8,1330,1,1,1,1,6,578,5004000,177000,800,3,2,2,0,1,2,0,0,1,0,3,0,0
200500010516,5,2,16,1400,1,2,9,1,6,360,5007500,157900,800,9,2,0,0,0,1,70,0,1,6,0,3,0
200500010518,5,2,19,2000,3,1,1,1,6,827,5005500,153300,800,3,2,0,0,1,1,0,70,1,0,1,0,1
200500010519,5,2,10,1630,1,2,1,1,6,333,5034000,155000,800,9,2,2,0,1,1,10,99,1,0,1,0,0
200500010520,5,2,19,1630,1,2,1,1,3,688,5027800,166500,800,9,2,0,0,1,1,0,70,1,0,1,0,0
200500010522,5,2,17,645,5,2,1,8,6,464,5016100,155500,800,3,2,2,0,1,3,0,70,2,0,1,0,0
200500010526,5,2,19,1845,2,1,1,1,6,595,4974000,252000,800,3,2,2,0,0,2,0,74,1,0,0,0,0
200500010531,5,2,21,815,1,1,1,8,1,136,4996800,270000,800,3,2,0,0,1,1,0,60,7,0,1,0,0
200500010532,5,2,23,1200,1,2,1,1,6,579,4973200,307400,800,3,2,2,0,1,1,0,65,1,0,1,0,0
200500010539,5,2,26,200,5,2,1,1,6,602,4950300,345100,20,3,2,2,0,0,2,10,70,1,0,1,0,0
200500010541,5,2,17,1830,3,1,1,1,1,806,4919300,347700,20,3,2,1,0,2,4,0,33,1,0,1,0,0
200500010544,5,2,10,2100,5,2,1,1,6,575,4984600,349900,20,3,2,0,0,1,1,0,48,1,0,3,0,0
200500010545,5,2,7,1430,1,1,1,1,3,804,4930300,334200,20,3,2,0,0,0,2,0,77,1,0,1,0,1
200500010546,5,2,27,1600,1,2,1,1,1,770,4936100,329400,20,9,2,1,0,1,4,54,54,1,0,1,0,0
200500010547,5,2,5,200,3,1,1,1,6,232,4923100,297600,20,2,2,2,0,1,1,0,75,1,0,1,0,1
200500010548,5,2,11,1330,1,1,1,1,6,232,4924500,302400,20,2,2,0,0,1,1,0,75,1,0,3,0,0
200500010549,5,2,19,1130,1,1,1,1,3,810,4921600,310500,20,3,2,2,0,0,1,0,73,1,0,1,0,1
200500010550,5,2,19,1300,1,2,3,8,3,438,4928000,321400,20,3,2,2,0,1,4,0,59,8,0,1,0,0
200500010551,5,2,27,1330,1,1,1,1,6,673,4943100,312200,20,4,0,0,0,1,0,0,0,1,0,1,0,0
200500010552,5,2,28,2345,3,1,1,1,2,568,4921800,310500,20,3,2,2,0,1,1,0,50,1,0,1,0,0
200500010553,5,2,2,1430,1,1,1,2,3,723,4971300,408800,20,3,2,0,0,1,1,0,70,2,0,1,0,0
200500010554,5,2,17,730,1,1,1,9,7,200,4966200,396400,20,3,2,2,0,1,0,0,53,7,0,1,0,0
200500010555,5,2,26,300,3,2,1,1,6,444,4978600,381000,20,2,2,2,0,1,2,0,78,1,0,3,0,0
200500010556,5,2,9,1830,3,1,1,1,2,681,4980200,384000,20,2,2,2,0,2,1,0,73,2,0,1,0,0
200500010558,5,2,11,1830,5,2,1,3,6,381,4992200,408200,20,9,2,0,0,2,1,0,80,2,0,1,0,0
200500010559,5,2,7,930,1,1,1,5,4,29,4938900,200300,600,3,2,0,0,1,1,0,70,2,0,1,0,0
200500010561,5,2,13,2300,3,1,1,2,3,591,4942400,195900,600,2,2,0,0,3,1,0,67,2,0,1,0,0
200500010562,5,2,8,915,1,1,1,8,6,528,4924800,184100,600,3,2,0,0,2,2,0,53,7,0,3,0,0
200500010563,5,2,11,2230,3,1,1,2,1,143,4928400,185400,600,3,2,2,0,2,3,0,73,2,0,1,0,1
200500010565,5,2,19,845,1,1,1,2,7,532,4929100,209200,600,3,2,0,0,1,2,0,75,2,0,1,0,0
200500010567,5,2,19,1830,3,1,1,1,1,286,4966300,195900,600,3,2,0,0,1,0,0,0,1,0,1,0,0
200500010572,5,2,4,1400,1,1,1,1,3,486,4965000,231200,600,3,2,0,0,2,1,0,60,1,0,1,0,0
200500010573,5,2,7,815,2,1,1,5,1,692,4964000,221800,600,3,2,2,0,1,1,0,58,7,0,1,0,0
200500010574,5,2,10,1145,1,2,1,1,1,104,4963600,229600,600,9,0,2,0,0,0,0,70,0,0,0,0,0
200500010575,5,2,11,1700,1,1,2,1,5,253,4959000,214000,600,3,2,0,0,1,1,70,40,2,5,1,0,1
200500010577,5,2,7,1845,5,1,1,1,4,451,4935300,243000,600,3,3,0,0,0,1,0,51,1,0,1,0,0
200500010580,5,2,21,1745,1,1,1,1,6,160,4961000,272000,600,2,2,0,0,0,1,0,70,1,0,1,0,0
200500010581,5,2,2,100,5,2,1,2,6,471,4957100,302700,600,3,2,0,0,1,1,0,58,2,0,4,0,0
200500010582,5,2,6,2130,5,2,1,1,6,506,4956800,298900,600,4,2,0,0,0,1,0,50,1,0,4,3,0
200500010583,5,2,13,2045,3,1,1,2,6,612,4924400,258600,600,2,2,2,0,1,1,0,78,2,0,3,0,0
200500010586,5,2,18,1915,5,2,1,1,2,346,4916500,244600,600,2,2,0,0,1,1,0,41,1,0,1,0,0
200500010588,5,2,23,1630,1,1,6,1,6,594,4948700,101500,760,3,1,2,0,1,2,0,90,1,5,1,0,0
200500010589,5,2,21,815,1,1,1,4,3,220,4987000,133200,760,3,2,2,0,1,1,0,57,5,0,1,0,0
200500010590,5,2,6,1615,1,1,1,1,6,75,4978200,105000,760,2,3,4,0,1,1,0,170,1,3,2,0,0
200500010591,5,2,22,1745,1,1,3,1,3,51,4979100,98900,760,3,2,0,0,0,1,0,62,1,0,1,0,0
200500010592,5,2,7,1515,1,1,1,7,3,204,4972600,114500,760,3,2,2,0,1,1,0,70,1,0,1,0,1
200500010593,5,2,4,1315,1,2,1,1,6,448,4941500,123500,760,3,2,2,0,0,1,0,50,1,0,0,0,0
200500010594,5,2,13,45,3,1,1,2,3,69,4937400,112900,760,2,2,2,0,1,1,0,100,2,0,1,0,0
200500010598,5,2,6,100,3,1,1,8,1,115,4959300,54800,760,2,2,0,0,1,1,0,110,2,0,1,0,0
200500010600,5,2,3,1830,3,2,1,1,7,303,4955100,34100,760,4,2,0,0,2,1,0,25,1,0,1,0,0
200500010601,5,2,22,1745,1,1,1,1,3,563,4953300,32400,760,4,2,0,0,1,3,0,50,1,0,1,0,0
200500010602,5,2,18,1545,1,1,1,1,3,454,4975000,156100,760,2,2,1,0,2,2,0,78,0,0,1,0,1
200500010603,5,2,3,2030,3,1,1,1,6,758,4960800,75600,760,3,2,3,0,4,2,0,108,2,0,1,0,0
200500010604,5,2,28,2030,4,2,1,1,6,495,4956600,95300,760,3,2,3,0,1,1,0,80,1,5,1,0,1
200500010605,5,2,11,1915,5,2,2,2,3,294,4983500,90200,760,3,2,2,0,1,1,0,60,2,5,1,0,0
200500010606,5,2,10,1900,3,1,1,1,1,325,4966100,83500,760,3,2,2,0,1,1,0,64,1,0,1,0,0
200500010615,5,2,7,800,1,1,1,5,1,438,4877100,122100,270,2,2,0,0,1,1,0,109,1,0,1,0,0
200500010616,5,2,3,1230,1,1,1,1,7,679,4879800,99300,270,3,2,2,0,0,1,0,67,1,0,3,0,1
200500010617,5,2,11,1300,1,1,1,1,6,462,4909600,43000,270,3,2,0,0,1,1,0,70,1,0,1,0,0
200500010618,5,2,13,1315,1,1,1,4,6,629,4914700,42200,270,2,0,2,0,1,0,0,0,5,0,1,0,0
200500010619,5,2,13,545,3,1,2,2,1,210,4911900,85000,270,3,2,2,0,0,1,0,57,2,0,0,0,0
200500010624,5,2,6,1930,5,2,1,1,6,469,4930700,115500,270,3,2,2,0,1,1,0,80,1,0,1,0,0
200500010625,5,2,23,800,1,2,1,1,3,8,4932300,117100,270,4,0,2,0,1,1,0,50,1,0,1,0,0
200500010626,5,2,3,1330,1,2,1,1,1,616,4927100,98400,270,3,2,2,0,1,1,0,0,1,0,1,0,0
200500010628,5,2,13,915,1,1,1,4,2,92,4928600,83600,270,2,2,0,0,1,1,0,74,7,0,1,0,0
200500010630,5,2,21,645,5,1,1,9,6,105,4930200,87800,270,3,2,2,0,0,1,0,60,7,0,4,0,0
200500010632,5,2,3,1815,1,1,1,1,1,47,4805300,173100,350,4,2,0,0,1,1,0,50,1,0,1,0,0
200500010635,5,2,10,730,2,2,1,1,1,79,4821700,162500,350,3,2,2,0,0,2,0,55,1,5,0,0,0
200500010636,5,2,23,30,3,1,1,9,7,24,4819300,162800,350,3,2,0,0,0,1,0,70,9,0,3,0,0
200500010637,5,2,6,1045,3,1,1,1,7,180,4829000,195400,350,3,2,0,0,0,1,0,60,1,0,3,0,0
200500010639,5,2,20,1500,1,2,6,1,2,37,4805900,186900,350,3,2,2,0,1,1,0,60,1,5,1,0,0
200500010641,5,2,14,1845,5,2,1,8,6,121,4825100,146800,350,3,2,2,0,1,1,0,60,2,0,1,0,0
200500010643,5,2,18,1615,1,1,2,1,3,145,4772300,187200,350,3,2,2,0,1,1,0,0,1,5,1,0,0
200500010644,5,2,24,445,3,1,1,9,6,106,4782000,159000,350,3,2,0,0,1,1,0,0,7,0,0,0,0
200500010655,5,2,24,1400,1,2,1,1,6,64,4823100,317900,220,2,0,2,0,1,1,0,70,1,0,1,0,0
200500010656,5,2,12,1045,1,1,1,2,3,326,4844000,242600,220,3,2,2,0,1,1,0,68,2,5,1,0,0
200500010657,5,2,20,1645,1,2,1,1,6,93,4847500,251200,220,9,2,2,0,2,1,0,68,1,0,1,0,0
200500010658,5,2,21,2000,5,2,1,4,1,219,4828300,270400,220,3,2,2,0,2,3,0,73,5,0,1,0,0
200500010659,5,2,11,1615,1,2,1,1,3,279,4819500,285000,220,2,2,2,0,0,2,0,87,1,0,1,0,0
200500010660,5,2,13,1815,2,1,1,2,5,136,4818600,281400,220,2,0,0,0,1,1,0,98,2,0,1,0,1
200500010661,5,2,21,530,3,1,1,9,5,136,4814800,277600,220,3,3,0,0,1,1,20,69,7,0,1,0,0
200500010662,5,2,28,1915,2,1,1,1,1,173,4855000,259500,220,4,2,2,0,1,1,0,42,1,0,1,0,0
200500010664,5,2,12,2245,3,1,1,1,6,20,4834600,220300,220,3,2,0,0,0,1,0,70,1,0,3,0,0
200500010666,5,2,4,1100,1,1,1,1,3,292,4823900,256000,220,3,2,2,0,2,1,0,25,1,0,1,0,0
200500010667,5,2,11,2100,3,1,1,1,6,297,4827600,254500,220,4,2,0,0,2,4,0,0,1,0,1,0,0
200500010668,5,2,12,645,3,1,1,6,6,254,4866200,333600,220,3,3,4,0,1,1,33,70,2,0,1,0,1
200500010669,5,2,28,1500,1,1,3,1,1,28,4878000,331000,220,3,2,2,0,1,1,0,90,1,5,1,0,0
200500010670,5,2,12,1530,1,1,1,1,3,215,4800200,437100,290,3,2,0,0,1,1,73,0,1,0,1,0,0
200500010671,5,2,24,1600,1,2,6,1,3,58,4789300,401000,290,3,2,0,0,1,0,0,95,1,0,1,0,0
200500010673,5,2,10,2100,3,1,1,2,4,37,4791100,419500,290,3,1,2,0,1,1,70,0,2,0,1,0,0
200500010675,5,2,22,1900,3,2,1,1,6,158,4780100,436700,290,4,0,1,0,1,1,0,57,1,0,3,0,0
200500010676,5,2,26,1200,1,2,1,1,6,235,4841200,439000,290,9,1,1,0,4,2,0,60,1,0,1,0,0
200500010677,5,2,3,1445,1,2,9,1,6,103,4845600,424900,290,3,2,0,0,1,1,0,60,1,0,1,0,0
200500010681,5,2,19,1345,1,1,1,1,5,176,4812500,422400,290,3,2,0,0,1,1,0,70,1,0,1,0,0
200500010682,5,2,23,1000,1,2,1,1,6,162,4823100,397100,290,9,2,0,0,0,1,0,50,1,0,1,0,0
200500010683,5,2,9,215,3,1,1,1,6,280,4826400,435900,290,3,2,2,0,1,2,0,66,1,0,1,0,0