Num_Acc,an,mois,jour,hrmn,lum,agg,int,atm,col,com,lat,long,dep,catr,circ,nbv,vosp,prof,plan,lartpc,larrout,surf,infra,situ,env1,killed
200500010684,5,2,11,1400,1,1,1,8,1,1,4826700,430600,290,3,2,0,0,1,1,67,0,2,0,1,0,0
200500010688,5,2,18,1745,1,1,1,1,1,157,4778000,271000,560,3,0,2,0,1,3,0,55,1,0,1,0,0
200500010690,5,2,13,130,3,2,1,1,1,155,4746800,248500,560,4,2,0,0,1,1,0,62,1,5,1,0,0
200500010691,5,2,5,2215,3,1,1,2,7,184,4765400,247200,560,3,2,2,0,1,1,0,55,2,0,1,0,1
200500010694,5,2,25,215,3,2,1,1,7,186,4748600,312800,560,3,2,2,0,1,1,0,44,1,0,1,0,1
200500010696,5,2,3,1145,1,2,1,8,3,204,4791400,272200,560,3,2,2,0,2,1,0,58,1,0,1,0,0
200500010698,5,2,19,2300,3,1,1,1,6,201,4808300,354200,560,3,2,2,0,4,1,0,0,1,0,1,0,1
200500010699,5,2,2,1515,1,1,2,1,3,15,4925200,40200,140,3,2,2,0,1,1,0,68,1,5,1,0,0
200500010703,5,2,1,30,3,1,1,1,6,445,4919000,88000,140,3,2,2,0,1,1,0,60,1,0,3,0,0
200500010704,5,2,18,800,1,2,1,1,6,342,4931400,111900,140,3,2,2,0,1,1,0,71,1,0,1,0,0
200500010705,5,2,20,2130,3,1,1,4,1,281,4933500,89400,140,2,3,2,0,1,1,0,81,5,0,1,0,0
200500010706,5,2,25,2145,3,1,1,1,7,258,4889200,17400,140,3,2,2,0,0,2,0,90,1,0,3,0,0
200500010710,5,2,17,2130,3,1,1,2,6,75,4911000,9000,140,3,2,2,0,1,2,40,0,1,0,3,0,0
200500010711,5,2,5,1,3,1,1,1,2,403,4914000,37000,140,2,2,0,0,1,1,0,104,1,0,1,0,0
200500010714,5,2,7,1100,1,1,1,1,1,131,4931600,14400,140,2,2,2,0,1,1,0,60,1,4,1,0,1
200500010715,5,2,22,1430,1,1,1,1,1,302,4928100,7600,140,4,2,0,0,1,1,0,25,6,0,1,0,0
200500010716,5,2,27,1430,1,1,1,9,7,578,4933300,24400,140,3,2,2,0,1,2,0,58,7,0,3,0,0
200500010723,5,2,1,1330,1,1,1,1,4,239,4910700,119300,500,3,2,2,0,2,1,0,70,1,0,1,0,0
200500010724,5,2,27,1030,1,1,1,9,7,239,4910900,114900,500,3,2,2,0,1,1,0,70,7,0,1,0,1
200500010732,5,2,22,2245,3,1,1,4,6,425,4952800,168200,500,3,2,2,0,1,1,0,56,5,0,1,0,0
200500010733,5,2,5,1930,5,1,1,2,7,509,4940100,123200,500,3,2,0,0,1,1,0,53,2,0,3,0,0
200500010734,5,2,13,830,1,1,1,8,6,49,4936600,161800,500,3,2,0,0,0,2,40,0,2,0,0,0,0
200500010736,5,2,1,1530,1,1,9,1,5,87,4956400,156700,500,2,3,2,0,2,2,0,70,1,0,1,0,0
200500010740,5,2,8,1630,1,1,2,7,3,215,4909700,159900,500,3,2,2,0,1,1,0,48,1,5,1,0,0
200500010741,5,2,16,1830,2,1,2,1,3,81,4886500,155300,500,3,2,0,0,1,1,0,0,1,0,1,0,0
200500010742,5,2,17,945,1,2,2,1,1,109,4892600,143400,500,3,0,0,0,1,1,0,52,1,0,1,0,0
200500010743,5,2,21,1415,1,1,1,4,5,419,4896400,147500,500,3,2,2,0,2,1,0,75,2,0,1,0,1
200500010744,5,2,15,1715,2,1,1,2,1,195,4875900,98400,500,3,2,2,0,2,3,0,51,2,0,1,0,0
200500010748,5,2,1,1345,1,1,1,1,2,298,4877100,5300,610,2,2,2,0,3,1,0,73,1,0,1,0,1
200500010751,5,2,11,1230,1,2,1,8,3,275,4870400,28400,610,2,2,0,0,0,1,0,72,2,0,1,0,0
200500010757,5,2,12,1230,1,2,3,2,3,486,4877100,72500,610,3,2,2,0,1,1,0,67,2,0,1,0,0
200500010758,5,2,5,300,5,2,1,1,6,38,4837700,57100,610,3,2,0,0,1,3,0,60,1,0,1,0,1
200500010760,5,2,5,1915,3,1,1,1,1,140,4871700,66500,610,3,2,0,0,1,1,0,64,1,0,1,0,1
200500010761,5,2,8,600,3,1,6,5,3,456,4876300,68600,610,2,2,2,0,1,2,0,77,2,5,1,0,1
200500010762,5,2,4,1645,1,1,1,1,1,26,4729900,147200,440,3,2,2,0,1,1,0,70,1,0,1,0,0
200500010766,5,2,11,1645,1,1,1,1,3,219,4757800,107200,440,3,2,2,0,1,0,0,0,1,5,1,0,0
200500010767,5,2,19,1545,1,2,2,1,3,180,4753000,118000,440,9,2,0,0,1,1,0,0,1,0,1,0,0
200500010768,5,2,25,845,1,1,2,8,3,96,4741200,126600,440,3,2,2,0,1,1,0,78,2,0,0,0,0
200500010769,5,2,26,1815,1,1,1,1,5,96,4742800,122700,440,3,2,0,0,1,1,0,60,1,0,1,0,0
200500010770,5,2,24,1030,1,1,1,1,2,108,4713200,130800,440,3,2,2,0,1,1,56,0,1,0,1,0,0
200500010771,5,2,21,1330,1,1,1,1,3,28,4733300,139300,440,4,2,0,0,1,1,0,48,1,0,1,0,0
200500010774,5,2,25,815,1,1,1,1,3,112,4779200,134800,440,3,3,2,0,3,2,15,137,1,5,3,0,0
200500010775,5,2,2,1600,1,1,3,1,3,73,4741500,169800,440,3,2,2,0,1,1,0,50,1,0,1,0,0
200500010776,5,2,2,1645,1,2,1,1,7,113,4756700,162800,440,4,2,0,0,4,3,45,0,1,0,1,0,0
200500010777,5,2,16,745,1,1,1,1,5,179,4738000,145000,440,3,2,2,0,3,1,0,66,1,0,1,0,0
200500010779,5,2,20,1430,1,1,9,1,7,149,4752600,154800,440,3,2,1,0,2,2,0,0,1,0,1,0,0
200500010780,5,2,8,1930,5,2,1,1,3,120,4720600,175700,440,9,2,1,0,0,0,0,50,1,0,1,0,0
200500010781,5,2,10,745,2,1,1,5,5,21,4703800,192700,440,3,2,2,0,0,1,0,75,1,0,1,0,0
200500010782,5,2,11,1245,1,2,3,2,3,131,4712300,210700,440,4,1,0,0,1,1,0,63,2,0,1,3,0
200500010783,5,2,4,1830,5,2,2,1,3,47,4721800,172700,440,3,2,2,0,1,1,0,83,1,0,1,0,1
200500010785,5,2,4,1200,1,1,1,1,2,52,4734500,201300,440,3,2,0,0,1,1,0,63,1,0,1,0,0
200500010788,5,2,7,1845,3,1,1,1,3,137,4739200,200200,440,3,2,2,0,3,1,0,55,1,0,1,0,0
200500010789,5,2,2,715,5,2,1,2,6,214,4752700,60800,490,9,2,2,0,1,1,31,61,2,0,1,0,0
200500010790,5,2,2,1530,3,2,1,1,6,35,4744100,60900,490,3,2,0,0,2,1,0,60,0,0,1,0,0
200500010792,5,2,6,130,5,1,1,1,3,194,4747200,30200,490,2,2,2,0,1,1,0,67,1,5,1,0,0
200500010794,5,2,11,45,3,1,6,1,7,22,4733900,58800,490,2,2,1,0,0,3,0,70,1,5,1,0,0
200500010795,5,2,28,1500,1,2,2,1,3,86,4727400,45100,490,3,2,2,0,1,1,0,60,1,0,1,0,0
200500010796,5,2,9,1230,1,2,1,7,2,32,4742600,40100,490,4,2,2,0,1,1,0,50,1,0,1,0,0
200500010797,5,2,18,2100,3,1,1,2,7,289,4747000,68000,490,3,2,1,0,2,2,0,60,2,3,1,0,0
200500010798,5,2,19,1015,1,2,1,7,3,333,4758000,35000,490,2,2,2,0,2,0,0,71,1,0,1,0,0
200500010799,5,2,12,1715,1,1,3,1,3,27,4712400,93300,490,3,2,2,0,1,1,0,70,1,0,1,0,0
200500010800,5,2,26,1145,1,2,1,1,3,285,4710700,112300,490,3,0,2,0,0,1,0,60,1,0,0,0,0
200500010803,5,2,23,1730,2,1,1,1,3,176,4764700,76400,490,4,2,0,0,1,1,0,53,2,0,1,0,0
200500010804,5,2,6,1100,1,1,1,1,5,347,4762700,45900,490,3,2,2,0,1,1,0,0,1,0,1,0,0
200500010807,5,2,17,1330,1,1,1,1,5,213,4790900,25700,720,3,2,2,0,1,0,0,0,1,0,1,0,0
200500010808,5,2,2,1430,1,1,2,8,3,125,4793100,65600,720,3,2,1,0,1,1,0,48,1,0,1,0,0
200500010809,5,2,3,230,5,2,1,1,6,42,4797900,55100,720,2,2,0,0,1,1,0,75,1,0,4,0,0
200500010811,5,2,1,1430,1,1,9,1,6,386,4801000,27000,720,4,2,2,0,1,2,0,60,1,0,3,0,0
200500010813,5,2,13,1915,3,1,1,2,5,54,4801300,32800,720,2,2,0,0,3,1,0,73,2,0,1,0,0
200500010814,5,2,8,2145,3,1,1,1,6,359,4814100,37600,720,3,2,2,0,0,1,0,71,1,0,1,0,1
200500010817,5,2,13,215,5,2,1,1,6,346,4789400,4400,720,4,2,2,0,0,1,60,0,1,0,1,0,0
200500010819,5,2,5,1930,2,1,1,2,7,51,4782000,8000,720,3,2,2,0,1,1,0,56,2,0,3,0,0
200500010820,5,2,23,1715,2,1,1,4,6,39,4817000,42000,720,3,2,2,0,1,3,0,54,2,0,3,0,0
200500010821,5,2,24,1115,1,1,9,1,3,375,4813000,61000,720,2,2,0,0,1,0,0,0,2,0,1,0,0
200500010822,5,2,12,1215,1,1,1,2,2,29,4822400,11400,720,3,2,2,0,1,1,0,60,2,0,1,0,0
200500010827,5,2,10,530,3,1,1,5,5,300,4671000,151000,850,3,3,0,0,0,2,30,70,2,0,1,0,0
200500010830,5,2,9,1715,1,2,1,1,6,248,4659600,98000,850,4,2,0,0,2,1,0,60,1,0,3,0,0
200500010831,5,2,11,1530,1,1,1,2,5,42,4640800,103500,850,2,2,2,0,0,3,0,73,2,0,1,0,1
200500010832,5,2,19,100,3,1,1,2,7,223,4652900,105500,850,4,0,0,0,2,0,0,0,2,0,0,0,0
200500010833,5,2,13,300,3,1,1,8,3,41,4660400,79000,850,3,2,0,0,2,2,0,63,2,0,1,0,1
200500010835,5,2,23,1730,1,1,1,1,1,96,4688300,184600,850,3,2,0,0,1,1,0,76,1,0,1,0,1
200500010836,5,2,12,1345,1,1,1,2,1,16,4669300,161000,850,3,2,0,0,1,1,0,63,2,0,1,0,0
200500010837,5,2,4,1745,3,1,1,1,6,243,4660200,181600,850,4,2,1,0,2,2,0,0,1,0,3,0,0
200500010840,5,2,12,1215,1,1,2,8,5,58,4514000,61600,330,3,2,0,0,1,2,0,68,2,5,1,0,0
200500010841,5,2,12,1530,1,1,2,2,3,267,4526300,45900,330,3,2,0,0,1,1,0,54,2,5,1,0,0
200500010842,5,2,13,1900,3,1,1,2,1,6,4522000,65200,330,3,2,2,0,1,0,0,75,2,0,1,0,0
200500010843,5,2,20,2045,3,1,1,1,4,456,4529600,58100,330,3,2,2,0,1,3,0,57,1,0,1,0,0
200500010844,5,2,26,1200,1,1,1,1,3,101,4518500,59600,330,2,0,2,0,1,1,0,70,1,0,1,0,0
200500010847,5,2,22,2130,3,1,1,1,6,111,4457400,15900,330,3,2,2,0,1,2,0,50,1,0,3,0,0
200500010851,5,2,17,800,5,2,1,1,6,36,4443600,21300,330,4,2,0,0,1,0,0,78,1,0,1,0,0
200500010852,5,2,9,1945,3,1,1,1,1,429,4444500,43900,330,3,2,2,0,1,3,0,66,1,0,1,0,1
200500010855,5,2,3,1615,1,1,1,1,6,185,4486800,26700,330,3,2,2,0,1,2,0,0,1,0,3,0,0
200500010858,5,2,11,545,3,2,1,1,2,393,4498700,20500,330,3,2,0,0,1,1,0,69,1,0,1,0,1
200500010861,5,2,20,515,3,1,9,9,6,14,4497400,16600,330,2,2,2,0,1,1,0,70,1,0,1,0,0
200500010862,5,2,18,1300,1,2,1,1,3,571,4503000,72400,240,4,2,2,0,1,1,0,40,1,0,1,0,0
200500010863,5,2,18,1815,3,1,1,1,6,258,4513100,77400,240,3,2,2,0,1,2,0,55,1,0,1,0,0
200500010864,5,2,5,245,3,1,1,1,7,129,4537300,70600,240,3,0,0,0,2,3,0,0,1,0,1,0,0
200500010865,5,2,19,2030,3,1,1,8,7,139,4511300,61800,240,3,2,2,0,1,2,0,68,2,0,1,0,0
200500010867,5,2,10,1045,1,2,1,1,7,164,4534100,105000,240,4,1,1,0,2,1,0,35,1,0,1,0,0
200500010874,5,2,3,915,1,1,1,5,5,496,4541900,87000,240,3,3,2,0,1,4,0,62,2,0,1,0,1
200500010876,5,2,10,1900,3,1,3,1,3,449,4502500,25100,240,2,2,2,0,2,1,0,72,1,0,1,0,1
200500010878,5,2,18,300,3,1,1,1,6,520,4486800,120400,240,3,2,0,0,0,1,0,70,1,0,1,0,1
200500010880,5,2,9,1230,1,2,1,1,6,67,4492200,92900,240,3,0,0,0,1,1,0,0,1,0,1,0,0
200500010882,5,2,17,1030,1,1,1,1,2,288,4401900,32400,400,3,2,2,0,1,1,0,60,1,0,1,0,0
200500010885,5,2,13,645,4,2,1,2,7,181,4381400,137800,400,3,2,0,0,1,1,0,81,2,0,3,0,0
200500010886,5,2,24,2030,3,1,1,4,3,181,4381000,135000,400,3,2,2,0,1,2,0,59,2,0,1,0,0
200500010893,5,2,7,2145,3,1,1,1,3,89,4367300,61200,400,3,2,2,0,0,1,0,61,1,0,1,0,0
200500010900,5,2,19,1115,1,2,3,1,2,233,4453300,9900,470,3,2,2,0,1,1,0,83,1,0,1,0,1
200500010902,5,2,5,430,3,1,1,1,3,95,4442900,28800,470,2,2,0,0,1,2,0,0,1,0,1,0,0
200500010903,5,2,6,1515,1,1,1,1,6,310,4438200,34100,470,3,2,2,0,2,1,0,74,1,0,1,0,0
200500010904,5,2,13,800,1,1,4,8,1,78,4429400,28200,470,3,2,2,0,1,2,0,111,2,5,1,0,0
200500010906,5,2,13,1330,1,1,1,8,6,57,4465300,59200,470,2,2,2,0,2,1,0,75,2,0,3,0,0
200500010907,5,2,3,900,1,1,1,1,4,185,4448100,100300,470,3,2,2,0,1,1,0,70,1,0,1,0,0
200500010908,5,2,14,1845,5,2,1,1,3,106,4449800,96400,470,3,2,0,0,4,1,0,70,1,0,1,0,0
200500010910,5,2,18,1100,1,1,1,1,1,252,4438900,57900,470,3,2,0,0,1,1,0,72,1,0,1,0,0
200500010911,5,2,8,730,3,1,1,1,1,233,4358500,27700,640,2,2,2,0,1,1,0,73,1,0,1,0,0
200500010913,5,2,27,515,5,2,1,1,3,485,4316900,123300,640,4,1,0,0,1,1,0,75,1,0,1,0,0
200500010915,5,2,19,1900,5,2,1,2,6,422,4319500,61700,640,4,2,0,1,1,1,0,150,2,6,1,0,0
200500010917,5,2,13,545,3,1,1,2,6,556,4336000,67800,640,3,0,0,0,1,3,0,85,2,0,3,0,0
200500010921,5,2,27,15,3,1,1,1,3,57,4344800,62700,640,3,2,2,0,1,3,0,75,1,0,1,0,1
200500010925,5,2,9,1930,5,2,1,8,5,115,4667600,36500,860,3,2,2,0,4,2,0,73,2,0,1,0,0
200500010926,5,2,22,1600,1,1,1,8,6,82,4630700,17700,860,2,3,4,0,2,3,20,150,1,0,1,0,0
200500010928,5,2,4,1645,1,2,1,1,6,207,4678600,81500,860,4,2,0,0,1,1,0,0,0,0,1,3,0
200500010929,5,2,10,1515,1,1,1,1,6,245,4682900,64800,860,3,2,2,0,1,1,0,0,1,0,3,0,1
200500010932,5,2,25,930,1,1,1,1,6,254,4635300,89500,860,4,2,2,0,1,1,0,29,1,0,3,0,0
200500010933,5,2,26,830,1,2,6,1,3,165,4642300,85400,860,3,2,2,0,1,2,150,50,1,5,1,0,0
200500010934,5,2,11,915,1,1,3,3,3,59,4646600,74600,860,3,2,2,0,1,1,0,53,2,0,3,0,0
200500010939,5,2,10,1900,3,1,1,1,1,287,4560500,7700,160,3,2,0,0,0,1,0,101,1,0,1,0,0
200500010940,5,2,11,1430,1,1,1,3,3,418,4558500,15700,160,3,2,0,0,2,2,3,73,2,0,1,0,0
200500010942,5,2,26,1715,1,1,1,1,1,192,4588000,59000,160,2,2,2,0,1,1,0,76,1,0,1,0,0
200500010943,5,2,1,2330,3,1,1,1,2,400,4599000,20000,160,2,0,4,0,0,1,20,70,1,0,1,0,0
200500010945,5,2,8,1715,1,2,3,1,3,94,4608100,108900,170,3,2,2,2,1,1,0,60,1,0,1,0,0
200500010948,5,2,3,1900,3,1,1,1,1,279,4543900,56500,170,2,2,2,0,2,1,0,80,1,0,3,0,1
200500010949,5,2,4,730,3,1,1,1,3,365,4523300,21500,170,3,2,2,0,4,1,0,62,1,0,1,0,0
200500010950,5,2,17,1400,1,1,1,1,1,351,4582600,107100,170,3,2,0,0,1,1,0,73,1,0,1,0,0
200500010951,5,2,4,915,1,1,1,1,3,375,4593600,103300,170,3,2,2,0,1,1,0,60,1,5,1,0,0
200500010952,5,2,6,530,3,1,1,1,1,308,4585900,97800,170,3,2,2,0,1,2,0,75,1,0,1,0,1
200500010956,5,2,2,915,1,1,2,1,3,289,4565700,60800,170,3,2,2,0,1,1,0,47,1,0,1,0,0
200500010958,5,2,7,1545,1,1,1,1,3,30,4574400,83000,170,3,2,2,0,1,1,0,70,1,0,1,0,0
200500010959,5,2,28,1700,1,1,1,1,3,387,4581000,75400,170,2,2,2,0,1,1,0,70,1,0,1,0,0
200500010961,5,2,14,830,1,1,2,1,3,296,4568100,71900,170,3,2,2,0,1,1,0,56,1,0,1,0,0
200500010962,5,2,18,1430,1,2,1,1,2,283,4558500,54600,170,9,2,2,0,1,1,0,0,1,0,0,0,0
200500010965,5,2,7,2145,3,1,1,1,6,471,4607900,33200,170,3,2,2,0,3,2,0,56,1,0,3,0,1
200500010967,5,2,5,1715,1,1,1,1,6,451,4591400,26300,170,3,2,2,0,2,0,0,0,1,0,1,0,0
200500010968,5,2,14,2100,3,1,1,1,7,112,4624100,57900,790,2,3,2,0,1,1,20,100,1,0,3,0,0
200500010969,5,2,27,800,1,1,1,4,1,170,4619300,67000,790,2,2,4,3,1,3,0,141,5,0,1,0,0
200500010970,5,2,13,1530,1,1,1,2,7,115,4635800,1700,790,3,3,0,0,1,4,50,0,2,0,3,0,0
200500010972,5,2,6,1115,1,1,1,1,3,210,4689200,63300,790,3,2,2,0,2,1,0,53,0,0,1,0,0
200500010973,5,2,7,2245,5,2,9,1,6,45,4609000,1000,790,4,2,0,0,1,2,0,45,1,0,3,0,0
200500010974,5,2,9,1500,1,1,2,1,3,5,4685100,19000,790,3,0,0,0,1,1,0,58,1,5,1,0,0
200500010975,5,2,25,700,3,1,1,4,1,25,4662200,38100,790,3,2,2,0,2,1,0,63,5,0,1,0,0
200500010976,5,2,27,800,2,1,1,1,6,201,4586300,114300,870,2,2,2,0,1,1,0,74,1,0,3,0,0
200500010977,5,2,4,1530,1,1,1,1,6,118,4596800,116600,870,2,2,2,0,1,2,0,70,1,0,1,0,0
200500010979,5,2,5,1515,1,1,1,1,7,36,4570400,97100,870,3,2,2,0,2,2,0,48,1,0,1,0,0
200500010980,5,2,1,715,3,2,1,5,7,236,4533500,187500,190,2,2,2,0,2,1,0,78,2,0,3,0,0
200500010981,5,2,8,2045,3,1,1,1,6,220,4529100,186400,190,3,2,0,0,0,2,0,61,0,0,1,0,0
200500010982,5,2,13,1245,1,1,1,2,3,85,4529100,180400,190,2,2,3,0,2,1,0,109,2,0,1,0,0
200500010983,5,2,23,1345,1,1,1,1,1,146,4534800,175600,190,4,2,0,0,1,2,0,53,1,0,1,0,0
200500010984,5,2,10,1830,3,1,1,5,6,145,4540700,207400,190,3,2,2,0,1,0,0,0,1,0,3,0,0
200500010987,5,2,9,1700,1,2,1,1,3,5,4526200,147600,190,3,2,2,0,1,3,0,70,1,0,0,0,0
200500010988,5,2,10,945,1,2,1,2,6,153,4526800,141400,190,3,2,0,0,1,3,0,52,2,0,4,0,0
200500010989,5,2,13,1715,1,1,1,4,6,141,4565700,246300,190,2,2,2,0,2,1,0,78,5,0,3,0,0
200500010990,5,2,25,1115,1,1,1,1,3,180,4550400,222600,190,2,2,2,3,1,1,0,105,1,0,1,0,0
200500010992,5,2,15,1300,1,1,1,1,7,193,4618200,189700,230,2,3,2,0,1,1,8,140,1,0,1,0,0
200500010993,5,2,5,1915,3,2,1,1,1,65,4628800,161300,230,3,2,0,0,2,3,0,44,1,0,1,0,1
200500010994,5,2,21,1900,2,2,9,4,1,176,4624000,149000,230,3,2,0,0,0,0,0,80,5,0,1,0,0
200500010995,5,2,19,1215,1,1,1,4,1,228,4595100,223400,230,2,2,2,0,2,1,0,70,5,0,1,0,0
200500010996,5,2,13,1730,3,1,1,4,1,265,4590300,242900,230,2,2,2,0,2,3,0,75,5,0,1,0,0
200500010997,5,2,18,1600,1,1,1,4,1,61,4611600,216300,230,4,2,0,0,0,1,0,35,7,0,1,0,0
200500010999,5,2,18,1430,1,2,1,1,1,424,4356900,129700,310,3,2,2,0,1,3,0,67,1,0,1,0,0
200500011000,5,2,11,145,3,1,1,1,6,458,4350800,136100,310,2,3,4,0,1,1,25,180,1,0,1,0,0
200500011001,5,2,6,1200,1,1,2,1,3,273,4372300,150700,310,3,2,1,0,1,1,0,60,1,0,1,0,0
200500011002,5,2,9,600,3,1,1,8,1,145,4332400,150300,310,2,2,2,0,1,1,0,70,2,0,1,0,0
200500011004,5,2,25,1245,1,1,1,1,3,345,4338400,144500,310,2,2,2,0,1,1,0,90,1,0,1,0,0
200500011005,5,2,10,1230,1,2,1,1,7,135,4321000,108300,310,4,2,2,0,0,1,0,60,1,0,0,0,0
200500011006,5,2,4,1445,1,1,2,1,3,45,4303300,61100,310,3,2,2,0,1,1,0,90,1,0,1,0,0
200500011007,5,2,7,1815,2,2,1,1,2,147,4310500,60700,310,2,2,2,0,1,1,0,105,1,0,1,0,0
200500011008,5,2,18,1615,1,1,1,1,3,430,4310500,60600,310,2,2,0,0,0,1,0,0,1,0,1,0,0
200500011009,5,2,2,730,2,1,1,9,6,28,4320100,86000,310,3,2,2,0,1,1,0,0,7,0,3,0,0
200500011011,5,2,4,1615,1,1,1,1,7,385,4322900,62600,310,3,2,2,0,1,1,0,50,1,0,3,0,0
200500011013,5,2,20,2330,3,1,1,1,6,100,4325500,163700,310,3,2,2,0,1,1,0,55,1,0,3,0,1
200500011014,5,2,6,715,1,1,1,1,1,534,4359400,172100,310,2,2,2,0,1,1,0,52,1,0,1,0,0
200500011015,5,2,9,2045,3,1,1,1,1,74,4368400,161300,310,3,2,2,0,4,1,0,55,1,0,1,0,1
200500011016,5,2,11,2045,5,2,2,2,3,26,4352700,182600,310,3,2,2,0,4,1,0,58,2,5,1,0,0
200500011017,5,2,11,215,3,1,1,1,6,48,4346800,159400,310,3,2,2,0,1,1,0,70,1,0,1,0,0
200500011020,5,2,21,1500,1,2,1,1,6,160,4293900,185000,90,3,2,0,0,1,1,0,70,1,0,1,0,0
200500011021,5,2,5,1100,1,1,1,1,6,324,4305700,162200,90,3,2,2,0,1,1,0,0,1,0,1,0,0
200500011022,5,2,19,15,5,2,1,1,6,282,4324400,157200,90,4,2,2,0,1,1,0,70,1,0,3,0,0
200500011023,5,2,19,1130,1,2,1,1,6,167,4328400,134800,90,3,2,2,0,1,1,0,66,1,0,1,0,0
200500011024,5,2,24,2315,3,1,1,1,7,74,4303600,193800,90,3,2,0,0,1,3,0,51,1,0,3,0,0
200500011025,5,2,11,1845,3,1,1,1,3,128,4301900,112400,90,3,2,0,0,1,1,0,53,1,5,1,0,0
200500011026,5,2,14,530,3,1,1,4,6,2,4418700,303100,120,1,3,0,0,1,3,40,130,5,3,2,0,0
200500011027,5,2,14,1130,1,1,8,1,5,157,4440300,271800,120,2,2,2,0,1,4,0,73,2,4,1,0,0
200500011028,5,2,4,1945,3,1,1,1,6,85,4415200,224000,120,3,2,2,0,1,2,0,39,1,0,3,0,0
200500011029,5,2,13,1500,1,1,1,2,6,199,4442400,230700,120,3,0,2,0,2,2,0,55,2,0,3,0,0
200500011030,5,2,15,1745,1,1,1,1,1,199,4439400,239600,120,3,2,2,0,1,3,0,77,1,0,1,0,1
200500011031,5,2,28,1030,1,2,1,1,1,121,4443000,216800,120,3,2,2,0,1,1,0,67,1,0,1,0,0
200500011032,5,2,11,1700,2,2,3,8,1,300,4435900,203000,120,3,2,2,0,1,1,0,63,2,0,1,0,0
200500011033,5,2,9,1445,1,2,1,1,3,147,4363200,88900,320,3,2,0,0,0,1,0,59,1,0,3,0,0
200500011034,5,2,27,930,1,1,1,1,6,406,4369900,83700,320,3,2,0,0,1,1,0,70,1,0,3,0,0
200500011035,5,2,10,2230,3,1,1,1,6,160,4360200,110400,320,3,3,4,0,0,0,10,35,1,0,1,0,0
200500011039,5,2,17,1215,1,2,1,1,6,212,4404300,48100,320,3,2,2,0,2,3,0,69,1,0,1,0,0
200500011040,5,2,25,745,1,1,1,1,1,404,4388100,42600,320,3,2,2,0,1,1,0,50,1,0,1,0,0
200500011043,5,2,11,1400,1,2,1,1,3,119,4386500,10200,320,4,2,2,0,1,1,0,0,1,0,1,0,0
200500011044,5,2,17,1330,1,2,1,1,3,464,4340200,20400,320,3,2,0,0,0,1,0,52,1,0,1,0,0
200500011045,5,2,12,1015,1,2,1,2,2,344,4366100,8100,320,3,2,0,0,0,1,0,72,8,0,1,0,0
200500011046,5,2,12,1330,1,1,1,2,2,27,4370600,23400,320,3,2,2,0,1,1,0,72,2,0,1,0,0
200500011047,5,2,2,1430,1,1,1,1,1,264,4458000,138700,460,3,2,2,0,2,1,0,50,1,0,1,0,0
200500011048,5,2,20,830,1,1,1,9,1,174,4466400,212400,460,2,2,2,0,1,1,0,70,2,0,1,0,0
200500011051,5,2,15,1730,1,1,1,1,6,219,4463200,141400,460,3,2,2,0,1,3,0,58,1,0,3,0,1
200500011054,5,2,19,1715,1,1,1,8,1,165,4480000,178000,460,3,2,2,0,2,2,82,101,2,0,1,0,0
200500011057,5,2,2,1045,1,1,1,1,1,460,4338900,9000,650,3,2,2,0,1,1,0,61,1,0,1,0,1
200500011058,5,2,25,800,1,1,1,1,1,481,4289300,4700,650,3,2,0,0,0,2,0,70,0,0,1,0,0
200500011061,5,2,25,1330,1,1,1,1,1,292,4411800,229800,810,4,2,0,0,2,1,0,32,1,0,1,0,1
200500011062,5,2,17,1145,1,2,9,1,5,99,4391800,190300,810,3,2,2,0,1,1,28,90,1,0,1,0,0
200500011066,5,2,13,645,5,2,1,1,7,307,4357100,231600,810,3,2,2,3,1,2,0,72,2,0,3,0,0
200500011067,5,2,4,2045,5,1,1,1,6,54,4358200,214700,810,2,2,3,0,0,1,25,115,1,0,1,0,0
200500011069,5,2,27,515,3,1,1,1,6,87,4409300,126900,820,3,2,2,0,1,1,62,62,1,2,1,0,0
200500011072,5,2,20,2330,3,1,1,1,6,190,4387500,120200,820,3,2,2,0,2,1,0,59,2,0,3,0,0
200500011073,5,2,24,2015,3,1,1,1,1,72,4411000,86000,820,3,2,0,0,1,1,0,75,1,0,1,0,1
200500011075,5,2,2,1800,2,2,1,1,2,3,4586700,483500,690,3,2,2,0,1,1,0,0,1,0,4,0,0
200500011076,5,2,17,1000,1,1,1,1,7,163,4593800,477000,690,3,2,2,0,1,2,0,58,1,0,1,0,0
200500011088,5,2,6,1700,1,1,1,1,1,84,4619600,470600,690,3,2,2,0,1,3,0,63,1,0,1,0,0
200500011089,5,2,5,730,2,2,1,5,1,19,4611000,475000,690,3,2,0,0,1,2,0,73,2,0,1,0,0
200500011090,5,2,22,1430,1,1,6,8,2,36,4612000,467000,690,3,0,0,0,4,0,0,0,1,5,1,0,0
200500011091,5,2,22,1830,5,2,1,8,4,206,4606000,472000,690,2,0,0,0,1,1,0,0,1,0,1,0,0
200500011095,5,2,17,1130,1,1,1,1,1,70,4602900,438600,690,3,2,2,0,1,3,0,0,2,0,1,0,0
200500011097,5,2,11,730,3,1,1,1,3,125,4624800,546800,10,3,2,2,0,2,1,0,61,1,0,1,0,0
200500011098,5,2,20,1345,1,1,2,1,1,364,4639600,504000,10,3,2,2,0,3,1,0,58,1,5,1,0,0