Num_Acc,an,mois,jour,hrmn,lum,agg,int,atm,col,com,lat,long,dep,catr,circ,nbv,vosp,prof,plan,lartpc,larrout,surf,infra,situ,env1,killed
200500011099,5,2,25,1730,1,2,1,1,6,367,4640400,511500,10,3,2,0,0,1,2,0,92,1,0,4,0,1
200500011101,5,2,15,800,1,1,1,4,6,374,4608000,531000,10,3,2,2,0,2,1,0,0,5,0,3,0,0
200500011108,5,2,27,545,5,2,1,1,7,302,4580000,574000,10,3,2,2,0,2,1,0,65,1,0,1,0,0
200500011109,5,2,28,745,1,1,1,4,3,417,4610000,554100,10,3,2,2,0,2,2,0,64,5,0,1,0,0
200500011114,5,2,6,1100,1,1,1,1,6,153,4631900,605100,10,3,2,0,0,1,0,0,0,2,0,3,0,0
200500011115,5,2,9,1300,1,2,1,1,3,238,4591000,482000,10,3,2,2,0,1,3,0,70,1,5,1,0,0
200500011117,5,2,13,1630,1,1,1,4,6,383,4608500,510400,10,2,2,2,0,1,1,59,0,5,0,1,0,0
200500011118,5,2,6,1030,1,2,1,5,6,429,4622400,507800,10,3,2,2,0,2,3,0,57,2,0,3,0,1
200500011119,5,2,8,1730,1,2,1,1,7,244,4591000,519300,10,4,1,0,0,2,1,0,38,1,0,1,0,0
200500011120,5,2,26,1600,1,1,1,8,1,249,4587200,492300,10,4,2,1,0,3,3,0,65,1,0,1,0,1
200500011122,5,2,13,1900,3,1,1,2,6,75,4603000,479100,10,3,2,2,0,1,2,0,57,2,0,3,0,1
200500011125,5,2,5,1745,3,1,1,5,1,165,4608400,485000,10,3,2,2,0,1,1,0,0,1,2,1,0,0
200500011126,5,2,21,1315,1,1,1,1,1,389,4607900,488800,10,3,3,2,0,1,1,0,54,2,0,1,0,0
200500011127,5,2,8,1930,5,2,1,1,7,42,4438000,463000,70,3,2,2,0,2,1,0,65,1,5,1,0,0
200500011130,5,2,15,845,1,1,1,8,7,22,4469800,477100,70,2,2,2,0,1,3,0,65,2,0,1,0,0
200500011131,5,2,22,2145,3,1,1,1,6,22,4472300,475300,70,2,1,0,0,0,1,0,63,1,0,1,0,1
200500011132,5,2,23,1430,1,1,1,1,6,327,4452200,432400,70,3,2,0,0,1,1,0,70,1,2,3,0,1
200500011133,5,2,28,2030,5,2,1,1,6,127,4465500,432200,70,4,2,2,0,1,1,0,41,1,0,3,0,0
200500011134,5,2,12,100,3,2,1,1,7,226,4495900,423800,70,3,2,2,0,1,3,0,60,1,0,1,0,1
200500011135,5,2,26,1300,1,1,1,7,2,64,4490000,440900,70,3,2,2,0,1,1,0,0,1,0,1,0,0
200500011139,5,2,15,2100,5,2,1,1,1,85,4449000,471000,260,3,2,2,0,1,1,0,80,1,5,1,0,0
200500011140,5,2,27,545,3,1,3,1,1,85,4452000,475000,260,3,2,0,0,1,1,0,47,1,0,1,0,0
200500011141,5,2,14,1145,1,2,1,1,6,220,4436400,513600,260,3,2,2,0,1,1,0,81,1,0,1,0,0
200500011143,5,2,19,1630,1,1,1,2,4,88,4503000,509900,260,2,2,0,0,3,1,0,0,2,0,1,0,0
200500011144,5,2,25,1600,1,1,1,1,7,218,4508000,507400,260,3,2,1,0,1,1,60,20,1,0,1,0,0
200500011145,5,2,12,130,3,1,1,5,7,331,4503600,529300,260,3,2,2,0,1,3,0,67,2,0,1,0,0
200500011148,5,2,5,1745,5,2,1,1,1,501,4531400,595800,380,3,2,2,0,1,1,0,70,1,5,1,0,0
200500011149,5,2,9,1930,3,1,1,1,3,503,4532700,593300,380,2,2,2,0,3,1,0,200,1,5,1,0,0
200500011150,5,2,12,1400,1,1,1,3,1,511,4536500,595500,380,3,2,0,0,2,3,0,90,2,0,1,0,0
200500011151,5,2,18,1800,2,1,1,1,3,181,4534000,597000,380,3,2,0,0,1,1,0,60,1,0,1,0,0
200500011152,5,2,23,1915,5,2,1,1,1,545,4505000,567000,380,3,2,2,0,1,1,0,63,1,5,1,0,0
200500011154,5,2,16,1830,5,2,1,8,1,212,4509500,590400,380,3,2,2,0,1,1,0,82,9,0,1,0,0
200500011157,5,2,15,2145,3,1,1,4,2,384,4534800,532800,380,3,2,0,0,1,1,0,0,7,0,1,0,0
200500011158,5,2,13,1845,1,2,1,2,6,559,4521100,540800,380,3,2,0,0,1,1,0,0,2,0,3,0,0
200500011159,5,2,11,1000,1,1,1,2,5,539,4587900,536000,380,2,2,2,0,1,1,0,70,2,0,1,0,0
200500011160,5,2,6,515,3,1,1,1,7,55,4569600,553500,380,3,2,0,0,0,2,0,0,2,0,1,0,0
200500011161,5,2,19,100,5,2,1,1,6,22,4564100,555900,380,4,2,0,0,2,1,0,0,1,0,1,0,0
200500011162,5,2,11,1000,1,1,1,1,7,297,4568400,544200,380,6,0,0,0,0,0,0,0,1,0,0,0,0
200500011165,5,2,8,1700,1,1,1,1,3,130,4539100,524600,380,3,2,0,0,1,0,0,0,1,0,1,0,0
200500011167,5,2,15,615,5,2,1,4,5,144,4559300,509500,380,3,1,2,0,0,3,0,66,7,0,1,0,1
200500011168,5,2,23,1500,1,2,1,1,1,85,4575000,515700,380,4,2,2,0,2,0,150,150,1,0,1,3,1
200500011169,5,2,18,1500,1,1,1,1,7,557,4579600,511200,380,3,2,0,0,1,3,0,0,1,0,1,0,0
200500011173,5,2,12,1445,1,1,1,1,6,94,4574400,425500,420,3,2,2,0,0,1,0,65,2,0,3,0,0
200500011175,5,2,15,1645,1,1,1,4,5,156,4592400,416300,420,2,2,3,0,2,1,0,106,5,0,1,0,0
200500011176,5,2,10,1115,1,2,1,1,6,199,4603300,392700,420,3,2,2,0,4,2,0,50,0,0,3,0,0
200500011177,5,2,21,1545,1,2,1,4,6,49,4614700,389100,420,2,2,2,0,3,1,0,70,5,0,3,0,0
200500011178,5,2,28,1100,1,2,1,1,1,163,4617800,387200,420,2,2,0,0,1,1,0,71,1,0,1,0,0
200500011181,5,2,4,1330,1,1,1,1,2,300,4568100,589500,730,2,4,3,1,1,1,0,102,1,0,5,0,1
200500011185,5,2,15,1030,1,1,3,1,3,85,4583300,581400,730,3,2,2,0,1,1,0,71,2,0,1,0,0
200500011186,5,2,5,30,3,1,1,1,1,240,4547700,604500,730,3,2,0,1,0,3,0,88,1,0,0,0,0
200500011187,5,2,9,1015,1,2,1,1,6,179,4560100,587700,730,3,2,1,0,1,1,0,69,1,6,1,0,0
200500011188,5,2,22,1830,2,2,1,1,1,204,4553700,567800,730,2,2,2,0,1,1,0,72,1,0,1,0,0
200500011189,5,2,18,1330,1,1,1,1,1,204,4554500,567600,730,3,0,2,0,1,1,0,70,1,0,1,0,0
200500011190,5,2,8,930,5,1,1,1,4,124,4566100,637300,730,2,1,2,0,1,1,16,75,1,0,1,0,1
200500011191,5,2,13,115,3,1,1,2,2,297,4564400,633000,730,2,3,2,0,1,3,0,152,2,5,1,0,0
200500011194,5,2,13,530,3,2,1,2,6,320,4526700,638000,730,3,2,2,0,1,3,0,77,2,0,3,0,0
200500011195,5,2,20,1130,1,1,1,9,6,40,4531700,699000,730,3,3,2,0,0,3,0,0,5,0,3,0,0
200500011198,5,2,11,915,1,1,1,1,6,275,4584800,621500,740,3,2,2,0,2,3,0,71,2,0,1,0,0
200500011202,5,2,19,1945,5,2,1,9,6,81,4605600,658300,740,5,2,2,0,1,1,0,60,7,0,1,0,0
200500011203,5,2,16,900,1,1,1,9,1,83,4592400,662900,740,3,2,0,0,2,3,0,50,5,0,1,0,0
200500011204,5,2,6,1815,5,2,3,8,6,250,4607600,639500,740,2,2,2,0,1,3,0,75,2,2,4,0,0
200500011205,5,2,9,1700,1,2,1,1,6,250,4607400,638000,740,4,2,0,0,1,1,0,0,1,0,1,0,0
200500011206,5,2,4,900,1,2,1,1,1,134,4616200,666900,740,3,2,0,0,0,1,0,65,1,5,1,0,0
200500011208,5,2,17,1515,1,1,1,8,1,276,4614500,661700,740,3,2,2,0,2,4,0,58,1,0,1,0,0
200500011209,5,2,2,30,3,2,9,9,6,243,4614800,607900,740,6,0,0,0,1,0,0,0,7,0,1,0,0
200500011212,5,2,3,815,1,1,1,1,3,288,4612600,597400,740,3,2,0,0,1,1,0,61,2,0,1,0,0
200500011213,5,2,7,830,3,1,1,2,1,314,4610600,594800,740,2,2,2,0,1,2,0,72,2,0,1,0,0
200500011217,5,2,1,1700,1,2,3,1,3,105,4630500,628800,740,2,2,2,0,0,1,0,78,1,0,1,0,0
200500011218,5,2,23,1730,1,2,1,1,3,263,4632700,634600,740,2,2,0,0,1,1,0,80,1,0,1,0,0
200500011219,5,2,13,945,1,1,1,4,1,32,4625600,650300,740,3,2,2,0,2,3,0,0,5,0,1,0,0
200500011220,5,2,4,1245,1,1,1,1,6,249,4638000,661000,740,3,2,0,0,2,1,0,65,1,0,3,0,0
200500011221,5,2,15,1100,1,1,1,4,7,127,4633000,659700,740,3,2,0,0,1,2,0,60,0,0,1,0,0
200500011222,5,2,2,830,1,1,1,1,1,238,4622900,666200,740,3,2,2,0,1,1,0,76,2,2,1,0,0
200500011223,5,2,26,415,3,1,1,9,7,213,4582300,326500,630,3,2,2,0,1,1,0,70,7,0,0,0,0
200500011224,5,2,2,1915,3,1,1,4,4,20,4569300,293100,630,2,2,3,0,1,1,0,149,7,0,1,0,1
200500011226,5,2,9,1600,1,1,1,7,1,413,4564500,316300,630,3,2,2,0,1,3,0,69,1,0,1,0,0
200500011227,5,2,21,715,2,2,1,4,7,227,4570000,322000,630,4,0,0,0,0,0,0,30,5,0,0,0,0
200500011232,5,2,19,830,1,1,1,1,7,1,4601900,320200,630,3,2,2,0,1,2,0,55,5,2,1,0,0
200500011233,5,2,27,1900,3,1,1,4,7,143,4605100,326500,630,3,2,2,0,1,3,0,67,7,0,1,0,0
200500011235,5,2,4,2315,3,1,1,1,3,170,4541200,228300,630,3,2,2,0,2,3,0,60,1,0,1,0,0
200500011237,5,2,28,1000,1,1,1,4,7,195,4586000,338600,630,3,2,2,0,1,1,0,55,5,0,3,0,0
200500011238,5,2,21,945,1,1,1,4,3,210,4592700,334000,630,3,2,0,0,1,1,0,104,5,5,1,0,0
200500011242,5,2,12,1030,1,1,1,1,6,100,4652000,371000,30,2,2,2,0,1,1,0,32,1,0,1,0,0
200500011243,5,2,2,1030,1,1,1,1,6,246,4634100,246100,30,3,2,2,0,1,3,0,60,1,0,3,0,0
200500011244,5,2,13,1545,1,1,1,4,3,212,4632300,248600,30,3,2,0,0,2,1,0,77,5,0,1,0,0
200500011245,5,2,27,800,1,1,1,4,7,305,4637900,267100,30,2,2,2,0,0,1,0,72,7,0,1,0,0
200500011247,5,2,10,1500,1,2,1,1,6,82,4629300,274000,30,4,2,0,0,1,1,0,56,1,0,0,0,0
200500011248,5,2,23,2230,3,1,1,5,2,270,4635700,299800,30,2,2,2,0,1,1,0,70,7,0,1,0,0
200500011249,5,2,25,930,1,1,9,5,2,186,4633000,296000,30,2,2,1,0,1,1,0,72,7,0,1,0,0
200500011251,5,2,11,730,1,2,1,1,2,118,4610300,318700,30,3,2,0,0,1,1,0,79,1,0,1,0,0
200500011252,5,2,19,1230,1,1,1,4,1,250,4621800,377300,30,2,2,2,0,1,1,0,72,5,0,1,0,0
200500011253,5,2,27,1545,1,1,1,4,7,191,4507600,231100,150,3,2,2,0,3,1,0,0,2,0,1,0,0
200500011255,5,2,19,1330,1,1,1,8,3,78,4500500,392100,430,3,2,2,0,1,1,30,56,2,0,1,0,0
200500011256,5,2,14,1315,1,1,1,4,1,188,4517800,351000,430,3,2,0,0,1,3,0,77,5,0,1,0,0
200500011257,5,2,12,200,3,1,1,3,7,120,4537800,328900,430,2,2,2,0,2,3,0,65,2,0,3,0,0
200500011258,5,2,27,1730,2,1,1,6,5,38,4536200,332400,430,2,2,2,0,2,1,0,70,5,0,1,3,0
200500011260,5,2,15,1215,1,1,1,8,6,268,4515800,409500,430,3,2,2,0,2,2,0,0,7,0,3,0,0
200500011262,5,2,19,1700,1,1,1,4,1,227,4531200,432000,430,3,2,2,0,1,4,0,68,5,0,1,0,0
200500011263,5,2,21,1400,1,1,1,1,6,87,4522000,433700,430,3,2,0,0,1,1,0,0,5,0,3,0,0
200500011265,5,2,27,2230,3,1,1,4,7,17,4917700,604600,570,2,2,2,0,1,1,0,67,5,0,1,0,0
200500011267,5,2,20,500,5,1,1,4,7,701,4909300,609100,570,3,2,2,0,1,2,0,80,5,0,3,0,1
200500011275,5,2,3,1815,5,2,1,1,6,85,4910900,647900,570,3,2,2,0,1,2,0,0,1,0,3,0,0
200500011276,5,2,11,1800,3,1,1,2,1,413,4913900,667000,570,3,2,2,0,2,4,0,58,2,0,1,0,0
200500011277,5,2,13,200,3,1,1,1,7,374,4859900,702000,570,3,2,0,0,1,2,0,0,1,0,1,0,0
200500011278,5,2,21,1415,1,1,6,1,7,314,4870000,697400,570,2,2,2,0,2,3,0,93,1,0,3,0,0
200500011290,5,2,17,930,1,1,1,4,1,434,4843000,616000,540,3,2,0,0,0,0,0,60,9,0,1,0,0
200500011291,5,2,16,1500,1,1,1,1,2,322,4947700,559800,540,2,2,0,0,1,1,0,84,1,5,1,0,0
200500011292,5,2,9,1830,2,1,1,1,5,295,4930200,580800,540,3,2,2,0,1,1,0,60,0,5,1,0,0
200500011293,5,2,25,900,1,1,1,1,6,359,4851800,638900,540,3,2,2,0,1,1,0,75,1,0,1,0,0
200500011302,5,2,8,1345,1,2,1,1,3,253,4821000,649000,880,6,1,0,0,1,1,0,70,1,0,1,0,0
200500011303,5,2,12,1045,1,1,1,2,7,253,4821100,649000,880,3,2,0,0,2,1,0,70,2,2,3,0,0
200500011306,5,2,11,1100,1,1,1,2,6,105,4805000,602400,880,3,2,0,0,1,3,0,60,2,0,3,0,0
200500011307,5,2,15,1700,1,1,1,4,7,251,4831200,668400,880,3,0,2,0,0,1,0,0,5,0,0,0,0
200500011308,5,2,25,1200,1,1,4,1,3,504,4837600,592800,880,3,2,2,0,1,2,0,73,1,5,1,0,0
200500011309,5,2,3,1915,3,1,1,1,5,488,4819500,609200,880,3,2,0,0,0,1,0,0,1,0,1,0,1
200500011311,5,2,17,2330,5,1,1,8,1,89,4819400,677700,880,3,2,2,0,1,2,0,70,2,0,1,0,0
200500011312,5,2,11,1930,4,2,1,2,1,128,4834800,696500,880,3,2,2,0,1,4,0,49,2,0,1,0,0
200500011313,5,2,12,1215,1,1,1,2,6,412,4833000,761600,670,3,2,2,0,1,2,0,50,2,0,1,0,1
200500011314,5,2,1,1445,1,1,1,1,1,378,4845700,771700,670,3,2,2,0,1,1,0,62,1,0,1,0,0
200500011315,5,2,24,1800,5,2,1,8,3,131,4849200,771600,670,3,2,2,0,1,1,0,104,2,5,1,0,0
200500011316,5,2,10,1915,3,1,1,2,6,348,4845200,749100,670,3,2,2,0,1,1,0,0,2,0,3,0,0
200500011317,5,2,16,1500,1,2,1,4,3,348,4847000,749000,670,3,2,1,0,1,1,0,64,2,0,1,0,0
200500011319,5,2,4,1,3,2,8,1,7,46,4877200,784900,670,4,2,2,0,1,0,0,70,1,4,1,0,0
200500011326,5,2,28,2130,3,2,1,1,3,414,4845900,720600,670,2,2,2,0,1,1,0,0,1,0,1,0,0
200500011328,5,2,18,1130,1,1,1,1,2,437,4874200,736900,670,2,2,0,0,1,1,0,0,0,0,1,3,0
200500011329,5,2,1,715,2,1,1,8,6,528,4887900,716500,670,3,2,2,0,1,1,0,59,7,0,1,0,0
200500011333,5,2,24,1745,5,2,1,1,1,253,4864600,752800,670,3,2,2,0,1,1,60,0,1,0,1,0,0
200500011334,5,2,15,730,2,2,1,4,7,544,4904100,794300,670,4,2,2,0,1,2,0,0,7,0,1,0,0
200500011335,5,2,23,530,5,2,1,4,1,487,4891400,784900,670,3,2,0,0,1,0,0,75,5,5,1,0,0
200500011338,5,2,2,745,2,1,1,8,6,160,4897300,776400,670,3,2,2,0,1,3,0,67,1,0,3,0,0
200500011340,5,2,7,1630,1,2,1,1,1,329,4805500,711200,680,3,2,0,0,1,1,0,0,1,0,1,0,0
200500011341,5,2,5,1545,1,1,1,1,5,379,4803100,750500,680,2,2,2,0,3,1,0,113,1,2,1,0,0
200500011342,5,2,13,1915,3,1,1,4,1,294,4826300,722900,680,2,2,3,0,2,2,0,115,5,0,1,0,1
200500011343,5,2,28,1415,1,2,6,1,1,155,4809800,730800,680,3,4,0,0,1,1,0,0,1,0,1,0,0
200500011344,5,2,14,1615,1,2,1,1,1,10,4764700,723300,680,3,2,2,0,1,1,0,68,1,0,1,0,0
200500011345,5,2,17,1900,3,1,1,1,1,192,4763800,704300,680,3,2,0,0,1,1,0,0,1,0,1,0,1
200500011347,5,2,18,600,3,1,1,4,6,87,4754300,727500,680,3,2,2,0,1,1,0,61,2,0,3,0,0
200500011348,5,2,3,1315,1,2,1,1,3,315,4788500,721500,680,3,2,1,0,1,1,0,65,1,0,1,0,0
200500011349,5,2,4,2000,5,1,1,1,3,235,4799700,737800,680,3,2,2,0,1,1,0,70,1,0,1,0,0
200500011350,5,2,15,845,1,2,1,1,7,82,4786900,734900,680,9,0,0,0,1,1,0,0,1,0,1,0,0
200500011353,5,2,21,1900,5,2,1,4,1,343,4788300,730800,680,3,2,0,0,1,1,0,69,2,0,1,0,1
200500011354,5,2,5,1700,1,1,1,1,6,300,4778200,741300,680,3,2,2,0,1,1,40,0,1,0,1,0,0
200500011356,5,2,14,1830,2,2,6,1,2,154,4777500,738800,680,3,2,4,0,1,3,50,175,1,5,1,0,0
200500011357,5,2,15,1100,5,2,1,4,3,154,4778700,734600,680,3,2,0,0,0,0,0,0,2,5,1,0,0
200500011358,5,2,1,745,2,2,1,8,1,348,4781600,710100,680,3,2,0,0,1,1,0,69,9,0,1,0,1
200500011361,5,2,24,2000,3,1,2,1,3,388,4913700,433800,510,3,2,0,0,1,1,0,65,2,5,1,0,0
200500011362,5,2,14,1500,1,1,1,1,3,107,4890900,411300,510,3,2,2,0,1,0,0,0,1,0,1,0,0
200500011363,5,2,21,1130,1,1,1,8,1,612,4892800,396600,510,3,2,2,0,3,1,0,51,2,0,1,0,0
200500011364,5,2,11,345,5,2,1,3,6,346,4908500,376300,510,2,2,2,0,1,1,25,75,2,5,1,0,0
200500011365,5,2,4,1045,1,1,3,7,3,248,4874900,397900,510,2,2,2,0,1,1,0,80,1,0,1,0,1
200500011366,5,2,6,2100,3,1,1,1,6,243,4864500,394100,510,3,2,0,0,1,3,0,60,1,2,1,0,1
200500011367,5,2,23,700,2,2,1,1,3,165,4873600,392100,510,4,2,2,0,1,1,0,70,1,0,1,0,0
200500011368,5,2,27,215,3,2,1,4,6,377,4871700,414000,510,3,2,2,0,1,2,0,60,5,0,4,0,0
200500011369,5,2,28,630,2,1,1,9,6,555,4873900,430500,510,2,2,2,0,2,1,25,0,7,0,3,0,0
200500011370,5,2,17,1400,1,1,1,1,7,535,4874000,373700,510,3,2,2,0,4,2,0,70,1,0,1,0,0
200500011371,5,2,21,1900,3,1,1,1,1,324,4873100,385600,510,2,2,2,0,1,1,0,80,2,0,1,0,0
200500011372,5,2,22,915,1,1,1,4,6,137,4872600,357700,510,3,2,2,0,4,1,0,40,5,2,3,0,0
200500011375,5,2,1,1215,1,2,1,2,2,139,4910400,486900,510,3,2,2,0,1,1,0,60,2,0,1,0,0
200500011376,5,2,11,900,1,1,1,2,6,588,4909000,475700,510,3,2,2,0,2,3,0,74,7,0,3,0,0
200500011378,5,2,4,1000,1,1,1,1,1,361,4984200,460500,80,3,0,0,0,2,1,68,0,1,0,1,0,0
200500011379,5,2,11,1500,1,2,1,2,1,363,4994400,463700,80,3,2,2,0,1,0,0,100,2,5,1,0,0
200500011380,5,2,28,1915,2,2,1,1,7,349,4967300,517100,80,3,2,2,0,0,4,0,57,1,2,3,0,0
200500011381,5,2,21,1715,1,1,1,1,3,490,4940300,471700,80,3,2,2,0,0,1,0,0,1,5,1,0,0
200500011382,5,2,5,700,2,1,1,1,6,75,4943600,484000,80,3,2,2,0,2,3,0,73,1,0,3,0,1
200500011384,5,2,11,1800,3,1,1,2,7,195,4857800,426400,100,3,2,2,0,1,1,0,60,2,0,0,0,0
200500011385,5,2,21,1315,1,1,1,1,6,149,4839400,410900,100,2,2,3,0,2,1,0,107,1,0,3,0,0
200500011387,5,2,16,745,1,1,1,1,1,406,4824100,416400,100,3,2,2,0,1,2,0,57,1,0,1,0,0
200500011388,5,2,25,815,2,1,1,5,3,210,4838900,420000,100,4,2,2,0,3,1,0,80,6,4,1,0,0
200500011389,5,2,13,645,4,1,1,1,6,126,4827800,462100,100,3,3,1,0,1,1,0,55,1,5,0,0,0
200500011391,5,2,14,2130,3,1,1,2,7,171,4847000,459200,100,3,2,2,0,0,4,0,0,2,0,3,0,0
200500011393,5,2,15,1300,1,1,9,1,3,220,4850000,380000,100,2,2,4,0,1,1,0,135,1,5,0,0,0
200500011394,5,2,18,530,3,1,1,1,1,392,4845800,390400,100,2,2,3,0,1,1,0,113,1,0,1,0,1
200500011395,5,2,14,1000,1,1,2,4,3,274,4798600,489500,520,3,2,2,0,1,1,0,78,2,0,1,0,0
200500011396,5,2,19,600,5,2,1,4,6,8,4824700,529400,520,2,2,2,0,1,3,0,0,5,0,1,0,0
200500011399,5,2,14,1545,1,1,1,8,5,524,4828500,511300,520,2,2,3,0,2,3,0,110,2,0,1,0,0
200500011400,5,2,19,1015,1,2,9,4,6,58,4820800,514200,520,6,0,0,0,0,0,0,0,5,0,0,0,0
200500011402,5,2,12,1745,5,2,1,2,6,60,4795900,575200,520,3,2,0,0,1,1,0,68,2,0,0,0,0
200500011403,5,2,14,1730,1,2,1,3,6,60,4795800,575000,520,4,2,0,0,2,1,0,70,2,0,4,0,0
200500011404,5,2,23,1230,1,2,1,1,6,242,4783600,552300,520,3,2,2,0,2,0,0,0,1,2,1,0,0
200500011405,5,2,9,730,5,2,1,1,6,182,4859500,486800,520,3,2,2,0,1,1,0,52,1,0,1,0,0
200500011407,5,2,12,1500,1,1,1,2,7,250,4843400,510600,520,3,2,0,0,4,3,0,63,2,0,3,0,0
200500011408,5,2,19,1500,3,1,1,2,6,177,4834300,518800,520,3,0,2,0,1,1,0,55,2,0,3,0,0
200500011412,5,2,11,2100,3,1,1,2,4,634,4717100,469700,210,1,3,4,0,1,1,30,105,2,0,1,0,1
200500011414,5,2,28,715,2,1,1,1,2,633,4733800,447500,210,1,3,2,0,1,1,30,105,1,0,1,0,0
200500011415,5,2,27,930,1,1,1,4,7,106,4723200,511000,210,3,2,2,0,1,2,0,0,5,0,1,0,0
200500011416,5,2,23,1000,1,2,1,1,3,265,4724700,498900,210,4,2,0,0,1,1,70,0,1,0,1,0,0
200500011418,5,2,22,1615,1,1,1,2,3,582,4693900,475100,210,3,2,2,0,1,1,0,0,2,0,1,0,0
200500011420,5,2,25,1030,1,1,1,1,1,87,4712500,467000,210,3,2,2,0,1,1,0,60,1,0,0,0,0
200500011421,5,2,4,630,3,1,1,4,6,23,4726000,481700,210,2,3,2,0,1,3,0,75,7,0,1,0,0
200500011424,5,2,5,1830,3,1,1,1,3,642,4750400,413200,210,3,2,2,0,1,1,0,75,1,0,1,0,0
200500011425,5,2,19,330,3,1,1,4,1,584,4730700,420900,210,2,2,2,0,2,1,0,70,5,0,1,0,0
200500011426,5,2,13,1015,3,1,1,4,1,20,4682500,335400,580,3,2,0,0,1,2,0,59,2,0,1,0,0
200500011427,5,2,7,945,1,1,1,1,7,311,4693100,349300,580,3,2,0,0,1,1,0,0,1,0,3,0,0
200500011428,5,2,17,1845,3,1,1,1,7,282,4752400,349900,580,3,2,2,0,1,3,0,54,1,0,1,0,0
200500011430,5,2,5,2200,3,1,1,1,7,218,4717300,336500,580,3,2,2,0,0,3,0,60,1,0,1,0,0
200500011431,5,2,4,1700,1,2,1,1,2,470,4634100,461500,710,3,2,0,0,1,1,60,0,1,0,1,0,0
200500011432,5,2,15,1300,1,1,1,4,7,547,4638400,450000,710,2,3,2,0,1,4,0,75,5,0,3,0,0
200500011441,5,2,15,645,3,1,1,1,3,4,4680200,497500,710,3,2,0,0,3,1,0,69,1,5,1,0,0
200500011442,5,2,2,800,1,1,1,1,4,25,4643000,441400,710,2,0,2,0,1,1,0,70,1,0,0,0,1
200500011443,5,2,23,730,2,1,1,4,6,458,4658000,453600,710,3,2,2,0,2,2,0,60,5,0,3,0,0
200500011444,5,2,28,2230,3,1,1,1,7,382,4652300,386100,710,3,2,2,0,1,2,0,55,1,0,0,0,0
200500011446,5,2,11,1500,1,2,2,2,3,301,4662900,383100,710,3,2,0,0,1,1,0,67,2,0,1,0,0
200500011447,5,2,14,1315,1,1,1,8,6,220,4654500,375200,710,3,2,2,0,1,3,0,70,2,0,3,0,0
200500011449,5,2,12,2200,5,2,1,2,6,157,4650200,538200,710,4,2,2,0,0,1,0,80,2,0,4,0,0
200500011450,5,2,27,1830,3,1,1,4,6,300,4654800,534700,710,4,2,2,0,2,3,0,40,5,0,3,0,0
200500011451,5,2,5,1045,1,1,7,5,3,522,4663000,500000,710,3,2,0,0,1,1,0,48,1,0,1,0,0
200500011452,5,2,7,1500,5,2,1,5,6,158,4656000,499000,710,3,2,0,0,1,2,0,76,2,0,4,0,0
200500011453,5,2,13,1500,5,2,1,2,6,1,4656700,496400,710,4,2,1,0,1,2,0,0,2,0,3,0,0
200500011454,5,2,24,1730,1,2,2,1,3,61,4656100,502200,710,3,2,2,0,2,1,0,0,1,0,1,3,0
200500011455,5,2,26,1400,1,1,1,1,6,158,4657500,498700,710,3,0,0,0,1,2,0,62,1,0,1,0,0
200500011457,5,2,18,1515,1,1,1,1,1,310,4673800,447500,710,2,2,3,0,1,1,0,99,1,0,1,0,0
200500011460,5,2,23,1930,3,1,1,1,3,169,4795100,389300,890,3,2,2,0,2,1,0,72,1,0,3,0,0
200500011462,5,2,22,930,1,2,1,4,3,198,4788900,356400,890,3,2,2,0,1,2,0,0,5,0,1,0,0
200500011464,5,2,3,1100,1,1,1,8,6,72,4777000,301900,890,3,2,2,0,1,1,0,48,2,0,1,0,1
200500011469,5,2,3,2000,5,2,1,1,6,449,4833200,308100,890,3,2,2,0,0,1,0,0,1,0,4,0,0
200500011471,5,2,21,1745,1,1,1,1,5,464,4810100,328600,890,3,2,2,0,1,2,0,50,2,0,1,0,0
200500011472,5,2,7,830,1,1,1,8,7,418,4785500,397100,890,3,2,0,0,2,1,0,70,7,0,1,0,0
200500011475,5,2,8,1500,1,2,1,1,6,367,4745500,679800,250,2,2,0,0,1,1,71,0,1,0,3,0,0
200500011480,5,2,7,930,1,1,1,1,7,262,4714100,661600,250,3,2,2,0,2,4,0,67,1,0,1,0,0
200500011482,5,2,24,1700,1,1,1,1,3,413,4672000,619800,250,3,2,2,0,1,1,0,68,1,0,1,0,0
200500011484,5,2,6,1500,1,2,1,1,2,439,4701000,582000,390,4,2,2,0,1,1,0,0,1,0,1,0,0
200500011485,5,2,6,1100,1,2,1,1,1,189,4707500,541300,390,3,2,2,0,1,1,0,71,1,0,1,0,0
200500011486,5,2,18,2015,3,2,4,1,3,299,4696100,537400,390,3,2,2,0,1,2,0,75,1,0,1,0,0
200500011487,5,2,20,900,1,2,1,1,6,193,4695400,550200,390,3,2,2,0,1,2,0,58,5,0,1,0,0
200500011488,5,2,23,1500,1,1,1,8,1,190,4716600,575900,390,2,2,2,0,1,1,0,145,1,0,1,0,0
200500011490,5,2,5,915,1,1,1,1,5,367,4655000,601000,390,2,2,3,0,2,2,0,109,1,0,1,0,1
200500011493,5,2,2,100,5,2,6,8,7,26,4745600,559100,700,3,2,0,0,1,0,0,0,2,5,1,0,0
200500011495,5,2,1,1415,1,1,1,8,1,257,4749000,597000,700,3,2,2,0,3,2,0,76,1,0,1,0,1