Num_Acc,an,mois,jour,hrmn,lum,agg,int,atm,col,com,lat,long,dep,catr,circ,nbv,vosp,prof,plan,lartpc,larrout,surf,infra,situ,env1,killed
200500011496,5,2,18,930,1,1,1,1,1,2,4770600,699700,900,2,3,0,0,1,1,20,90,1,0,1,0,1
200500011498,5,2,8,1400,1,1,1,1,2,116,4446500,476000,260,1,3,2,3,1,1,0,0,1,0,2,0,0
200500011499,5,2,10,415,3,1,1,1,2,339,4460400,479500,260,1,1,1,3,0,1,35,100,0,0,0,0,0
200500011501,5,2,14,1530,1,1,1,1,6,62,4343200,551000,130,3,2,2,0,1,1,0,70,1,0,3,0,0
200500011502,5,2,20,1400,1,1,1,1,1,59,4363100,548900,130,3,2,0,0,1,3,0,60,1,0,1,0,0
200500011503,5,2,28,1200,1,1,1,1,1,99,4371100,575900,130,3,2,2,0,1,2,0,72,1,0,1,0,0
200500011505,5,2,5,2000,3,1,1,1,1,110,4348700,568800,130,2,2,2,0,3,2,0,77,1,0,1,0,0
200500011506,5,2,3,1630,1,1,1,1,6,97,4354700,481600,130,2,3,2,0,1,1,340,70,1,0,3,0,1
200500011507,5,2,11,1200,1,1,1,1,7,97,4362400,492400,130,3,2,2,2,1,1,0,75,1,0,3,0,0
200500011508,5,2,20,930,1,1,1,1,6,4,4354800,473200,130,3,2,1,0,1,1,0,70,1,0,1,0,0
200500011509,5,2,13,645,2,1,1,1,7,4,4346200,472100,130,3,2,2,0,0,1,0,59,1,0,1,0,0
200500011512,5,2,13,1615,1,1,1,2,1,115,4369100,520800,130,2,2,3,0,2,1,0,0,1,0,1,0,0
200500011516,5,2,10,2000,3,1,1,1,3,70,4431700,584500,50,3,2,2,0,3,3,0,69,1,0,1,0,0
200500011517,5,2,19,2015,3,1,1,1,6,70,4432600,580400,50,2,2,2,0,1,1,0,74,1,0,1,0,0
200500011518,5,2,26,500,3,1,1,1,7,53,4436000,576400,50,2,2,0,0,1,1,0,72,1,0,0,0,0
200500011519,5,2,4,1030,1,1,1,1,2,170,4445400,603700,50,3,2,2,0,1,1,0,70,1,0,1,0,0
200500011520,5,2,16,915,1,2,1,1,6,170,4446600,605400,50,3,2,0,0,1,1,0,64,1,0,1,0,0
200500011521,5,2,7,1130,1,2,1,1,3,175,4485400,649100,50,3,2,2,0,0,1,0,56,1,0,1,0,0
200500011530,5,2,18,1230,1,2,1,1,6,33,4377400,719600,60,4,2,2,0,0,1,0,80,1,0,4,0,0
200500011531,5,2,20,1630,1,1,1,4,1,106,4387800,701100,60,3,2,2,0,1,3,0,61,5,0,1,0,0
200500011533,5,2,21,2000,3,1,1,1,1,134,4343000,643000,830,2,2,3,0,3,2,0,103,1,0,1,0,0
200500011538,5,2,27,1515,1,1,1,1,1,145,4360000,598200,830,3,2,0,0,1,3,0,65,1,0,1,0,0
200500011541,5,2,24,830,1,1,1,1,3,107,4339000,658000,830,3,3,0,0,3,2,0,65,1,0,1,0,0
200500011546,5,2,21,1415,1,1,1,1,2,16,4319000,582100,830,2,2,2,0,1,1,0,80,1,0,1,0,0
200500011548,5,2,11,1415,1,2,1,1,6,91,4322800,613900,830,3,2,2,0,1,3,0,60,1,0,3,0,0
200500011553,5,2,18,2330,5,2,1,1,6,130,4320000,604300,830,3,2,0,0,1,1,0,70,1,0,1,0,0
200500011555,5,2,14,1430,1,1,2,1,3,99,4385200,511200,840,3,2,2,0,1,1,0,90,1,5,1,0,0
200500011563,5,2,17,945,1,1,1,1,3,16,4404000,488100,840,2,2,2,0,0,1,105,105,1,5,1,0,0
200500011569,5,2,27,700,2,1,1,1,1,138,4437800,498100,840,3,2,2,0,1,3,0,74,1,0,1,0,0
200500011570,5,2,16,1900,3,1,1,1,6,90,4366400,395000,340,3,2,2,0,1,1,0,0,1,0,1,0,1
200500011571,5,2,24,1215,1,2,1,1,2,57,4363200,389800,340,2,2,3,0,1,1,0,115,1,2,1,0,0
200500011572,5,2,20,1915,5,2,1,1,1,22,4366300,401200,340,4,2,0,0,1,1,0,62,1,0,1,0,0
200500011573,5,2,11,1930,3,1,1,1,3,174,4395400,378400,340,3,2,2,0,1,1,0,60,1,0,1,0,1
200500011576,5,2,7,630,3,1,1,1,1,154,4362700,402400,340,3,2,2,0,1,3,0,0,1,0,1,0,0
200500011577,5,2,19,1045,1,1,1,1,6,154,4360000,398100,340,3,2,2,0,1,1,0,58,1,0,1,0,0
200500011584,5,2,22,30,3,1,1,1,7,74,4345600,303500,340,3,2,0,0,1,3,0,64,1,0,3,0,1
200500011586,5,2,9,1745,2,1,1,1,1,104,4355600,323500,340,3,2,0,0,2,3,0,64,1,0,1,0,0
200500011587,5,2,17,730,1,2,1,1,3,94,4344400,326300,340,3,2,0,0,0,1,60,0,1,5,1,3,0
200500011588,5,2,18,1800,1,1,1,1,5,109,4352100,326700,340,3,2,2,0,1,1,0,63,1,0,1,0,1
200500011589,5,2,20,45,3,1,1,1,6,214,4349500,329500,340,3,2,2,0,1,1,0,60,2,0,3,0,0
200500011590,5,2,28,2100,3,1,1,1,7,94,4345200,324500,340,3,2,0,0,1,3,0,55,1,0,3,0,0
200500011593,5,2,19,1515,1,1,1,1,3,313,4358500,349200,340,3,2,0,0,1,1,0,55,1,0,1,0,0
200500011598,5,2,14,2115,3,1,1,1,1,95,4355100,377800,340,2,2,2,0,1,1,0,80,1,0,1,0,1
200500011599,5,2,27,330,3,1,1,1,7,95,4351000,368000,340,3,2,0,0,2,0,0,61,1,0,1,0,1
200500011600,5,2,27,1415,1,1,1,1,3,39,4345400,364600,340,2,2,3,0,1,1,0,140,1,5,1,0,0
200500011602,5,2,27,1500,1,2,1,1,3,281,4327400,203800,110,3,2,2,0,1,1,0,0,1,0,1,0,0
200500011603,5,2,3,1745,2,1,1,1,1,49,4326500,213400,110,2,2,2,0,3,1,0,70,1,0,1,0,1
200500011604,5,2,19,730,1,1,5,1,3,49,4324500,212800,110,3,2,2,0,1,2,0,70,2,5,1,0,0
200500011605,5,2,14,1215,1,1,1,4,6,130,4283100,202400,110,3,2,2,0,0,1,0,60,5,0,1,0,0
200500011606,5,2,18,1130,3,1,1,1,3,67,4322300,284700,110,3,2,0,0,1,1,0,371,1,5,1,0,0
200500011607,5,2,8,1415,1,1,1,3,6,296,4329000,283200,110,3,2,2,0,0,3,0,70,2,2,3,0,0
200500011608,5,2,28,1515,1,1,1,1,3,164,4328000,288700,110,3,2,0,0,1,1,0,62,1,5,1,0,0
200500011609,5,2,4,1115,1,2,1,1,3,379,4303200,298800,110,4,2,0,0,1,2,0,47,1,0,1,0,0
200500011610,5,2,15,1430,1,1,1,1,3,379,4305600,296500,110,2,2,2,0,2,2,0,90,1,0,1,0,0
200500011615,5,2,27,1415,1,2,1,1,1,10,4405800,399500,300,3,2,0,0,0,3,0,60,1,0,1,0,0
200500011616,5,2,14,715,2,1,1,2,5,223,4422000,415400,300,3,2,0,0,2,1,0,103,2,0,1,0,0
200500011617,5,2,14,1030,1,1,1,1,1,294,4416300,411400,300,3,0,0,0,1,1,0,0,1,5,1,0,0
200500011618,5,2,19,430,3,1,1,1,6,284,4415200,406200,300,2,2,0,0,1,1,0,70,1,0,1,0,1
200500011620,5,2,25,1500,1,1,1,1,1,2,4396000,409000,300,2,0,0,0,0,1,0,0,1,0,1,0,0
200500011621,5,2,2,1130,1,2,1,1,6,37,4428400,413200,300,3,2,2,0,2,2,0,0,1,0,3,0,0
200500011623,5,2,27,1400,1,2,1,1,6,29,4431600,435000,300,3,2,0,0,1,0,0,60,1,0,1,0,0
200500011627,5,2,9,815,1,2,1,1,1,141,4409700,470500,300,2,2,2,0,2,3,0,0,1,4,1,0,0
200500011629,5,2,1,1715,1,1,1,6,1,12,4389100,468300,300,3,2,2,0,1,1,0,125,1,5,1,0,0
200500011636,5,2,27,1215,1,2,1,1,2,171,4263600,303600,660,4,3,2,0,0,1,0,71,1,0,1,0,1
200500011638,5,2,3,1530,1,2,1,1,6,3,4248200,267700,660,3,2,2,0,1,1,0,40,1,0,4,0,0
200500011640,5,2,9,1830,5,2,1,1,6,24,4252700,283000,660,4,2,0,0,1,1,0,70,1,0,1,0,0
200500011641,5,2,27,2115,3,1,3,1,3,15,4255800,286200,660,2,2,2,0,1,2,16,124,1,0,1,0,0
200500011642,5,2,21,930,1,2,1,7,6,148,4252000,310000,660,3,2,0,0,2,1,0,85,0,6,1,0,0
200500011644,5,2,15,1300,1,2,1,1,6,228,4183900,878200,201,3,2,0,0,2,2,0,70,1,0,1,0,0
200500011645,5,2,20,1545,1,1,1,1,6,324,4207000,900000,201,2,2,1,0,1,1,0,139,1,5,1,0,0
200500011646,5,2,24,630,3,2,1,8,6,209,4201000,887000,201,2,2,0,0,2,4,0,72,1,0,1,0,0
200500011647,5,2,19,1115,1,1,1,2,6,198,4224000,873000,201,3,2,0,0,2,1,0,60,2,0,1,0,0
200500011652,5,2,22,1100,1,2,1,1,6,42,4258000,951000,202,3,2,0,1,1,1,0,72,1,0,3,0,1
200500011653,5,2,21,1545,1,1,1,8,7,34,4264000,901000,202,2,2,2,0,4,2,0,61,2,2,1,0,0
200500011654,5,2,1,1615,1,1,1,1,6,57,4225300,954700,202,2,2,2,0,1,1,0,72,1,2,3,0,0
200500011656,5,2,13,230,5,2,6,1,6,346,4251000,946000,202,2,2,2,0,1,1,0,80,1,5,0,0,1
200500011657,5,2,5,2000,5,1,1,1,2,320,4903900,153900,780,2,2,0,0,1,1,0,71,1,0,1,0,0
200500011658,5,2,22,2030,1,2,1,1,2,89,4904100,157400,780,4,2,0,0,0,2,0,60,1,2,1,0,0
200500011659,5,2,11,900,1,1,1,2,4,296,4899400,177000,780,3,2,2,0,2,1,0,72,2,0,1,0,0
200500011660,5,2,4,1115,5,2,9,1,1,381,4879500,161900,780,4,2,0,0,1,1,56,56,9,0,1,0,0
200500011662,5,2,13,945,1,1,1,8,6,263,4880100,170400,780,3,2,2,0,4,3,0,0,2,0,3,0,0
200500011663,5,2,5,2045,5,2,1,1,6,246,4903100,175100,780,4,1,1,0,2,2,0,55,1,0,1,0,0
200500011664,5,2,4,2145,3,1,1,1,7,20,4890200,172200,780,3,2,1,0,1,2,0,60,1,0,3,0,0
200500011667,5,2,14,930,1,1,1,8,1,9,4846000,189000,780,2,0,2,0,1,1,0,80,2,0,1,0,0
200500011670,5,2,22,1515,1,1,1,4,1,615,4885100,190000,780,3,2,2,0,2,1,0,63,5,0,1,0,0
200500011671,5,2,25,1600,1,1,1,1,7,623,4879400,188300,780,3,2,2,0,2,1,0,51,1,0,1,0,0
200500011678,5,2,18,1315,1,2,1,1,6,340,4860000,241000,910,4,2,2,0,1,1,0,70,1,0,1,0,0
200500011679,5,2,16,1315,1,2,1,1,1,159,4853900,244000,910,3,2,2,1,1,1,0,50,1,0,1,0,0
200500011680,5,2,25,1000,1,2,1,7,1,405,4840600,248300,910,3,2,2,0,1,1,0,66,2,0,1,0,0
200500011683,5,2,11,1515,1,1,1,2,2,405,4840200,243700,910,3,2,0,0,2,2,0,116,2,0,1,0,0
200500011685,5,2,11,2015,5,1,1,2,6,132,4853000,220700,910,2,3,0,0,1,1,0,75,2,0,1,0,0
200500011687,5,2,5,1500,1,1,1,1,6,293,4848000,236000,910,3,2,2,0,4,1,0,51,1,0,0,0,1
200500011691,5,2,8,2000,3,1,1,1,7,461,4860400,223600,910,4,2,0,0,1,3,0,0,1,0,4,0,0
200500011692,5,2,21,2030,3,1,6,4,7,156,4855900,227300,910,3,2,2,0,1,1,0,70,2,5,1,0,0
200500011697,5,2,21,1930,5,2,2,1,3,370,4914900,197700,950,3,0,0,0,1,1,0,70,2,0,1,0,0
200500011699,5,2,22,1230,1,1,1,4,3,308,4911900,212500,950,3,2,2,0,1,1,68,0,2,0,1,0,0
200500011700,5,2,15,845,1,1,1,9,3,395,4904800,239900,950,2,2,0,0,1,1,0,102,7,3,1,0,0
200500011701,5,2,9,2300,5,2,1,1,1,86,4855000,289000,770,3,2,2,0,1,1,0,59,1,0,1,0,0
200500011702,5,2,1,1145,1,1,1,1,3,44,4855300,287700,770,3,2,2,0,1,1,0,0,1,5,1,0,0
200500011704,5,2,15,645,2,1,9,9,1,470,4874000,276800,770,2,3,2,0,1,1,5,74,7,3,1,0,0
200500011708,5,2,28,1500,3,1,1,1,1,63,4880000,295800,770,3,2,2,0,1,1,0,60,1,0,1,0,0
200500011709,5,2,26,1815,1,1,1,9,7,405,4891600,315500,770,3,2,2,0,2,1,0,0,2,0,0,0,0
200500011710,5,2,4,1530,3,1,1,1,6,264,4872400,295800,770,3,2,0,0,2,1,0,0,1,0,1,0,0
200500011711,5,2,4,1800,3,1,2,1,3,393,4873700,300600,770,3,2,2,0,0,0,0,0,1,5,1,0,0
200500011712,5,2,15,615,3,1,1,9,4,192,4871700,286500,770,2,1,2,0,1,1,0,80,7,0,1,0,0
200500011713,5,2,20,1800,2,1,1,4,1,264,4871800,296200,770,3,2,2,0,1,2,0,58,2,0,1,0,0
200500011714,5,2,1,1800,2,1,4,8,3,244,4828900,258100,770,3,2,2,0,1,1,60,0,1,0,1,0,0
200500011716,5,2,13,30,3,1,1,1,6,483,4901700,294900,770,3,2,2,0,1,1,0,60,2,0,0,0,0
200500011717,5,2,11,1530,1,1,2,2,3,515,4898600,279600,770,3,2,2,0,1,1,0,63,2,0,1,0,0
200500011720,5,2,5,2000,5,2,1,1,6,208,4849500,329200,770,3,2,0,0,1,1,0,58,1,0,0,0,0
200500011721,5,2,19,515,3,1,1,1,6,325,4843100,324000,770,3,2,2,0,0,1,0,70,1,2,3,0,0
200500011722,5,2,18,45,1,1,1,1,3,327,4855500,300100,770,3,2,0,0,1,3,0,0,1,5,1,0,0
200500011724,5,2,12,1730,1,1,1,1,6,126,4790200,212700,450,3,2,2,0,1,1,0,60,1,0,1,0,0
200500011725,5,2,4,1945,5,2,1,1,3,173,4787100,212300,450,4,2,0,0,1,1,0,0,1,0,1,0,0
200500011726,5,2,10,1700,1,1,1,1,7,241,4785200,217900,450,4,2,2,0,1,3,30,0,1,0,1,0,0
200500011727,5,2,17,2215,5,1,1,1,6,273,4787400,213400,450,3,2,2,0,1,1,20,80,1,0,1,0,0
200500011728,5,2,19,1700,1,2,1,2,3,193,4776900,202200,450,3,2,2,0,1,1,0,0,2,5,1,0,0
200500011735,5,2,18,2015,3,1,1,1,5,306,4802000,286000,450,2,2,2,0,1,1,0,72,1,0,1,0,0
200500011738,5,2,13,2015,3,1,1,4,1,252,4816700,222900,450,3,2,2,0,1,1,0,76,7,0,1,0,0
200500011739,5,2,20,2130,5,2,1,9,1,10,4812800,225200,450,3,2,2,0,1,2,0,70,2,0,1,0,1
200500011740,5,2,4,1445,1,2,1,1,1,23,4708500,273200,180,3,2,2,0,1,1,60,0,1,5,1,0,0
200500011745,5,2,9,1515,1,1,1,1,3,266,4673000,220600,180,3,2,2,0,1,1,0,43,1,0,1,0,0
200500011746,5,2,13,2015,5,2,1,8,6,209,4667900,249600,180,3,2,2,0,1,1,0,60,2,0,1,0,1
200500011750,5,2,17,1245,1,2,1,1,1,290,4727900,217400,180,3,2,2,0,1,1,0,67,0,0,1,0,1
200500011751,5,2,26,1900,3,1,1,1,4,15,4751500,244200,180,3,2,2,0,1,1,0,75,1,0,1,0,1
200500011753,5,2,26,1500,1,1,1,1,6,103,4715700,182500,180,4,2,2,0,0,2,0,40,1,0,3,0,0
200500011755,5,2,16,1700,1,1,1,1,2,223,4711500,258700,180,2,2,2,0,1,1,0,62,1,0,1,0,1
200500011756,5,2,7,1630,1,1,1,7,3,358,4849900,149700,280,3,2,2,0,1,1,0,60,1,0,1,0,0
200500011757,5,2,27,2230,3,1,1,4,7,35,4838400,158900,280,2,2,2,0,1,1,0,76,7,0,1,0,0
200500011758,5,2,9,1915,3,1,1,1,7,116,4845700,126800,280,2,2,3,0,0,0,0,100,0,0,3,0,0
200500011760,5,2,25,745,2,2,1,4,6,172,4856300,165000,280,4,2,0,0,0,0,0,49,5,0,4,0,1
200500011761,5,2,7,2045,3,1,1,1,7,367,4816000,188000,280,3,2,2,0,0,1,0,30,1,0,1,0,0
200500011762,5,2,27,1745,3,1,1,4,3,391,4818500,192800,280,2,3,3,0,1,4,0,90,7,0,1,0,0
200500011765,5,2,8,500,4,1,1,1,6,98,4875500,145600,280,2,3,2,0,1,1,110,160,1,3,3,0,0
200500011766,5,2,8,1230,1,1,1,1,2,359,4875400,126700,280,2,3,0,0,1,1,50,120,1,0,1,0,0
200500011767,5,2,8,1700,1,1,1,1,2,405,4874600,130600,280,2,3,4,0,2,1,42,152,1,0,1,0,0
200500011768,5,2,8,1215,1,1,1,1,2,405,4875700,125900,280,2,3,2,0,1,1,127,75,1,0,1,0,0
200500011769,5,2,22,2100,3,1,1,1,2,171,4872600,132400,280,3,2,1,0,1,1,0,0,1,0,1,0,0
200500011770,5,2,7,1530,1,1,1,1,1,1,4880100,140300,280,3,2,2,0,1,1,0,72,1,0,1,0,0
200500011771,5,2,17,1230,1,2,1,8,3,96,4888600,148000,280,3,2,1,0,1,1,0,0,1,5,1,0,0
200500011772,5,2,26,845,1,1,1,9,1,62,4876900,152600,280,2,2,0,0,1,1,126,70,7,0,1,0,0
200500011773,5,2,20,430,3,1,1,4,7,113,4867100,156000,280,3,2,2,0,0,1,0,0,7,0,3,0,0
200500011774,5,2,26,15,3,1,1,9,7,280,4829900,79500,280,2,3,0,0,1,1,0,108,7,0,3,0,0
200500011775,5,2,4,2230,5,2,1,1,6,93,4698300,161400,360,4,2,0,0,1,0,0,70,1,0,0,0,0
200500011776,5,2,11,1800,5,2,1,2,1,93,4698800,161300,360,3,0,2,0,0,0,0,0,0,0,0,0,0
200500011778,5,2,4,1730,1,2,1,1,6,177,4649900,136200,360,3,2,2,0,2,0,0,44,1,0,3,0,1
200500011780,5,2,12,1615,1,1,3,3,5,198,4688500,145100,360,2,3,2,0,1,1,0,70,2,0,1,0,0
200500011782,5,2,24,930,1,1,1,4,6,237,4708300,158700,360,3,2,2,0,0,2,0,74,5,0,0,0,0
200500011783,5,2,14,730,2,2,1,1,3,18,4663100,108300,360,3,2,2,0,1,1,134,74,2,0,1,0,0
200500011785,5,2,17,1500,1,2,1,8,7,18,4663400,106800,360,5,0,1,0,1,3,0,100,1,0,1,0,0
200500011787,5,2,24,1730,1,1,1,9,6,140,4691300,189900,360,2,2,2,0,4,1,0,72,2,0,3,0,0
200500011788,5,2,3,1900,3,1,1,1,1,3,4738500,94500,370,3,2,2,0,1,1,0,0,1,0,1,0,0
200500011789,5,2,11,1345,1,1,1,2,1,3,4738700,106600,370,3,0,0,0,1,3,0,64,2,0,1,0,0
200500011792,5,2,2,1830,3,1,9,1,5,49,4717300,98000,370,2,2,2,0,2,1,0,0,1,0,1,0,0
200500011793,5,2,2,530,3,2,1,1,6,277,4714000,122000,370,3,2,0,0,1,3,62,0,1,2,4,0,0
200500011794,5,2,19,1545,1,1,1,1,1,132,4713000,97900,370,2,2,2,0,0,1,0,0,1,0,1,0,0
200500011795,5,2,23,1430,1,2,9,8,3,132,4712000,98100,370,3,4,2,0,0,1,0,34,1,5,1,0,0
200500011796,5,2,11,2130,3,1,1,1,6,115,4698700,70200,370,3,2,0,0,2,1,0,77,1,0,3,0,0
200500011798,5,2,24,800,2,1,1,4,6,263,4729000,85100,370,3,2,2,0,1,3,0,58,7,0,1,0,0
200500011799,5,2,23,930,1,2,2,1,3,250,4724000,69000,370,2,3,2,0,1,1,20,150,1,5,0,0,0
200500011809,5,2,8,730,2,1,1,1,1,214,4497700,104400,330,3,2,2,0,1,2,0,60,1,0,1,0,0
200500011812,5,2,5,330,3,1,1,2,7,20,4717200,159500,440,3,2,2,0,1,1,95,70,2,3,3,0,0
200500011815,5,2,28,845,1,1,1,8,1,40,4345900,554600,130,2,2,2,0,1,1,0,67,1,0,1,0,1
200500011820,5,2,6,1645,1,1,1,1,4,319,4864000,215000,910,1,1,4,0,1,1,294,270,1,0,1,0,0
200500011821,5,2,25,2315,3,1,1,1,6,276,4827900,185700,280,1,1,3,0,1,1,27,135,1,0,1,0,0
200500011823,5,2,1,845,1,1,1,1,4,171,4937300,390200,510,2,2,2,0,1,1,0,125,1,0,1,0,0
200500011826,5,2,4,130,3,2,1,1,6,229,4471700,105300,330,4,2,0,0,1,1,0,20,1,0,3,0,0
200500011829,5,2,25,2200,3,1,1,1,1,168,4816400,288300,770,1,1,2,0,1,1,150,104,1,0,1,0,1
200500011830,5,2,26,1400,1,1,1,1,6,71,4820800,280000,770,1,3,0,0,1,1,0,0,1,0,1,0,0
200500011842,5,2,18,1430,1,1,1,1,1,148,4341600,642500,830,1,3,3,0,1,1,20,125,1,0,1,0,0
200500011843,5,2,25,945,1,1,1,1,6,67,4332900,629400,830,1,3,2,0,1,1,0,90,1,0,1,0,0
200500011844,5,2,4,2300,3,1,1,1,4,682,4931700,111000,760,1,3,0,0,1,1,10,130,1,0,1,0,0
200500011845,5,2,10,815,1,1,1,1,2,107,4938700,60400,270,1,3,0,0,1,1,0,70,1,0,1,0,1
200500011851,5,2,14,1500,1,1,1,8,6,731,5008000,303000,620,1,3,2,0,1,1,40,100,2,0,2,0,0
200500011853,5,2,15,1630,1,1,1,1,3,467,4370200,140000,310,3,2,1,0,1,1,0,70,1,5,1,0,0
200500011858,5,2,17,1730,1,1,1,1,6,262,4319000,305000,110,1,3,3,0,1,1,30,105,1,0,0,0,0
200500011860,5,2,8,2115,3,1,1,2,7,267,4736600,80200,370,2,0,2,0,0,3,75,0,0,0,1,0,0
200500011868,5,2,1,545,3,1,1,1,5,464,4713400,497300,210,1,1,2,0,1,1,10,100,1,0,1,0,0
200500011869,5,2,15,1345,1,1,1,1,6,179,4560800,586900,730,1,3,2,3,4,2,11,73,1,2,3,0,0
200500011870,5,2,8,945,1,1,1,1,7,34,4374900,451800,300,3,2,0,0,0,1,0,100,1,0,3,0,1
200500011872,5,2,18,1730,1,1,1,1,6,125,4377300,443500,300,4,2,2,0,1,1,0,50,1,0,3,0,0
200500011873,5,2,21,1700,1,1,1,1,3,47,4379900,442300,300,2,4,2,0,0,1,43,170,1,5,1,0,0
200500011874,5,2,3,1715,1,1,1,8,6,90,4610200,629600,740,1,1,0,0,0,1,3,80,1,0,3,0,0
200500011876,5,2,10,1330,1,1,1,1,2,400,4534300,557700,380,1,1,2,0,2,1,0,50,1,0,1,0,0
200500011877,5,2,24,815,1,1,1,1,3,257,4546300,540100,380,1,3,5,3,2,1,8,175,2,0,1,0,0
200500011878,5,2,11,1845,3,1,1,3,4,437,4917000,28200,140,1,3,2,0,1,1,10,40,2,0,1,0,0
200500011879,5,2,17,100,3,1,1,1,2,229,4923800,3900,140,1,3,0,0,1,1,10,90,1,0,1,0,0
200500011882,5,2,12,430,3,1,1,2,1,67,4750100,147400,410,3,2,2,0,1,2,0,65,2,0,1,0,0
200500011893,5,2,23,1715,1,1,1,1,6,485,4518100,569100,380,3,2,0,0,0,1,0,25,1,0,1,0,0
200500011894,5,2,24,700,2,1,1,1,7,485,4518100,564900,380,3,2,2,0,0,4,0,0,7,0,0,0,1
200500011897,5,2,6,2345,3,1,1,1,6,83,4380000,748000,60,1,3,2,0,1,2,0,70,1,0,1,0,0
200500011908,5,2,1,1000,1,1,9,1,2,186,5044500,270000,620,1,0,2,0,1,1,30,30,0,3,2,0,0
200500011909,5,2,3,1630,1,1,1,1,6,224,5054100,254700,620,1,3,2,0,1,1,25,70,1,0,2,0,0
200500011911,5,2,7,1215,1,1,1,1,1,397,4523400,582600,380,1,1,2,0,1,1,30,30,1,0,1,0,0
200500011914,5,2,25,2045,3,1,1,1,2,335,4335000,42200,640,1,1,0,0,1,1,0,0,1,0,1,0,0
200500011915,5,2,10,1900,5,2,1,1,1,172,4271000,284000,660,3,2,2,0,1,1,0,80,1,0,1,0,0
200500011918,5,2,9,915,1,2,9,1,6,553,4862300,249700,910,3,3,2,0,1,1,40,70,1,0,1,3,0
200500011920,5,2,18,2215,3,1,1,1,6,498,4456000,83000,330,1,3,2,3,1,1,110,72,2,0,3,0,0
200500011938,5,2,1,1900,3,1,1,1,6,187,4853500,275500,220,2,3,4,0,2,1,0,67,1,0,1,0,0
200500011941,5,2,19,900,1,1,1,4,5,179,4599900,601300,740,2,2,2,0,2,3,0,79,7,0,1,0,1
200500011943,5,2,20,1230,1,1,1,1,6,333,4914000,410800,510,3,2,0,0,0,3,0,68,2,0,3,0,1
200500011945,5,2,27,1245,1,1,1,4,6,447,4920700,424100,510,3,2,0,0,1,1,0,87,5,0,3,0,0
200500011946,5,2,27,2015,3,1,1,9,4,631,4920100,400300,510,3,2,2,0,2,1,0,35,7,0,1,0,0
200500011957,5,2,12,1700,1,1,1,2,1,455,4884600,205300,780,3,2,0,0,2,3,0,60,2,0,1,0,0
200500011958,5,2,10,1330,1,1,9,1,1,430,4907500,232600,950,9,2,2,0,2,4,64,0,1,0,1,0,0
200500011959,5,2,26,930,1,1,1,1,4,353,4908400,231700,950,2,3,0,0,1,1,0,0,2,5,1,0,0
200500011961,5,2,28,2115,3,1,1,4,6,648,4965000,126700,760,1,3,2,0,1,1,25,98,5,0,3,0,0
200500011962,5,2,7,2030,3,1,1,1,3,243,4763400,272300,560,4,0,2,0,0,1,0,54,1,0,1,0,0
200500011963,5,2,20,1,4,2,1,1,7,243,4763300,274200,560,3,2,2,0,1,1,20,36,1,0,1,0,0
200500011964,5,2,23,1930,5,2,1,1,3,240,4753100,277000,560,4,2,2,0,1,1,0,80,1,0,1,0,0
200500011965,5,2,26,300,5,1,9,1,6,324,4556500,424400,420,1,3,4,3,1,1,0,200,1,7,1,0,0
200500011966,5,2,13,300,3,1,1,2,6,295,4586400,382700,420,1,3,2,0,1,2,15,100,2,0,2,0,0
200500011970,5,2,6,1200,1,1,1,1,3,360,4849000,274300,220,3,2,0,0,1,1,0,55,1,5,1,0,0
200500011973,5,2,21,1800,2,2,1,1,3,739,4934600,50600,140,3,2,0,0,1,1,0,68,1,0,1,0,0
200500011974,5,2,2,715,2,1,1,1,3,69,4364200,518300,130,3,2,2,0,1,1,0,118,1,5,1,0,0
200500011975,5,2,6,1915,3,1,1,1,7,152,4396300,106500,400,2,3,2,0,1,2,125,74,1,0,3,0,0
200500011976,5,2,18,1215,1,1,1,1,2,152,4853000,769000,670,2,1,1,0,1,3,0,48,1,0,1,0,0
200500011977,5,2,5,1815,5,2,1,1,5,309,4864500,771100,670,3,2,2,0,1,1,0,0,1,0,1,0,0
200500011978,5,2,19,515,3,1,1,1,6,62,4320800,12500,650,1,1,3,3,2,1,20,105,1,0,1,0,0
200500011979,5,2,9,945,1,1,1,1,7,31,4640100,271800,30,1,1,0,0,0,2,0,35,1,3,1,0,0
200500011980,5,2,17,815,3,1,1,1,2,111,4742100,517600,210,1,3,0,0,1,1,8,70,1,0,1,0,0
200500011984,5,2,6,600,3,1,1,1,6,95,4512900,528900,380,1,3,2,0,1,2,14,70,2,0,1,0,0
200500011991,5,2,10,1715,1,1,1,1,7,124,4835100,318800,890,1,3,2,0,1,1,30,100,1,0,2,0,0
200500011992,5,2,16,715,1,1,1,1,2,657,4948900,36400,760,1,3,4,0,1,1,30,200,1,0,1,0,0
200500011993,5,2,7,1315,1,1,1,1,6,503,4313000,93000,310,1,1,1,0,1,2,0,71,1,3,3,0,0
200500012001,5,2,13,200,3,1,1,9,5,183,4598300,132700,870,1,3,0,0,1,3,11,73,2,0,1,0,1
200500012003,5,2,21,1730,1,1,1,4,6,134,4639000,145000,360,1,3,4,0,2,2,25,140,5,0,3,0,0