Num_Acc,an,mois,jour,hrmn,lum,agg,int,atm,col,com,lat,long,dep,catr,circ,nbv,vosp,prof,plan,lartpc,larrout,surf,infra,situ,env1,killed
200500012005,5,2,3,1845,3,1,1,1,5,196,4379800,332700,340,1,2,2,0,1,1,0,0,1,0,1,0,0
200500012006,5,2,20,330,3,1,1,1,6,36,4368100,341600,340,1,3,4,0,1,1,10,70,1,0,3,0,0
200500012008,5,2,28,2045,3,1,1,1,5,114,4364000,358500,340,2,3,2,0,1,1,50,90,1,0,1,0,1
200500012009,5,2,13,1500,1,1,1,4,3,204,4551600,229600,190,1,3,0,3,4,1,10,75,2,0,1,0,0
200500012010,5,2,22,2300,3,1,1,1,6,334,4818300,12300,720,4,2,2,0,1,1,0,58,1,0,3,0,0
200500012011,5,2,7,800,1,1,1,9,1,61,4906300,225700,950,3,2,2,0,3,3,0,61,7,0,1,0,1
200500012012,5,2,7,1400,1,2,1,1,2,375,4781400,723600,680,3,2,0,0,1,1,0,80,1,0,1,0,0
200500012023,5,2,27,1600,1,2,6,1,3,32,4369100,132800,310,3,2,2,0,1,0,0,25,1,5,1,0,0
200500012027,5,2,20,900,1,2,1,8,1,21,4779800,319600,560,3,2,2,0,3,1,0,69,2,0,1,0,1
200500012029,5,1,18,800,1,1,1,2,5,279,4549900,428500,420,3,2,2,0,0,2,0,0,2,0,1,0,0
200500012072,5,3,22,2230,3,1,1,1,6,524,5057600,288600,590,3,2,2,0,1,3,0,60,1,0,3,0,0
200500012073,5,3,11,730,1,2,3,1,3,653,5057500,293700,590,3,2,0,0,1,1,0,70,1,0,1,0,0
200500012074,5,3,18,2115,5,2,1,1,6,34,5054200,307900,590,3,2,0,1,0,1,0,70,1,0,1,0,1
200500012075,5,3,21,1015,1,2,1,7,6,586,5053700,317400,590,3,2,0,0,1,1,0,60,1,6,1,0,0
200500012076,5,3,31,2300,5,2,1,1,1,586,5053200,316900,590,3,2,2,0,1,1,0,50,1,0,1,0,0
200500012078,5,3,20,2015,5,2,1,1,6,16,5100400,233800,590,9,2,2,0,1,1,0,56,1,0,4,0,0
200500012080,5,3,8,1330,1,2,1,1,1,605,5102000,248000,590,4,2,1,0,0,4,0,39,1,0,1,0,0
200500012081,5,3,24,1730,1,1,2,1,5,666,5089400,240300,590,3,2,2,0,0,1,175,0,2,5,1,0,0
200500012082,5,3,30,1345,1,1,1,7,2,663,5090800,245700,590,3,2,1,0,1,1,0,0,1,0,1,0,0
200500012086,5,3,13,600,2,2,1,8,6,268,5063500,270200,590,3,2,0,0,0,4,0,60,2,0,4,0,0
200500012087,5,3,5,2300,3,1,1,9,6,54,5077100,242900,590,3,2,0,0,1,1,70,70,7,0,3,0,0
200500012088,5,3,1,730,2,1,1,4,7,602,5061300,317000,590,3,2,2,1,1,1,0,0,5,0,3,0,0
200500012089,5,3,18,1100,1,2,1,1,5,164,5015800,359000,590,3,2,2,0,1,1,0,0,1,0,1,0,0
200500012093,5,3,28,1730,1,2,1,1,3,449,5048500,324600,590,3,4,2,1,2,1,0,65,1,0,5,0,0
200500012094,5,3,13,1515,1,1,1,1,6,315,5031400,378400,590,3,2,0,0,2,3,0,63,1,0,3,0,1
200500012095,5,3,3,1930,3,1,1,4,1,122,5012600,294500,620,2,2,2,0,1,1,0,76,7,0,1,0,0
200500012096,5,3,12,2230,3,1,1,1,3,213,5038500,271800,620,3,2,0,0,1,1,0,65,1,0,1,0,0
200500012098,5,3,31,730,1,1,1,1,3,491,5060000,278100,620,3,2,2,0,1,3,0,83,2,0,1,0,0
200500012101,5,3,17,1245,1,2,1,8,6,548,5096800,194000,620,3,2,2,0,1,1,0,0,1,0,1,0,0
200500012103,5,3,25,1430,1,2,9,1,1,364,5051400,213300,620,3,2,2,3,3,1,32,71,1,0,1,0,0
200500012104,5,3,26,1200,1,1,9,1,1,256,5047300,221800,620,3,2,2,0,1,1,0,63,1,0,1,0,0
200500012105,5,3,13,1600,1,1,1,1,2,549,5037000,203500,620,3,2,2,0,1,1,0,77,1,0,1,0,0
200500012106,5,3,18,1,5,2,1,2,6,261,5048100,162100,620,3,2,2,0,1,4,0,70,2,0,1,0,0
200500012107,5,3,19,1645,1,1,1,1,1,811,5064600,226200,620,3,2,2,0,2,1,0,67,1,0,3,0,1
200500012109,5,3,31,1015,1,2,1,1,3,618,5082100,208200,620,2,3,2,0,1,1,0,70,1,0,1,0,0
200500012110,5,3,14,1015,2,1,1,1,1,229,5067500,219500,620,3,2,0,0,1,1,0,70,1,0,1,0,1
200500012111,5,3,26,1300,1,2,1,1,1,295,5058400,230300,620,3,2,0,0,0,1,0,60,1,0,1,0,0
200500012112,5,3,2,415,3,1,1,4,7,415,5034100,262200,620,2,2,2,0,1,1,0,74,7,0,3,0,0
200500012113,5,3,16,1645,1,2,1,1,3,50,5040400,209800,620,4,2,0,0,1,1,0,48,1,0,1,0,0
200500012114,5,3,19,1400,1,1,1,1,3,622,4995100,213600,800,3,2,2,0,1,1,10,59,1,0,1,0,0
200500012118,5,3,3,1730,2,1,1,4,1,63,5003200,151200,800,3,2,0,0,2,1,0,65,7,0,1,0,0
200500012125,5,3,4,1000,1,1,1,4,1,318,5000300,210200,800,2,2,2,0,1,1,0,60,7,0,1,0,0
200500012127,5,3,24,1700,1,2,1,1,6,168,5011200,226400,800,3,0,2,0,1,1,60,0,1,0,1,0,0
200500012136,5,3,17,1845,1,2,1,1,3,16,5001200,266500,800,3,2,27,0,1,1,0,70,1,0,1,0,0
200500012137,5,3,23,615,2,1,2,1,1,295,4994000,268000,800,3,2,2,0,1,0,0,60,1,5,1,0,0
200500012139,5,3,29,900,1,1,2,1,3,638,4980100,291000,800,3,2,0,0,0,3,0,71,1,5,1,0,0
200500012141,5,3,12,1730,1,1,2,8,5,827,4970300,371500,20,2,2,2,3,2,1,0,84,1,5,1,0,0
200500012143,5,3,23,1500,1,2,2,1,3,81,4963000,315000,20,3,2,2,0,1,1,0,66,1,5,1,0,0
200500012144,5,3,23,1845,1,2,1,1,3,173,4961000,322000,20,3,2,2,0,0,1,0,110,1,0,1,3,0
200500012148,5,3,27,1530,1,2,1,1,1,430,4961400,380600,20,3,2,2,0,1,3,0,60,1,0,1,0,0
200500012149,5,3,27,2130,5,2,1,2,6,676,4952000,384300,20,3,2,0,0,2,1,0,70,2,0,4,0,0
200500012150,5,3,27,1430,1,1,1,8,1,697,4958800,372700,20,3,2,2,0,1,1,0,65,1,0,1,0,0
200500012152,5,3,3,700,2,1,1,4,1,57,4999400,333200,20,3,2,2,0,4,1,0,0,5,0,1,0,0
200500012153,5,3,23,1800,1,1,1,1,1,721,4981600,342500,20,3,0,0,0,1,1,0,0,1,0,1,0,0
200500012154,5,3,9,1415,1,2,6,1,3,245,4940200,332700,20,3,2,2,0,1,1,0,0,1,0,1,0,0
200500012155,5,3,30,830,1,1,1,3,3,770,4936000,330000,20,2,2,3,0,2,1,0,124,2,0,1,0,0
200500012156,5,3,24,1500,1,2,9,2,6,620,4940100,351300,20,3,2,2,0,1,1,0,70,2,0,1,0,0
200500012157,5,3,28,1715,1,2,1,1,6,174,4948000,351000,20,4,2,0,0,0,1,0,60,1,0,1,0,0
200500012158,5,3,2,730,1,1,1,4,1,810,4927000,313000,20,3,2,2,0,1,1,0,66,5,0,1,0,0
200500012159,5,3,4,1715,1,2,1,1,1,810,4925600,308900,20,3,1,0,0,0,0,0,70,1,0,0,0,0
200500012161,5,3,26,1645,1,1,1,3,6,441,4924000,324000,20,3,2,0,0,0,2,0,68,2,0,3,0,0
200500012163,5,3,19,2200,3,1,1,1,2,666,4972400,414300,20,3,2,2,0,1,1,0,62,1,0,1,0,0
200500012165,5,3,19,1930,3,1,1,1,7,422,4993500,363200,20,3,2,0,0,3,1,0,0,1,0,1,0,0
200500012166,5,3,23,745,1,1,1,1,6,574,4988800,402600,20,3,2,0,0,2,4,0,0,1,0,3,0,0
200500012167,5,3,10,2045,3,1,6,1,7,277,4942400,200900,600,2,2,2,0,4,1,0,83,1,5,3,0,0
200500012168,5,3,30,1215,1,1,1,1,6,9,4940100,210800,600,3,2,2,0,1,1,0,64,1,0,3,0,1
200500012169,5,3,21,1215,1,1,9,1,3,639,4946700,210200,600,2,2,2,0,1,1,0,85,1,0,1,0,0
200500012170,5,3,11,545,3,1,1,1,6,143,4927900,186300,600,3,2,0,0,0,3,0,75,1,0,1,0,0
200500012171,5,3,18,1530,1,1,2,1,1,420,4921200,180800,600,3,2,2,0,1,1,0,76,1,0,1,0,0
200500012172,5,3,1,1200,1,2,1,4,6,602,4973000,173000,600,4,2,0,0,2,3,0,42,7,0,1,0,0
200500012175,5,3,11,745,1,2,6,1,7,2,4937000,216200,600,2,1,0,0,1,2,0,0,1,5,1,0,0
200500012177,5,3,7,800,1,1,1,1,1,82,4967800,225000,600,2,2,0,0,1,1,0,73,7,0,1,0,0
200500012179,5,3,23,1400,1,2,1,1,5,116,4930800,234700,600,4,2,2,0,2,1,0,55,1,0,1,0,0
200500012180,5,3,15,900,1,2,1,1,7,581,4951100,243500,600,3,0,0,0,1,1,0,0,1,0,1,0,0
200500012183,5,3,18,815,2,1,1,5,6,492,4951600,294000,600,4,2,2,0,0,3,0,54,2,0,3,0,1
200500012185,5,3,16,700,1,2,1,1,1,223,4943100,263800,600,3,2,0,0,0,1,0,0,1,0,1,0,0
200500012188,5,3,21,1945,3,1,1,1,7,443,4964600,302300,600,3,2,2,0,1,1,50,0,1,0,3,0,0
200500012189,5,3,23,915,1,2,6,1,6,471,4958700,300500,600,3,0,0,0,0,0,0,0,0,0,0,0,0
200500012195,5,3,9,45,5,2,1,1,7,346,4916100,244600,600,2,2,2,0,3,1,100,85,1,0,3,0,0
200500012196,5,3,31,2030,2,1,1,1,6,141,4918200,249700,600,3,2,2,0,1,1,0,0,1,0,3,0,0
200500012199,5,3,18,1215,1,1,2,1,3,503,4954000,102000,760,3,2,2,0,1,1,0,50,1,0,1,0,0
200500012200,5,3,20,430,3,1,1,1,7,367,4951200,108500,760,3,2,2,0,2,2,0,57,1,0,3,0,0
200500012201,5,3,3,2030,3,1,1,4,1,377,4951900,114100,760,3,2,2,0,1,1,0,63,5,0,1,0,0
200500012202,5,3,15,1445,1,1,1,1,7,179,4960000,111000,760,3,2,2,0,2,2,0,70,1,0,1,0,0
200500012206,5,3,12,1800,2,1,1,1,6,116,4939000,123900,760,2,2,2,0,1,1,0,75,1,0,0,0,0
200500012207,5,3,12,1845,2,1,1,1,6,558,4938100,116100,760,3,2,2,0,1,2,0,65,1,0,3,0,0
200500012214,5,3,22,1800,1,1,1,1,2,592,4951100,51300,760,3,2,0,0,1,1,0,60,1,0,0,0,0
200500012217,5,3,15,715,1,2,1,1,3,462,4973500,144000,760,3,2,1,0,1,1,0,90,1,5,1,0,0
200500012218,5,3,19,1615,1,2,1,1,2,516,4973800,142700,760,3,2,1,0,1,4,0,55,1,0,1,0,0
200500012219,5,3,17,1500,1,1,9,1,7,520,4986500,160900,760,3,2,2,0,1,1,0,53,1,0,1,0,0
200500012220,5,3,28,145,3,1,1,1,6,101,4990000,160000,760,3,0,0,0,0,2,0,60,1,0,0,0,1
200500012221,5,3,14,1445,1,2,1,1,1,312,4948900,170100,760,2,2,0,0,1,1,0,84,1,0,1,0,0
200500012223,5,3,25,1245,1,2,1,1,7,57,4954400,95300,760,3,2,2,0,2,4,0,60,1,0,1,0,0
200500012224,5,3,25,700,1,1,2,1,1,241,4981500,78900,760,3,2,2,0,1,1,0,55,1,0,1,0,0
200500012225,5,3,18,1815,1,2,1,5,3,219,4972200,78900,760,3,2,2,0,1,1,0,84,1,0,1,0,0
200500012226,5,3,30,1315,1,2,2,1,1,198,4968800,84800,760,4,0,1,0,1,1,33,0,1,0,1,0,0
200500012230,5,3,21,1800,1,1,1,1,3,618,4897300,81800,270,3,2,0,0,1,1,0,58,1,0,1,0,0
200500012231,5,3,22,1400,1,1,1,1,3,650,4908900,98600,270,2,2,0,0,1,1,0,100,1,0,1,0,0
200500012235,5,3,20,1230,1,2,6,1,1,448,4901800,138700,270,3,0,0,0,0,0,45,71,1,5,1,0,0
200500012236,5,3,7,1445,1,1,1,1,1,679,4873800,93500,270,2,2,0,0,1,1,0,76,1,0,1,0,0
200500012237,5,3,11,915,1,2,1,1,6,112,4884100,91500,270,3,2,2,0,1,1,0,40,1,0,1,0,0
200500012238,5,3,12,2045,5,1,1,1,1,679,4874300,91400,270,2,2,0,0,0,1,0,76,1,0,1,0,0
200500012239,5,3,23,1800,1,2,1,1,6,502,4882000,71000,270,4,2,0,0,1,1,0,59,1,0,1,0,0
200500012240,5,3,26,1800,1,1,1,1,6,69,4882600,76600,270,3,2,2,0,1,3,0,55,1,0,3,0,0
200500012241,5,3,9,1730,1,2,1,1,3,16,4925200,141900,270,3,1,1,0,1,1,0,50,1,0,1,0,0
200500012242,5,3,27,1730,1,2,1,1,1,487,4935100,133200,270,4,3,2,0,2,2,0,45,1,0,1,0,0
200500012243,5,3,28,1,5,2,1,1,5,284,4928300,176000,270,3,2,2,0,1,2,0,68,1,0,1,0,0
200500012244,5,3,1,1700,1,1,3,1,3,207,4911800,45700,270,3,2,2,0,1,1,0,40,2,0,1,0,1
200500012245,5,3,18,1700,1,2,1,1,3,56,4909600,60000,270,4,3,0,0,1,1,0,0,1,0,1,3,0
200500012247,5,3,19,630,3,1,1,5,3,463,4915900,62200,270,2,2,2,0,1,1,0,113,2,5,1,0,1
200500012248,5,3,20,1715,1,1,9,1,7,547,4904500,39100,270,3,2,2,0,2,2,0,61,1,0,3,0,0
200500012250,5,3,5,300,3,1,1,1,6,253,4915700,69300,270,2,2,0,0,1,3,0,90,7,0,3,0,0
200500012251,5,3,17,1230,1,1,1,1,6,221,4896600,65400,270,3,2,2,0,1,1,0,57,1,0,1,0,0
200500012252,5,3,25,230,1,1,1,1,3,51,4908900,76000,270,3,2,0,0,1,1,0,70,1,0,1,0,1
200500012257,5,3,26,1030,1,2,1,1,7,469,4931200,123600,270,4,2,0,0,0,1,0,54,1,0,1,0,0
200500012259,5,3,18,1515,1,2,2,1,1,428,4915400,90000,270,3,2,2,0,1,1,0,88,1,5,1,0,0
200500012263,5,3,19,1300,1,2,1,1,6,582,4929800,95100,270,9,0,0,0,0,0,0,0,1,0,0,0,0
200500012265,5,3,17,715,1,2,9,1,1,468,4925000,69000,270,3,2,2,0,1,3,0,83,1,0,1,0,0
200500012266,5,3,17,2200,3,1,1,1,6,288,4927200,68700,270,3,2,0,0,2,1,0,80,1,0,3,0,0
200500012267,5,3,25,1915,2,1,1,1,6,349,4932200,71400,270,3,2,2,0,2,1,0,56,1,0,1,0,0
200500012268,5,3,12,1630,1,2,1,1,2,66,4804600,170700,350,3,2,2,0,1,1,0,80,1,5,1,0,0
200500012270,5,3,22,1345,1,1,1,1,6,315,4823000,156000,350,3,2,0,0,1,2,0,60,1,0,3,0,0
200500012277,5,3,2,1445,1,2,1,1,1,257,4841400,136300,350,3,2,2,0,1,1,0,73,1,0,1,3,0
200500012279,5,3,16,1630,1,2,1,1,6,257,4841500,136600,350,3,2,2,0,1,1,0,0,1,0,1,0,0
200500012280,5,3,18,1545,1,1,1,1,1,253,4825700,137000,350,3,2,2,0,1,1,0,0,1,0,1,0,0
200500012281,5,3,25,1630,3,1,1,5,6,280,4835100,134700,350,3,2,2,0,1,2,0,0,2,0,3,0,0
200500012285,5,3,19,2115,3,1,1,1,6,221,4786700,176200,350,3,2,2,0,2,3,0,60,1,0,3,0,0
200500012286,5,3,31,545,3,1,1,5,6,212,4790500,164100,350,3,2,2,0,1,1,0,50,1,0,3,0,0
200500012292,5,3,3,1030,1,1,1,1,1,259,4859000,166200,350,3,2,2,0,1,2,0,56,1,0,1,0,0
200500012293,5,3,6,1600,1,1,1,1,3,194,4814500,124400,350,3,2,2,0,1,1,0,60,1,0,1,0,0
200500012294,5,3,20,145,4,2,1,1,6,360,4812800,120400,350,9,2,0,0,1,1,0,0,1,0,1,0,0
200500012297,5,3,3,645,3,1,1,1,7,1,4831200,291200,220,4,1,0,0,4,1,0,25,7,2,1,0,1
200500012302,5,3,13,1845,1,1,2,1,3,183,4817400,259900,220,2,2,2,3,1,1,0,250,1,5,1,0,0
200500012303,5,3,23,2200,3,1,1,1,1,4,4861800,328000,220,3,1,0,0,4,1,0,0,2,0,1,0,0
200500012304,5,3,19,2000,3,1,1,1,1,135,4860300,334000,220,3,2,0,0,1,1,0,38,1,0,1,0,0
200500012305,5,3,2,1530,1,1,2,1,3,152,4877000,327000,220,3,2,2,0,1,1,0,60,1,0,1,0,0
200500012306,5,3,5,1915,2,1,1,2,1,166,4881900,328700,220,3,2,2,0,1,4,0,51,2,0,1,0,0
200500012307,5,3,19,1445,1,1,1,1,3,141,4871200,330200,220,3,2,2,0,2,1,0,56,1,0,1,0,0
200500012308,5,3,25,1100,1,1,1,1,2,85,4881800,317300,220,4,2,2,0,1,1,0,0,1,0,1,0,0
200500012309,5,3,3,1415,1,2,1,1,6,46,4809900,433000,290,9,1,0,0,2,3,59,0,1,5,1,0,0
200500012310,5,3,17,1030,1,2,1,2,3,46,4809100,432200,290,3,2,0,0,2,1,0,0,2,0,1,0,0
200500012311,5,3,27,1545,1,1,3,1,1,58,4788900,403500,290,3,2,2,0,1,4,0,63,1,0,1,0,0
200500012312,5,3,31,1800,1,2,1,1,1,57,4790900,398100,290,9,2,2,0,2,1,0,0,1,0,1,0,0
200500012313,5,3,3,1400,1,1,1,1,3,158,4780900,431400,290,4,2,0,0,1,1,0,65,1,0,1,0,0
200500012314,5,3,3,1930,3,1,1,1,2,165,4782600,423700,290,3,2,2,0,1,1,0,67,1,0,1,0,0
200500012315,5,3,30,1945,1,2,1,1,3,75,4844000,439000,290,3,2,2,0,1,1,0,155,1,5,1,0,0
200500012319,5,3,18,1930,1,1,1,1,3,172,4821700,425400,290,3,2,2,0,2,1,0,65,1,0,1,0,0
200500012320,5,3,19,30,4,2,6,1,2,166,4816200,423000,290,3,2,2,0,0,1,0,0,1,0,1,0,0
200500012322,5,3,7,800,3,1,1,1,6,20,4810300,403600,290,3,2,2,0,1,1,0,70,1,0,1,0,0
200500012323,5,3,20,2000,2,1,1,1,3,280,4823100,432200,290,3,2,0,0,1,1,0,85,1,5,1,0,0
200500012326,5,3,15,745,1,1,1,1,1,184,4865000,398000,290,4,2,0,0,1,3,0,52,1,0,1,0,0
200500012330,5,3,20,1615,1,1,2,1,3,3,4762400,287000,560,4,2,2,0,0,1,0,68,1,0,1,0,0
200500012332,5,3,20,1300,1,1,1,1,6,147,4754300,223100,560,3,2,0,0,0,1,0,62,1,0,1,0,1
200500012333,5,3,26,930,1,2,1,1,6,143,4756000,248200,560,3,2,2,0,2,1,60,0,1,0,1,0,1
200500012343,5,3,20,1200,1,1,1,1,3,222,4780200,272800,560,3,2,0,0,0,1,0,99,1,0,1,0,1
200500012344,5,3,5,545,3,2,1,1,6,117,4788600,283300,560,3,2,2,0,1,3,0,80,1,0,1,0,1
200500012346,5,3,1,1345,1,2,1,1,1,66,4814500,362800,560,3,2,0,0,1,1,0,82,1,0,1,0,0
200500012347,5,3,3,1215,1,1,1,4,1,170,4926800,42100,140,3,2,0,0,1,1,0,40,5,0,1,0,0
200500012353,5,3,26,1315,1,2,1,1,6,309,4903900,30900,140,3,2,0,0,2,1,0,40,1,0,1,0,0
200500012354,5,3,26,2000,5,2,1,1,3,456,4912000,16100,140,2,2,0,0,2,1,0,107,1,0,1,0,0
200500012356,5,3,29,1715,1,2,1,1,3,57,4912800,20400,140,2,2,2,0,1,1,0,71,1,0,1,0,0
200500012357,5,3,18,1200,1,2,1,1,1,530,4923400,25200,140,4,2,0,0,1,2,0,38,1,0,1,0,0
200500012359,5,3,1,1400,1,1,1,1,5,332,4886900,18100,140,2,2,2,0,0,1,0,73,1,0,1,0,1
200500012360,5,3,21,615,2,1,1,1,2,627,4889000,22000,140,3,2,2,0,3,1,0,71,1,0,1,0,1
200500012362,5,3,26,1830,1,1,2,8,5,386,4905200,10600,140,3,2,2,0,1,1,20,70,2,0,1,0,0
200500012365,5,3,8,2145,3,1,1,1,6,139,4893500,86500,140,3,2,2,0,2,3,0,70,1,0,3,0,1
200500012369,5,3,1,1430,1,1,1,1,3,493,4884000,146000,500,4,2,0,0,1,1,0,28,1,0,1,0,0
200500012375,5,3,31,2245,3,1,1,1,7,400,4937000,135000,500,3,2,2,0,1,2,0,62,1,0,3,0,1
200500012377,5,3,19,1800,1,2,1,7,1,648,4949400,150300,500,3,2,2,0,1,1,0,60,1,5,1,0,0
200500012379,5,3,4,1815,1,1,1,8,1,456,4867000,85000,500,3,2,2,0,1,1,0,62,2,0,1,0,0
200500012380,5,3,16,1400,1,2,1,1,4,391,4859400,108800,500,3,2,0,0,1,1,0,85,1,0,1,0,0
200500012382,5,3,8,1830,1,1,1,1,1,141,4847300,1800,610,3,2,2,0,1,2,0,60,1,0,1,0,0
200500012386,5,3,27,1245,1,1,9,1,3,23,4880000,700,610,3,2,2,0,2,0,0,0,1,5,1,0,1
200500012389,5,3,22,1845,1,1,1,1,1,243,4859200,28700,610,3,2,2,0,1,2,0,71,1,0,1,0,0
200500012393,5,3,24,930,1,1,1,3,3,61,4843000,96000,610,3,2,2,0,1,1,0,77,2,0,1,0,0
200500012394,5,3,22,930,1,1,1,2,1,173,4707300,135100,440,3,2,0,0,1,2,0,55,2,0,1,0,0
200500012395,5,3,11,1730,1,1,1,1,2,188,4703900,166200,440,3,2,2,0,1,1,0,60,1,0,1,0,0
200500012396,5,3,13,700,1,2,1,1,6,81,4689400,160300,440,3,2,2,0,1,2,0,45,1,0,1,0,0
200500012398,5,3,21,1245,1,1,1,2,1,41,4708000,156600,440,3,2,2,0,1,3,0,63,8,0,1,0,0
200500012401,5,3,16,1600,1,1,2,1,3,191,4757600,118900,440,3,2,2,0,1,1,0,68,1,5,1,0,1
200500012402,5,3,23,1515,1,1,1,1,7,77,4749700,143300,440,3,2,2,0,0,2,0,60,1,0,3,0,0
200500012403,5,3,31,730,1,1,1,5,7,144,4753200,131900,440,3,2,2,0,1,2,40,80,1,0,1,0,1
200500012404,5,3,20,830,1,1,1,1,6,199,4774100,130300,440,4,2,0,0,1,2,0,0,1,0,1,0,0
200500012405,5,3,20,1815,1,2,1,1,6,67,4763500,183200,440,9,2,0,0,1,1,0,55,1,0,1,0,0
200500012406,5,3,19,1230,1,1,1,1,6,7,4762200,191900,440,3,2,2,0,1,2,0,54,0,0,3,0,0
200500012407,5,3,20,2000,2,1,1,1,5,15,4744900,181100,440,2,2,2,0,3,1,0,65,1,0,1,0,0
200500012409,5,3,1,1645,1,1,2,1,1,149,4751700,154500,440,3,2,0,0,1,1,0,50,1,0,1,0,0
200500012410,5,3,20,1500,1,1,1,1,2,73,4741500,169800,440,3,2,1,0,1,1,0,60,1,0,1,0,0
200500012411,5,3,4,600,3,1,1,1,7,120,4720800,175700,440,3,2,0,0,1,1,90,70,1,0,3,0,0
200500012413,5,3,20,1615,1,1,1,1,1,133,4713700,179800,440,3,2,2,0,1,1,0,71,1,0,1,0,0
200500012416,5,3,31,1600,1,2,1,1,1,69,4733400,243800,440,4,2,0,0,1,1,0,65,1,0,1,0,0
200500012421,5,3,18,730,1,1,1,5,7,195,4737300,190900,440,3,2,0,0,0,2,0,60,2,0,1,0,0
200500012423,5,3,15,1230,1,2,1,1,3,278,4742000,56000,490,4,2,0,0,1,1,0,70,1,0,1,0,0
200500012425,5,3,30,1500,1,1,1,1,1,49,4745600,16200,490,3,2,0,0,0,1,0,0,1,0,1,0,0
200500012426,5,3,11,800,2,2,1,7,6,323,4751900,47400,490,3,0,2,1,1,1,0,0,1,0,1,0,0
200500012427,5,3,20,1800,1,1,2,1,3,306,4743100,72100,490,3,2,2,0,1,1,25,60,1,5,1,0,0
200500012428,5,3,24,2200,3,1,1,1,7,283,4738900,75500,490,3,2,0,0,2,2,0,100,1,0,1,0,0
200500012429,5,3,19,1430,1,2,1,1,1,333,4758400,35000,490,2,2,2,0,3,1,0,107,1,0,1,0,1
200500012431,5,3,20,1145,1,1,1,1,6,281,4716800,75300,490,2,2,2,0,0,1,0,74,1,0,3,0,1
200500012433,5,3,27,300,4,2,3,8,6,273,4710300,118600,490,3,2,2,0,1,1,0,60,2,0,1,0,0
200500012434,5,3,13,400,3,2,1,1,7,145,4728700,111900,490,4,2,0,0,1,1,0,36,1,0,1,0,0
200500012435,5,3,13,1745,1,2,1,1,3,83,4729200,97900,490,3,2,0,0,0,1,0,70,1,0,1,0,0
200500012439,5,3,2,1630,1,1,1,2,7,311,4738800,7900,490,3,2,0,0,1,1,70,70,2,0,1,0,0
200500012440,5,3,13,1215,1,1,1,1,3,279,4736000,28000,490,3,2,2,0,1,1,0,61,1,0,1,0,1
200500012441,5,3,13,1845,3,1,1,1,5,261,4738000,23800,490,4,2,2,0,1,1,0,43,1,0,1,0,0
200500012444,5,3,22,1200,1,1,1,1,3,53,4717300,21400,490,3,2,0,0,1,1,0,70,2,0,1,0,0
200500012446,5,3,18,1830,1,1,1,1,1,36,4775400,98100,490,3,2,0,0,3,1,0,0,1,0,1,0,0
200500012447,5,3,20,2115,3,1,1,1,7,67,4768800,65700,490,3,2,2,0,1,1,0,0,1,0,3,0,0
200500012448,5,3,11,1700,1,2,1,1,6,176,4764000,70800,490,2,2,0,0,1,1,0,60,1,5,3,0,0
200500012449,5,3,10,515,4,2,1,1,7,339,4757900,54500,490,3,2,0,0,1,1,0,70,9,0,1,0,0
200500012454,5,3,15,715,1,2,2,1,3,3,4839900,62200,530,3,2,2,0,3,1,0,70,1,0,1,0,0
200500012455,5,3,19,1500,1,1,1,1,7,51,4835500,50400,530,2,3,2,0,4,1,0,105,1,0,1,0,0
200500012456,5,3,22,1800,1,2,1,1,6,57,4832300,43400,530,3,2,2,0,2,1,0,65,1,0,1,0,0
200500012457,5,3,28,1830,1,1,1,1,6,208,4844800,21300,530,3,2,2,0,1,1,0,60,0,0,1,0,0
200500012463,5,3,22,715,1,1,1,2,6,26,4815100,38700,720,3,2,1,0,2,1,0,73,2,0,1,0,0
200500012464,5,3,26,1700,1,2,9,1,3,289,4814000,17000,720,4,2,0,0,1,0,0,60,1,0,1,0,0
200500012467,5,3,24,1930,2,1,1,1,2,344,4793400,16100,720,2,2,3,0,1,1,0,146,1,0,1,0,0
200500012468,5,3,29,1900,1,2,2,8,3,143,4787000,46000,720,3,2,2,0,2,1,0,80,2,0,1,0,0
200500012472,5,3,13,1830,1,1,1,1,3,135,4777900,8800,720,3,2,2,0,1,2,0,55,1,0,1,0,0
200500012473,5,3,20,1500,1,1,1,1,7,191,4777900,27900,720,3,2,2,0,1,2,0,62,1,0,3,0,0
200500012476,5,3,8,900,1,2,1,1,6,276,4828000,46300,720,9,2,2,0,1,1,0,72,1,0,1,3,1
200500012477,5,3,17,1030,1,1,3,1,1,104,4827000,27000,720,3,2,2,0,0,3,0,50,2,0,1,0,1
200500012478,5,3,23,1700,1,1,1,1,1,222,4824400,23200,720,3,2,2,0,1,3,0,60,1,0,1,0,0
200500012479,5,3,8,830,1,2,1,1,6,172,4807400,58000,720,3,2,2,0,1,1,0,60,1,0,4,3,0
200500012484,5,3,7,800,1,2,1,1,3,119,4696900,111800,850,3,2,2,0,1,1,0,0,1,5,1,0,0
200500012487,5,3,23,1330,1,2,6,1,3,19,4678900,143100,850,3,2,2,0,1,2,0,0,1,0,1,0,0
200500012489,5,3,3,1215,1,2,2,1,5,128,4646800,117800,850,9,2,0,0,1,1,0,70,2,0,1,0,0
200500012491,5,3,3,2130,3,1,1,1,3,289,4666100,76800,850,3,2,2,1,4,2,76,72,9,0,1,0,0