Num_Acc,an,mois,jour,hrmn,lum,agg,int,atm,col,com,lat,long,dep,catr,circ,nbv,vosp,prof,plan,lartpc,larrout,surf,infra,situ,env1,killed
200500013322,5,3,23,730,2,2,1,1,1,94,4759100,687400,900,2,2,0,0,2,3,0,77,1,0,1,0,0
200500013323,5,3,30,2200,5,2,1,1,3,9,4749300,692700,900,3,2,2,0,2,1,0,60,1,0,0,0,0
200500013324,5,3,12,1415,1,1,1,4,7,89,4774100,697500,900,3,2,2,0,0,1,0,60,5,0,3,0,0
200500013325,5,3,25,1615,1,2,1,1,1,23,4771900,684400,900,3,2,2,0,1,2,0,70,1,0,1,0,0
200500013326,5,3,6,1500,1,1,1,4,3,14,4755200,701100,900,3,2,2,0,3,3,0,0,5,0,1,0,0
200500013328,5,3,10,1100,1,1,1,1,6,337,4470600,478800,260,1,3,3,3,1,1,30,105,1,0,2,0,0
200500013329,5,3,24,345,3,1,1,1,5,337,4470800,478700,260,1,3,3,0,1,1,15,135,1,0,1,0,0
200500013330,5,3,3,730,1,1,1,8,6,48,4363400,566000,130,3,2,2,0,1,1,0,60,2,0,3,0,0
200500013332,5,3,19,1715,1,1,1,1,1,48,4363400,565900,130,3,2,1,0,1,2,0,70,1,0,1,0,0
200500013333,5,3,24,1845,1,1,1,2,5,59,4363700,551700,130,2,2,0,0,2,3,0,0,2,0,1,0,1
200500013334,5,3,4,530,2,1,1,9,5,15,4344000,543000,130,3,3,0,3,1,1,0,70,2,0,1,0,0
200500013335,5,3,15,30,3,1,1,1,6,19,4346000,532000,130,3,3,2,0,4,1,10,70,1,3,1,0,0
200500013337,5,3,3,700,2,1,1,4,7,110,4346000,565000,130,3,2,0,0,1,1,0,73,7,0,3,0,1
200500013338,5,3,13,1745,1,2,9,1,6,110,4345000,568000,130,3,2,0,0,1,1,0,0,1,0,1,0,1
200500013339,5,3,27,630,2,1,4,8,3,4,4363200,474800,130,2,2,2,0,3,1,0,40,2,3,1,0,0
200500013341,5,3,16,1200,1,1,1,1,6,96,4350800,437900,130,3,2,2,0,1,1,0,60,1,0,3,0,0
200500013342,5,3,31,2145,3,1,1,1,6,96,4354900,436400,130,3,2,2,0,1,1,0,0,1,5,0,0,0
200500013343,5,3,29,2015,3,1,1,1,2,97,4363600,477300,130,2,3,2,0,1,1,0,70,1,0,1,0,1
200500013348,5,3,9,1530,1,1,1,1,3,30,4327200,572800,130,2,3,2,0,2,1,64,80,1,0,1,0,0
200500013350,5,3,13,1600,1,1,1,1,2,22,4322300,556600,130,3,2,0,0,2,1,0,80,1,0,1,0,0
200500013351,5,3,25,1815,1,1,1,1,4,22,4324000,554400,130,3,2,3,2,4,2,0,100,1,0,1,0,0
200500013355,5,3,12,1030,1,1,1,1,3,3,4372600,514000,130,3,2,2,0,1,1,0,65,1,0,1,0,1
200500013358,5,3,28,15,5,1,1,1,1,1,4405600,615100,40,3,2,2,0,1,1,0,80,1,0,1,0,0
200500013359,5,3,9,700,1,1,1,1,6,143,4388600,591000,40,3,2,2,0,1,1,0,59,1,0,3,0,0
200500013360,5,3,10,1930,3,1,1,1,4,116,4400200,593800,40,3,2,2,0,1,2,0,70,1,0,1,0,1
200500013362,5,3,21,1800,1,1,1,1,7,104,4395500,574700,40,3,2,2,0,0,2,0,60,1,0,3,0,0
200500013363,5,3,29,1845,1,1,1,1,3,242,4388900,586300,40,2,2,2,0,1,1,0,60,1,0,1,0,0
200500013367,5,3,2,1815,2,1,2,1,3,56,4462200,613500,50,3,2,2,0,0,1,0,60,1,0,1,0,0
200500013371,5,3,1,1745,1,1,2,1,3,17,4456700,619800,50,2,2,2,0,0,1,0,70,1,5,1,0,0
200500013372,5,3,4,830,1,2,1,1,1,40,4455000,627000,50,4,2,0,0,2,1,0,55,7,0,1,0,0
200500013373,5,3,20,915,1,1,1,1,3,40,4454000,630000,50,2,2,2,0,1,1,0,70,1,0,1,0,0
200500013374,5,3,27,1845,1,1,1,1,7,84,4456000,621000,50,2,2,2,0,3,3,0,70,1,0,0,0,0
200500013380,5,3,25,1645,1,2,1,1,1,103,4401500,731000,60,4,1,0,0,2,3,0,0,1,0,1,3,0
200500013384,5,3,2,1730,1,2,1,1,7,95,4364000,688000,60,3,2,0,0,0,1,0,57,1,0,1,0,1
200500013388,5,3,14,1215,1,1,1,1,6,33,4379900,720600,60,3,3,3,0,1,1,0,102,1,0,3,0,0
200500013393,5,3,26,1200,1,1,1,1,3,158,4393400,709400,60,2,2,0,0,1,1,0,70,1,0,1,0,0
200500013394,5,3,12,1930,3,1,1,1,6,94,4411500,691600,60,3,2,2,0,1,2,0,81,0,0,1,0,0
200500013395,5,3,10,1300,1,1,1,1,7,153,4405400,713400,60,3,2,2,0,2,3,0,70,1,0,3,0,1
200500013398,5,3,17,1000,1,1,1,1,2,4,4345000,648000,830,2,2,0,0,1,1,0,70,1,0,1,0,0
200500013406,5,3,3,930,1,1,1,9,7,95,4356900,608000,830,3,2,2,0,1,3,65,0,5,0,1,0,0
200500013408,5,3,26,730,1,1,1,1,7,57,4339200,624900,830,3,2,2,0,3,3,0,0,1,0,3,0,0
200500013409,5,3,2,1645,1,2,1,1,6,116,4345000,586000,830,4,2,2,0,1,1,0,60,1,0,1,0,0
200500013411,5,3,30,1400,1,1,1,1,7,116,4348000,586000,830,3,2,2,0,1,4,0,60,1,0,3,0,0
200500013412,5,3,30,1715,1,2,1,1,4,89,4348000,582000,830,3,2,2,0,0,2,0,70,1,0,1,0,0
200500013419,5,3,27,1630,1,1,1,1,3,35,4319400,578500,830,3,2,0,0,1,0,20,40,1,5,1,0,0
200500013427,5,3,14,1330,1,2,1,1,1,92,4398100,486000,840,4,1,0,0,1,1,0,60,1,0,1,0,0
200500013428,5,3,15,1530,1,1,1,1,7,20,4382900,530300,840,3,2,0,0,2,2,0,84,1,0,3,0,0
200500013429,5,3,28,2200,3,1,1,1,1,20,4387000,531400,840,2,2,0,0,1,1,0,106,1,0,1,0,0
200500013435,5,3,27,1615,1,1,1,1,1,142,4396100,504300,840,3,2,2,0,1,1,0,130,1,0,1,0,0
200500013437,5,3,17,745,1,1,1,1,2,19,4429900,475300,840,3,2,0,1,1,1,0,165,1,0,1,0,0
200500013440,5,3,4,445,3,1,1,1,6,321,4367900,406900,340,2,3,0,0,1,1,0,121,1,0,3,0,1
200500013444,5,3,2,1600,1,1,1,1,3,154,4362100,394600,340,3,2,0,0,1,1,0,105,1,0,1,0,0
200500013447,5,3,11,1345,1,2,9,1,3,119,4359700,310900,340,3,2,0,0,1,1,70,60,1,0,1,0,1
200500013449,5,3,18,815,1,1,1,1,6,28,4360100,317300,340,3,2,0,0,2,3,0,65,1,0,3,0,0
200500013450,5,3,28,1900,1,1,1,1,5,28,4361100,314900,340,3,2,2,1,1,1,72,0,1,0,1,0,0
200500013451,5,3,29,815,1,2,9,3,1,335,4360100,313500,340,3,2,2,0,1,1,60,0,2,0,1,0,0
200500013452,5,3,16,730,1,1,1,1,7,167,4329400,302600,340,3,2,2,0,1,1,0,70,2,0,3,0,0
200500013457,5,3,8,930,1,1,1,1,6,180,4361100,343700,340,2,0,0,0,0,1,0,70,1,0,3,0,0
200500013459,5,3,27,1615,1,2,7,1,6,79,4363100,343400,340,5,1,1,0,1,1,0,60,1,0,1,0,0
200500013460,5,3,3,1545,1,2,2,1,3,31,4336700,342500,340,4,3,2,0,1,1,0,69,1,0,0,0,0
200500013461,5,3,18,1530,1,1,2,1,3,101,4337500,349600,340,3,2,0,0,1,1,0,64,1,5,1,0,0
200500013462,5,3,21,1000,1,1,1,2,1,56,4345000,344100,340,3,2,2,0,1,3,0,63,8,0,1,0,0
200500013466,5,3,6,1745,1,1,1,1,7,341,4350600,362100,340,3,2,0,0,2,3,0,65,1,0,1,0,0
200500013468,5,3,26,1500,1,2,1,1,3,143,4345300,361400,340,9,2,0,0,1,1,0,60,1,0,0,0,0
200500013469,5,3,28,1845,2,2,1,1,2,288,4325900,226500,110,2,2,1,0,2,1,0,80,1,0,1,0,0
200500013470,5,3,31,1730,1,1,1,1,3,288,4326400,222700,110,2,2,3,0,2,1,0,105,1,5,1,0,0
200500013471,5,3,30,1930,1,1,1,2,7,81,4331500,249600,110,3,2,0,0,0,1,0,0,2,0,3,0,0
200500013472,5,3,14,1115,1,1,1,1,2,149,4323700,192100,110,3,2,2,0,1,1,0,60,1,0,1,0,0
200500013473,5,3,29,1630,1,1,1,2,6,239,4328900,187000,110,3,2,2,0,2,3,0,50,2,0,3,0,0
200500013476,5,3,26,815,2,1,1,1,2,289,4309600,223100,110,3,2,2,0,1,1,0,70,1,0,1,0,0
200500013479,5,3,5,1545,1,1,1,1,1,262,4318300,306300,110,3,2,2,0,1,1,56,0,1,0,1,0,0
200500013480,5,3,22,1345,1,1,1,2,7,296,4328000,279400,110,3,2,2,0,2,1,0,75,2,0,3,0,1
200500013493,5,3,5,1230,1,1,1,1,5,284,4414300,408400,300,3,2,0,0,2,1,0,152,1,0,1,0,0
200500013494,5,3,31,1100,1,1,1,1,6,305,4418200,415800,300,3,2,2,0,2,1,0,55,1,0,1,0,0
200500013497,5,3,1,1915,3,1,1,1,6,316,4432000,402000,300,3,2,2,0,3,1,0,46,1,0,3,0,0
200500013500,5,3,26,400,5,1,1,8,6,290,4426500,460800,300,3,2,2,0,1,3,0,62,2,0,1,0,0
200500013503,5,3,27,1015,1,2,1,1,3,73,4395800,456800,300,2,2,2,0,1,3,0,0,2,0,1,0,0
200500013504,5,3,3,445,5,2,1,1,1,141,4409900,470300,300,2,2,0,0,1,1,0,64,1,0,1,0,0
200500013505,5,3,28,2000,5,2,1,1,1,141,4409600,470400,300,2,2,0,0,1,4,0,80,1,1,1,0,0
200500013508,5,3,1,1730,1,2,9,1,1,217,4396000,472000,300,3,2,2,0,0,1,0,62,1,0,0,0,0
200500013509,5,3,27,1715,1,1,1,1,1,336,4384800,462200,300,3,2,2,0,3,3,0,68,1,0,1,0,0
200500013511,5,3,15,1415,1,2,1,1,3,210,4390800,400700,300,3,2,2,0,1,1,63,0,1,0,1,0,0
200500013513,5,3,16,1500,1,1,1,1,1,16,4449000,345800,480,2,2,2,0,1,1,0,72,1,0,1,0,0
200500013516,5,3,7,1300,1,1,1,1,6,92,4455000,329000,480,2,2,0,0,1,3,0,71,1,0,3,0,0
200500013518,5,3,11,2000,3,1,1,1,6,47,4471700,326400,480,3,2,0,0,2,1,0,62,1,0,1,0,0
200500013520,5,3,20,145,3,1,1,1,1,65,4260800,297000,660,4,3,2,0,1,1,0,65,1,0,1,0,1
200500013522,5,3,12,1330,1,1,2,1,3,190,4284200,292400,660,2,2,2,0,1,2,0,0,1,5,1,0,0
200500013523,5,3,15,1515,1,1,3,1,3,69,4282300,282300,660,3,2,0,0,2,1,0,0,1,0,1,0,0
200500013525,5,3,5,1745,2,2,1,1,3,180,4277900,300600,660,4,2,2,0,1,1,0,90,1,5,1,0,0
200500013526,5,3,16,1315,1,2,6,1,7,17,4279300,303900,660,9,2,0,0,0,2,0,60,1,0,1,0,0
200500013527,5,3,9,700,2,1,1,7,1,101,4262400,277900,660,3,2,0,0,1,1,0,62,1,0,1,0,0
200500013528,5,3,22,800,1,1,1,8,7,145,4264100,282100,660,3,2,2,0,1,3,0,64,1,0,1,0,0
200500013531,5,3,9,1945,3,1,1,1,5,175,4255400,294000,660,3,2,2,0,1,1,0,71,1,0,1,0,1
200500013533,5,3,10,1600,1,2,1,1,3,24,4252800,283300,660,2,2,0,0,1,1,0,68,1,0,1,0,0
200500013534,5,3,23,800,1,2,2,1,3,130,4189200,881400,201,3,2,2,0,1,3,0,75,1,0,1,0,0
200500013537,5,3,14,1315,1,2,9,1,2,249,4167500,891400,201,2,2,0,0,2,1,0,75,1,0,1,0,0
200500013538,5,3,23,1245,1,1,1,1,1,43,4279100,948500,202,3,2,2,0,2,3,0,64,1,0,1,0,0
200500013540,5,3,1,1530,1,2,1,7,3,134,4263600,893300,202,3,2,2,0,2,1,0,55,1,0,1,0,0
200500013541,5,3,3,30,3,1,1,1,7,93,4261700,889400,202,2,2,2,0,0,2,0,67,2,0,0,0,0
200500013542,5,3,8,1600,1,1,1,1,1,10,4261000,885500,202,2,0,2,0,0,1,0,76,1,0,1,0,0
200500013544,5,3,17,845,1,2,1,9,6,354,4215400,915400,202,2,2,2,0,2,2,0,67,7,0,1,0,0
200500013550,5,3,5,1045,1,1,1,1,4,303,4229000,955000,202,2,2,2,0,1,1,0,62,1,2,1,0,1
200500013552,5,3,18,815,1,2,1,2,3,361,4899900,169700,780,2,3,0,0,1,1,15,126,2,5,1,0,0
200500013554,5,3,18,1330,1,1,2,1,3,89,4903000,156000,780,2,1,1,0,2,2,0,45,1,5,1,0,0
200500013555,5,3,31,1330,1,2,1,1,3,89,4903000,158000,780,3,2,0,0,2,1,0,85,1,0,1,0,0
200500013556,5,3,17,2000,3,1,1,1,1,606,4870200,159300,780,3,2,0,0,2,1,0,0,1,0,1,0,0
200500013561,5,3,28,1700,1,2,1,2,7,193,4871100,198700,780,3,2,2,0,1,1,0,0,2,0,1,0,0
200500013567,5,3,25,2100,2,2,1,1,6,235,4864400,236300,910,3,3,2,0,1,1,34,138,1,5,1,0,0
200500013569,5,3,17,1700,1,2,1,1,3,386,4856100,242100,910,2,3,4,0,1,1,50,170,1,0,1,0,0
200500013570,5,3,9,845,1,1,1,1,6,599,4848000,247000,910,3,2,2,0,1,2,0,66,1,0,3,0,0
200500013574,5,3,23,1930,3,1,1,1,2,226,4849400,219700,910,2,1,2,0,1,1,0,0,1,0,1,0,0
200500013575,5,3,28,545,3,1,1,8,7,226,4850900,220100,910,2,3,2,0,2,2,0,65,2,0,1,0,1
200500013576,5,3,11,2145,3,1,1,1,6,414,4835000,204000,910,2,3,2,0,0,1,5,60,1,3,3,0,0
200500013579,5,3,5,200,3,1,1,4,6,461,4860100,223300,910,3,2,2,0,1,3,0,80,7,0,1,0,0
200500013580,5,3,23,1815,1,1,1,1,4,461,4860600,221700,910,3,3,2,0,1,1,0,60,1,0,1,0,0
200500013581,5,3,4,1800,2,2,1,4,6,587,4869000,226000,910,4,2,0,0,1,1,0,45,5,0,1,0,0
200500013585,5,3,30,930,1,1,1,1,3,580,4910300,255000,950,2,2,3,0,3,1,0,90,1,0,1,0,0
200500013586,5,3,7,2315,5,2,1,8,6,100,4850000,279000,770,2,2,2,0,2,1,0,80,1,0,1,0,0
200500013588,5,3,10,1000,1,2,1,1,1,317,4861100,289100,770,2,2,0,0,1,1,0,0,1,0,1,0,0
200500013589,5,3,16,2030,3,1,1,1,5,191,4854000,295000,770,3,2,2,0,1,0,0,77,1,5,1,0,0
200500013590,5,3,21,615,2,1,2,1,3,211,4858000,296000,770,2,2,2,0,1,1,0,156,1,5,1,0,0
200500013591,5,3,17,800,1,2,1,1,6,142,4887000,290400,770,3,2,1,0,1,0,0,0,1,0,1,0,0
200500013592,5,3,20,1400,1,1,1,1,6,128,4889000,287000,770,4,2,0,0,1,4,0,43,1,0,1,0,1
200500013593,5,3,22,1030,1,2,1,1,6,128,4889000,284000,770,4,2,0,0,1,1,0,0,1,0,1,0,0
200500013594,5,3,23,2045,3,1,1,1,5,484,4890700,293600,770,3,2,2,0,4,1,0,66,0,0,1,0,1
200500013595,5,3,25,845,1,1,1,5,1,225,4888000,302000,770,4,2,0,0,1,1,0,0,2,0,1,0,0
200500013597,5,3,31,945,1,1,1,8,7,182,4881000,331000,770,3,2,0,0,2,1,0,48,2,0,3,0,0
200500013599,5,3,18,1800,1,1,1,1,3,508,4881700,284000,770,3,2,2,0,0,1,0,60,1,0,1,0,0
200500013600,5,3,19,1515,1,1,1,1,3,508,4880400,285200,770,3,2,2,0,1,1,0,65,1,0,1,0,0
200500013601,5,3,11,445,3,2,1,1,6,492,4891000,334600,770,3,2,2,0,1,1,0,0,1,0,0,0,0
200500013602,5,3,20,830,1,1,1,1,6,365,4872000,304000,770,3,2,1,0,1,1,0,60,1,0,3,0,0
200500013603,5,3,23,1900,1,2,1,1,6,393,4868700,296900,770,9,2,0,0,0,1,0,0,1,0,4,0,0
200500013604,5,3,27,1715,1,1,1,1,3,469,4873600,300600,770,3,2,2,0,1,1,0,90,1,0,1,0,0
200500013605,5,3,19,845,2,1,1,5,3,198,4826900,251600,770,3,2,0,0,1,1,60,60,1,0,1,0,0
200500013606,5,3,29,1015,1,1,1,1,6,477,4833700,259200,770,2,2,0,0,1,1,70,70,1,0,3,0,1
200500013607,5,3,26,30,3,2,1,1,6,99,4815200,270000,770,9,1,1,0,1,1,0,60,1,0,1,0,0
200500013608,5,3,9,1245,1,2,1,1,6,465,4829700,294400,770,3,2,2,0,1,1,0,70,1,0,1,3,0
200500013609,5,3,16,1930,3,1,1,1,1,35,4826000,302000,770,3,2,0,0,1,1,0,75,1,0,1,3,0
200500013610,5,3,26,1700,1,2,1,2,3,35,4825000,302000,770,3,2,0,0,0,1,0,35,2,0,1,0,0
200500013611,5,3,25,1745,1,2,1,1,3,382,4890900,288000,770,3,2,2,0,0,1,0,40,1,5,1,0,0
200500013613,5,3,20,1015,1,1,1,1,7,203,4899700,299600,770,3,2,2,0,1,2,0,60,1,0,1,0,0
200500013614,5,3,27,430,5,2,1,1,6,430,4908300,279600,770,9,2,2,0,1,1,0,60,2,0,1,0,0
200500013616,5,3,7,830,1,1,1,4,3,236,4841400,327800,770,3,2,2,0,1,3,0,60,5,0,1,0,0
200500013617,5,3,19,1330,1,1,1,1,3,524,4845000,316300,770,3,2,2,0,2,1,0,69,1,0,1,0,0
200500013620,5,3,20,1500,1,2,1,1,3,173,4787000,212000,450,4,2,2,0,1,2,0,40,1,0,1,0,0
200500013622,5,3,17,1630,1,1,1,1,2,24,4782100,168000,450,2,2,2,0,1,1,0,81,1,0,1,0,0
200500013623,5,3,25,45,3,2,1,5,1,195,4811200,217300,450,2,2,2,0,1,1,0,70,2,0,1,0,1
200500013625,5,3,11,1700,1,1,1,1,2,60,4772700,274000,450,2,3,0,0,1,1,15,75,1,0,1,0,0
200500013630,5,3,25,1930,3,1,1,1,6,340,4770900,233900,450,4,2,0,0,1,2,0,0,1,0,3,0,0
200500013631,5,3,28,1230,1,1,1,2,6,244,4776900,255500,450,3,2,2,0,1,2,0,63,2,0,1,0,0
200500013632,5,3,22,1000,1,1,1,2,1,129,4795700,306000,450,3,2,2,0,2,3,0,0,2,0,1,0,0
200500013634,5,3,27,15,3,1,1,2,6,303,4807000,263000,450,3,2,2,0,1,1,0,45,2,2,1,0,0
200500013636,5,3,14,1500,1,1,1,1,7,110,4727000,294900,180,3,2,0,0,1,2,0,43,1,0,3,0,1
200500013637,5,3,29,1315,1,1,1,2,6,120,4713100,292700,180,3,2,0,0,0,1,0,47,2,0,1,0,0
200500013641,5,3,20,300,3,1,1,1,7,103,4713600,183300,180,3,2,0,0,1,1,59,0,1,0,1,0,1
200500013642,5,3,1,1045,5,2,1,1,3,109,4730900,252300,180,3,2,2,0,1,1,0,50,1,0,1,0,0
200500013643,5,3,25,1630,1,1,1,1,3,177,4842800,152400,280,2,2,0,0,1,1,40,79,1,5,1,0,0
200500013646,5,3,7,745,1,1,1,4,1,227,4859900,160000,280,3,2,2,0,1,1,0,71,5,0,1,0,0
200500013647,5,3,8,930,1,1,1,9,6,357,4853700,157600,280,3,2,0,0,1,2,0,70,9,0,3,0,0
200500013648,5,3,19,800,2,2,1,5,1,194,4845100,163200,280,3,2,2,0,1,3,56,56,1,0,1,0,0
200500013649,5,3,19,1700,1,2,1,1,7,168,4852000,168000,280,3,2,2,0,1,0,0,60,1,0,1,0,0
200500013650,5,3,25,530,3,1,1,5,3,188,4850800,171800,280,2,2,3,0,4,2,0,112,2,0,1,0,0
200500013651,5,3,11,845,1,1,2,1,1,136,4872100,141300,280,3,2,2,0,1,1,0,67,1,0,1,0,0
200500013652,5,3,19,815,2,2,6,5,3,359,4876500,123600,280,2,1,2,0,0,2,30,80,2,5,1,0,0
200500013653,5,3,24,1900,5,2,1,1,1,348,4877100,120200,280,3,2,0,0,0,0,0,0,2,0,0,0,0
200500013654,5,3,23,1800,1,1,1,7,1,371,4885200,140500,280,3,2,0,0,1,1,0,62,1,0,1,0,1
200500013655,5,3,5,1245,1,2,1,8,3,231,4865100,99500,280,3,2,0,0,1,1,0,51,2,0,1,0,0
200500013656,5,3,28,1800,1,1,1,8,6,120,4865700,106800,280,3,2,0,0,0,2,0,40,1,0,3,0,1
200500013657,5,3,14,1345,1,1,1,1,3,351,4860300,121900,280,3,2,2,0,1,1,0,76,1,0,1,0,0
200500013658,5,3,5,1430,2,1,1,4,6,82,4703700,150900,360,3,2,2,0,2,2,0,60,5,0,3,0,0
200500013664,5,3,20,1200,1,2,3,1,3,6,4659000,151000,360,3,2,0,0,2,1,90,0,1,0,1,0,0
200500013666,5,3,11,1600,1,1,1,1,6,232,4681100,130100,360,3,2,1,0,1,1,0,60,1,0,0,0,0
200500013667,5,3,12,1530,1,2,1,1,3,31,4689400,142600,360,3,2,2,0,2,1,0,58,1,0,1,0,0
200500013668,5,3,4,1500,1,1,1,1,1,235,4714900,149900,360,3,2,2,0,1,1,0,95,1,0,1,0,0
200500013669,5,3,18,1200,1,1,1,1,1,85,4707700,177200,360,3,2,2,0,1,1,0,0,1,0,1,0,0
200500013670,5,3,20,1645,1,2,1,1,7,230,4707900,181100,360,4,2,2,0,1,0,0,50,1,0,1,0,0
200500013671,5,3,22,1300,1,1,1,1,6,228,4711100,158200,360,3,2,2,0,1,1,0,74,1,0,3,0,0
200500013672,5,3,27,900,1,1,1,3,6,228,4718000,152400,360,3,2,2,0,1,1,0,53,2,0,1,0,0
200500013673,5,3,29,715,2,1,1,2,6,235,4714000,148500,360,3,0,2,0,2,1,0,59,2,0,3,0,0
200500013674,5,3,5,1830,1,1,1,4,1,105,4674100,102500,360,3,2,2,0,3,3,0,56,5,0,1,0,1
200500013675,5,3,5,1845,1,1,1,4,6,105,4674100,100700,360,3,2,2,0,4,1,0,56,7,0,3,0,0
200500013676,5,3,12,530,2,1,1,1,6,105,4674200,101900,360,3,2,0,0,0,1,0,66,1,0,3,0,0
200500013678,5,3,21,800,1,2,2,1,1,18,4664200,106300,360,3,2,2,0,2,1,0,60,1,0,1,0,0
200500013681,5,3,20,1300,1,1,1,1,3,226,4660400,186900,360,3,2,2,0,2,1,0,66,1,5,1,0,0
200500013686,5,3,5,2000,3,1,1,2,7,206,4750800,61300,370,3,2,2,0,1,1,0,50,2,0,3,0,0
200500013687,5,3,9,1445,1,1,1,1,7,101,4769200,62200,370,3,2,2,0,1,2,0,50,1,0,1,0,0
200500013689,5,3,19,2100,5,2,6,1,6,72,4717400,30600,370,3,2,0,0,0,1,0,50,1,0,1,0,0
200500013690,5,3,21,1745,1,2,1,2,6,197,4725800,31000,370,3,2,2,0,1,1,0,54,2,0,3,0,1
200500013691,5,3,27,2130,4,1,1,1,6,77,4735900,48300,370,2,2,2,0,1,3,0,62,1,0,3,0,0
200500013692,5,3,16,930,1,1,2,1,3,111,4716200,105900,370,3,2,2,0,0,1,0,67,1,0,0,0,0
200500013695,5,3,10,1830,1,2,1,1,2,266,4730400,72000,370,3,2,0,0,1,1,0,0,1,0,1,0,0
200500013696,5,3,23,800,1,1,2,1,3,180,4740900,120400,410,3,2,2,0,1,1,0,0,1,5,1,0,1
200500013700,5,3,4,1530,1,1,1,8,5,103,4772500,101900,410,2,2,2,0,1,1,0,80,1,0,1,0,0
200500013702,5,3,17,815,1,2,1,5,3,245,4776200,150400,410,3,2,0,0,1,3,0,63,2,0,1,0,0
200500013704,5,3,6,2030,5,2,2,1,3,150,4782000,362600,290,4,2,0,0,1,1,0,71,1,0,1,0,0
200500013705,5,3,10,1315,1,1,1,1,7,217,4788700,376000,290,4,2,0,0,1,0,0,46,1,0,3,0,0
200500013706,5,3,6,745,3,1,1,1,6,49,4803600,394200,290,3,2,2,0,1,2,0,64,1,0,3,0,0
200500013707,5,3,6,1600,1,1,1,1,6,274,4798900,374600,290,4,2,2,0,2,3,0,44,1,0,3,0,0
200500013709,5,3,18,1215,1,2,1,1,3,116,4915900,232800,950,9,2,2,0,0,3,0,0,1,0,0,0,0
200500013710,5,3,11,1415,3,1,1,1,6,19,4577100,130800,870,3,0,2,0,1,3,0,50,1,0,3,0,1
200500013711,5,3,2,1745,2,2,1,1,3,283,4870200,737300,670,4,2,2,0,1,4,0,50,1,0,1,0,0
200500013714,5,3,2,1600,1,1,1,1,5,318,4420000,32900,470,3,2,2,0,3,3,0,0,1,0,1,0,0
200500013715,5,3,11,1000,1,1,1,1,3,172,4414500,52200,470,3,2,2,0,2,1,0,71,1,0,1,0,0
200500013716,5,3,11,1030,1,2,1,1,3,195,4414100,33900,470,3,2,0,0,1,3,0,71,1,0,1,0,0
200500013717,5,3,25,1415,1,1,3,1,3,195,4411200,35400,470,3,2,0,0,1,0,0,80,1,0,1,0,0
200500013718,5,3,26,730,3,1,1,1,6,134,4404000,29000,470,3,2,0,0,1,2,0,46,1,0,0,0,1
200500013720,5,3,12,2045,5,2,1,1,6,51,4812400,159700,350,4,2,0,0,0,0,0,0,0,0,0,0,0
200500013722,5,3,4,2230,3,1,1,8,6,564,4851000,190800,780,1,3,3,0,0,1,294,270,5,0,3,0,0
200500013724,5,3,27,1145,1,1,1,8,6,111,4862700,213300,910,1,3,4,0,4,3,24,340,1,0,1,0,0
200500013725,5,3,20,1430,1,1,1,1,6,253,4548400,477800,690,3,2,2,0,0,1,0,0,1,0,1,0,0
200500013726,5,3,26,1615,1,2,1,1,3,118,4556200,481100,690,2,2,2,0,1,1,0,0,1,0,1,0,0
200500013729,5,3,9,1430,1,2,1,1,3,229,4470600,102400,330,4,2,0,0,1,1,0,39,1,0,1,0,0
200500013730,5,3,4,830,1,2,1,4,1,432,4911500,260300,600,3,2,2,0,2,3,0,60,7,0,1,0,0
200500013731,5,3,4,1930,3,1,1,4,3,142,4912300,256100,600,3,2,2,0,1,1,0,70,7,0,1,0,0
200500013732,5,3,23,1100,1,1,1,1,1,494,4909900,257500,600,3,2,2,0,2,3,0,60,1,0,1,0,0
200500013733,5,3,20,1915,2,1,1,1,3,65,4846500,251900,770,1,3,6,0,1,3,20,105,1,0,1,0,0
200500013734,5,3,28,1500,1,1,1,3,6,216,4829500,268100,770,1,3,6,0,1,1,30,270,4,0,2,0,0
200500013735,5,3,29,345,3,1,1,1,2,185,4844600,253400,770,1,1,3,0,1,1,35,105,1,0,2,0,0
200500013736,5,3,23,2315,5,1,1,1,6,355,5033700,292000,620,1,3,20,0,1,1,3,800,1,0,1,0,0
200500013750,5,3,19,830,1,1,1,1,7,155,4925200,231800,600,3,2,2,0,1,1,0,63,1,0,0,0,0
200500013754,5,3,4,415,3,1,1,1,4,533,4953500,272300,600,1,3,3,0,1,1,35,105,1,0,1,0,1
200500013755,5,3,6,730,1,1,1,4,6,142,4751500,473000,210,2,2,2,0,1,1,0,0,5,0,1,0,0
200500013756,5,3,12,1415,1,1,1,4,1,408,4739800,502800,210,3,2,0,0,1,0,0,560,2,5,5,0,0
200500013759,5,3,19,1400,1,1,1,7,6,15,4819300,87200,530,3,2,2,0,1,2,0,60,1,0,3,0,0
200500013760,5,3,24,1530,1,1,1,1,1,40,4814500,104100,530,3,2,2,0,1,1,0,57,1,0,1,0,1
200500013763,5,3,18,1845,1,2,1,1,3,22,4367000,141000,310,3,2,0,0,1,1,54,0,1,0,1,0,0
200500013771,5,3,26,600,3,1,1,1,6,60,4380100,438000,300,1,0,2,0,1,1,50,70,1,0,3,0,0