Num_Acc,an,mois,jour,hrmn,lum,agg,int,atm,col,com,lat,long,dep,catr,circ,nbv,vosp,prof,plan,lartpc,larrout,surf,infra,situ,env1,killed
200500013776,5,3,17,345,5,1,9,1,6,304,4545600,697500,730,3,2,0,0,1,1,0,75,1,0,1,0,0
200500013777,5,3,5,1445,1,2,1,1,3,114,4354000,529300,130,3,2,0,0,1,1,0,40,1,0,1,3,0
200500013778,5,3,14,400,3,1,6,1,7,409,4885100,806700,670,3,1,0,0,1,2,270,0,1,5,1,0,0
200500013779,5,3,29,1300,1,2,1,1,3,194,4873400,790900,670,4,2,2,0,1,1,0,78,1,0,1,0,0
200500013784,5,3,19,1615,1,1,1,1,1,86,4746000,152700,410,3,2,2,0,2,1,0,71,1,5,1,0,0
200500013785,5,3,19,1630,1,1,1,1,3,49,4735300,148600,410,4,2,0,0,1,0,0,0,1,0,0,0,0
200500013793,5,3,16,1115,1,1,1,1,2,119,4527400,320400,150,1,3,2,3,2,1,0,110,1,0,1,0,1
200500013794,5,3,22,845,1,1,1,1,1,254,4355200,150300,310,3,1,3,0,1,1,0,85,1,0,1,0,0
200500013795,5,3,21,145,3,1,1,1,6,302,4570800,315000,630,1,3,2,0,1,1,30,100,1,0,3,0,0
200500013796,5,3,15,30,3,1,1,1,2,496,4347900,145800,640,1,3,4,0,0,3,15,72,1,0,1,0,1
200500013799,5,3,23,1515,1,2,1,1,3,485,4518500,569400,380,3,3,0,0,0,1,50,150,1,0,0,0,0
200500013800,5,3,13,1700,1,1,1,1,6,147,4903700,445700,510,1,3,0,0,1,1,10,70,1,0,3,0,0
200500013805,5,3,26,645,2,1,1,1,2,261,4737300,71500,370,1,3,3,0,1,1,15,210,1,0,1,0,0
200500013812,5,3,10,500,3,1,1,1,4,119,5035500,278800,620,1,3,2,0,2,1,30,110,2,0,1,0,0
200500013813,5,3,26,730,1,1,1,5,5,516,5054700,250700,620,1,3,2,0,0,1,30,110,2,0,1,0,0
200500013814,5,3,23,545,2,1,1,5,5,417,4535900,596700,380,1,1,2,0,0,1,0,35,2,0,1,0,0
200500013820,5,3,15,1745,1,1,1,1,6,445,4333100,33400,640,1,3,0,0,0,1,30,70,1,0,2,0,0
200500013821,5,3,1,1530,1,2,1,1,2,600,4868900,248800,910,2,2,4,0,1,1,0,0,1,5,1,0,0
200500013824,5,3,27,1015,1,2,1,8,1,553,4862000,250000,910,2,2,2,0,0,1,0,0,2,3,1,0,0
200500013825,5,3,20,415,3,1,1,1,3,260,4448600,83200,330,1,3,0,0,1,1,300,70,1,0,1,0,0
200500013826,5,3,25,2200,3,1,1,1,6,284,4461500,102000,330,1,3,2,0,1,1,10,72,2,0,1,0,0
200500013835,5,3,30,615,3,1,1,3,3,25,4396400,132800,820,1,1,2,0,1,1,20,70,2,0,1,0,0
200500013844,5,3,15,1600,1,1,1,1,1,122,4468600,72300,330,2,2,2,0,1,1,0,62,1,0,1,0,1
200500013846,5,3,21,400,3,1,1,8,2,382,4512100,48600,330,1,3,2,0,1,1,10,70,2,0,1,0,0
200500013847,5,3,4,815,1,2,1,1,6,372,4852600,284600,220,3,2,2,0,2,1,0,60,1,0,1,0,1
200500013851,5,3,20,1945,3,1,1,1,3,32,4586800,513700,10,1,3,0,0,1,1,52,70,1,0,1,0,0
200500013852,5,3,25,730,2,1,1,5,2,288,4567700,505300,690,1,1,0,0,1,1,10,140,2,7,1,0,0
200500013853,5,3,27,800,2,1,1,1,6,43,4582600,499800,10,1,0,0,0,1,1,25,70,1,0,1,0,0
200500013854,5,3,4,2130,5,1,1,1,1,279,4551500,426800,420,3,2,2,0,1,3,0,0,1,0,1,0,0
200500013855,5,3,18,1545,1,1,1,1,1,279,4548100,426400,420,3,2,2,0,2,1,0,43,1,0,1,0,0
200500013857,5,3,25,830,1,1,1,1,1,44,4917100,419500,510,2,2,0,0,1,1,0,77,1,0,1,0,0
200500013859,5,3,18,2100,3,1,1,1,2,59,4797000,548000,520,1,3,2,0,2,1,0,0,1,0,1,0,0
200500013860,5,3,13,1830,2,2,1,1,3,176,4846800,274300,220,9,2,2,0,2,2,0,31,1,0,1,0,0
200500013861,5,3,26,1845,1,1,1,2,6,215,4848800,282000,220,4,2,0,0,1,3,0,73,2,0,1,0,0
200500013862,5,3,5,1945,5,2,3,2,5,157,4354900,134700,310,4,2,2,1,1,1,0,53,2,0,1,0,0
200500013863,5,3,11,1800,1,2,1,1,3,157,4354600,133500,310,3,2,2,0,1,1,0,53,1,0,1,0,0
200500013869,5,3,1,1830,2,2,1,1,1,425,4540100,478100,380,3,0,2,0,1,1,0,102,1,5,1,0,0
200500013870,5,3,9,700,1,1,1,1,3,114,4541800,478000,380,3,2,2,0,1,1,0,90,1,0,1,0,0
200500013875,5,3,24,1145,1,1,1,1,6,615,4992000,323600,20,1,3,2,0,2,1,15,70,1,0,1,0,0
200500013877,5,3,17,2015,2,1,1,1,1,571,4885900,202500,780,3,2,1,0,1,1,0,0,1,0,1,0,0
200500013878,5,3,10,900,1,1,9,1,2,37,4355000,518000,130,2,2,2,0,2,1,36,41,1,5,1,0,0
200500013879,5,3,10,1600,1,1,1,1,4,430,4907500,232600,950,2,3,2,0,2,1,10,140,1,0,1,0,0
200500013880,5,3,25,800,1,1,1,5,7,244,4971800,140100,760,1,3,2,0,1,1,20,105,1,0,3,0,0
200500013881,5,3,28,530,3,1,1,5,6,257,4987600,156300,760,1,3,2,0,2,1,25,98,1,0,3,0,0
200500013883,5,3,4,900,1,1,1,1,5,243,4765000,271000,560,3,2,2,3,3,1,0,95,1,0,1,0,0
200500013892,5,3,10,900,1,1,6,1,3,360,4849700,276200,220,3,1,0,0,1,3,0,90,1,0,1,0,0
200500013893,5,3,20,600,3,1,1,1,6,389,4848500,267900,220,2,3,2,0,1,1,0,42,1,3,1,0,0
200500013897,5,3,17,1315,1,2,1,1,6,430,4933100,56500,140,3,2,0,0,1,1,0,60,1,0,4,0,0
200500013898,5,3,9,615,2,1,1,1,1,51,4358800,514000,130,2,2,4,0,0,1,0,140,1,0,1,0,0
200500013899,5,3,10,1045,1,2,1,1,3,69,4363800,515900,130,3,2,0,0,2,1,0,55,1,0,0,0,0
200500013900,5,3,19,1100,1,1,1,1,6,175,4625700,308200,30,6,0,1,0,1,3,0,50,1,0,3,0,0
200500013903,5,3,13,1815,1,1,1,1,1,210,4401800,102200,400,2,3,2,0,1,1,100,70,1,0,1,0,0
200500013904,5,3,27,530,3,1,1,1,7,168,4377200,121800,400,2,3,0,0,1,3,100,100,1,0,3,0,0
200500013905,5,3,1,1500,1,1,1,1,1,108,4853600,758400,670,3,2,0,0,1,1,0,0,1,0,1,0,1
200500013906,5,3,24,1630,1,1,1,2,2,152,4853700,769200,670,3,2,2,0,1,2,0,74,2,0,1,0,0
200500013907,5,3,26,1100,1,1,1,2,4,309,4864500,772700,670,3,2,2,0,1,1,0,80,2,0,1,0,0
200500013909,5,3,4,715,2,2,1,8,1,105,4368300,703200,60,3,2,2,0,1,3,0,52,7,0,1,0,0
200500013911,5,3,28,15,3,1,1,1,2,343,4327700,19100,640,1,1,0,0,2,1,40,190,2,0,1,0,0
200500013916,5,3,9,1745,1,1,1,1,2,104,4636200,279500,30,1,0,0,0,2,1,15,70,1,0,3,0,0
200500013917,5,3,26,1530,1,1,1,1,7,297,4652800,257100,30,1,3,0,0,1,1,15,90,1,0,3,0,0
200500013918,5,3,3,1815,2,1,1,4,7,209,4670100,246200,180,1,1,2,3,1,1,10,70,2,0,2,0,0
200500013919,5,3,28,1415,1,1,1,1,6,33,4704700,233900,180,1,3,2,0,0,2,0,40,1,3,3,0,0
200500013920,5,3,14,415,3,1,1,1,1,665,4768600,518100,210,1,3,0,0,1,1,8,70,1,0,1,0,0
200500013921,5,3,26,1300,1,1,1,1,3,106,4725000,509800,210,1,3,2,0,1,1,23,70,1,0,1,0,1
200500013927,5,3,17,900,1,1,1,1,7,454,4514300,533400,380,1,1,2,0,1,1,14,70,1,0,3,0,0
200500013932,5,3,30,1915,1,1,1,1,7,195,4858600,273800,770,1,1,3,0,1,1,30,135,1,0,3,0,0
200500013934,5,3,18,1800,1,1,1,1,1,91,4360300,534500,130,4,2,2,0,1,3,0,60,1,0,3,0,0
200500013935,5,3,22,1545,1,1,1,2,7,311,4615000,637000,740,3,2,2,0,1,3,0,68,2,0,3,0,1
200500013936,5,3,24,1215,1,1,1,9,5,209,4613000,638000,740,3,2,2,0,2,3,0,0,9,0,1,0,0
200500013937,5,3,31,2230,5,2,1,1,6,241,4614000,645000,740,3,2,2,0,0,1,0,68,1,0,1,0,0
200500013942,5,3,29,1600,1,1,1,3,6,134,4639200,145200,360,1,3,4,0,1,1,13,140,3,0,3,0,0
200500013944,5,3,18,1630,1,1,1,1,1,356,4874000,201000,780,3,2,0,0,4,3,0,70,1,0,1,0,0
200500013949,5,3,6,1645,1,1,1,1,1,547,4382000,149000,310,3,2,2,0,1,2,0,57,1,0,1,0,0
200500013952,5,3,7,1700,1,2,1,1,6,711,5006300,137200,760,3,1,1,0,2,1,0,0,1,0,1,0,0
200500013954,5,3,16,1615,1,1,1,1,3,541,4368200,136500,310,3,2,2,0,1,1,0,63,1,0,1,0,0
200500018265,5,3,17,1700,1,2,1,1,5,75,4386100,723200,60,3,2,0,0,1,1,0,0,1,0,1,0,0
200500022730,5,4,1,1630,1,2,1,1,1,52,5052200,290000,590,4,2,2,0,1,1,0,49,1,0,1,3,0
200500022731,5,4,2,2230,5,2,1,1,3,477,5051800,291500,590,4,2,0,0,1,0,0,60,1,0,1,0,0
200500022732,5,4,14,1245,1,1,1,8,6,71,5047000,314000,590,3,2,2,0,1,2,0,65,1,0,0,0,0
200500022733,5,4,19,1830,1,2,1,1,1,427,5049800,304700,590,3,2,2,0,1,1,0,54,1,0,1,0,0
200500022734,5,4,3,1715,1,1,1,1,2,579,5094700,238100,590,3,2,0,0,1,1,0,60,1,0,1,0,0
200500022736,5,4,1,700,2,1,1,5,6,305,5087900,253300,590,3,2,2,0,1,1,0,60,2,0,3,0,0
200500022739,5,4,9,2345,5,2,1,1,7,212,5064600,272300,590,3,2,2,0,2,3,0,60,1,2,1,0,0
200500022740,5,4,2,1800,1,1,1,1,6,516,5083300,235900,590,3,2,2,0,1,1,0,55,2,0,3,0,0
200500022741,5,4,13,1345,1,1,1,2,6,282,5082400,247300,590,3,2,2,0,0,2,0,75,2,0,1,0,0
200500022742,5,4,14,1315,1,1,1,1,6,580,5079500,250200,590,4,2,2,0,2,2,60,0,1,0,3,0,0
200500022743,5,4,5,1245,1,1,1,1,5,523,5058900,314100,590,3,2,0,0,2,2,0,80,1,0,1,0,1
200500022744,5,4,6,1830,1,2,1,2,1,258,5053500,321900,590,3,2,2,0,1,1,0,58,2,0,1,0,0
200500022745,5,4,7,845,1,2,1,1,1,35,5011600,395800,590,4,2,2,0,4,3,0,68,1,0,1,0,0
200500022750,5,4,27,1915,1,1,1,7,1,175,5019200,401600,590,4,2,2,0,3,3,0,41,1,0,1,0,0
200500022751,5,4,15,1730,1,2,1,1,1,41,5029500,275600,620,9,2,0,1,1,1,0,0,1,0,1,0,0
200500022752,5,4,1,545,3,2,1,5,6,122,5012000,293000,620,2,2,2,0,1,1,0,75,2,0,4,0,0
200500022753,5,4,18,1800,1,2,1,1,7,801,5039400,274500,620,9,2,2,0,2,1,0,0,1,0,1,0,0
200500022755,5,4,11,1945,1,2,1,1,3,491,5062400,277500,620,3,2,2,0,1,3,0,65,1,0,4,0,0
200500022756,5,4,17,1445,1,2,1,1,6,529,5057100,278500,620,3,2,2,0,1,1,0,0,1,0,1,0,0
200500022759,5,4,5,2300,3,2,1,8,1,505,5084400,168500,620,3,2,2,0,0,1,0,58,1,0,1,0,0
200500022760,5,4,25,1315,1,2,1,1,1,746,5067100,160100,620,4,2,0,0,1,3,0,58,1,0,1,0,0
200500022761,5,4,10,945,1,2,1,1,1,43,5091200,193700,620,2,2,2,0,1,1,0,70,1,0,1,0,0
200500022762,5,4,23,845,1,1,1,1,1,506,5079200,194600,620,3,2,2,0,1,1,0,56,1,0,1,0,0
200500022765,5,4,3,1400,1,2,1,1,1,721,5066600,232800,620,4,2,0,0,1,1,0,52,0,0,0,0,0
200500022766,5,4,30,330,3,2,1,1,6,14,5064600,241600,620,4,2,2,0,0,2,0,60,1,0,1,0,0
200500022767,5,4,17,1100,1,2,1,1,3,38,5085800,198600,620,2,0,2,0,1,1,77,70,1,5,1,0,0
200500022768,5,4,18,1215,1,1,1,1,5,38,5080900,210600,620,2,2,0,0,3,1,0,71,1,0,1,0,1
200500022770,5,4,1,845,1,1,2,5,4,767,5039000,225300,620,2,2,0,0,1,1,0,0,1,0,1,0,0
200500022771,5,4,2,1745,1,1,2,1,3,180,5042200,236900,620,3,2,2,0,1,1,0,69,1,0,1,0,0
200500022772,5,4,9,1215,1,1,1,1,1,580,5041200,243700,620,3,2,2,0,1,1,0,66,1,0,1,0,0
200500022774,5,4,22,830,1,2,1,1,1,180,5042300,236900,620,3,2,2,0,0,2,0,66,1,0,1,0,0
200500022777,5,4,30,1945,1,2,1,1,7,361,5028200,229300,620,3,2,2,0,2,2,0,56,1,0,1,0,0
200500022778,5,4,3,2030,5,2,1,1,6,333,5050000,233000,620,3,2,2,0,0,2,0,60,1,0,3,0,0
200500022784,5,4,2,1645,1,2,1,1,6,714,5007700,144700,800,4,2,2,0,1,1,0,60,1,0,1,0,0
200500022785,5,4,10,2115,3,1,1,1,3,368,5007800,152800,800,3,2,2,0,1,1,0,75,1,0,1,0,0
200500022787,5,4,20,1130,1,2,9,8,1,360,5009700,155800,800,3,2,0,0,1,1,0,81,1,0,1,0,0
200500022788,5,4,23,1600,1,1,1,1,1,597,5007900,160000,800,3,2,0,0,0,3,0,72,1,0,1,0,0
200500022790,5,4,13,1215,1,2,1,2,3,590,5017600,187700,800,4,2,0,0,1,1,0,51,2,0,1,0,0
200500022791,5,4,17,1830,1,2,1,1,6,688,5027600,166700,800,3,2,0,0,1,2,0,0,1,0,1,0,0
200500022792,5,4,22,1200,1,1,1,1,7,250,5020100,192200,800,3,2,0,0,1,1,0,50,1,0,3,0,0
200500022795,5,4,24,1615,1,1,1,3,6,237,4980800,252400,800,3,1,2,0,1,1,0,74,2,0,3,0,0
200500022800,5,4,6,1930,1,2,1,1,6,16,5000700,264900,800,4,2,0,0,1,3,0,0,1,0,1,0,0
200500022801,5,4,11,1000,1,1,1,1,3,523,4998900,267300,800,3,2,0,0,4,1,0,61,1,0,1,0,0
200500022806,5,4,5,1000,1,1,1,1,2,338,4969700,371200,20,2,2,2,0,1,1,0,74,1,0,1,0,0
200500022816,5,4,23,1245,1,1,1,2,1,778,4944000,367500,20,3,2,2,0,2,3,0,60,2,0,1,0,1
200500022817,5,4,5,1730,1,1,1,1,1,303,4986700,325300,20,4,2,0,0,1,1,0,48,1,0,1,0,0
200500022818,5,4,24,345,3,1,1,1,3,303,4987000,326000,20,3,2,2,0,1,1,0,61,1,0,1,0,0
200500022819,5,4,12,1500,1,2,1,1,6,95,4999000,345600,20,4,1,2,0,1,2,0,0,1,5,1,0,0
200500022820,5,4,13,2115,3,1,1,2,1,95,5000000,347500,20,3,2,2,0,3,1,0,59,2,0,1,0,0
200500022822,5,4,28,1700,1,1,1,1,6,293,4995200,344600,20,3,2,2,0,0,2,0,0,1,0,3,0,0
200500022825,5,4,23,1215,1,1,1,8,6,810,4926000,309000,20,2,2,2,0,1,3,16,92,2,0,2,0,0
200500022827,5,4,28,1200,1,2,1,1,3,810,4925700,309100,20,9,1,0,0,0,1,0,0,1,5,1,0,0
200500022828,5,4,29,1300,1,2,1,1,6,810,4925800,310300,20,3,2,1,0,0,1,0,61,1,0,3,0,0
200500022830,5,4,13,1815,1,2,1,1,2,141,4998100,391700,20,2,2,2,0,1,1,0,83,1,0,1,0,0
200500022834,5,4,10,2245,5,2,1,1,1,134,4990800,405300,20,3,2,0,0,1,1,10,70,1,1,1,0,0
200500022835,5,4,11,1100,1,1,1,1,5,574,4989100,402400,20,3,2,2,0,1,1,0,85,1,0,1,0,0
200500022838,5,4,19,1715,1,2,1,1,2,616,4935400,177500,600,3,2,2,0,2,1,0,69,1,0,1,0,0
200500022840,5,4,13,45,3,1,1,1,6,239,4923800,196600,600,3,2,2,0,1,1,0,70,1,0,3,0,0
200500022841,5,4,14,1115,1,2,1,1,3,97,4932400,185900,600,3,0,0,0,0,0,0,0,1,5,1,0,0
200500022842,5,4,1,930,1,1,1,5,7,4,4955600,194100,600,3,2,2,0,1,1,0,60,1,0,1,0,0
200500022843,5,4,2,1015,1,1,1,1,2,219,4975200,181500,600,3,2,0,0,1,1,0,65,1,5,1,0,0
200500022844,5,4,22,1845,1,2,1,1,6,599,4969000,185400,600,4,2,2,0,1,0,42,42,1,0,1,0,0
200500022847,5,4,28,1330,1,2,1,1,1,12,4926600,216000,600,4,2,2,0,1,1,0,0,1,0,1,0,0
200500022853,5,4,9,1900,1,1,3,1,3,299,4962100,222700,600,3,2,2,0,1,1,0,107,1,5,1,0,0
200500022854,5,4,17,1200,1,1,1,1,6,82,4968400,225000,600,2,2,2,0,2,3,0,0,1,0,1,0,0
200500022859,5,4,1,1215,1,2,1,1,6,439,4932100,232300,600,3,1,1,0,1,1,0,0,1,0,1,0,0
200500022860,5,4,7,1600,1,2,1,1,1,439,4931600,233000,600,4,2,0,0,1,1,0,70,9,0,1,0,0
200500022861,5,4,1,800,1,1,1,5,3,468,4950700,236900,600,3,2,0,0,3,2,0,60,9,0,1,0,0
200500022862,5,4,17,1400,1,2,1,1,1,643,4956300,258800,600,9,0,2,0,1,1,50,0,1,0,1,0,0
200500022863,5,4,28,1030,1,2,1,1,3,374,4955700,251600,600,3,2,2,0,1,1,0,61,1,0,1,0,0
200500022864,5,4,29,30,3,1,1,1,7,177,4946300,256600,600,4,0,0,0,0,0,0,0,0,0,0,0,0
200500022869,5,4,30,2330,5,2,1,1,6,119,4950900,290500,600,4,2,0,0,1,1,0,0,1,0,1,0,0
200500022871,5,4,24,545,5,2,1,8,1,531,4944100,271300,600,3,2,2,0,1,2,0,60,1,0,1,0,0
200500022873,5,4,2,1045,1,2,1,1,3,323,4941600,614500,570,3,2,0,0,1,1,0,70,1,0,1,0,0
200500022880,5,4,2,1745,1,2,1,1,3,141,4918700,245800,600,2,2,2,0,2,1,0,90,1,0,1,0,0
200500022884,5,4,26,1215,1,1,1,1,1,274,4928100,285600,600,4,2,2,0,2,4,0,55,1,0,1,0,0
200500022885,5,4,6,530,3,1,2,1,3,8,4994100,117000,760,3,2,3,0,1,1,0,136,1,0,1,0,0
200500022886,5,4,18,700,2,1,1,2,2,51,4978400,102800,760,3,2,2,0,1,1,0,60,2,0,1,0,0
200500022887,5,4,20,1800,1,2,1,1,2,75,4977900,105000,760,3,2,0,0,1,1,0,61,1,0,1,0,0
200500022888,5,4,5,1030,1,1,1,1,6,574,4969700,106000,760,3,2,2,0,1,1,0,60,1,0,3,0,0
200500022890,5,4,24,130,5,2,1,1,7,475,4940000,118500,760,2,2,1,0,1,1,100,70,1,0,1,0,0
200500022892,5,4,16,1600,1,1,1,1,6,419,4939400,89500,760,9,2,2,0,1,2,0,30,1,0,3,0,0
200500022893,5,4,21,1100,1,1,1,1,1,631,4951100,88100,760,3,2,2,0,1,2,0,52,1,0,1,0,1
200500022896,5,4,15,815,1,1,1,1,3,388,4956500,58300,760,3,2,0,0,1,1,0,60,0,0,1,0,0
200500022897,5,4,24,630,1,1,1,1,6,592,4951000,50300,760,3,2,0,0,1,1,0,62,1,0,3,0,0
200500022898,5,4,27,1445,1,1,6,1,3,31,4953500,59200,760,3,2,0,0,1,1,0,60,1,5,1,0,0
200500022899,5,4,5,1815,1,2,1,1,3,454,4975800,154800,760,2,2,0,0,2,3,0,74,1,0,1,0,1
200500022901,5,4,16,215,3,1,1,5,7,312,4946900,172500,760,3,2,0,0,1,1,0,72,1,0,3,0,0
200500022902,5,4,27,1045,1,2,1,1,6,758,4962100,75800,760,4,1,0,0,1,1,70,0,1,0,1,0,0
200500022903,5,4,9,1600,1,1,1,9,6,289,4957900,82200,760,3,2,2,0,1,2,0,60,1,0,3,0,0
200500022905,5,4,21,1730,1,2,1,1,3,57,4955100,95300,760,3,2,2,0,1,1,0,70,1,0,1,3,0
200500022906,5,4,1,1615,2,2,1,1,7,315,4974700,64400,760,3,2,2,0,1,1,0,62,1,0,3,0,0
200500022907,5,4,16,2030,2,1,1,1,6,467,4981600,69800,760,3,2,1,0,1,1,0,35,1,0,1,0,0
200500022910,5,4,4,2115,3,1,1,2,7,456,4962700,85200,760,3,2,2,0,0,3,0,65,2,0,3,0,1
200500022911,5,4,12,1345,1,2,1,1,6,91,4971600,62200,760,3,0,2,0,1,0,0,37,1,0,1,0,0
200500022912,5,4,8,1345,1,1,1,1,7,238,4901300,97600,270,3,2,2,0,1,3,0,52,1,0,1,0,0
200500022913,5,4,9,1245,1,1,1,1,3,234,4901900,119500,270,2,2,5,0,1,1,0,60,1,0,1,0,0
200500022914,5,4,12,1800,1,2,1,1,6,165,4896600,94200,270,4,2,0,0,1,0,0,71,1,0,1,0,0
200500022915,5,4,16,630,2,1,1,1,7,306,4900300,118200,270,2,3,2,0,1,3,11,74,1,0,3,0,0
200500022917,5,4,25,945,1,1,2,1,3,165,4895700,95100,270,3,2,2,0,1,1,0,54,1,5,1,0,0
200500022920,5,4,19,1715,1,1,1,7,7,507,4891200,128800,270,3,2,0,0,1,1,0,75,1,0,3,0,0
200500022921,5,4,26,1515,1,1,2,8,1,491,4883700,102300,270,3,0,2,0,1,1,0,62,1,0,3,0,0
200500022922,5,4,28,1630,1,1,1,1,3,181,4880000,128100,270,3,2,2,0,1,1,0,71,1,0,1,0,0
200500022926,5,4,16,1700,1,2,1,1,6,278,4892000,145300,270,9,0,0,0,0,1,0,20,2,0,0,0,0
200500022928,5,4,18,1945,1,2,1,1,6,422,4922600,129300,270,3,2,2,0,1,4,0,0,1,0,1,0,0
200500022932,5,4,6,700,1,1,1,1,1,214,4932100,141800,270,2,0,0,0,1,1,0,84,1,0,1,0,0
200500022933,5,4,17,1230,1,1,1,1,2,672,4945300,137700,270,2,2,2,0,1,1,0,80,1,0,1,0,0
200500022934,5,4,7,1145,1,1,1,1,6,26,4922300,162700,270,2,2,0,0,1,1,0,0,1,0,1,0,1
200500022936,5,4,15,1830,1,2,1,1,6,26,4922100,164400,270,4,2,2,0,0,1,0,80,0,0,1,0,0
200500022937,5,4,1,1700,1,1,1,1,3,129,4908200,55100,270,3,2,2,0,1,1,0,78,1,0,1,0,0
200500022938,5,4,6,1700,1,1,1,1,3,56,4910900,58000,270,2,0,2,0,1,3,0,74,1,0,1,0,1
200500022941,5,4,14,1000,1,1,2,8,3,296,4904300,66300,270,3,2,2,0,1,1,0,54,2,5,1,0,0
200500022944,5,4,24,330,5,1,1,1,7,116,4918000,72000,270,3,2,0,0,1,2,0,50,1,0,3,0,0
200500022945,5,4,2,1600,1,2,1,1,3,365,4927700,121200,270,3,2,0,0,1,1,0,58,1,0,1,0,0
200500022946,5,4,30,1830,1,2,1,1,6,428,4915000,89000,270,3,2,2,0,1,1,0,83,1,0,1,0,0
200500022950,5,4,5,830,1,1,1,1,5,500,4936300,71500,270,2,2,2,0,1,1,0,64,1,0,1,0,0
200500022951,5,4,11,1630,1,1,1,1,2,413,4928900,67800,270,3,2,0,0,3,1,0,78,1,0,1,0,0
200500022953,5,4,7,845,1,1,3,8,2,110,4834800,161300,350,3,2,1,0,1,1,0,38,2,0,1,0,0
200500022954,5,4,10,1745,1,1,1,1,1,94,4835800,174500,350,3,2,0,0,1,4,0,57,1,0,1,0,0
200500022964,5,4,21,2315,3,1,1,8,7,113,4845900,151800,350,4,2,2,0,1,1,0,43,2,0,3,0,0
200500022966,5,4,5,1900,1,2,1,1,3,12,4784900,169300,350,4,0,0,0,2,3,0,50,1,0,1,0,0
200500022973,5,4,28,1630,1,2,1,1,1,85,4841400,174900,350,3,2,2,0,3,0,60,0,1,0,1,0,0
200500022974,5,4,12,1245,1,2,1,1,1,228,4858400,206100,350,4,2,0,0,1,1,0,48,1,5,1,0,0
200500022975,5,4,12,1345,1,2,1,1,1,360,4812800,121100,350,9,2,2,0,0,1,0,70,1,0,1,0,0
200500022982,5,4,24,1400,1,1,1,1,3,86,4873700,302900,220,3,2,3,0,0,1,0,110,1,0,1,0,0
200500022983,5,4,29,700,2,1,1,1,6,173,4853000,258500,220,3,2,2,0,1,1,0,60,1,0,3,0,0
200500022984,5,4,29,1615,1,1,1,1,5,273,4853600,253100,220,3,2,2,0,1,3,0,60,1,0,1,0,0
200500022985,5,4,15,30,3,1,9,8,6,213,4854000,200000,220,3,2,2,0,2,3,0,45,2,0,1,0,0
200500022990,5,4,11,1645,1,2,1,1,2,49,4854000,221000,220,3,2,0,0,2,1,0,62,1,0,1,0,0
200500022994,5,4,15,1445,1,1,1,4,6,183,4818700,257800,220,4,2,1,0,1,1,0,50,5,0,3,0,1
200500022995,5,4,2,1430,1,1,1,1,4,225,4854600,307600,220,2,1,2,0,0,0,0,72,1,0,1,0,1
200500022997,5,4,19,1745,1,2,1,8,6,343,4877300,356000,220,3,2,0,0,2,1,0,65,1,0,1,0,0
200500022998,5,4,24,830,2,1,1,8,6,194,4868500,363200,220,3,2,2,0,3,3,0,68,2,0,0,0,1
200500022999,5,4,18,1600,1,1,2,3,1,198,4879000,349400,220,3,2,2,0,1,1,0,65,2,0,1,0,0
200500023001,5,4,16,2245,3,1,1,1,3,161,4792800,407300,290,3,2,2,3,2,1,0,105,1,0,1,0,0
200500023002,5,4,2,1,5,2,6,1,7,158,4781700,433600,290,3,2,1,0,1,2,0,45,1,5,1,0,0
200500023003,5,4,22,1900,1,1,1,8,3,61,4843700,446700,290,3,3,0,0,1,1,5,191,2,3,1,0,0
200500023005,5,4,1,2145,5,2,1,1,3,103,4845600,424800,290,3,2,0,0,1,1,0,0,1,0,1,0,0
200500023009,5,4,24,430,3,1,1,2,6,178,4852800,466100,290,3,2,2,0,1,1,0,0,2,0,1,0,0
200500023010,5,4,20,915,1,2,1,1,2,26,4820500,408300,290,3,2,0,0,1,1,0,0,1,0,1,0,0
200500023011,5,4,16,615,3,1,1,8,6,24,4824400,359900,290,3,2,0,0,0,1,0,75,1,0,1,0,0
200500023013,5,4,26,1630,1,1,1,8,1,227,4832500,362000,290,3,2,0,0,2,1,0,71,2,0,1,0,0
200500023014,5,4,8,1645,1,2,1,1,2,20,4810300,400000,290,4,2,2,0,1,1,0,78,1,0,1,3,0
200500023017,5,4,25,1100,1,1,1,1,4,42,4826000,438000,290,3,2,0,0,1,1,0,65,1,0,1,0,0
200500023019,5,4,7,1030,1,1,1,1,2,192,4867300,405100,290,3,2,0,0,4,1,0,70,1,0,1,0,0
200500023020,5,4,20,1545,1,1,1,1,1,30,4866300,413300,290,3,2,0,0,1,1,0,0,1,0,1,0,1
200500023021,5,4,3,1915,1,1,1,1,3,212,4754800,213500,560,3,2,2,0,1,1,45,90,1,5,1,0,0
200500023023,5,4,23,1830,1,1,1,1,6,147,4756500,222100,560,3,2,2,0,1,1,0,58,2,0,3,0,1
200500023025,5,4,27,1030,1,1,3,1,3,126,4753000,230800,560,3,2,2,0,1,1,0,75,1,0,1,0,1
200500023026,5,4,4,745,1,1,1,1,6,211,4780400,233300,560,3,2,2,0,1,1,0,58,1,0,1,0,0
200500023027,5,4,18,1430,1,1,1,1,3,15,4763500,255900,560,3,2,2,0,1,1,0,58,1,5,1,0,0
200500023029,5,4,30,1515,1,2,1,1,6,7,4767300,298800,560,4,1,1,0,1,1,0,40,1,0,0,0,0