Num_Acc,an,mois,jour,hrmn,lum,agg,int,atm,col,com,lat,long,dep,catr,circ,nbv,vosp,prof,plan,lartpc,larrout,surf,infra,situ,env1,killed
200500023030,5,4,28,530,3,1,1,1,2,34,4761000,306000,560,3,2,0,0,2,1,0,60,1,0,1,0,0
200500023032,5,4,5,1000,1,1,1,1,1,127,4807800,227100,560,4,0,2,0,1,2,0,42,1,0,1,0,0
200500023033,5,4,2,2230,3,1,1,1,3,122,4798100,237700,560,3,2,2,0,1,1,45,85,1,5,1,0,0
200500023034,5,4,19,1045,1,1,1,8,7,230,4780500,224100,560,3,2,2,0,1,0,0,61,1,0,3,0,1
200500023035,5,4,22,1345,1,1,3,2,3,160,4798300,267200,560,3,2,2,0,3,3,0,68,2,5,1,0,1
200500023036,5,4,12,800,1,2,1,7,6,178,4807000,297000,560,3,2,2,0,2,1,0,80,1,0,1,0,0
200500023037,5,4,14,1300,1,1,1,1,6,192,4795600,291100,560,4,0,1,0,1,3,0,0,6,0,1,0,0
200500023038,5,4,20,200,3,1,1,1,1,14,4796000,339400,560,3,2,2,0,1,1,0,73,2,0,1,0,0
200500023039,5,4,9,500,3,1,1,1,6,100,4904100,33100,140,3,2,2,0,1,1,54,0,1,0,0,0,0
200500023042,5,4,24,1200,1,2,1,2,6,516,4897200,24100,140,3,2,2,0,1,1,0,63,2,0,1,3,0
200500023045,5,4,1,1430,1,1,1,1,3,449,4912700,62900,140,3,2,2,0,1,3,0,70,1,0,1,0,0
200500023048,5,4,7,1115,1,2,6,1,6,712,4918000,18000,140,3,2,0,0,1,1,0,70,1,0,1,0,1
200500023053,5,4,3,1600,1,1,1,1,1,35,4918800,84800,140,3,2,0,0,4,1,0,68,1,5,1,0,1
200500023054,5,4,2,1545,1,1,1,1,1,258,4889000,21000,140,2,2,2,0,0,2,0,67,1,0,1,0,0
200500023056,5,4,16,1500,1,2,1,1,1,497,4897000,12200,140,3,2,0,0,1,4,0,51,1,0,1,0,0
200500023057,5,4,20,1100,1,1,1,1,1,258,4889500,21800,140,2,2,0,0,1,2,0,94,1,0,1,0,0
200500023058,5,4,11,1830,1,1,1,1,6,81,4902400,5300,140,3,2,2,0,4,2,0,70,1,0,3,0,1
200500023059,5,4,29,1800,1,2,1,1,6,514,4929000,19000,140,3,2,2,0,1,1,0,100,1,0,1,0,0
200500023062,5,4,16,1945,1,2,1,1,3,93,4927700,2600,140,3,2,0,0,1,1,0,58,1,0,1,0,0
200500023070,5,4,25,1630,1,2,1,7,3,516,4867900,135000,500,3,2,2,0,0,1,0,63,1,0,1,0,0
200500023073,5,4,20,1945,1,1,1,1,6,337,4850100,141800,500,3,2,2,0,2,3,0,64,1,0,0,0,1
200500023077,5,4,18,1530,1,1,1,1,1,478,4954800,138900,500,3,2,0,0,1,3,0,50,1,0,1,0,0
200500023079,5,4,28,2345,3,1,1,2,7,479,4945000,122000,500,3,2,0,0,1,1,0,50,2,0,3,0,0
200500023082,5,4,1,1045,1,1,2,1,3,58,4907200,157500,500,3,2,2,0,2,1,0,0,1,0,1,0,0
200500023083,5,4,14,1445,1,1,1,1,6,215,4911200,159600,500,3,2,0,0,1,1,0,76,0,0,3,0,1
200500023084,5,4,29,1130,1,1,1,1,6,622,4915700,144100,500,3,2,1,0,1,1,50,0,1,0,1,0,0
200500023087,5,4,27,1715,1,1,2,1,5,277,4885800,153700,500,3,2,3,3,3,1,30,70,1,5,1,0,0
200500023088,5,4,16,1915,2,1,1,7,3,510,4918000,135400,500,3,2,0,0,1,1,0,80,1,0,1,0,0
200500023098,5,4,15,1630,1,1,1,2,3,385,4880600,31100,610,2,2,2,0,3,3,0,70,2,0,1,0,0
200500023099,5,4,24,530,2,1,1,8,6,386,4877600,45900,610,3,2,2,0,1,1,0,50,1,0,3,0,0
200500023100,5,4,24,1330,1,1,1,2,6,435,4884000,61000,610,3,2,2,0,1,1,0,59,2,0,3,0,0
200500023104,5,4,24,845,2,1,1,2,6,262,4876100,79900,610,3,2,2,0,1,4,0,66,2,0,1,0,0
200500023105,5,4,24,1230,1,1,1,2,1,100,4871100,62000,610,3,2,0,0,1,1,0,60,2,0,1,0,1
200500023107,5,4,15,1345,1,1,1,4,3,165,4709200,132700,440,3,2,2,0,1,1,0,0,2,0,1,0,0
200500023108,5,4,2,1030,1,1,2,1,3,212,4716700,120700,440,3,2,2,0,1,1,0,68,1,0,1,0,0
200500023109,5,4,16,1315,1,1,1,1,6,7,4763000,189000,440,3,2,2,0,1,1,63,0,1,0,3,0,1
200500023110,5,4,27,1730,1,2,1,1,2,67,4763300,183800,440,3,2,2,0,1,1,0,56,1,0,1,0,0
200500023111,5,4,29,100,3,1,1,1,6,67,4759700,185200,440,3,2,2,0,1,1,54,0,1,0,1,0,0
200500023113,5,4,10,1200,1,2,1,1,6,179,4737700,140700,440,4,2,2,0,4,3,0,50,1,0,3,0,1
200500023114,5,4,18,2145,2,1,1,8,7,73,4739300,164300,440,2,3,0,0,0,1,0,0,2,0,2,0,0
200500023115,5,4,9,300,5,2,1,1,7,101,4718700,166300,440,3,2,0,0,1,1,0,70,1,0,1,0,0
200500023116,5,4,17,1715,1,2,3,1,3,101,4719000,167200,440,3,2,1,0,2,1,0,60,1,0,1,0,0
200500023117,5,4,25,2215,3,1,1,1,7,166,4720100,173400,440,3,2,0,0,0,2,0,60,1,0,1,0,0
200500023119,5,4,26,2015,1,1,1,1,6,131,4711000,195500,440,3,2,1,0,4,1,0,47,1,0,1,0,1
200500023122,5,4,27,930,1,1,1,1,3,187,4725000,216200,440,3,2,0,0,1,1,0,60,1,0,1,0,0
200500023123,5,4,25,1745,1,1,1,1,1,87,4698300,180300,440,3,2,0,0,1,1,0,52,1,0,1,0,0
200500023124,5,4,29,1630,1,1,1,1,2,220,4720300,187800,440,3,2,2,0,1,1,0,62,1,0,1,0,0
200500023125,5,4,24,630,2,1,1,1,6,69,4730200,241800,440,4,2,0,0,1,2,0,61,1,0,3,0,0
200500023132,5,4,22,1600,1,1,1,3,1,217,4733000,169000,440,3,2,0,0,2,1,55,55,2,0,1,0,0
200500023133,5,4,30,845,1,1,1,1,2,20,4747200,62400,490,3,1,2,0,1,1,0,75,8,0,1,0,0
200500023134,5,4,1,2345,3,1,1,1,3,129,4751000,50000,490,2,3,2,0,2,1,10,60,1,5,1,0,0
200500023135,5,4,24,230,3,1,1,1,7,32,4741800,34300,490,3,2,2,0,1,1,0,0,1,0,1,0,1
200500023138,5,4,5,1030,1,1,1,1,7,284,4743000,81000,490,3,2,2,0,1,1,0,72,1,0,3,0,0
200500023139,5,4,15,1730,1,2,2,1,3,160,4741200,93100,490,3,2,2,0,1,1,0,65,1,0,1,0,0
200500023140,5,4,23,1515,1,1,1,1,6,375,4716800,106700,490,4,2,0,0,1,2,0,0,1,0,1,0,0
200500023141,5,4,27,1845,1,2,2,1,3,243,4723100,89700,490,3,2,0,0,1,1,0,60,1,0,1,0,0
200500023143,5,4,16,1030,1,1,1,1,3,125,4718000,24000,490,3,2,3,0,1,1,0,106,0,0,1,0,0
200500023146,5,4,15,1830,1,2,1,8,1,362,4723000,6000,490,4,2,2,0,1,3,0,0,2,0,1,0,0
200500023148,5,4,30,1715,1,2,1,1,6,229,4770800,95800,490,4,2,2,0,1,1,0,65,1,0,1,0,0
200500023149,5,4,6,1345,1,1,1,8,7,176,4766000,76000,490,3,3,0,0,3,2,25,66,1,0,3,0,0
200500023150,5,4,11,1015,1,1,1,1,3,26,4749100,74200,490,3,2,0,0,1,1,0,64,1,0,1,0,0
200500023151,5,4,25,1530,1,1,1,1,3,271,4753600,74300,490,4,2,2,0,1,1,0,44,1,0,1,0,0
200500023152,5,4,30,2230,3,1,1,1,6,367,4760600,82600,490,3,2,2,0,1,1,39,108,1,3,1,0,1
200500023153,5,4,2,700,2,1,3,1,3,80,4767000,48000,490,3,2,2,0,1,3,0,54,1,5,0,0,1
200500023154,5,4,9,1700,1,1,1,1,1,48,4757000,50000,490,3,2,2,3,1,1,0,113,1,5,1,0,0
200500023158,5,4,8,1400,1,1,1,8,6,147,4831600,60300,530,2,2,0,0,0,3,0,0,2,0,1,0,0
200500023160,5,4,20,2100,2,2,3,1,3,72,4824600,62000,530,3,2,2,0,1,0,0,0,1,0,1,0,0
200500023162,5,4,30,1,3,1,1,1,6,121,4842600,32000,530,2,2,2,0,3,1,0,70,1,0,1,0,0
200500023163,5,4,2,2100,5,2,2,1,3,58,4799000,28000,720,3,2,2,0,1,1,0,60,1,5,1,0,0
200500023165,5,4,24,700,2,2,2,3,3,260,4794300,25900,720,3,2,2,0,1,1,0,60,2,0,1,0,0
200500023167,5,4,21,2100,1,1,1,1,7,303,4802300,56900,720,3,2,2,0,1,2,0,50,1,0,3,0,0
200500023168,5,4,22,1130,1,1,1,1,5,125,4794900,66100,720,2,2,2,0,1,1,0,75,1,0,1,0,0
200500023169,5,4,19,1630,1,1,1,1,5,54,4801300,31200,720,2,2,2,0,0,2,0,70,1,0,1,0,0
200500023170,5,4,28,115,5,2,1,1,2,289,4814600,17000,720,9,2,1,0,1,1,0,61,1,0,1,0,0
200500023172,5,4,29,415,5,2,1,1,6,346,4789900,3600,720,4,2,2,0,1,1,0,70,1,0,1,0,0
200500023175,5,4,30,1100,1,1,1,1,1,22,4777000,18600,720,3,2,2,0,1,1,0,54,1,0,1,0,0
200500023180,5,4,12,1030,1,1,1,1,1,40,4817100,51600,720,3,2,26,0,2,1,64,64,1,0,1,0,0
200500023181,5,4,3,100,3,1,1,1,7,73,4649100,118200,850,9,2,2,0,0,1,0,34,1,0,1,0,1
200500023182,5,4,19,1430,1,1,2,8,3,73,4651900,115900,850,3,0,2,0,0,1,0,61,2,0,1,0,0
200500023184,5,4,14,1000,1,2,1,3,5,82,4687900,93800,850,3,0,2,0,0,1,0,0,2,0,1,0,1
200500023189,5,4,2,1815,1,2,6,1,3,155,4672200,144700,850,3,2,2,0,1,1,50,0,1,5,1,0,0
200500023190,5,4,5,900,1,1,1,1,3,300,4664800,153900,850,2,2,0,0,1,1,0,100,1,5,1,0,0
200500023191,5,4,19,1430,1,1,1,1,6,3,4672000,153800,850,3,3,2,0,1,1,20,160,1,3,3,0,0
200500023192,5,4,24,600,2,1,1,2,6,178,4676600,149000,850,3,2,2,0,1,2,0,0,2,0,0,0,1
200500023193,5,4,30,1715,1,1,1,1,3,223,4656700,107600,850,3,2,0,0,1,1,0,65,1,0,1,0,0
200500023194,5,4,11,515,3,1,1,1,1,264,4672100,68200,850,3,2,2,0,0,3,0,66,1,0,1,0,1
200500023195,5,4,21,445,3,1,1,5,6,37,4665600,67000,850,3,2,0,0,1,1,0,70,1,0,3,0,1
200500023196,5,4,22,800,1,1,2,1,3,41,4659800,81100,850,3,2,2,0,1,1,0,60,1,5,1,0,0
200500023199,5,4,1,1000,1,1,1,1,3,288,4648200,167700,850,3,2,2,0,1,1,0,70,1,0,1,0,0
200500023200,5,4,26,1815,1,2,1,1,3,19,4469500,99500,330,3,2,2,0,1,1,0,61,1,0,1,0,0
200500023201,5,4,29,1600,1,1,1,1,3,284,4462500,95200,330,3,2,2,0,1,1,0,75,1,0,1,0,0
200500023204,5,4,30,2115,5,2,1,1,6,236,4479900,113700,330,3,2,2,0,1,1,0,66,1,5,1,0,0
200500023205,5,4,25,1700,1,1,1,1,2,422,4481800,73400,330,3,2,2,0,1,1,73,73,1,0,1,0,0
200500023209,5,4,30,1100,1,1,1,1,3,551,4509400,63800,330,3,2,0,0,0,1,0,0,1,0,1,0,0
200500023212,5,4,7,1545,1,1,1,2,6,109,4469900,49100,330,2,2,0,0,1,0,0,0,2,0,1,0,0
200500023213,5,4,27,1730,1,2,1,1,3,23,4471500,47800,330,3,2,2,0,2,1,0,56,1,0,1,0,0
200500023218,5,4,30,1530,1,1,1,1,1,195,4440200,2700,330,3,2,2,0,2,2,0,66,1,0,1,0,1
200500023219,5,4,29,1030,1,1,1,1,7,484,4444900,52700,330,3,2,2,0,1,2,0,63,9,0,1,0,0
200500023220,5,4,29,1730,1,2,1,1,6,177,4533100,96300,330,3,2,2,0,1,1,0,60,1,0,1,0,0
200500023222,5,4,14,1415,1,1,9,2,3,12,4496900,71700,330,3,0,0,0,0,0,0,0,0,0,0,0,0
200500023225,5,4,21,1215,1,1,1,1,1,488,4479400,11800,330,3,2,2,0,2,1,0,74,1,0,1,0,0
200500023226,5,4,1,1330,1,2,1,1,6,108,4485900,4600,330,4,1,1,0,1,2,0,40,1,0,4,3,0
200500023227,5,4,20,1400,1,1,1,1,6,396,4489200,9600,330,3,0,0,0,2,1,0,45,0,0,3,0,0
200500023229,5,4,22,1845,1,1,1,2,1,138,4506500,10100,330,3,2,2,0,1,1,0,60,2,0,1,0,0
200500023230,5,4,1,2015,1,2,1,1,6,242,4480300,17700,330,4,2,2,0,2,0,0,40,1,0,3,0,0
200500023233,5,4,8,1815,1,1,1,2,3,156,4507200,87100,240,3,2,0,0,2,2,0,69,2,0,1,0,0
200500023234,5,4,21,800,1,1,1,1,6,156,4507000,86000,240,3,2,1,0,2,3,0,72,1,0,1,0,0
200500023235,5,4,11,1345,1,2,1,1,6,188,4513200,98800,240,2,2,2,0,1,3,0,82,1,0,1,0,0
200500023236,5,4,23,1100,1,2,1,8,7,550,4514000,107000,240,9,0,0,0,2,1,0,0,1,0,0,0,0
200500023237,5,4,1,1845,1,1,3,1,3,338,4489500,75100,240,3,2,0,0,1,1,53,0,1,0,1,0,0
200500023238,5,4,8,915,1,2,1,1,6,335,4484800,20500,240,3,3,2,0,1,1,0,55,1,0,1,0,1
200500023239,5,4,22,845,1,1,1,1,3,568,4485900,10500,240,3,2,2,0,2,1,0,59,1,0,1,0,0
200500023240,5,4,28,1630,1,1,9,1,5,370,4484700,17300,240,3,2,2,0,0,1,0,102,1,0,1,0,0
200500023241,5,4,9,800,1,2,1,1,6,460,4525200,42000,240,3,0,0,0,1,1,0,0,1,0,1,0,0
200500023242,5,4,12,1630,1,1,3,1,3,586,4525600,38000,240,3,2,0,0,1,1,0,50,1,0,0,0,0
200500023243,5,4,11,1845,1,1,1,1,6,7,4528500,30300,240,4,2,2,0,1,4,0,41,1,0,3,0,0
200500023244,5,4,27,1545,1,1,2,8,3,564,4523500,26400,240,3,2,2,0,3,1,0,62,1,0,1,0,0
200500023245,5,4,1,1415,1,2,1,1,1,511,4520600,19200,240,3,2,0,0,1,1,64,0,1,0,1,0,0
200500023248,5,4,30,445,3,1,1,1,6,67,4492600,93200,240,4,2,2,0,2,1,0,35,1,0,1,0,1
200500023255,5,4,24,615,2,2,1,2,6,35,4364900,103800,400,3,2,0,0,3,3,0,60,2,0,3,0,0
200500023256,5,4,30,1900,1,2,1,1,1,334,4371100,101400,400,3,2,0,0,0,1,0,50,1,0,1,0,0
200500023259,5,4,17,715,1,1,1,1,6,233,4358500,103900,400,4,2,0,0,1,1,0,40,2,0,3,0,0
200500023260,5,4,18,30,3,1,1,8,1,95,4359400,91900,400,3,2,2,0,4,1,0,60,2,0,1,0,0
200500023269,5,4,14,1100,1,1,1,1,6,257,4424700,119900,400,3,2,0,0,1,1,0,60,1,0,1,0,0
200500023278,5,4,30,1230,1,1,1,1,6,38,4435300,38700,470,3,2,0,0,1,2,0,68,1,0,3,0,0
200500023279,5,4,3,1530,1,1,1,1,1,131,4455400,9800,470,3,2,2,0,1,1,0,55,1,2,1,0,0
200500023280,5,4,3,45,3,1,1,1,6,326,4452500,22500,470,3,2,2,0,2,3,0,63,1,0,0,0,0
200500023281,5,4,7,1500,1,1,1,2,6,233,4452700,9100,470,3,2,2,0,1,1,0,62,2,0,3,0,0
200500023282,5,4,5,900,1,1,1,2,1,168,4462300,33600,470,3,2,0,0,1,1,0,58,2,0,1,0,0
200500023289,5,4,20,1945,1,1,1,1,6,237,4437000,63800,470,3,2,2,0,2,4,0,60,1,0,1,0,0
200500023294,5,4,23,2030,1,1,1,1,3,67,4326000,30000,640,3,2,2,0,1,1,0,71,1,0,1,0,0
200500023297,5,4,20,1700,1,1,1,3,6,124,4326700,132300,640,3,2,0,0,1,1,0,84,2,0,3,0,0
200500023298,5,4,28,245,1,1,1,1,1,124,4329500,135100,640,3,2,2,0,1,3,0,70,1,0,1,0,1
200500023300,5,4,22,930,1,1,1,2,7,436,4323200,130100,640,3,2,2,0,1,3,82,0,2,2,3,0,0
200500023303,5,4,19,2200,3,1,1,1,1,99,4334500,76600,640,3,2,0,0,1,3,0,124,1,5,1,0,0
200500023305,5,4,2,45,5,2,1,1,6,430,4349200,77400,640,9,1,1,0,2,1,0,0,1,6,1,0,0
200500023306,5,4,11,1645,1,2,9,1,1,430,4349400,76900,640,3,2,2,0,2,1,0,0,1,0,1,0,0
200500023307,5,4,21,1830,1,1,1,2,1,430,4349100,80800,640,2,2,1,0,1,2,0,74,2,0,1,0,1
200500023308,5,4,22,1800,1,2,1,1,6,510,4355100,68000,640,3,2,2,0,1,2,0,60,1,0,3,0,0
200500023309,5,4,8,1515,1,2,1,3,6,541,4344000,58000,640,3,2,0,0,1,2,0,75,2,0,3,0,0
200500023311,5,4,24,1530,1,2,9,1,3,461,4353000,91000,640,2,2,3,0,1,1,27,47,1,5,1,0,0
200500023312,5,4,6,1900,1,1,1,1,7,24,4657000,16000,860,3,2,0,0,1,3,0,57,1,0,3,0,0
200500023315,5,4,28,1845,1,1,1,1,1,209,4648700,33500,860,3,0,0,0,1,3,0,49,1,0,1,0,0
200500023316,5,4,20,1100,1,1,9,1,1,92,4695800,60500,860,4,2,2,0,1,1,0,51,1,0,1,0,0
200500023318,5,4,24,1415,1,1,2,1,3,18,4703900,12300,860,3,2,2,0,1,1,0,55,1,0,1,0,1
200500023321,5,4,3,2015,3,1,1,1,7,4,4543900,14200,160,3,2,1,0,1,1,0,85,1,0,3,0,1
200500023324,5,4,15,1415,1,1,1,1,6,380,4539000,20000,160,3,2,2,0,1,4,0,61,1,0,1,0,0
200500023325,5,4,16,1045,3,1,1,2,7,28,4547000,6000,160,3,2,0,0,0,2,74,0,2,0,0,0,0
200500023326,5,4,29,1930,1,1,1,1,2,160,4546000,23000,160,3,2,1,0,1,1,0,60,1,0,1,0,0
200500023327,5,4,3,1445,1,2,1,1,1,322,4605300,68600,160,3,2,2,0,1,1,0,60,1,0,1,0,0
200500023329,5,4,23,1100,1,2,1,8,2,78,4569300,19000,160,3,2,2,0,1,1,0,76,1,0,1,0,0
200500023332,5,4,5,1600,1,1,1,1,6,368,4560500,31200,160,3,2,2,0,2,2,0,52,2,0,3,0,1
200500023335,5,4,18,1530,1,2,1,1,1,240,4528900,40400,170,3,2,2,0,1,1,0,71,1,0,1,0,0
200500023336,5,4,22,945,1,1,1,2,7,241,4521300,18500,170,3,2,2,0,1,4,0,70,2,0,1,0,0
200500023337,5,4,13,1645,1,1,1,1,2,93,4587400,121300,170,3,2,2,0,1,1,0,60,1,0,1,0,0
200500023339,5,4,29,900,1,2,2,1,1,385,4592100,132900,170,4,0,0,0,0,0,0,30,1,0,1,0,0
200500023342,5,4,30,2145,5,1,6,1,6,452,4579000,115700,170,3,2,0,0,0,3,0,0,1,5,3,0,0
200500023348,5,4,11,1445,1,1,1,2,6,141,4571100,48000,170,3,2,2,0,2,1,0,61,2,1,3,0,1
200500023349,5,4,9,530,3,1,1,1,6,262,4575000,70900,170,3,2,2,0,2,1,0,61,1,0,3,0,0
200500023350,5,4,11,1015,1,1,1,1,1,86,4573400,52900,170,2,2,2,0,2,1,0,66,1,0,1,0,0
200500023351,5,4,12,1715,1,2,1,1,5,387,4582500,78300,170,4,2,0,0,1,1,0,67,1,5,1,0,0
200500023352,5,4,21,1845,1,1,1,1,3,444,4566000,66000,170,3,2,2,0,1,1,0,46,1,0,1,0,0
200500023354,5,4,28,800,1,1,1,1,6,171,4586100,75900,170,3,2,2,0,1,1,0,61,1,0,3,0,1
200500023355,5,4,4,1730,1,1,1,1,5,39,4554500,55800,170,2,2,2,0,1,1,0,70,1,0,1,0,0
200500023356,5,4,30,400,3,1,1,1,7,39,4554000,55000,170,2,2,2,0,1,1,0,60,1,0,1,0,0
200500023361,5,4,21,15,3,1,1,1,6,48,4587900,37700,170,3,2,0,0,1,1,0,50,0,2,1,0,0
200500023362,5,4,27,1630,1,2,1,1,6,224,4586700,32800,170,4,0,2,0,1,0,0,56,1,0,1,0,0
200500023363,5,4,15,445,3,1,1,8,6,216,4624400,31100,790,3,2,2,0,1,3,0,59,2,0,1,0,1
200500023364,5,4,18,1145,1,2,1,3,3,216,4626300,34200,790,3,2,2,0,1,1,0,56,2,0,1,0,0
200500023365,5,4,19,1200,1,1,1,2,3,137,4622300,46700,790,2,2,0,0,1,1,0,70,2,0,1,0,0
200500023373,5,4,16,600,5,1,1,8,6,1,4580100,114800,870,3,4,4,0,2,1,0,372,1,0,3,0,0
200500023374,5,4,16,245,5,2,1,2,6,21,4578500,119200,870,3,2,1,0,1,0,0,64,2,0,4,0,0
200500023375,5,4,2,1900,1,2,1,1,3,2,4596000,139000,870,9,2,0,0,2,1,0,67,0,0,1,0,0
200500023376,5,4,1,1830,1,1,1,1,1,187,4551000,117000,870,3,2,2,0,1,1,56,0,1,0,1,0,1
200500023381,5,4,25,1715,1,1,1,8,5,139,4618000,94600,870,2,2,0,0,3,1,0,81,2,0,1,0,1
200500023382,5,4,9,815,1,1,1,4,3,180,4620700,134600,870,2,2,2,0,1,2,0,68,9,0,1,0,1
200500023383,5,4,27,2215,3,1,1,1,7,89,4619700,112200,870,3,2,0,0,1,3,0,55,1,0,3,0,0
200500023385,5,4,13,2145,3,1,1,1,6,85,4531000,185000,190,4,2,2,0,1,1,0,32,1,0,1,0,0
200500023387,5,4,12,1745,1,1,1,1,3,276,4540100,157400,190,3,2,2,0,1,1,0,70,1,5,1,0,0
200500023391,5,4,1,1845,1,1,1,1,6,149,4620500,211700,230,3,2,2,0,1,1,0,52,1,0,3,0,0
200500023392,5,4,30,2215,3,1,1,1,6,143,4622700,171600,230,3,2,2,0,1,1,0,60,1,0,3,0,0
200500023393,5,4,28,1400,1,1,1,1,6,116,4605200,239200,230,4,2,0,0,2,2,0,38,1,0,3,0,0
200500023394,5,4,2,945,1,1,1,1,1,67,4569700,225800,230,3,2,1,0,2,2,0,42,1,0,1,0,0
200500023395,5,4,14,1915,1,1,1,1,7,76,4618600,250600,230,3,2,0,0,2,2,0,70,1,0,1,0,0
200500023396,5,4,5,745,1,1,1,1,6,118,4379700,135300,310,3,2,2,0,2,2,0,63,2,0,3,0,0
200500023397,5,4,16,1145,1,1,1,1,7,579,4376000,150900,310,3,2,0,0,1,2,0,50,1,0,3,0,0
200500023398,5,4,30,1800,1,1,1,1,7,459,4374100,163500,310,3,2,2,0,2,3,0,60,1,0,3,0,1
200500023399,5,4,27,1130,1,1,1,1,1,341,4373200,130200,310,3,2,2,0,1,1,0,52,1,0,1,0,0
200500023400,5,4,1,715,5,2,1,1,3,424,4357100,129800,310,3,2,0,0,1,1,0,65,1,0,1,0,0
200500023402,5,4,7,2215,3,1,1,2,7,417,4364100,122900,310,3,2,2,0,1,1,0,64,2,0,3,0,0
200500023403,5,4,8,2015,5,2,2,2,3,433,4353000,140300,310,3,2,0,0,1,1,0,65,2,5,1,0,0
200500023404,5,4,30,1915,1,2,1,1,6,420,4349900,139700,310,2,0,2,0,1,1,0,65,1,0,3,0,0
200500023406,5,4,7,1245,1,1,1,1,6,395,4346600,126800,310,3,2,2,0,1,1,0,0,1,0,1,0,0
200500023407,5,4,24,1900,1,1,1,2,4,248,4347800,139800,310,3,2,0,0,1,1,0,60,2,0,1,0,0
200500023410,5,4,1,1630,1,2,1,1,2,585,4312300,66100,310,3,2,2,0,1,1,0,110,1,0,1,0,0
200500023411,5,4,9,1500,1,1,1,6,7,251,4333500,94800,310,3,2,2,0,1,1,0,51,1,0,3,0,0
200500023413,5,4,11,1215,1,2,1,1,1,210,4339000,168000,310,3,2,2,0,1,2,0,60,1,0,3,0,0
200500023414,5,4,17,1130,1,1,1,1,6,332,4336000,154000,310,3,2,2,0,2,1,0,35,1,0,1,0,0
200500023415,5,4,26,830,1,1,1,1,6,54,4335600,174200,310,3,2,2,0,1,1,0,61,1,0,3,0,0
200500023416,5,4,28,1645,1,1,1,1,7,100,4327400,163700,310,3,2,0,0,1,1,0,60,1,0,1,0,0
200500023417,5,4,30,645,2,1,1,1,6,179,4357600,181200,310,3,2,2,0,2,1,0,60,1,0,3,0,1
200500023418,5,4,5,1745,1,1,1,1,2,57,4351300,155800,310,3,2,1,0,0,1,0,60,1,0,1,0,0
200500023419,5,4,16,1715,1,2,1,2,1,478,4345200,188500,310,3,2,2,0,2,1,0,68,2,0,3,0,0
200500023421,5,4,18,1615,1,2,1,1,6,451,4345900,199600,310,3,2,2,0,1,1,0,68,1,0,3,0,0
200500023422,5,4,25,2130,5,2,1,1,3,451,4346700,200700,310,4,2,2,0,1,1,0,72,1,0,1,0,0
200500023423,5,4,16,1445,1,1,1,1,7,327,4299600,174300,90,3,0,2,0,1,3,0,40,1,0,1,0,0
200500023427,5,4,22,1800,1,1,1,1,1,214,4297100,109800,90,3,2,2,0,0,3,0,65,1,0,1,0,0
200500023428,5,4,24,45,3,1,1,1,6,289,4302300,110300,90,3,2,2,0,1,1,0,70,1,0,1,0,1
200500023429,5,4,1,830,1,1,1,5,5,223,4289200,121600,90,3,2,2,0,1,1,0,66,2,0,1,0,0
200500023430,5,4,3,1145,1,1,1,1,2,43,4429000,251900,120,3,2,0,0,1,1,37,97,1,5,1,0,0
200500023432,5,4,11,830,1,1,1,1,7,157,4439300,270400,120,2,2,2,0,1,2,0,70,1,0,3,0,0
200500023433,5,4,16,1500,1,1,1,2,3,215,4449200,239400,120,2,2,2,0,3,1,0,79,2,0,1,0,0
200500023434,5,4,2,215,3,1,1,1,1,148,4448800,223000,120,3,2,2,0,4,1,0,65,1,0,3,0,0
200500023436,5,4,30,1645,1,1,1,1,7,117,4477700,289000,120,3,2,0,0,2,3,0,76,1,0,3,0,0
200500023437,5,4,13,1845,1,1,1,1,6,270,4430700,307300,120,3,2,2,0,1,3,0,86,1,0,3,0,0
200500023438,5,4,6,1800,1,1,1,1,1,208,4398500,293000,120,3,2,2,0,1,1,0,68,1,0,1,0,0
200500023439,5,4,19,1345,1,1,1,1,3,208,4397900,290700,120,3,2,2,0,2,2,0,62,1,0,1,0,0
200500023441,5,4,22,1400,1,1,1,1,5,208,4396000,285800,120,3,2,0,0,1,1,0,62,1,0,1,0,1
200500023445,5,4,14,1230,1,1,1,1,3,301,4369900,45500,320,3,2,0,0,1,1,0,56,1,0,1,0,0
200500023449,5,4,16,1400,1,1,1,9,6,75,4391800,34300,320,3,2,0,0,2,1,0,56,2,0,3,0,0
200500023450,5,4,16,2200,5,2,9,1,1,107,4396100,37000,320,3,2,2,0,1,1,0,67,1,2,1,0,0
200500023451,5,4,15,1700,1,1,1,2,7,155,4375300,20100,320,3,2,2,0,4,3,0,55,2,0,3,0,0
200500023453,5,4,1,1815,1,2,6,1,7,208,4394000,62500,320,9,2,2,0,1,3,0,55,9,0,1,0,0
200500023456,5,4,25,630,2,1,1,1,6,208,4397100,66900,320,2,2,0,0,0,1,0,70,1,0,3,0,0
200500023457,5,4,25,845,1,1,1,1,6,208,4395400,68400,320,3,2,2,0,1,2,0,51,1,0,1,0,0
200500023458,5,4,25,1830,1,1,2,1,3,253,4398700,80500,320,3,2,2,0,1,1,0,60,1,0,1,0,0
200500023459,5,4,27,1745,1,1,3,1,3,208,4392900,62500,320,2,2,0,0,2,1,70,75,1,5,1,0,0
200500023460,5,4,16,1900,1,1,1,8,3,169,4347900,58100,320,9,2,0,0,1,0,0,35,2,0,1,0,0