Num_Acc,an,mois,jour,hrmn,lum,agg,int,atm,col,com,lat,long,dep,catr,circ,nbv,vosp,prof,plan,lartpc,larrout,surf,infra,situ,env1,killed
200500023461,5,4,16,1230,1,1,1,1,1,167,4347500,33000,320,2,2,0,0,1,1,0,80,1,0,1,0,0
200500023463,5,4,17,1200,1,1,1,1,2,285,4357500,32200,320,3,2,2,0,1,1,0,60,1,0,1,0,0
200500023464,5,4,4,1730,1,1,4,1,3,344,4364000,10000,320,3,2,2,0,1,1,0,50,1,0,1,0,0
200500023465,5,4,30,530,2,1,1,1,1,27,4369500,17900,320,3,2,2,0,1,1,0,67,1,0,1,0,0
200500023466,5,4,6,1800,1,1,1,1,3,63,4428500,136100,460,3,2,1,0,1,1,0,56,1,0,1,0,0
200500023468,5,4,2,1500,1,1,1,1,3,206,4428900,120200,460,3,2,0,0,1,0,0,55,1,0,1,0,0
200500023469,5,4,10,2100,3,1,1,1,7,336,4450000,110000,460,3,2,0,0,1,0,0,58,1,0,0,0,1
200500023471,5,4,29,1700,1,2,1,1,2,127,4473600,137700,460,3,2,2,0,0,1,0,82,1,0,1,3,0
200500023474,5,4,17,1700,1,1,1,1,5,185,4491200,163200,460,2,2,0,0,1,1,0,72,1,0,1,0,0
200500023475,5,4,22,915,1,1,1,1,3,128,4478900,172100,460,2,2,2,0,1,1,65,0,1,0,1,0,0
200500023476,5,4,24,1345,1,1,1,3,3,330,4496500,170300,460,3,2,2,0,2,3,60,0,2,0,1,0,0
200500023478,5,4,22,1130,1,1,1,2,6,422,4333000,10000,650,3,2,0,0,1,3,0,47,2,0,3,0,0
200500023480,5,4,4,1615,1,1,1,1,3,127,4311700,33000,650,3,2,2,0,0,1,0,48,0,0,1,0,1
200500023481,5,4,8,1400,1,1,2,1,3,52,4391400,220500,810,3,2,2,0,1,3,0,90,1,0,1,0,0
200500023483,5,4,10,1715,2,1,1,8,7,192,4370600,284700,810,3,2,0,0,1,3,0,40,1,0,3,0,1
200500023484,5,4,25,1130,1,1,1,6,7,102,4369400,177000,810,3,2,2,0,0,3,0,40,1,0,3,0,0
200500023485,5,4,27,2345,3,1,1,1,6,266,4365000,201200,810,3,2,2,0,1,2,0,63,1,0,1,0,1
200500023486,5,4,30,1845,1,1,9,1,6,271,4376500,171100,810,1,1,2,0,2,3,0,84,1,3,1,0,1
200500023487,5,4,2,1400,1,2,1,1,1,227,4367000,229300,810,3,2,2,0,1,3,0,60,1,0,1,0,0
200500023488,5,4,6,1115,1,2,1,1,3,99,4391700,190200,810,3,2,0,0,1,1,0,60,1,0,1,0,1
200500023490,5,4,20,1430,1,2,1,1,3,99,4389900,188400,810,4,2,0,1,1,1,0,60,1,0,1,0,0
200500023491,5,4,4,1615,1,1,1,1,3,178,4392100,159200,810,3,2,2,0,1,1,0,70,1,5,1,0,1
200500023492,5,4,6,615,3,1,1,8,6,171,4384900,187000,810,3,2,2,0,1,1,0,68,1,0,3,0,1
200500023493,5,4,11,645,2,1,1,1,6,288,4345700,204900,810,3,2,2,0,1,2,0,72,1,0,3,0,0
200500023494,5,4,19,1715,1,1,1,2,5,289,4357400,213500,810,2,2,2,0,1,1,0,72,2,0,1,0,1
200500023495,5,4,23,1645,1,2,1,1,1,325,4356200,218000,810,3,2,2,0,1,3,0,56,1,0,1,0,0
200500023496,5,4,30,630,2,1,1,1,7,288,4345600,206200,810,3,2,2,0,0,2,0,58,1,0,3,0,0
200500023497,5,4,18,1000,1,1,1,3,3,40,4422900,159400,820,3,2,2,0,2,2,0,62,2,0,1,0,0
200500023498,5,4,3,630,2,1,1,1,7,137,4426800,186300,820,4,2,2,0,0,1,0,70,1,0,0,0,0
200500023499,5,4,11,2030,3,1,1,1,7,180,4390200,102900,820,3,2,2,0,1,1,0,66,1,0,3,0,0
200500023500,5,4,12,1000,1,2,1,1,3,68,4385400,93700,820,3,2,2,0,1,3,0,67,1,0,1,0,0
200500023501,5,4,25,1745,1,1,1,1,1,68,4387400,96400,820,3,2,0,0,1,4,0,68,1,0,1,0,1
200500023503,5,4,19,1245,1,1,1,1,1,167,4395300,145400,820,3,2,2,0,2,1,0,62,1,0,1,0,1
200500023504,5,4,29,1745,1,1,2,1,3,185,4435000,93900,820,3,2,2,0,1,1,0,60,1,5,1,0,0
200500023510,5,4,29,830,1,1,1,1,1,278,4590700,487300,690,3,2,0,0,1,1,0,60,1,5,1,0,1
200500023517,5,4,1,815,1,1,1,1,3,155,4563400,441500,690,3,0,2,0,3,2,60,65,1,0,1,0,0
200500023519,5,4,3,1830,1,1,1,1,3,94,4574400,469200,690,3,2,0,0,0,1,0,70,1,5,1,0,0
200500023520,5,4,24,715,1,2,1,2,1,249,4568400,465300,690,3,3,2,0,1,1,0,0,2,0,1,0,0
200500023524,5,4,26,1545,1,1,1,1,3,84,4619300,471000,690,3,2,2,0,2,1,0,60,1,0,1,0,0
200500023525,5,4,3,1730,1,1,1,1,7,145,4609100,465800,690,3,2,0,0,1,1,0,0,1,0,1,0,0
200500023526,5,4,5,1130,2,1,1,1,6,77,4614800,476400,690,3,0,0,0,1,1,0,0,1,0,1,0,0
200500023527,5,4,5,1630,1,2,1,1,6,65,4615800,471800,690,3,2,0,0,1,1,0,0,1,0,1,0,0
200500023530,5,4,3,1200,1,2,1,1,6,37,4602400,450100,690,3,2,2,0,1,0,0,0,1,0,1,0,0
200500023531,5,4,16,1830,1,1,1,3,6,248,4597000,431900,690,3,2,2,0,0,3,0,55,2,0,3,0,0
200500023534,5,4,3,1800,1,1,1,1,3,304,4605200,533000,10,3,3,2,3,1,4,10,0,1,5,1,0,0
200500023538,5,4,30,2015,1,1,1,1,1,25,4635200,493300,10,3,2,2,0,2,4,0,58,1,0,1,0,0
200500023540,5,4,12,2145,3,1,1,1,3,431,4592700,534700,10,3,2,0,0,1,2,0,0,1,0,1,0,0
200500023542,5,4,25,1915,5,2,1,1,3,202,4585900,540800,10,3,2,2,0,1,1,0,0,1,0,1,0,0
200500023543,5,4,2,1830,1,2,1,3,5,265,4617600,557400,10,3,3,3,0,1,1,10,83,2,5,1,0,0
200500023544,5,4,27,1900,1,2,1,1,1,11,4620000,566000,10,3,2,2,0,0,1,0,58,1,0,1,0,0
200500023545,5,4,30,1500,1,1,1,1,7,228,4612900,552100,10,2,2,0,0,2,3,0,117,1,0,1,0,0
200500023548,5,4,1,1545,1,1,1,1,1,173,4634000,607000,10,3,2,2,0,1,1,0,73,1,0,1,0,1
200500023552,5,4,22,1430,1,1,1,1,6,423,4596700,483800,10,3,2,1,0,1,2,0,45,1,0,3,0,0
200500023554,5,4,2,100,5,2,1,1,6,249,4583600,494200,10,3,2,2,0,1,1,0,0,1,5,1,0,0
200500023555,5,4,29,900,1,2,1,1,4,43,4584100,500500,10,2,2,2,0,1,1,0,85,1,0,1,0,0
200500023558,5,4,12,930,1,1,1,1,6,348,4617100,481900,10,3,2,0,0,1,1,61,0,1,0,1,0,0
200500023559,5,4,22,515,3,1,1,1,6,346,4445900,468700,70,2,2,2,0,1,1,0,70,1,0,3,0,1
200500023560,5,4,6,1900,1,2,1,1,2,349,4471300,466200,70,4,2,2,0,1,1,0,0,1,0,1,0,0
200500023561,5,4,29,1815,1,2,1,1,3,255,4475700,469500,70,3,2,2,0,1,1,0,65,1,0,1,0,0
200500023562,5,4,10,1630,1,1,1,1,6,130,4471000,401000,70,2,2,0,0,1,2,0,60,1,0,3,0,0
200500023563,5,4,17,45,3,1,1,2,6,156,4469600,426200,70,3,2,2,0,1,1,0,60,2,0,3,0,0
200500023564,5,4,15,1745,1,1,1,3,1,280,4433200,415500,70,3,2,2,0,1,3,0,51,2,0,1,0,0
200500023568,5,4,25,2015,2,1,1,1,6,338,4489600,463100,70,3,2,2,0,2,3,0,30,1,0,1,0,1
200500023569,5,4,3,530,3,1,1,1,6,197,4493000,505000,260,3,2,2,0,1,2,0,50,1,0,1,0,0
200500023570,5,4,5,1500,1,1,6,1,3,64,4491800,502000,260,3,4,0,0,1,3,0,0,1,5,1,0,0
200500023572,5,4,7,2015,1,1,6,1,6,108,4474300,500400,260,3,2,0,0,1,0,0,70,1,5,1,0,0
200500023574,5,4,21,2245,3,1,1,1,7,208,4480600,495100,260,3,2,2,0,1,3,0,52,1,0,3,0,0
200500023575,5,4,12,2200,3,1,9,1,6,40,4456700,554400,260,3,2,2,0,0,2,0,60,1,0,3,0,0
200500023576,5,4,6,815,1,1,1,1,5,116,4443700,472700,260,3,2,2,0,1,2,0,58,1,0,1,0,1
200500023578,5,4,13,1715,1,1,1,1,6,326,4433300,482000,260,3,2,0,0,1,2,0,61,1,0,3,0,0
200500023579,5,4,26,1345,1,1,1,1,2,345,4429100,482100,260,3,2,0,0,1,2,0,76,1,0,1,0,0
200500023583,5,4,26,1645,1,1,1,1,1,231,4510200,504600,260,3,2,2,0,1,1,0,68,1,0,1,0,0
200500023584,5,4,19,1200,1,1,2,1,3,155,4534400,498100,260,4,2,2,0,1,1,0,33,1,0,1,0,0
200500023586,5,4,10,1830,1,1,1,1,1,320,4506800,524400,260,2,2,2,0,1,4,0,64,1,0,1,0,0
200500023587,5,4,2,1730,1,2,9,1,1,325,4530700,481400,260,4,2,0,0,1,2,0,57,1,2,1,0,0
200500023588,5,4,3,800,1,2,1,1,6,332,4518900,486700,260,4,1,1,0,1,1,0,60,1,0,1,0,0
200500023589,5,4,22,1115,1,1,2,7,3,10,4527000,486000,260,3,2,3,0,0,1,0,107,1,5,1,0,0
200500023590,5,4,15,1015,1,1,1,2,1,179,4507500,487000,260,3,2,0,0,0,3,60,0,2,0,1,0,0
200500023596,5,4,16,215,3,1,1,4,6,2,4527900,598800,380,3,2,2,0,2,3,0,0,5,0,1,0,0
200500023597,5,4,5,2245,5,1,1,1,7,548,4509100,555500,380,3,2,2,0,1,1,20,75,1,0,3,0,0
200500023598,5,4,22,1915,1,1,1,1,1,254,4500800,570200,380,3,2,2,0,2,3,0,90,1,0,1,0,0
200500023600,5,4,30,1815,1,1,2,1,3,562,4508700,576500,380,2,3,2,0,1,2,0,35,1,5,1,0,0
200500023601,5,4,4,2115,3,1,1,1,7,310,4527700,548000,380,3,2,2,0,1,4,0,61,1,0,1,0,0
200500023602,5,4,7,630,3,1,1,8,6,53,4558900,530900,380,2,3,2,0,1,1,5,0,1,0,1,0,0
200500023603,5,4,30,1300,1,1,1,1,3,455,4562500,535300,380,3,2,2,0,1,1,0,0,1,0,1,0,0
200500023604,5,4,3,1945,2,1,1,1,1,535,4578000,527200,380,3,2,0,0,2,2,0,0,1,0,1,0,0
200500023605,5,4,15,2315,5,2,2,3,3,451,4575700,521600,380,3,2,2,0,1,1,0,70,2,5,1,0,0
200500023606,5,4,2,1530,1,1,1,1,6,380,4545700,534000,380,3,2,2,0,0,2,0,50,1,0,1,0,0
200500023607,5,4,21,1515,1,2,1,1,1,182,4540200,542500,380,3,2,2,0,0,1,0,50,1,0,0,0,0
200500023608,5,4,15,500,3,1,1,1,6,82,4541200,553400,380,3,0,0,0,1,1,0,60,1,0,3,0,0
200500023609,5,4,7,2030,3,1,1,2,3,135,4576800,540400,380,2,2,0,0,1,1,0,70,2,0,1,0,0
200500023610,5,4,12,1330,1,1,1,1,1,320,4582500,538900,380,3,2,2,0,1,1,0,70,1,0,3,0,0
200500023612,5,4,7,1100,1,1,1,2,3,124,4560400,553400,380,2,2,2,0,1,2,0,0,2,0,1,0,0
200500023613,5,4,11,715,1,1,1,1,1,261,4566500,546000,380,3,2,0,0,1,1,0,0,1,5,1,0,0
200500023614,5,4,15,1415,1,1,1,3,1,543,4566100,548200,380,2,2,0,0,1,1,0,0,2,0,1,0,0
200500023615,5,4,3,1930,2,2,1,7,3,1,4554100,557900,380,2,2,0,0,1,1,20,100,1,5,1,0,0
200500023618,5,4,20,1200,1,2,1,1,3,509,4557200,544900,380,3,2,2,0,1,0,0,0,1,0,1,3,0
200500023621,5,4,2,2330,5,2,1,1,1,34,4533900,504600,380,4,2,1,0,1,1,0,47,1,0,1,0,0
200500023623,5,4,27,1445,1,1,1,1,3,219,4532900,508500,380,3,2,2,1,1,0,0,0,1,0,1,0,0
200500023624,5,4,6,145,3,1,1,1,7,480,4554100,500900,380,3,2,0,0,1,4,0,0,1,0,0,0,0
200500023625,5,4,21,845,1,1,1,1,1,184,4568500,507000,380,3,2,0,0,2,4,0,82,1,5,1,0,0
200500023628,5,4,9,1600,1,2,1,6,1,468,4534200,481600,380,3,3,2,0,1,0,20,0,1,0,1,0,0
200500023629,5,4,24,45,4,1,1,1,3,344,4540300,480900,380,2,2,3,0,1,1,0,0,1,5,1,0,0
200500023632,5,4,24,515,3,1,1,1,7,313,4573500,401900,420,3,2,0,0,1,1,0,76,1,0,3,0,0
200500023635,5,4,9,1130,1,1,1,4,1,91,4542000,403000,420,3,2,0,0,4,1,0,64,2,0,1,0,0
200500023638,5,4,11,1030,1,1,1,1,2,38,4563800,419200,420,3,0,0,0,1,0,0,90,1,0,1,0,0
200500023641,5,4,25,1800,1,2,1,1,6,149,4564000,422000,420,3,2,2,0,1,1,0,0,1,0,1,0,0
200500023643,5,4,2,1445,1,2,1,1,1,3,4610800,390000,420,4,2,2,0,2,1,60,0,1,0,1,0,0
200500023645,5,4,26,830,1,2,1,1,1,300,4566800,590400,730,9,2,2,0,2,0,0,65,2,5,1,0,0
200500023647,5,4,26,1515,1,1,1,1,2,316,4549400,615000,730,3,2,0,2,0,1,43,103,1,5,5,0,0
200500023649,5,4,5,1700,1,1,1,1,1,179,4561300,586000,730,3,2,2,0,2,1,0,62,1,0,1,0,0
200500023660,5,4,14,1845,1,2,1,1,1,280,4588900,631900,740,3,2,3,0,1,1,0,0,1,2,1,0,0
200500023663,5,4,3,1115,1,2,1,1,1,81,4607300,658700,740,3,2,2,0,2,1,0,77,1,0,1,0,0
200500023664,5,4,16,1245,1,1,1,3,2,81,4605500,659100,740,2,3,2,0,0,1,63,95,2,0,1,0,0
200500023665,5,4,30,2245,5,2,9,1,1,81,4606000,658000,740,4,2,3,0,1,3,0,97,1,0,1,0,0
200500023666,5,4,20,1830,2,1,1,8,1,116,4604400,624600,740,2,2,2,0,2,3,0,76,1,0,1,0,1
200500023667,5,4,25,1330,1,1,2,3,3,31,4611000,610000,740,3,1,0,0,1,1,0,80,2,0,1,0,0
200500023672,5,4,7,1515,1,1,1,2,1,74,4611000,592000,740,2,2,2,0,1,1,0,71,2,0,1,0,1
200500023673,5,4,12,1930,1,1,1,1,1,309,4611000,604000,740,3,0,2,0,2,1,0,0,1,0,0,0,0
200500023677,5,4,19,815,1,1,1,8,1,105,4631600,631900,740,2,2,2,0,1,1,0,74,2,0,1,0,0
200500023679,5,4,14,1445,1,2,1,1,1,1,4629900,678600,740,3,2,0,0,0,1,62,0,1,0,1,0,0
200500023680,5,4,19,1030,1,1,2,8,1,139,4623800,644900,740,3,2,2,0,2,2,0,63,2,0,1,0,0
200500023681,5,4,8,1800,1,2,1,2,7,166,4637200,653300,740,4,2,2,0,1,2,0,50,2,0,1,0,0
200500023682,5,4,30,1515,1,2,1,1,1,154,4640200,666100,740,4,2,1,0,3,4,0,40,1,0,1,0,0
200500023684,5,4,14,2230,3,1,1,1,6,345,4574600,296000,630,3,0,2,0,2,1,0,49,1,0,1,0,0
200500023685,5,4,28,1730,1,2,9,1,6,307,4573500,310100,630,4,2,2,0,1,1,0,43,1,6,1,0,0
200500023689,5,4,12,1745,1,2,1,1,2,284,4579000,326000,630,3,0,1,0,1,1,0,74,1,0,1,0,0
200500023691,5,4,11,715,2,2,1,1,3,214,4568400,319300,630,3,2,0,0,2,1,0,144,1,0,1,0,0
200500023692,5,4,11,1900,1,1,1,1,3,26,4569900,299700,630,2,2,2,0,1,1,0,100,1,5,1,0,0
200500023693,5,4,22,1645,1,2,1,1,1,26,4567400,300600,630,3,2,0,0,2,2,0,70,1,0,1,0,0
200500023695,5,4,30,1515,1,1,1,1,7,319,4555900,388800,630,3,2,2,0,2,2,0,47,1,0,3,0,0
200500023696,5,4,13,2115,5,2,1,1,1,178,4554400,324800,630,9,2,2,0,1,1,0,83,1,0,1,0,0
200500023697,5,4,29,1030,1,2,1,1,6,178,4554900,325300,630,4,2,2,0,0,1,0,80,1,0,1,0,0
200500023698,5,4,30,1900,1,1,1,1,5,335,4555900,303600,630,3,2,3,0,1,3,0,108,1,0,1,0,1
200500023699,5,4,22,1545,1,1,1,1,1,116,4599900,309200,630,2,2,2,0,1,1,0,68,1,0,1,0,0
200500023700,5,4,29,1845,1,2,1,1,3,116,4598000,310000,630,3,2,2,0,2,1,0,60,1,0,1,0,0
200500023703,5,4,8,1400,1,1,1,1,3,283,4585500,269900,630,3,2,2,0,3,1,35,70,1,0,1,0,0
200500023706,5,4,29,1900,1,1,1,1,5,283,4585600,269700,630,3,2,2,0,3,1,35,70,1,0,1,0,0
200500023708,5,4,20,1730,1,2,1,1,3,265,4587200,347400,630,3,2,0,0,1,1,0,0,1,0,0,0,0
200500023709,5,4,26,445,3,1,1,1,6,195,4583300,343200,630,2,2,0,0,1,1,0,65,1,0,3,0,0
200500023712,5,4,14,1030,1,1,1,1,6,253,4592800,346400,630,3,2,2,0,1,1,0,50,1,0,3,0,0
200500023714,5,4,6,815,1,2,1,1,7,102,4652700,368100,30,2,2,2,0,1,1,0,0,1,0,1,0,1
200500023717,5,4,26,930,1,1,1,1,1,267,4633800,328200,30,3,2,1,0,1,3,0,51,1,0,1,0,0
200500023718,5,4,4,2200,5,2,1,1,3,195,4629600,266500,30,2,2,0,0,0,1,0,0,0,0,0,0,0
200500023720,5,4,2,1545,1,1,1,1,6,315,4639700,282000,30,3,2,2,0,1,1,0,60,1,0,0,0,1
200500023722,5,4,11,1715,1,1,1,1,6,268,4614000,321200,30,2,2,2,0,1,1,0,0,1,0,1,0,0
200500023724,5,4,8,2345,3,1,1,1,6,91,4627500,343100,30,2,2,2,0,1,1,0,76,1,0,3,0,0
200500023726,5,4,30,2015,1,2,1,1,3,267,4493800,238200,150,2,2,2,0,1,1,80,0,1,5,1,0,0
200500023727,5,4,30,1700,1,1,2,1,1,36,4525200,226600,150,4,0,0,0,1,1,0,41,1,5,1,0,0
200500023728,5,4,2,1045,1,2,5,1,3,187,4503800,308900,150,3,2,0,0,3,0,0,53,1,5,1,0,0
200500023729,5,4,1,1815,1,2,1,1,2,187,4504000,307000,150,9,2,2,0,2,1,0,61,1,0,1,0,0
200500023730,5,4,14,1830,1,2,1,1,2,187,4504000,310100,150,3,2,2,0,1,1,0,75,1,0,4,0,0
200500023731,5,4,3,1615,1,2,1,1,3,248,4505700,293100,150,3,2,0,0,0,1,0,0,1,0,1,0,0
200500023732,5,4,18,1415,1,1,1,2,1,18,4503000,377000,430,3,2,2,0,1,1,0,0,2,0,1,0,0
200500023733,5,4,9,1030,1,1,1,6,1,111,4483400,386400,430,2,2,0,0,1,1,0,71,5,0,1,0,0
200500023734,5,4,15,2000,3,1,1,4,6,217,4525400,389300,430,3,2,2,0,2,2,0,71,2,0,3,0,1
200500023736,5,4,27,1730,1,1,1,1,7,26,4521300,381800,430,3,2,2,0,1,1,0,76,1,0,0,0,0
200500023737,5,4,15,915,1,1,6,2,2,74,4532000,337000,430,2,2,2,0,1,1,0,0,2,0,1,0,0
200500023738,5,4,3,230,5,2,1,1,6,268,4514700,411800,430,4,2,0,0,2,3,70,0,1,0,1,0,0
200500023740,5,4,5,1645,1,2,1,1,1,20,4531100,411600,430,9,0,0,0,1,2,0,52,1,0,1,0,0
200500023751,5,4,22,1445,1,1,1,1,5,97,4916500,648400,570,3,2,2,0,1,2,0,95,1,0,1,0,1
200500023754,5,4,4,1100,1,1,1,1,7,257,4881200,640300,570,4,2,1,0,1,2,35,0,1,0,3,0,0
200500023755,5,4,30,1630,1,1,1,7,6,381,4885400,645300,570,3,3,2,0,1,1,0,92,1,0,1,0,0
200500023757,5,4,30,2030,1,2,1,1,1,483,4892900,664200,570,3,1,1,0,1,1,0,60,1,0,1,0,0
200500023759,5,4,15,1000,1,1,1,1,7,114,4877900,715300,570,3,2,2,0,2,1,0,70,1,2,3,0,0
200500023762,5,4,3,1645,1,1,1,1,7,294,4909200,744700,570,3,2,2,0,2,2,0,60,1,0,3,0,0
200500023763,5,4,22,1345,1,1,1,1,2,641,4915400,740200,570,3,2,2,0,1,1,0,82,1,0,1,0,0
200500023769,5,4,30,415,5,2,1,1,6,26,4946600,637500,570,4,2,2,0,1,1,0,60,1,0,4,0,0
200500023789,5,4,23,1330,1,2,1,1,7,79,4871800,509700,550,2,2,2,0,1,2,0,70,2,0,4,0,0
200500023790,5,4,26,1600,1,2,1,1,3,96,4894000,561000,550,3,2,2,0,4,1,0,0,1,5,1,0,0
200500023794,5,4,8,2045,5,2,1,3,3,492,4908000,546000,550,3,2,2,0,1,2,0,62,2,0,1,0,0
200500023795,5,4,17,1515,1,2,1,8,1,7,4902400,544000,550,4,2,2,0,0,2,0,55,1,0,1,0,0
200500023800,5,4,2,1845,1,1,1,1,7,297,4822200,661900,880,3,2,2,0,0,3,0,70,1,0,3,0,0
200500023801,5,4,14,2300,5,2,1,1,3,90,4837600,629400,880,3,2,2,0,1,1,0,50,1,0,1,0,0
200500023802,5,4,27,130,3,1,1,2,2,450,4797100,581000,880,3,2,0,0,1,1,0,62,2,0,1,0,1
200500023806,5,4,15,1530,1,1,1,8,6,488,4819800,609700,880,3,2,2,0,0,1,0,70,1,0,0,0,0
200500023807,5,4,25,1600,1,2,1,2,6,158,4809000,661000,880,3,2,2,0,1,1,0,60,2,0,4,0,1
200500023808,5,4,28,1815,1,2,1,1,7,383,4798000,664000,880,4,2,1,0,2,1,0,43,1,0,1,0,0
200500023809,5,4,7,645,2,1,1,2,1,170,4790400,672800,880,2,2,2,0,1,3,0,80,2,0,1,0,0
200500023810,5,4,1,1415,1,1,1,1,5,319,4838900,694600,880,3,2,2,0,0,3,70,70,1,0,1,0,0
200500023817,5,4,27,1200,1,2,1,1,1,46,4878200,784700,670,5,2,2,1,1,1,0,60,1,5,1,3,0
200500023818,5,4,30,1215,1,2,3,1,3,46,4877300,786100,670,4,2,0,0,1,1,0,0,1,0,1,3,0
200500023821,5,4,15,1200,1,1,1,1,6,122,4863500,733600,670,3,2,2,0,0,2,70,0,1,0,3,0,0
200500023822,5,4,18,1645,1,2,1,1,2,520,4863900,743000,670,3,2,1,0,1,1,0,79,1,0,1,0,0
200500023823,5,4,19,1830,1,1,9,1,6,322,4884500,741200,670,3,2,2,0,2,2,0,51,1,0,1,0,0
200500023824,5,4,1,745,1,2,1,1,6,437,4874000,736000,670,2,2,0,0,0,1,60,0,1,0,1,0,0
200500023825,5,4,1,1845,1,2,1,1,1,129,4879000,739000,670,3,2,0,0,0,1,0,57,1,0,1,0,0
200500023826,5,4,11,1430,1,1,1,1,1,434,4894900,708100,670,2,2,2,0,2,1,0,75,1,0,1,0,0
200500023827,5,4,12,1745,1,1,1,1,2,506,4866400,774000,670,2,2,2,0,1,1,0,55,1,0,1,0,0
200500023829,5,4,1,1930,2,1,1,1,1,253,4865000,752100,670,3,2,2,0,2,1,0,61,1,0,1,0,0
200500023830,5,4,10,2100,5,2,1,1,2,548,4864600,761000,670,3,2,2,0,0,1,0,0,1,0,1,3,0
200500023832,5,4,21,1030,1,1,1,1,6,548,4863900,759400,670,3,2,2,0,1,1,0,68,1,0,3,0,1
200500023833,5,4,4,1115,1,1,1,1,2,151,4869700,789200,670,3,2,2,0,1,0,0,0,1,0,1,0,0
200500023834,5,4,26,2115,3,1,8,1,6,151,4871100,789300,670,3,2,2,0,0,3,0,135,1,4,1,0,0
200500023835,5,4,24,1215,1,2,1,2,3,226,4860700,759700,670,3,4,4,0,1,0,0,80,2,5,1,0,0
200500023837,5,4,16,1600,1,1,1,1,5,404,4891100,794300,670,3,2,2,0,0,1,0,67,1,0,1,0,0
200500023838,5,4,29,1945,1,2,1,1,3,487,4891100,785900,670,3,2,2,0,1,1,0,60,1,0,1,0,0
200500023841,5,4,4,2145,5,2,1,1,3,226,4804300,712700,680,3,2,0,0,1,1,0,81,1,0,1,0,0
200500023842,5,4,15,45,3,1,1,1,6,172,4808800,753600,680,4,0,0,0,3,1,0,35,1,0,3,0,0
200500023843,5,4,4,1100,1,1,1,1,4,269,4820800,726900,680,3,2,2,0,2,3,0,58,1,0,1,0,0
200500023844,5,4,11,1745,1,2,1,1,3,185,4827000,728000,680,4,0,2,0,1,4,0,60,1,0,1,0,0
200500023845,5,4,7,1145,1,2,1,1,3,155,4809400,732000,680,3,2,2,2,1,1,0,89,1,0,1,0,0
200500023846,5,4,3,445,5,2,1,1,7,332,4765900,726600,680,3,2,2,0,1,1,110,0,1,0,1,0,0
200500023847,5,4,29,1045,1,1,1,1,1,332,4765400,726500,680,3,2,2,0,1,1,0,85,1,0,1,0,1
200500023848,5,4,3,1545,1,1,1,1,6,165,4744500,732800,680,3,2,2,0,1,2,0,70,1,0,1,0,0
200500023849,5,4,4,1700,1,1,1,1,5,41,4788300,752900,680,3,2,2,1,1,1,0,62,1,0,1,0,0
200500023850,5,4,25,1445,2,1,1,1,3,205,4791600,736100,680,3,2,2,0,0,3,0,75,1,5,1,0,0
200500023851,5,4,21,815,1,1,1,1,2,242,4798000,737700,680,3,2,2,0,1,1,0,70,1,0,1,0,0
200500023852,5,4,30,1230,1,2,1,1,3,82,4787000,735100,680,9,2,0,0,1,1,0,60,1,0,1,0,0
200500023853,5,4,3,1600,1,1,1,1,7,32,4785300,723800,680,2,3,4,0,1,1,20,74,1,0,3,0,0
200500023854,5,4,5,1645,1,1,1,1,2,116,4793800,727700,680,2,3,2,0,1,1,10,42,1,0,1,0,0
200500023855,5,4,7,1445,1,2,1,2,3,318,4797800,719900,680,4,2,2,0,1,1,0,56,2,0,1,0,0
200500023857,5,4,24,1245,1,1,1,2,7,43,4786200,724400,680,2,3,2,0,1,1,0,42,2,0,1,0,0
200500023858,5,4,27,1630,1,2,1,1,7,364,4796200,725800,680,4,2,0,0,1,3,0,0,1,0,1,0,0
200500023859,5,4,19,1015,1,2,1,1,1,154,4782400,735800,680,3,2,0,0,1,2,0,0,1,0,1,0,0
200500023860,5,4,4,1500,1,2,1,7,3,349,4761000,757200,680,3,2,3,0,1,1,0,0,1,5,1,0,0
200500023861,5,4,8,1600,1,2,1,1,2,263,4759100,745500,680,3,2,2,0,4,1,0,0,1,0,1,0,0
200500023862,5,4,11,1545,1,2,1,1,7,263,4758800,744100,680,3,2,2,0,2,1,0,0,1,0,1,0,0
200500023863,5,4,20,1500,1,2,1,2,6,349,4761400,756300,680,4,2,0,0,1,1,0,73,2,0,1,3,0
200500023864,5,4,28,700,1,1,1,1,7,63,4781300,719400,680,2,3,2,0,1,1,28,71,1,0,0,0,1
200500023865,5,4,17,1845,1,1,1,1,6,339,4890600,437900,510,3,2,2,0,2,1,0,65,1,0,1,0,0
200500023867,5,4,1,1900,1,1,1,1,7,378,4899800,393800,510,3,2,0,0,2,3,0,70,1,0,1,0,0
200500023868,5,4,20,500,3,1,1,1,1,380,4886400,355700,510,3,2,0,0,2,4,0,73,1,0,1,0,1
200500023869,5,4,11,1715,1,2,9,1,3,492,4854400,375200,510,3,2,2,0,1,2,0,67,1,0,1,0,0
200500023870,5,4,14,2215,5,2,1,2,6,535,4872800,372200,510,9,2,0,0,2,2,0,35,2,0,1,0,0
200500023871,5,4,7,15,3,1,1,9,6,391,4928200,389100,510,4,2,0,0,2,1,0,45,2,2,1,0,0
200500023872,5,4,26,1945,1,2,1,1,6,417,4867500,473400,510,4,2,0,0,1,1,0,55,1,0,3,0,0
200500023874,5,4,25,815,1,2,1,2,1,399,4912800,485700,510,3,2,0,0,1,1,60,60,2,0,1,0,0