Num_Acc,an,mois,jour,hrmn,lum,agg,int,atm,col,com,lat,long,dep,catr,circ,nbv,vosp,prof,plan,lartpc,larrout,surf,infra,situ,env1,killed
200500023876,5,4,17,1830,1,1,1,1,1,218,4987500,485000,80,3,2,2,0,0,3,0,57,1,0,3,0,0
200500023877,5,4,26,1100,1,1,1,1,6,81,4984800,476300,80,3,2,2,0,2,2,0,70,1,0,1,0,0
200500023878,5,4,30,745,1,1,1,1,1,218,4992900,486000,80,3,2,2,0,1,2,0,0,1,0,1,0,0
200500023879,5,4,1,2000,2,1,1,1,7,322,4974600,459600,80,3,2,2,0,1,1,0,52,1,0,3,0,0
200500023880,5,4,15,1745,1,1,1,8,7,408,4985600,464100,80,3,2,0,0,1,1,0,50,2,0,1,0,0
200500023882,5,4,23,2130,3,1,1,1,7,189,4987600,439500,80,2,2,2,0,1,1,0,68,2,0,3,0,0
200500023883,5,4,24,1600,1,1,1,1,1,103,4950200,460000,80,3,2,2,0,1,1,0,42,1,0,1,0,0
200500023884,5,4,29,1715,1,1,1,1,6,7,4948700,474200,80,3,1,2,0,0,2,0,70,0,0,0,0,0
200500023885,5,4,30,1830,1,1,1,1,7,333,4934800,483100,80,3,0,2,0,3,1,63,0,1,0,1,0,0
200500023887,5,4,4,1615,1,2,1,1,7,4,4948600,415900,80,3,2,2,0,1,2,0,0,1,0,1,0,0
200500023890,5,4,15,2115,3,1,1,2,5,18,4809000,392000,100,3,2,0,0,0,1,0,60,2,0,1,0,0
200500023891,5,4,11,1330,1,2,1,1,3,112,4796000,401800,100,3,2,2,0,0,2,0,67,1,0,1,0,0
200500023893,5,4,13,1130,1,1,2,1,3,19,4840200,437100,100,3,2,2,0,2,1,0,70,1,0,1,0,1
200500023894,5,4,12,2045,5,2,1,1,3,33,4823000,471000,100,2,0,2,0,1,1,75,0,1,0,1,0,0
200500023896,5,4,15,2200,3,1,1,1,6,315,4847200,454600,100,3,2,0,0,1,1,0,56,1,2,1,0,0
200500023897,5,4,2,2130,3,1,1,1,7,43,4855700,402000,100,3,2,2,0,1,2,0,56,1,0,3,0,1
200500023898,5,4,19,1615,1,2,1,1,2,323,4851800,372600,100,3,1,1,0,1,1,0,38,1,0,1,0,0
200500023899,5,4,28,1745,1,2,1,1,1,323,4851000,372000,100,2,4,0,1,1,1,15,120,1,5,1,0,0
200500023900,5,4,30,1700,1,1,1,1,7,52,4857300,394600,100,3,2,2,0,1,1,0,60,1,0,1,0,0
200500023903,5,4,16,1130,1,1,1,2,5,480,4826400,512100,520,2,2,2,0,1,3,0,73,2,0,1,0,1
200500023904,5,4,2,1045,1,1,1,1,3,197,4779700,557400,520,2,2,0,0,4,1,0,77,1,0,1,0,0
200500023905,5,4,28,1845,1,2,1,1,6,93,4780800,544900,520,4,2,2,0,1,1,0,70,1,0,1,0,0
200500023906,5,4,15,1500,1,2,9,8,1,292,4777000,531000,520,3,2,2,0,0,3,0,60,1,0,1,0,0
200500023907,5,4,8,1645,1,1,1,1,1,408,4855600,506300,520,2,2,2,0,1,1,0,77,1,0,1,0,0
200500023910,5,4,21,930,3,1,1,1,1,633,4733500,448100,210,1,2,2,0,1,3,20,70,1,0,1,0,0
200500023912,5,4,16,415,3,2,8,2,1,535,4737200,507700,210,3,2,2,0,1,1,0,54,2,4,1,0,0
200500023913,5,4,19,1000,1,2,8,1,1,535,4737200,507700,210,3,2,2,0,0,1,0,65,1,0,1,0,1
200500023914,5,4,29,1645,1,2,1,7,1,555,4740600,514900,210,4,2,2,0,1,2,0,0,1,0,0,0,0
200500023915,5,4,7,645,1,2,1,2,3,38,4719000,538000,210,4,2,2,0,1,1,0,84,2,0,1,0,0
200500023916,5,4,26,1630,1,1,2,1,3,295,4723000,498000,210,2,2,0,0,1,1,0,45,1,5,1,0,0
200500023918,5,4,28,1845,1,2,1,1,7,610,4743300,575000,210,3,2,0,0,2,1,0,0,1,0,1,0,0
200500023919,5,4,24,1845,1,2,1,8,2,472,4756500,521100,210,2,2,0,0,4,1,0,91,2,0,1,0,0
200500023920,5,4,2,815,1,1,1,1,7,559,4730000,482000,210,1,0,0,0,1,1,0,0,1,0,2,0,0
200500023921,5,4,8,700,1,2,1,1,1,712,4700600,478200,210,4,2,2,0,2,3,0,30,1,0,1,0,0
200500023922,5,4,14,1215,1,2,1,1,6,423,4698900,486100,210,3,2,0,0,1,1,0,0,1,0,1,0,0
200500023923,5,4,16,1200,1,2,1,8,1,412,4699000,477000,210,4,2,0,0,2,0,0,0,2,0,1,0,0
200500023924,5,4,19,1800,1,2,1,1,6,541,4696100,472300,210,4,2,2,0,1,1,0,55,1,0,1,0,0
200500023925,5,4,22,1445,1,1,1,1,7,372,4785600,466900,210,3,2,2,0,2,2,0,75,1,0,1,0,0
200500023926,5,4,27,1600,1,2,6,1,6,154,4786100,457100,210,2,0,0,0,0,3,0,30,1,5,1,0,1
200500023927,5,4,26,1845,1,2,1,1,5,404,4755800,445500,210,3,2,2,0,0,3,0,60,1,0,1,0,0
200500023929,5,4,29,1830,1,2,1,1,7,629,4244300,457800,210,3,2,0,0,1,1,0,0,1,0,0,0,0
200500023930,5,4,9,1630,1,2,1,1,1,121,4704600,308000,580,4,2,2,0,1,1,0,75,1,0,1,0,0
200500023931,5,4,23,30,5,2,1,1,6,126,4694900,312000,580,3,2,2,0,1,1,0,75,1,0,1,0,1
200500023935,5,4,14,1745,1,2,1,1,6,59,4718900,302000,580,9,2,1,0,1,3,61,0,1,0,4,0,0
200500023937,5,4,30,1315,1,1,1,1,2,36,4747900,321900,580,3,2,2,0,1,0,0,65,1,0,1,0,0
200500023938,5,4,23,1615,1,1,1,1,2,150,4624200,478600,710,2,2,2,0,1,1,0,0,1,0,1,0,0
200500023941,5,4,18,1330,1,1,6,1,7,591,4645300,488700,710,2,3,2,0,1,3,46,93,1,5,1,0,1
200500023943,5,4,8,830,1,1,1,1,5,251,4691100,418800,710,3,2,2,0,1,1,0,70,1,0,1,0,0
200500023944,5,4,19,1500,1,1,3,1,1,411,4672400,426800,710,3,2,2,0,2,1,0,73,1,0,1,0,0
200500023945,5,4,24,1100,1,1,1,3,7,152,4672600,389100,710,3,2,2,0,1,1,0,49,8,0,1,0,0
200500023949,5,4,15,1715,1,1,1,1,7,221,4676900,473900,710,3,2,2,0,0,2,0,75,1,0,1,0,0
200500023952,5,4,29,1830,1,1,3,1,3,356,4660800,436200,710,3,2,0,0,0,1,0,56,1,0,1,0,0
200500023953,5,4,4,1030,1,1,1,1,2,473,4625600,440600,710,3,2,2,0,1,1,0,100,1,5,1,0,0
200500023954,5,4,15,500,5,2,1,8,6,559,4629300,433600,710,3,2,2,0,1,1,0,65,2,0,3,0,1
200500023955,5,4,7,1815,1,1,1,2,1,590,4649600,415500,710,2,2,2,0,1,1,0,70,2,0,1,0,1
200500023956,5,4,1,1930,2,1,1,1,1,122,4689600,468200,710,3,2,2,0,0,2,0,0,1,2,1,0,0
200500023957,5,4,5,1915,1,2,1,1,7,149,4687300,456700,710,3,2,2,0,0,3,0,0,8,0,1,0,0
200500023958,5,4,13,1800,1,1,1,1,7,122,4689800,468600,710,3,2,2,0,1,3,0,64,1,0,1,0,0
200500023960,5,4,15,745,1,2,1,3,1,47,4663000,374900,710,6,2,2,0,1,1,0,0,2,0,0,0,0
200500023961,5,4,13,715,1,2,1,1,6,300,4654100,533500,710,3,2,2,0,1,1,0,70,1,0,4,0,0
200500023964,5,4,17,45,5,1,1,3,6,213,4654000,504000,710,3,2,2,0,1,1,0,72,4,0,3,0,0
200500023965,5,4,24,2330,3,1,1,3,6,365,4660500,507600,710,3,2,2,0,1,1,0,65,2,0,1,0,0
200500023970,5,4,2,1515,1,1,1,1,3,383,4763800,332800,890,3,2,2,0,1,1,0,61,1,0,1,0,0
200500023971,5,4,3,900,1,1,1,1,6,424,4763100,366500,890,3,2,0,0,1,3,0,60,1,0,3,0,0
200500023972,5,4,11,2215,3,1,1,1,6,186,4799400,379300,890,3,2,2,0,1,1,0,76,1,5,3,0,0
200500023974,5,4,22,1845,1,1,1,1,2,345,4801000,374100,890,2,2,2,0,0,2,0,0,1,0,1,0,0
200500023976,5,4,15,1145,1,1,2,1,3,227,4789800,374700,890,3,2,2,0,2,1,0,50,1,0,1,0,0
200500023978,5,4,24,1515,1,2,2,1,3,368,4762400,319400,890,3,2,2,0,1,1,0,65,1,0,1,0,0
200500023979,5,4,24,1100,1,2,1,1,3,25,4749600,394500,890,3,2,2,0,0,0,0,0,0,0,0,0,0
200500023984,5,4,28,1945,1,2,1,1,5,309,4828800,320800,890,3,2,2,0,1,1,0,0,1,0,1,0,0
200500023986,5,4,26,1430,1,1,1,1,1,58,4720600,599600,250,3,2,2,0,4,1,0,66,1,0,1,0,0
200500023987,5,4,2,1415,1,1,1,1,7,360,4713600,611700,250,3,2,0,0,2,2,0,0,1,0,1,0,0
200500023991,5,4,18,745,1,1,1,1,1,40,4750500,693500,250,3,2,0,0,4,4,0,40,2,0,3,0,0
200500023992,5,4,30,1630,1,1,1,1,7,504,4722100,667900,250,3,2,2,0,1,2,60,0,1,0,3,0,0
200500023994,5,4,22,1330,1,2,1,1,3,47,4735200,635800,250,4,2,2,0,1,1,0,65,1,0,1,0,0
200500023997,5,4,30,1100,1,1,1,1,3,372,4746200,659500,250,2,2,1,3,1,1,20,25,1,5,1,0,0
200500023998,5,4,9,1700,1,1,1,4,7,262,4714600,655100,250,3,3,4,0,0,3,0,0,5,0,3,0,0
200500023999,5,4,30,1845,1,1,1,1,3,578,4715800,635400,250,4,2,2,0,1,1,0,60,1,0,1,0,0
200500024002,5,4,8,1115,1,1,9,2,1,208,4664700,594100,390,2,2,2,0,1,1,0,78,2,0,1,0,0
200500024003,5,4,12,2030,2,1,9,1,7,391,4676400,602500,390,3,2,2,0,2,3,0,60,1,0,3,0,1
200500024004,5,4,4,1045,1,1,1,1,1,439,4698700,581600,390,2,2,2,0,1,1,71,0,1,0,1,0,0
200500024005,5,4,16,1145,1,1,1,2,1,500,4696000,585000,390,3,2,0,0,1,2,0,73,2,0,1,0,0
200500024007,5,4,22,1400,1,2,1,1,3,190,4715900,574400,390,2,2,0,0,1,1,0,63,1,0,1,0,0
200500024008,5,4,1,1630,1,1,1,1,3,126,4660400,596200,390,2,2,2,0,1,1,0,74,1,0,1,0,0
200500024009,5,4,29,1600,1,1,1,1,6,297,4646400,593000,390,3,2,2,0,2,1,0,55,1,0,3,0,1
200500024010,5,4,29,1200,1,2,1,1,7,165,4771000,589000,700,4,0,0,0,1,1,0,0,1,0,1,3,0
200500024012,5,4,15,915,1,1,1,8,6,65,4744700,626500,700,4,2,2,0,1,1,0,33,9,0,3,0,0
200500024013,5,4,19,1145,1,1,1,1,7,137,4751400,635100,700,3,2,2,0,0,0,0,60,1,0,0,0,1
200500024015,5,4,3,1600,1,1,1,1,7,64,4762700,666600,700,3,2,2,0,1,2,0,136,1,0,1,0,0
200500024016,5,4,3,1500,1,1,1,1,7,461,4748200,568300,700,3,2,0,0,1,3,0,52,1,0,3,0,0
200500024018,5,4,22,1930,1,1,1,1,1,461,4745900,566300,700,3,2,2,0,1,2,0,76,1,0,1,0,0
200500024019,5,4,26,1330,1,1,1,1,3,220,4740800,547300,700,3,2,2,0,1,1,0,78,1,0,1,0,0
200500024020,5,4,30,100,3,1,1,1,1,546,4751700,564100,700,3,2,2,0,1,1,0,78,1,0,1,0,1
200500024021,5,4,27,1400,1,1,1,1,1,282,4741000,582000,700,3,2,0,0,1,1,0,0,1,0,1,0,0
200500024022,5,4,8,1500,1,2,1,1,1,23,4771900,684400,900,3,2,2,0,1,2,0,70,1,0,1,0,0
200500024023,5,4,2,1800,1,2,1,1,1,65,4776100,681800,900,3,2,2,0,1,3,0,66,1,0,1,0,0
200500024024,5,4,25,130,3,1,1,3,6,58,4771800,702100,900,2,2,2,0,0,1,0,109,2,0,3,0,0
200500024025,5,4,22,1145,1,2,1,1,1,69,4753100,691300,900,3,4,0,0,1,1,0,72,1,0,1,0,0
200500024031,5,4,30,1830,1,2,1,1,3,107,4343300,542800,130,4,2,2,0,4,0,0,65,9,5,1,0,0
200500024032,5,4,15,1600,1,2,1,1,3,19,4344900,537700,130,3,2,2,0,1,1,0,40,2,5,1,0,0
200500024033,5,4,30,1845,1,1,1,1,6,19,4342000,536000,130,3,3,4,0,1,1,20,100,1,0,1,0,0
200500024035,5,4,5,1500,1,1,1,1,1,72,4346000,562000,130,3,3,0,1,1,2,0,71,1,0,1,0,0
200500024036,5,4,26,1615,1,1,1,1,6,110,4349000,565000,130,2,2,2,0,0,1,0,100,1,0,1,0,0
200500024040,5,4,22,930,1,1,1,1,1,96,4350800,440100,130,3,2,2,2,1,1,100,66,1,0,1,0,0
200500024041,5,4,7,1445,1,1,1,1,7,97,4363400,481300,130,2,3,2,0,1,1,10,0,1,3,3,0,1
200500024043,5,4,19,1930,1,2,1,1,6,4,4341000,472000,130,4,2,2,0,1,1,0,0,1,0,1,0,0
200500024046,5,4,2,2245,3,1,1,1,1,85,4325000,566300,130,3,2,0,0,2,1,0,51,1,0,1,0,0
200500024047,5,4,9,400,5,2,1,1,6,119,4326400,557300,130,3,2,0,0,1,1,0,69,1,0,1,0,0
200500024049,5,4,22,730,1,1,1,1,1,1,4405100,613900,40,2,2,2,0,1,1,34,143,1,0,1,0,0
200500024050,5,4,8,1945,5,2,1,1,3,35,4389500,603100,40,4,2,2,0,2,3,0,69,1,0,1,0,0
200500024051,5,4,27,915,1,2,1,1,1,108,4405300,602800,40,9,2,0,0,0,2,0,63,1,0,1,0,0
200500024056,5,4,17,1430,1,1,1,1,3,160,4386900,568100,40,2,2,2,0,1,1,0,0,1,5,1,0,0
200500024060,5,4,1,2300,5,1,1,8,7,172,4436000,572500,50,3,2,0,0,1,1,0,53,2,0,3,0,0
200500024061,5,4,9,245,3,1,6,1,6,162,4444000,603000,50,2,1,2,0,1,2,0,72,1,5,1,0,0
200500024062,5,4,14,1615,1,1,1,1,2,68,4448300,609600,50,3,2,2,0,1,1,0,80,1,0,1,0,0
200500024063,5,4,26,1345,1,1,1,1,1,68,4448400,608600,50,3,2,2,0,1,1,0,70,1,0,1,0,0
200500024069,5,4,17,1015,1,2,1,1,3,75,4385900,723500,60,3,2,2,0,1,1,0,55,1,0,1,0,0
200500024071,5,4,12,1200,1,1,1,1,7,151,4391900,724900,60,3,2,0,0,2,2,0,45,1,0,1,0,0
200500024072,5,4,25,630,2,1,1,2,6,151,4390700,725400,60,3,2,2,0,2,3,0,64,2,0,1,0,0
200500024079,5,4,8,1800,1,1,9,2,7,99,4396100,715900,60,3,2,2,0,1,1,0,70,2,0,1,0,0
200500024080,5,4,10,1600,1,2,1,1,3,144,4396000,715000,60,3,2,0,0,1,1,0,53,1,0,1,0,0
200500024081,5,4,23,1400,1,1,1,8,3,78,4392000,715000,60,2,2,2,0,1,1,0,72,2,0,1,0,1
200500024084,5,4,6,700,1,2,1,1,6,72,4349000,636800,830,3,2,2,0,2,1,5,65,1,0,1,0,0
200500024090,5,4,17,1145,1,1,1,1,6,95,4357200,607200,830,3,2,2,0,1,1,0,50,1,0,3,0,1
200500024091,5,4,21,1845,1,1,1,1,1,100,4326500,610800,830,2,2,1,0,1,1,0,82,1,0,1,0,0
200500024097,5,4,14,1400,1,1,1,1,1,108,4333000,599000,830,3,2,2,0,1,3,6,86,1,0,1,0,1
200500024105,5,4,26,2000,2,1,1,1,6,63,4331100,646900,830,3,2,0,0,1,1,0,40,1,0,1,0,0
200500024109,5,4,2,1815,1,1,1,1,7,91,4323000,611000,830,3,2,2,0,1,1,0,66,1,0,1,0,0
200500024110,5,4,8,1045,1,2,1,1,1,49,4324000,607000,830,2,2,0,0,0,0,0,74,1,0,0,0,0
200500024111,5,4,11,1615,1,1,1,1,1,43,4329000,621000,830,3,2,0,0,2,4,0,55,1,0,1,0,0
200500024112,5,4,25,1100,1,1,1,1,7,43,4324100,628700,830,3,2,0,0,1,3,0,0,1,0,3,0,0
200500024114,5,4,8,1015,1,1,1,1,6,19,4315400,630100,830,3,2,2,0,1,1,0,0,1,0,1,0,0
200500024115,5,4,24,1115,1,1,1,1,5,19,4319700,633600,830,3,2,2,0,2,3,0,40,1,0,1,0,0
200500024116,5,4,9,1000,1,2,1,1,6,112,4318100,569600,830,9,2,1,0,2,4,0,68,1,0,1,0,0
200500024118,5,4,1,1830,1,2,1,1,6,132,4317800,604800,830,2,2,0,0,0,1,0,70,1,0,1,0,0
200500024119,5,4,12,2045,5,2,1,1,6,54,4317400,604600,830,2,2,2,0,1,1,0,62,1,0,1,0,0
200500024122,5,4,26,1945,1,2,1,1,3,81,4394200,491500,840,2,2,2,0,4,1,0,60,1,5,1,0,0
200500024123,5,4,27,800,1,2,1,1,3,36,4393200,495200,840,2,2,0,0,1,1,0,60,1,0,1,0,0
200500024125,5,4,27,1700,1,1,1,1,6,62,4390100,511900,840,3,2,0,0,2,3,0,78,1,0,3,0,0
200500024126,5,4,15,1615,1,2,1,2,1,3,4388100,539100,840,2,2,0,0,2,1,0,70,2,0,1,0,0
200500024127,5,4,17,1100,1,2,1,1,2,3,4388500,542100,840,3,2,2,0,1,2,0,60,1,0,1,0,0
200500024131,5,4,5,2230,3,1,1,1,7,66,4397700,532900,840,3,2,2,0,2,2,0,35,1,2,3,0,0
200500024132,5,4,23,1700,1,1,1,1,6,23,4378900,534700,840,3,2,2,0,2,4,0,63,1,0,3,0,1
200500024136,5,4,22,2315,5,2,1,1,1,29,4416900,487300,840,4,2,1,0,1,1,0,62,1,0,1,0,0
200500024138,5,4,12,815,1,2,1,1,6,19,4428200,475200,840,9,2,2,0,2,2,0,0,1,0,1,0,0
200500024143,5,4,6,1745,1,2,1,1,2,307,4371500,400600,340,3,2,2,0,1,1,0,54,1,0,1,0,1
200500024144,5,4,25,1400,1,2,1,1,1,327,4366500,397600,340,4,2,2,0,1,1,0,55,1,0,1,0,0
200500024145,5,4,28,915,1,1,6,1,1,58,4367300,397500,340,2,4,0,0,0,2,0,86,1,5,1,0,0
200500024152,5,4,10,1630,1,2,9,6,6,154,4361000,400000,340,9,1,0,0,1,2,0,0,1,0,4,0,0
200500024155,5,4,3,1545,1,2,1,2,6,308,4361300,307800,340,3,2,0,0,2,3,0,46,2,0,1,0,0
200500024156,5,4,5,430,3,1,1,5,1,55,4368700,296600,340,3,2,2,0,2,1,60,0,1,0,1,0,0
200500024158,5,4,22,1530,1,1,1,1,3,211,4358200,305200,340,3,2,0,0,1,1,0,56,1,0,1,0,0
200500024159,5,4,28,1830,1,1,9,1,3,28,4364200,316200,340,3,2,0,0,1,3,0,63,1,0,1,0,0
200500024160,5,4,8,630,3,1,1,9,7,81,4332500,318600,340,2,2,3,0,1,1,0,110,2,0,3,0,0
200500024161,5,4,30,1715,1,1,1,1,7,52,4334400,301800,340,3,2,0,0,2,1,50,0,1,0,1,0,0
200500024164,5,4,7,1830,1,1,1,1,6,325,4342000,336100,340,2,2,0,0,1,1,0,72,1,0,1,0,0
200500024165,5,4,16,600,3,1,1,1,7,289,4339300,343500,340,3,2,2,0,2,1,0,0,1,0,1,0,0
200500024166,5,4,23,1615,1,1,1,2,5,311,4347300,337900,340,3,2,2,0,1,3,0,60,2,0,1,0,0
200500024167,5,4,3,2115,3,1,1,1,7,147,4346000,320800,340,3,2,0,0,1,1,0,75,1,0,1,0,0
200500024168,5,4,9,345,3,1,1,1,6,139,4343400,325400,340,3,2,2,0,3,1,0,71,1,0,3,0,0
200500024169,5,4,21,1600,1,1,1,1,3,224,4345500,321000,340,3,2,2,0,1,1,0,72,1,0,1,0,0
200500024170,5,4,29,2315,3,1,1,1,2,139,4342000,322000,340,3,0,2,0,1,1,0,70,1,0,1,0,0
200500024171,5,4,6,1600,1,2,1,1,1,209,4328000,336000,340,3,3,0,0,1,1,41,101,1,0,1,0,0
200500024172,5,4,4,1330,1,1,9,1,5,210,4359700,352200,340,3,2,2,0,1,1,0,58,1,0,1,0,0
200500024173,5,4,9,1845,1,2,1,1,1,76,4365000,345000,340,3,2,2,0,1,2,0,70,1,0,1,0,0
200500024174,5,4,17,200,3,2,1,1,6,281,4353300,351500,340,3,2,0,0,1,1,0,70,1,0,4,0,0
200500024175,5,4,20,1745,1,2,1,1,3,239,4365000,349000,340,3,2,2,0,1,1,0,60,1,0,1,0,0
200500024176,5,4,21,715,1,1,1,1,2,194,4354000,344000,340,4,2,1,0,1,1,0,45,1,0,1,0,0
200500024177,5,4,29,1230,1,1,1,1,2,292,4361000,327000,340,3,2,2,0,1,1,0,72,1,0,1,0,0
200500024178,5,4,10,1700,1,1,1,6,7,35,4367900,361400,340,3,2,0,0,1,1,0,57,1,0,1,0,0
200500024183,5,4,29,1730,1,2,2,1,1,101,4339000,346000,340,3,2,0,0,1,1,0,58,1,0,1,0,0
200500024185,5,4,25,1515,1,2,3,1,3,88,4356400,372900,340,3,2,0,0,1,1,15,48,1,5,1,0,0
200500024187,5,4,29,745,1,1,1,1,2,95,4353900,375600,340,2,2,2,0,1,1,20,46,1,5,1,0,1
200500024188,5,4,3,1830,1,1,1,1,3,39,4345000,364000,340,2,2,2,0,1,1,21,144,1,5,1,0,0
200500024189,5,4,8,2215,3,1,1,1,6,157,4348600,359400,340,3,2,0,0,3,2,0,57,1,0,3,0,0
200500024190,5,4,1,1645,1,1,1,1,6,288,4326700,224500,110,3,2,2,0,1,1,0,60,1,0,0,0,0
200500024191,5,4,24,1600,1,1,1,8,6,89,4331000,213000,110,3,2,1,0,1,2,0,60,1,0,1,0,0
200500024193,5,4,28,1400,1,2,3,1,1,115,4336600,227000,110,4,2,0,0,2,1,0,31,1,0,1,0,0
200500024194,5,4,3,1915,1,1,1,8,6,301,4323400,264200,110,3,2,0,0,1,2,0,60,1,0,3,0,0
200500024195,5,4,3,645,3,1,1,3,6,211,4304300,221600,110,3,2,2,0,1,1,0,51,2,2,1,0,0
200500024198,5,4,22,1030,2,1,8,1,3,206,4304400,225400,110,4,2,2,0,3,1,0,50,1,4,0,0,0
200500024199,5,4,23,2015,2,1,1,1,1,119,4305300,216900,110,3,2,0,0,1,3,0,56,1,0,1,0,0
200500024200,5,4,16,1130,1,1,1,1,1,209,4297200,226400,110,3,2,2,0,1,2,0,64,1,0,1,0,1
200500024201,5,4,25,1530,1,2,1,1,1,129,4293900,221500,110,4,2,2,0,1,1,0,33,9,0,1,0,0
200500024202,5,4,23,1015,1,1,1,2,6,269,4332000,297700,110,3,2,2,0,1,2,0,70,2,0,3,0,1
200500024203,5,4,4,715,2,1,6,8,3,379,4303000,299000,110,2,1,2,0,1,2,600,86,2,5,1,0,1
200500024205,5,4,18,1600,1,2,1,1,1,133,4352000,414000,300,4,3,2,0,1,1,20,70,1,6,1,0,0
200500024206,5,4,26,1315,1,2,1,1,6,3,4357000,419000,300,6,0,0,0,0,0,0,40,1,7,0,0,0
200500024210,5,4,17,1500,1,1,1,1,7,114,4383000,409500,300,2,2,0,0,0,1,0,100,1,0,0,0,0
200500024214,5,4,1,1545,1,1,1,1,3,169,4378600,429800,300,2,2,1,0,1,2,15,0,1,5,1,0,0
200500024215,5,4,4,1515,1,1,1,1,6,341,4378900,430000,300,2,2,0,0,0,0,60,0,1,0,1,0,0
200500024216,5,4,12,2000,1,1,1,1,5,934,4357300,431000,300,3,2,0,0,1,1,0,70,1,0,1,0,0
200500024217,5,4,16,1230,1,1,1,1,1,10,4404300,399200,300,3,2,2,0,0,1,0,59,1,0,1,0,1
200500024219,5,4,3,2000,2,1,1,1,7,294,4416100,413100,300,3,2,1,0,1,3,0,52,1,0,3,0,0
200500024220,5,4,2,1000,1,1,1,1,7,348,4403800,413700,300,3,2,0,0,1,1,0,60,1,2,1,0,0
200500024221,5,4,5,1600,1,1,1,1,7,100,4400700,420200,300,3,2,2,0,1,1,0,65,1,0,3,0,0
200500024222,5,4,27,1345,1,1,1,1,3,71,4402500,413500,300,4,2,2,0,1,2,0,39,1,0,1,0,0
200500024223,5,4,29,700,1,1,1,1,7,109,4407000,424300,300,3,2,0,0,0,1,0,80,1,0,0,0,0
200500024230,5,4,5,745,1,2,1,1,2,202,4426100,464800,300,4,2,0,0,1,1,60,0,1,0,1,0,0
200500024231,5,4,11,1130,1,1,1,1,1,116,4395000,461000,300,2,3,2,0,1,0,0,70,0,0,0,0,0
200500024232,5,4,15,1630,1,1,1,3,5,116,4394800,462400,300,2,2,3,0,2,1,0,110,2,0,1,0,1
200500024233,5,4,1,1445,5,2,9,1,5,141,4409500,470500,300,2,2,1,0,0,1,0,61,1,0,1,0,0
200500024239,5,4,3,1545,1,1,1,1,6,15,4404000,358300,300,3,2,2,0,2,3,0,48,1,0,1,0,0
200500024240,5,4,28,1200,1,1,1,1,7,190,4404900,368300,300,3,2,0,0,1,1,0,70,1,0,3,0,0
200500024244,5,4,17,730,1,2,1,1,1,93,4395000,391300,300,3,2,2,0,1,1,62,0,1,0,3,0,0
200500024245,5,4,20,1345,1,2,6,1,6,95,4387600,394700,300,3,2,2,0,1,3,25,90,1,0,3,0,0
200500024249,5,4,3,515,3,2,1,1,7,96,4417800,343000,480,3,2,2,0,2,2,0,60,1,0,1,0,0
200500024250,5,4,1,1430,1,2,3,1,3,92,4456000,329200,480,2,2,2,0,2,3,0,130,1,0,1,0,0
200500024253,5,4,7,1415,1,2,1,1,3,2,4264400,298200,660,4,2,2,0,0,1,0,54,1,0,1,0,0
200500024254,5,4,15,1200,1,2,1,1,3,2,4264000,298000,660,4,2,2,0,0,1,0,0,1,5,1,0,0
200500024255,5,4,1,1830,1,1,1,1,6,50,4274000,294000,660,3,2,2,0,1,1,0,52,1,0,1,0,0
200500024256,5,4,29,1230,1,1,1,1,1,145,4262900,282500,660,3,2,2,0,0,0,0,64,1,0,1,0,0
200500024261,5,4,17,2230,3,1,1,1,6,202,4250400,197700,660,3,2,2,0,1,2,0,80,1,0,3,0,0
200500024262,5,4,8,1745,1,1,1,1,6,88,4266200,265400,660,3,2,2,0,1,1,53,0,1,0,1,0,0
200500024263,5,4,26,1930,1,1,1,1,3,181,4194400,890500,201,3,2,2,0,1,3,0,52,1,0,1,0,0
200500024267,5,4,20,45,5,2,1,1,7,211,4179100,897900,201,2,2,2,0,2,2,70,0,1,0,3,0,0
200500024268,5,4,14,1830,1,1,1,7,3,189,4170500,891200,201,2,2,2,0,2,3,0,75,1,0,1,0,0
200500024269,5,4,18,1530,1,1,1,1,7,350,4253000,941200,202,3,2,1,0,1,2,0,67,1,0,1,0,0
200500024272,5,4,28,915,1,1,1,1,1,30,4288000,934000,202,3,2,2,0,1,3,0,39,1,0,1,0,0
200500024278,5,4,8,530,3,1,1,1,7,316,4259600,892600,202,3,2,2,0,2,1,0,35,1,0,3,0,0
200500024279,5,4,18,1800,1,1,9,1,3,123,4204600,939000,202,3,2,2,0,1,1,0,63,1,0,1,0,0
200500024285,5,4,6,1930,1,2,1,2,7,231,4894900,164400,780,3,2,2,0,1,1,0,80,2,0,1,0,0
200500024286,5,4,17,315,3,1,1,1,6,296,4901000,176000,780,4,2,2,0,1,2,10,60,1,0,1,0,0
200500024287,5,4,12,1130,1,1,3,1,5,90,4897300,190600,780,3,2,0,0,2,1,0,70,1,0,1,0,0
200500024289,5,4,10,915,1,1,1,8,6,497,4869700,177100,780,3,2,0,0,1,1,0,43,1,0,1,0,0
200500024296,5,4,3,1800,1,1,1,1,1,590,4869700,196300,780,3,2,2,0,2,3,0,57,1,0,1,0,0
200500024299,5,4,1,1500,1,2,1,1,3,321,4880500,190700,780,2,2,2,0,1,1,0,0,1,0,1,0,0
200500024300,5,4,24,1830,1,2,1,1,3,62,4885000,189000,780,3,2,2,0,2,1,25,110,0,5,1,0,0