Num_Acc,an,mois,jour,hrmn,lum,agg,int,atm,col,com,lat,long,dep,catr,circ,nbv,vosp,prof,plan,lartpc,larrout,surf,infra,situ,env1,killed
200500024307,5,4,28,1915,1,2,1,2,6,386,4858000,244400,910,3,2,0,0,1,3,0,60,2,0,1,0,0
200500024311,5,4,24,15,4,2,6,1,6,330,4853000,228800,910,3,1,0,0,1,2,0,0,1,0,1,0,0
200500024313,5,4,23,1630,1,2,3,1,3,315,4851000,234000,910,3,2,2,0,1,1,0,56,1,0,1,0,0
200500024314,5,4,27,745,1,1,1,9,1,629,4841000,231000,910,3,2,1,0,2,2,0,68,2,0,1,0,0
200500024315,5,4,17,645,2,1,1,1,7,390,4835000,201000,910,3,2,2,0,3,1,0,59,1,0,3,0,1
200500024316,5,4,21,100,4,2,2,1,3,79,4836100,215300,910,3,2,2,0,2,1,0,60,1,5,1,0,1
200500024322,5,4,18,830,1,1,1,1,3,207,4858300,223600,910,2,3,0,0,2,1,10,200,1,0,1,0,0
200500024325,5,4,20,2015,1,1,1,1,1,120,4908800,220500,950,3,2,0,0,1,3,0,60,1,0,1,0,0
200500024327,5,4,7,1900,1,1,1,1,3,229,4903800,234700,950,2,3,2,0,1,1,10,141,1,3,1,0,0
200500024328,5,4,30,1230,1,1,1,1,1,86,4855100,290100,770,4,2,2,0,1,4,0,45,1,0,1,0,0
200500024329,5,4,25,45,3,1,1,2,6,52,4857000,288100,770,3,2,2,0,2,1,0,60,2,0,1,0,0
200500024330,5,4,30,1,3,1,1,1,7,317,4860400,286700,770,3,2,1,0,1,2,0,60,1,0,3,0,0
200500024331,5,4,4,45,3,1,1,1,6,425,4843400,256000,770,3,2,2,0,1,3,0,47,1,0,3,0,0
200500024332,5,4,28,2000,2,1,1,2,7,142,4887400,296400,770,3,2,2,0,3,2,0,0,2,0,1,0,0
200500024338,5,4,12,1930,1,1,1,1,4,486,4869700,308300,770,3,2,0,0,1,1,0,80,1,5,1,0,0
200500024339,5,4,9,1315,1,1,1,1,1,244,4828300,258500,770,3,2,0,0,1,1,0,0,1,5,1,0,0
200500024340,5,4,3,2045,5,2,1,1,6,99,4815100,269700,770,4,2,2,0,1,1,0,60,1,0,3,0,0
200500024341,5,4,6,1145,1,1,1,1,3,99,4815700,269300,770,3,2,2,0,1,1,0,62,1,5,1,0,1
200500024342,5,4,1,1200,1,1,2,1,5,329,4824000,280000,770,3,2,2,0,1,1,0,68,1,5,1,0,0
200500024343,5,4,2,1500,1,1,4,1,3,504,4826700,288500,770,3,2,2,0,2,1,0,67,1,0,1,0,0
200500024344,5,4,5,1800,1,1,1,1,6,293,4836800,308000,770,4,2,2,0,1,1,0,70,9,0,3,0,0
200500024345,5,4,8,1800,1,1,1,2,2,54,4835200,302800,770,2,0,2,0,1,1,0,80,2,0,1,0,0
200500024346,5,4,30,1815,1,2,1,1,2,171,4891300,280400,770,4,2,2,0,2,1,0,67,1,0,1,0,0
200500024348,5,4,23,2015,2,1,2,1,5,205,4902400,282400,770,3,2,2,0,1,1,0,50,1,0,1,0,0
200500024349,5,4,25,1345,1,2,1,1,6,309,4901700,283700,770,9,2,1,0,1,1,0,45,1,0,3,0,0
200500024350,5,4,17,2145,3,2,1,1,3,239,4869300,313000,770,2,2,2,0,1,1,0,72,1,0,1,0,0
200500024351,5,4,10,300,3,2,1,1,6,523,4841800,336200,770,3,2,2,0,1,1,0,60,1,0,4,0,0
200500024352,5,4,27,245,4,2,1,8,6,142,4793200,213900,450,4,2,2,0,1,1,0,60,2,0,4,0,0
200500024355,5,4,2,2045,5,2,1,1,2,67,4787000,179000,450,2,2,0,0,1,1,0,76,1,0,1,0,0
200500024356,5,4,1,1300,1,2,9,1,6,155,4770400,263300,450,9,2,2,0,1,1,0,71,1,0,1,3,0
200500024358,5,4,11,1900,1,2,9,1,3,155,4769000,262000,450,4,2,2,0,1,1,0,0,1,0,1,0,0
200500024363,5,4,8,1800,1,1,1,2,3,336,4770800,231600,450,3,2,0,0,1,1,0,70,2,0,3,0,0
200500024364,5,4,10,515,5,2,1,1,6,83,4793700,292500,450,3,2,0,0,1,1,0,75,1,0,1,0,0
200500024365,5,4,18,1415,1,2,1,1,3,252,4818200,226200,450,3,2,2,0,1,3,0,60,1,5,1,0,0
200500024366,5,4,28,2200,5,2,1,1,1,191,4830700,240700,450,3,2,2,0,3,1,0,0,1,0,1,0,0
200500024368,5,4,22,1645,1,2,1,1,6,197,4673600,250400,180,9,2,2,0,0,1,0,61,1,0,1,0,0
200500024371,5,4,27,1300,1,2,1,1,6,81,4701400,258300,180,3,2,2,0,1,1,0,59,1,0,1,0,0
200500024372,5,4,16,1815,1,1,3,2,3,108,4697100,296600,180,3,2,0,0,1,2,0,50,2,0,1,0,0
200500024376,5,4,9,1100,1,2,1,1,6,3,4719900,256600,180,3,2,2,0,2,1,0,70,1,0,1,0,1
200500024377,5,4,20,1900,1,1,1,1,7,301,4851700,147200,280,3,2,2,0,1,2,0,60,1,0,3,0,0
200500024378,5,4,10,1315,1,1,1,1,7,116,4844000,117000,280,2,2,2,0,1,1,0,0,1,0,3,0,0
200500024381,5,4,30,715,2,1,1,1,7,397,4848500,165300,280,2,2,2,0,1,1,0,109,1,0,3,0,0
200500024382,5,4,24,1630,1,1,1,1,7,171,4870200,134300,280,3,2,0,0,4,4,0,77,2,0,3,0,0
200500024383,5,4,25,1045,1,2,1,1,6,359,4874700,122700,280,3,2,2,0,1,1,0,45,1,0,1,0,0
200500024384,5,4,15,815,1,1,1,1,3,293,4885000,151000,280,3,2,2,0,2,1,0,67,2,0,1,0,0
200500024385,5,4,22,1830,1,1,1,1,3,59,4870400,117400,280,3,2,1,0,1,1,45,0,1,0,1,0,0
200500024386,5,4,11,730,1,1,1,5,6,374,4857800,143500,280,2,3,2,0,1,1,30,147,1,0,2,0,0
200500024387,5,4,1,2315,3,1,1,1,7,280,4830900,80700,280,2,3,2,0,2,3,0,110,1,0,3,0,1
200500024388,5,4,6,500,3,1,1,1,1,280,4830600,80200,280,2,3,3,0,4,2,5,110,1,0,1,0,1
200500024389,5,4,14,1900,1,1,1,2,1,252,4825000,99500,280,3,2,0,0,1,3,0,43,2,0,1,0,0
200500024390,5,4,5,2000,2,1,1,1,6,214,4847600,97000,280,3,2,2,0,1,1,0,0,1,0,1,0,0
200500024391,5,4,10,500,3,1,1,1,6,128,4686800,177100,360,3,2,0,0,0,1,0,0,1,0,3,0,0
200500024393,5,4,29,1145,1,1,1,1,2,93,4697700,161500,360,3,2,2,0,2,1,0,100,1,0,1,0,0
200500024396,5,4,18,1800,1,1,2,4,3,72,4718500,139800,360,3,2,2,0,2,1,0,53,2,0,1,0,0
200500024397,5,4,5,1800,1,2,1,1,7,18,4663500,105800,360,2,2,2,0,2,3,0,150,1,0,1,0,0
200500024398,5,4,22,1730,1,1,1,1,7,43,4653400,192000,360,3,2,0,0,2,0,0,30,1,0,0,0,0
200500024400,5,4,12,1900,1,1,1,1,3,52,4690600,206000,360,3,2,2,0,1,1,0,57,1,0,1,0,0
200500024405,5,4,4,1330,1,2,1,1,2,231,4759600,50100,370,3,2,2,0,3,1,0,51,1,0,1,0,0
200500024406,5,4,29,1700,1,1,1,1,3,21,4755500,68900,370,3,2,2,0,1,1,0,50,1,0,1,0,0
200500024410,5,4,30,1815,1,2,6,1,3,14,4726600,46700,370,3,2,2,0,1,1,0,47,1,5,1,0,0
200500024412,5,4,29,915,1,2,1,1,2,187,4702000,55400,370,3,2,2,0,1,1,0,56,1,0,1,0,0
200500024413,5,4,16,1800,1,1,1,1,7,104,4731800,78100,370,2,3,0,0,1,1,0,150,1,0,3,0,0
200500024418,5,4,14,700,3,1,1,1,7,282,4736500,178200,410,3,2,0,1,0,1,0,60,1,0,0,0,1
200500024419,5,4,26,2100,3,2,1,2,7,192,4777900,89000,410,3,2,0,0,4,1,0,55,2,0,3,0,0
200500024421,5,4,8,1515,1,1,1,4,6,150,4783100,360300,290,3,2,2,0,1,1,0,60,2,0,3,0,0
200500024422,5,4,3,15,3,1,1,1,1,365,4910000,241900,950,2,2,3,0,1,0,0,112,1,0,1,0,0
200500024423,5,4,4,1530,1,2,7,1,7,352,4911500,242300,950,4,2,0,0,1,4,0,0,1,0,1,3,0
200500024424,5,4,12,1400,1,1,9,1,1,26,4913900,235100,950,3,2,2,0,1,2,0,80,1,0,1,0,0
200500024425,5,4,14,1430,1,1,1,1,4,652,4914100,237500,950,3,2,2,0,1,1,0,75,1,0,1,0,0
200500024429,5,4,8,1915,1,1,1,1,3,207,4710400,311900,580,4,2,0,0,1,1,0,0,1,0,1,0,0
200500024430,5,4,8,1745,1,1,1,1,6,45,4483000,302800,150,3,2,2,0,1,2,0,65,1,0,3,0,0
200500024431,5,4,30,1030,1,1,1,7,6,45,4484700,299900,150,3,2,0,0,2,3,0,101,1,0,0,0,0
200500024433,5,4,23,1045,1,1,1,2,1,87,4349000,563000,130,3,2,2,0,1,1,0,52,2,0,1,0,0
200500024434,5,4,5,1745,1,1,1,1,6,195,4413000,35000,470,3,2,2,0,1,1,0,72,1,0,1,0,0
200500024435,5,4,9,1100,1,1,1,1,3,195,4417000,31000,470,3,2,0,0,1,1,0,50,1,0,1,0,0
200500024436,5,4,29,1630,1,2,3,1,2,167,4406000,24900,470,3,2,2,0,1,1,0,60,1,0,1,0,0
200500024441,5,4,24,2145,3,1,1,1,1,634,4860800,211100,910,1,3,0,0,1,1,0,0,1,0,0,0,0
200500024442,5,4,28,1600,1,1,1,1,1,276,4827400,185300,280,1,3,0,0,1,1,6,270,1,0,0,0,0
200500024444,5,4,11,1900,1,1,1,1,6,407,4853000,250000,770,1,3,4,3,1,1,30,210,1,0,3,0,0
200500024462,5,4,14,1400,1,1,2,1,1,155,4927800,235700,600,3,2,2,0,0,1,0,96,1,5,1,0,0
200500024463,5,4,10,1045,1,1,1,8,1,484,4934300,106900,760,1,3,1,0,1,2,0,68,2,3,1,0,0
200500024474,5,4,14,1830,1,1,1,1,3,229,4813300,73400,530,3,2,2,0,2,0,0,61,1,0,1,0,0
200500024475,5,4,17,1215,1,1,9,1,1,129,4813500,100700,530,4,2,2,0,2,2,0,0,1,0,1,0,0
200500024476,5,4,8,1800,1,2,1,1,6,371,4909900,250800,950,3,2,2,0,1,1,0,60,1,5,1,0,0
200500024477,5,4,10,1615,1,2,1,1,6,371,4909800,250700,950,4,2,0,0,1,1,0,40,1,0,1,0,0
200500024479,5,4,8,800,1,1,1,1,6,364,4372000,149000,310,3,2,0,0,1,1,0,65,2,0,1,0,0
200500024486,5,4,6,2045,3,1,1,1,5,146,4368100,408300,340,1,3,3,0,0,1,30,105,1,0,1,0,1
200500024493,5,4,22,1500,1,1,1,1,1,8,4734200,88800,370,2,2,0,0,0,1,68,0,1,0,1,0,0
200500024497,5,4,21,415,3,1,1,1,6,6,4781500,185400,450,1,3,4,0,1,1,0,120,1,0,3,0,1
200500024498,5,4,27,645,1,1,1,1,6,303,4809500,185200,280,1,0,3,0,1,1,0,0,1,0,1,0,0
200500024499,5,4,1,2030,5,2,2,1,3,112,4352900,526000,130,4,2,0,0,1,1,0,60,1,0,1,0,0
200500024500,5,4,3,730,1,1,1,1,6,32,4358200,533400,130,3,2,0,0,1,1,0,51,1,0,1,0,0
200500024501,5,4,21,2200,3,1,1,1,1,112,4351200,524100,130,3,2,2,0,1,3,0,73,1,0,1,0,1
200500024502,5,4,1,1700,1,2,1,1,2,106,4876400,795200,670,3,2,2,0,1,1,0,62,1,5,1,0,0
200500024507,5,4,27,1300,1,1,1,1,2,565,4529000,562200,380,1,4,8,3,1,1,0,0,1,7,1,0,0
200500024513,5,4,14,1845,1,2,1,1,1,27,4569300,474300,690,4,2,0,0,1,1,0,26,1,0,1,0,1
200500024517,5,4,9,1800,1,1,1,8,6,404,4557900,324100,630,1,3,2,3,1,2,25,70,1,0,1,0,0
200500024518,5,4,16,1130,2,1,1,3,3,54,4550400,325900,630,1,3,3,3,0,2,30,70,2,0,1,0,1
200500024519,5,4,2,1715,1,1,1,1,2,278,4906500,427900,510,1,3,0,0,1,1,20,108,1,0,1,0,0
200500024520,5,4,3,1200,1,2,1,1,1,105,4857500,216600,910,3,3,2,0,1,1,6,50,1,0,1,0,0
200500024521,5,4,30,2100,2,1,1,1,6,515,4903200,453100,510,1,3,2,0,1,1,15,70,1,0,3,0,0
200500024534,5,4,17,400,3,1,1,1,6,63,4247700,286300,660,1,1,3,0,2,1,30,105,1,2,1,0,0
200500024537,5,4,28,730,1,1,1,1,3,397,4524100,584100,380,1,0,2,0,1,1,55,115,1,0,1,0,0
200500024539,5,4,26,2030,1,1,1,1,2,1,4351700,546700,130,1,3,2,0,0,1,0,0,1,3,1,0,0
200500024545,5,4,23,2000,1,1,1,1,1,617,4863900,249800,910,3,3,0,1,0,4,36,95,0,0,0,0,0
200500024546,5,4,12,430,3,1,1,1,6,284,4465400,83600,330,1,3,2,0,1,1,200,70,1,0,0,0,0
200500024551,5,4,23,200,3,1,1,1,6,65,4218400,861600,201,3,2,0,0,1,1,0,62,1,0,3,0,0
200500024552,5,4,6,630,1,2,1,1,3,229,4522700,579400,380,2,2,2,1,2,1,0,70,1,0,1,0,0
200500024557,5,4,15,1200,1,1,1,4,5,187,4853300,290200,220,2,3,4,0,1,1,35,70,2,0,1,0,0
200500024558,5,4,11,1515,1,1,1,2,7,92,4172700,940500,201,2,2,2,0,2,2,0,72,8,0,1,0,0
200500024559,5,4,18,845,1,2,1,1,3,92,4177600,940100,201,2,2,2,0,0,3,0,68,1,2,1,0,0
200500024563,5,4,26,1130,1,1,1,1,6,99,4591200,523800,10,1,0,2,0,1,1,20,70,1,0,1,0,0
200500024564,5,4,30,2030,2,1,1,1,2,43,4582500,499500,10,1,0,0,0,1,0,25,70,1,0,0,0,0
200500024565,5,4,1,930,3,1,1,8,1,279,4549900,428400,420,3,0,2,0,2,1,0,74,2,0,1,0,0
200500024566,5,4,15,30,5,2,1,1,3,256,4550200,416700,420,3,2,2,0,1,1,0,85,1,0,1,0,0
200500024570,5,4,3,2100,2,1,1,1,7,449,4920000,417000,510,3,2,2,0,1,2,0,59,1,0,1,0,0
200500024571,5,4,8,1900,1,1,1,2,1,428,4912900,424000,510,2,2,0,0,1,1,0,72,2,0,1,0,0
200500024572,5,4,29,1845,1,1,1,1,1,584,4919900,405300,510,3,2,2,0,1,1,0,65,1,0,1,0,0
200500024573,5,4,30,1230,1,2,2,1,3,7,4907900,417700,510,3,2,2,0,1,1,0,120,1,5,1,0,0
200500024574,5,4,13,1900,1,2,1,8,6,262,4840800,291200,220,9,2,1,0,0,1,0,70,2,0,0,0,1
200500024577,5,4,19,2330,5,1,1,1,2,794,5072500,217000,620,1,3,0,0,0,1,10,31,1,7,1,0,0
200500024578,5,4,15,1615,1,2,1,1,1,157,4354000,135000,310,4,2,0,1,1,1,0,65,1,0,1,3,0
200500024582,5,4,18,1215,1,2,1,1,3,425,4538900,478300,380,4,2,2,0,1,2,0,0,1,5,1,0,0
200500024584,5,4,24,1415,1,1,1,1,7,326,4277000,173000,90,2,2,2,0,2,0,0,72,1,0,3,0,0
200500024585,5,4,6,1600,1,1,1,1,7,240,4752600,277200,560,3,2,4,0,1,1,0,145,1,0,1,0,0
200500024586,5,4,17,1800,1,2,1,2,1,240,4752700,273600,560,3,2,0,0,1,1,0,72,2,0,1,0,0
200500024592,5,4,9,515,3,2,1,1,7,81,4849000,263700,220,3,0,2,0,1,3,0,70,1,0,4,0,0
200500024596,5,4,4,1530,1,1,1,1,3,44,4361600,505000,130,3,2,2,0,0,1,0,70,1,0,1,0,1
200500024604,5,4,14,1700,1,1,6,1,2,152,4854100,768400,670,3,2,2,0,1,1,40,84,1,0,1,0,0
200500024605,5,4,1,1600,1,2,1,1,1,389,4865200,774900,670,9,0,0,0,1,1,0,50,1,0,1,0,0
200500024606,5,4,27,1115,1,1,1,1,6,309,4864900,772500,670,3,3,2,0,1,1,0,0,1,0,3,0,0
200500024608,5,4,22,1330,1,1,1,1,6,127,4311800,32100,650,1,1,2,0,2,1,20,92,1,0,1,0,0
200500024612,5,4,23,1330,1,1,1,1,6,31,4640000,271000,30,1,0,0,0,1,1,0,0,1,0,1,0,0
200500024615,5,4,8,1030,1,1,1,2,3,113,4361100,549600,130,2,2,2,0,2,2,0,70,2,3,1,0,0
200500024616,5,4,28,1600,1,1,2,1,1,80,4367000,544500,130,3,2,2,2,1,1,0,70,1,0,1,0,0
200500024617,5,4,30,1530,1,1,1,1,7,80,4362100,546500,130,3,2,2,0,2,3,0,0,1,0,3,0,0
200500024618,5,4,20,915,1,1,1,1,7,352,4808400,163400,350,3,3,4,0,1,1,10,250,2,0,1,0,0
200500024622,5,4,29,1615,3,1,1,2,7,634,4897100,428300,510,1,3,0,0,1,1,0,30,2,2,1,0,0
200500024623,5,4,18,900,1,1,1,1,7,86,4854100,280100,770,1,3,0,0,1,1,10,135,1,0,3,0,0
200500024626,5,4,20,1745,1,1,1,1,6,50,4366800,525200,130,2,2,0,0,1,1,0,0,1,0,1,0,0
200500024630,5,4,2,2300,3,1,1,1,6,312,4607000,650000,740,2,2,2,0,1,1,75,72,1,0,3,0,0
200500024631,5,4,4,430,3,1,1,1,6,241,4616000,647000,740,3,2,2,0,2,4,0,65,1,0,3,0,0
200500024635,5,4,30,1715,1,1,1,1,3,101,4672400,159800,360,1,3,4,0,1,1,13,140,1,3,1,0,0
200500024638,5,4,2,945,1,1,1,1,5,561,4874000,201000,780,3,2,2,0,2,1,0,74,1,5,1,0,0
200500024639,5,4,5,1115,1,2,1,1,1,143,4873000,210000,780,3,2,0,0,0,3,0,90,1,0,1,0,0
200500024640,5,4,1,145,3,1,1,1,2,204,4469600,158700,460,1,3,2,0,1,1,12,72,1,0,1,0,0
200500024641,5,4,25,415,3,1,1,1,6,149,4449300,146800,460,1,3,0,0,0,1,0,72,2,0,3,0,0
200500024642,5,4,12,1915,1,2,3,1,3,375,4780200,724200,680,3,2,2,0,1,1,0,70,1,0,1,0,0
200500024644,5,4,7,1530,1,2,1,2,4,291,4887500,768600,670,2,2,1,0,1,1,0,81,2,0,1,0,0
200500024651,5,4,9,1715,1,1,1,1,6,619,4995000,135000,760,3,2,2,0,1,1,0,52,1,0,3,0,1
200500024654,5,4,22,1900,1,1,1,1,6,135,4730500,185700,410,1,3,2,0,1,1,10,65,1,0,3,0,0
200500024661,5,5,27,1,5,2,1,1,1,52,5050800,289400,590,4,2,0,0,1,3,0,50,1,0,1,0,0
200500024663,5,5,9,900,5,1,1,1,6,256,5058000,311000,590,3,2,0,0,1,1,0,105,1,0,3,0,0
200500024664,5,5,19,800,1,2,1,1,7,630,5049100,301900,590,3,2,2,0,1,1,0,0,1,0,1,0,0
200500024665,5,5,4,1900,1,1,2,3,3,326,5097300,257200,590,3,2,2,0,1,1,0,63,2,0,1,0,0
200500024666,5,5,21,1415,1,1,2,1,3,89,5085100,233400,590,3,2,2,0,2,1,0,60,1,0,1,0,0
200500024667,5,5,31,1915,1,2,1,1,7,663,5088000,247500,590,3,2,2,0,1,1,0,65,1,0,3,0,0
200500024670,5,5,2,1715,1,2,1,1,3,581,5070300,277800,590,4,2,2,0,1,1,0,40,1,0,1,0,0
200500024671,5,5,12,1730,1,1,1,1,3,282,5082300,248600,590,3,2,2,0,0,3,0,0,1,0,1,0,0
200500024672,5,5,19,1945,1,1,2,1,5,580,5080900,259200,590,3,2,2,0,1,1,0,75,1,0,1,0,0
200500024673,5,5,21,100,5,1,1,2,1,44,5061200,325400,590,3,0,0,0,1,3,0,70,2,0,0,0,1
200500024674,5,5,15,1900,1,2,1,1,1,92,5031900,326300,590,3,2,0,0,1,1,0,55,1,0,1,0,0
200500024675,5,5,26,1230,1,2,1,1,6,92,5028600,332100,590,3,2,0,0,1,1,0,0,1,0,1,0,0
200500024678,5,5,22,1815,1,2,1,1,6,139,5012700,341200,590,3,2,0,0,1,0,0,0,1,0,1,0,0
200500024685,5,5,27,1645,1,2,1,1,6,869,5024000,272000,620,3,2,2,0,1,1,0,58,1,0,1,0,0
200500024687,5,5,27,1230,1,2,1,1,6,502,5061900,267600,620,3,2,2,0,1,1,0,60,1,0,1,0,0
200500024689,5,5,28,1700,1,2,1,1,2,474,5068800,163100,620,2,3,2,0,1,1,0,0,1,0,1,0,0
200500024690,5,5,4,1800,1,1,2,2,1,506,5080000,193600,620,3,2,0,0,2,3,0,75,2,0,3,0,0
200500024693,5,5,25,1815,1,2,1,1,3,849,5041200,164700,620,3,4,0,0,1,0,0,0,1,5,1,0,0
200500024694,5,5,31,645,1,1,2,1,3,815,5036900,170500,620,3,2,2,0,2,1,0,55,1,0,1,0,0
200500024696,5,5,27,2330,5,2,9,1,3,318,5051800,163600,620,3,2,3,0,1,1,0,125,1,0,1,0,0
200500024697,5,5,28,845,2,2,1,1,7,533,5052700,217000,620,3,2,0,0,2,2,0,62,1,0,4,0,0
200500024698,5,5,10,1945,1,2,1,1,6,844,5056000,203000,620,3,2,2,0,1,2,0,60,1,0,1,0,0
200500024699,5,5,19,1100,1,2,2,1,1,261,5050500,162700,620,9,2,0,0,0,1,0,60,1,5,1,3,0
200500024700,5,5,16,430,3,1,1,1,3,87,5080100,212900,620,2,2,2,0,1,1,0,70,1,5,1,0,0
200500024701,5,5,1,1700,1,2,1,1,1,730,5087000,215000,620,4,2,1,0,1,1,0,36,1,0,1,0,0
200500024702,5,5,21,2015,1,2,1,1,6,906,5085000,207000,620,4,2,2,0,1,2,0,50,1,0,4,0,0
200500024704,5,5,1,100,3,2,1,1,6,580,5041000,244200,620,3,2,0,0,1,2,0,57,1,0,1,0,0
200500024706,5,5,19,1615,1,2,1,2,3,345,5030900,206400,620,3,2,2,0,2,3,0,60,2,0,1,0,0
200500024707,5,5,22,1,3,1,1,1,7,60,5023100,211800,620,3,2,2,0,1,3,0,66,1,0,1,0,1
200500024709,5,5,9,1230,1,1,1,1,3,86,5022200,257900,620,2,2,2,0,1,1,0,120,1,5,1,0,0
200500024710,5,5,15,1445,1,1,1,1,6,361,5030000,233900,620,3,2,2,0,1,1,0,45,1,0,3,0,0
200500024711,5,5,7,1915,1,2,1,1,1,749,5036400,207000,620,3,2,0,0,1,3,0,70,1,0,1,0,0
200500024712,5,5,12,730,1,1,9,1,3,69,5046800,214200,620,3,2,2,0,1,1,0,55,1,0,1,0,0
200500024713,5,5,23,1645,1,2,1,1,3,50,5040100,210600,620,3,2,2,0,1,1,0,62,1,0,1,0,0
200500024714,5,5,25,1530,1,2,1,1,1,52,4999700,252100,800,4,2,2,0,1,1,0,50,1,0,1,0,0
200500024715,5,5,27,1415,1,2,1,1,6,212,4991800,249000,800,4,2,2,0,1,1,0,89,1,0,1,0,0
200500024716,5,5,31,2200,2,1,1,1,3,350,4996400,250300,800,3,2,0,0,1,1,0,0,1,5,1,0,0
200500024717,5,5,7,1645,1,1,1,1,2,61,4981900,178800,800,3,2,2,0,1,1,0,60,1,0,1,0,0
200500024718,5,5,27,2245,5,2,1,1,6,330,4997000,180200,800,9,0,0,0,1,1,0,68,1,0,0,0,0
200500024720,5,5,23,1445,1,1,1,1,7,583,4979000,221000,800,5,0,1,0,1,1,0,25,6,0,0,0,0
200500024721,5,5,29,1800,1,1,2,2,5,553,4999000,236000,800,3,2,2,0,4,1,0,70,2,5,1,0,0
200500024723,5,5,7,2100,2,2,1,1,3,268,5007700,187100,800,3,2,2,0,1,1,0,69,1,0,1,0,0
200500024724,5,5,16,1800,1,2,1,1,3,488,5001800,199600,800,3,2,0,0,1,1,0,66,1,0,1,0,0
200500024725,5,5,25,1830,1,1,9,1,3,764,5006000,171000,800,3,2,0,0,2,3,0,61,1,0,1,0,0
200500024726,5,5,5,2245,5,2,1,1,6,364,5009200,147400,800,4,2,0,0,1,1,0,61,1,0,4,0,1
200500024727,5,5,7,300,5,2,1,1,6,308,5006600,159500,800,3,2,0,0,1,1,0,72,1,0,4,0,0
200500024728,5,5,10,1830,1,2,1,1,3,368,5009200,155200,800,3,2,2,0,1,1,0,0,1,0,1,0,0
200500024730,5,5,15,1530,1,2,1,7,3,714,5008000,143500,800,3,2,0,0,1,2,0,68,1,0,1,0,0
200500024731,5,5,15,1345,1,2,1,7,3,373,4999000,155500,800,3,2,0,0,2,1,0,58,1,0,1,0,0
200500024733,5,5,18,815,1,2,1,7,3,688,5027000,166000,800,4,2,2,0,1,1,50,0,1,0,1,0,0
200500024734,5,5,22,315,5,2,1,1,6,228,5022000,162000,800,3,1,1,0,1,1,0,75,1,0,1,0,0
200500024739,5,5,15,1730,1,2,1,1,6,766,5004000,245700,800,3,2,2,0,1,2,0,102,1,0,1,0,0
200500024740,5,5,20,630,2,2,1,8,6,253,5016600,235600,800,2,2,2,0,4,2,0,0,2,0,1,0,0
200500024741,5,5,15,930,1,2,1,1,3,318,5001600,209200,800,3,2,2,0,2,1,65,0,1,0,1,0,0
200500024743,5,5,2,1830,1,2,1,1,3,570,4978000,247000,800,3,2,0,0,1,1,0,60,1,5,1,0,0
200500024744,5,5,14,1430,1,1,1,3,1,452,4977500,233100,800,3,2,2,0,3,0,0,62,2,0,1,0,1
200500024745,5,5,17,1900,1,1,1,1,6,349,4971900,224900,800,2,2,2,0,3,1,0,75,1,0,3,0,1
200500024747,5,5,18,1245,1,1,1,1,3,177,4990600,300700,800,3,2,0,0,4,1,0,71,1,0,1,0,0
200500024749,5,5,2,1500,1,2,1,1,6,640,5004500,272500,800,3,2,0,0,0,2,0,65,1,0,3,0,0
200500024750,5,5,10,1530,1,2,1,1,6,16,5000700,264600,800,4,2,2,0,1,1,0,57,1,0,1,0,0
200500024751,5,5,14,1100,1,2,1,2,1,16,5001000,265200,800,9,2,0,0,1,1,0,55,2,5,1,0,0
200500024753,5,5,9,1800,1,2,1,1,2,128,4953100,366200,20,4,2,2,0,1,1,0,50,1,0,1,0,0
200500024759,5,5,16,1730,1,2,9,1,1,661,4951600,352500,20,3,2,2,0,0,1,0,54,1,0,1,0,0
200500024761,5,5,22,1830,1,1,1,1,7,282,4956200,373000,20,3,2,0,0,1,1,0,65,1,0,1,0,0
200500024762,5,5,13,2345,3,1,1,2,6,748,4912000,358000,20,3,2,1,0,2,1,0,60,2,0,3,0,0
200500024766,5,5,21,1,4,2,1,1,6,785,4989400,316200,20,3,2,2,0,1,1,0,40,0,0,3,0,0
200500024768,5,5,14,2330,3,1,1,2,6,66,4976000,331000,20,3,2,2,0,1,1,0,46,2,0,3,0,0
200500024769,5,5,21,2020,1,2,1,1,3,780,4937000,339000,20,4,2,0,0,1,1,0,54,1,0,1,0,0
200500024770,5,5,25,1945,1,1,1,1,7,424,4944000,332000,20,3,2,0,0,0,1,60,0,1,0,1,0,0
200500024771,5,5,5,1715,1,2,1,1,6,810,4925700,308900,20,9,2,2,0,1,2,0,50,1,0,4,0,0
200500024773,5,5,24,1215,1,1,1,1,7,514,4937000,310000,20,3,2,0,0,0,1,0,58,1,0,1,0,1
200500024776,5,5,28,1500,1,2,1,1,6,286,4998700,374900,20,3,2,0,0,0,0,0,0,0,0,0,0,0
200500024778,5,5,22,2145,1,2,1,1,6,574,4988000,401000,20,3,2,2,0,1,1,0,71,1,0,3,0,0
200500024779,5,5,28,1915,1,1,1,1,3,381,4990300,405600,20,3,2,0,0,1,1,0,78,1,0,1,0,0
200500024780,5,5,16,1500,1,1,1,1,1,251,4945700,218300,600,3,2,2,0,2,3,0,61,1,0,1,0,1
200500024781,5,5,25,1230,1,2,1,1,1,355,4943400,220300,600,3,2,2,0,1,1,0,54,1,0,1,0,0