Num_Acc,an,mois,jour,hrmn,lum,agg,int,atm,col,com,lat,long,dep,catr,circ,nbv,vosp,prof,plan,lartpc,larrout,surf,infra,situ,env1,killed
200500024782,5,5,27,1815,1,1,1,1,1,703,4940500,203700,600,3,2,2,0,2,3,0,75,1,0,1,0,0
200500024783,5,5,6,1730,1,2,1,1,2,567,4944000,190200,600,2,0,0,0,1,1,0,96,1,5,1,0,0
200500024785,5,5,13,800,1,1,1,8,3,570,4927800,208300,600,3,2,2,0,1,1,0,70,1,0,1,0,0
200500024788,5,5,25,1800,1,1,1,1,1,214,4958700,180200,600,3,2,0,0,4,3,0,36,1,0,1,0,0
200500024789,5,5,26,1500,1,2,1,1,6,387,4958300,195400,600,3,2,2,0,2,1,0,72,1,0,1,0,0
200500024791,5,5,12,1730,1,2,1,1,6,395,4924400,213600,600,4,2,0,0,1,1,0,0,1,0,1,0,0
200500024792,5,5,30,800,1,2,1,2,1,88,4920100,220600,600,4,2,2,0,1,1,0,50,2,0,1,0,0
200500024795,5,5,1,2030,1,1,1,1,6,565,4958500,233700,600,3,2,2,0,1,1,0,68,1,0,3,0,0
200500024796,5,5,19,1115,2,1,1,2,1,573,4958400,224500,600,2,2,3,0,2,1,0,70,2,0,1,0,0
200500024797,5,5,21,1800,1,1,1,1,1,82,4967800,224100,600,9,2,2,0,0,0,0,0,1,0,0,0,1
200500024798,5,5,20,1315,1,1,1,1,6,372,4956200,210300,600,3,2,2,0,1,2,0,75,1,0,3,0,0
200500024799,5,5,29,1700,1,1,1,1,1,563,4935600,263500,600,3,2,2,0,1,0,0,0,1,5,1,0,0
200500024801,5,5,26,900,1,1,1,1,5,582,4949000,295900,600,3,2,0,0,1,1,0,59,0,0,1,0,0
200500024802,5,5,31,2230,5,2,1,1,6,119,4950900,289800,600,4,2,2,0,2,3,0,0,1,0,1,3,0
200500024804,5,5,15,1400,1,2,1,1,6,318,4934800,264200,600,4,2,0,0,1,1,0,40,1,0,1,0,1
200500024805,5,5,6,1545,1,2,1,1,7,21,4958000,311000,600,3,2,2,0,1,3,0,0,1,0,1,0,1
200500024811,5,5,2,1300,1,2,1,1,1,141,4919800,247100,600,2,2,2,0,1,1,0,70,1,0,1,0,0
200500024812,5,5,9,1230,1,1,1,1,1,282,4921000,244000,600,3,2,2,0,2,1,0,70,1,0,1,0,0
200500024813,5,5,20,1545,1,2,1,1,7,346,4915200,243300,600,9,2,0,0,1,1,0,60,1,0,1,0,0
200500024814,5,5,27,830,1,2,1,1,6,141,4919800,247800,600,3,2,2,0,0,1,0,100,1,0,1,0,0
200500024815,5,5,31,830,1,1,1,1,3,282,4921400,244400,600,3,2,0,0,1,1,0,75,1,0,1,0,0
200500024820,5,5,17,2000,1,1,1,1,1,560,4922500,271200,600,2,2,2,0,1,1,0,0,1,5,1,0,0
200500024821,5,5,25,830,1,1,1,1,3,560,4922600,272300,600,2,2,0,0,1,1,0,138,1,5,1,0,0
200500024824,5,5,1,30,3,1,1,1,7,482,4987400,101800,760,3,2,2,0,2,3,0,47,1,0,3,0,0
200500024825,5,5,25,1945,1,1,2,1,3,395,4987600,92500,760,3,2,2,0,1,1,0,68,1,0,1,0,1
200500024826,5,5,1,330,3,1,1,1,6,69,4936500,113100,760,2,2,3,0,1,1,0,100,1,0,1,0,0
200500024827,5,5,18,1145,1,1,1,1,5,116,4939100,123100,760,2,2,2,0,1,1,0,71,1,0,1,0,1
200500024828,5,5,27,1445,1,1,1,7,1,475,4940300,117300,760,3,2,0,0,1,1,0,70,1,0,1,0,0
200500024830,5,5,12,745,1,1,1,1,3,164,4952800,75000,760,3,3,2,0,2,1,20,100,1,0,1,0,0
200500024836,5,5,2,745,1,2,3,2,1,518,4960300,51500,760,9,2,0,0,1,1,0,44,2,5,1,0,0
200500024839,5,5,4,1600,1,2,1,2,3,596,4952600,26300,760,3,0,2,0,1,1,0,0,2,5,1,0,0
200500024840,5,5,9,1415,1,1,1,1,1,303,4955600,35100,760,3,2,2,0,3,1,0,56,1,0,1,0,0
200500024842,5,5,13,1200,1,2,2,2,3,42,4976400,157700,760,3,2,0,0,1,0,0,65,2,0,0,0,0
200500024844,5,5,16,1230,1,1,1,1,3,35,4976000,174000,760,3,2,0,0,1,1,0,60,1,0,1,0,0
200500024847,5,5,4,1015,1,2,1,1,6,260,4948400,173300,760,3,2,2,0,1,1,0,72,1,0,1,0,1
200500024849,5,5,30,915,1,2,2,1,1,758,4961800,76200,760,9,2,2,0,4,1,0,88,1,0,1,0,0
200500024850,5,5,7,1400,1,2,1,1,1,743,4954300,92800,760,3,2,0,0,1,0,0,60,1,0,1,0,0
200500024851,5,5,26,330,3,1,1,1,7,655,4984800,72800,760,3,3,0,0,1,1,0,60,1,0,1,0,0
200500024853,5,5,4,1900,1,1,1,1,2,228,4964000,81600,760,2,2,2,0,1,1,0,77,1,0,1,0,0
200500024854,5,5,21,1800,1,1,1,1,1,456,4961900,85100,760,3,2,2,0,1,2,0,64,1,0,1,0,0
200500024859,5,5,9,1245,1,1,1,1,1,507,4891400,128200,270,3,2,0,0,1,3,0,42,1,0,1,0,0
200500024860,5,5,4,1830,1,1,1,1,5,400,4896300,140900,270,3,2,0,0,1,1,0,64,1,0,1,0,0
200500024862,5,5,22,2330,3,1,1,1,6,193,4884400,136600,270,3,2,2,0,1,3,0,62,2,0,1,0,0
200500024864,5,5,23,1800,1,1,1,1,3,112,4886000,92000,270,4,2,1,0,1,3,0,49,1,0,1,0,0
200500024865,5,5,19,1700,1,2,1,2,3,205,4934100,130100,270,3,2,2,0,1,2,0,70,8,0,1,0,0
200500024867,5,5,22,1200,1,1,1,1,3,398,4910000,62000,270,3,2,2,0,0,2,0,0,1,0,1,0,0
200500024869,5,5,31,30,3,1,1,1,7,624,4920100,113000,270,3,2,0,0,0,3,7,7,1,0,1,0,0
200500024870,5,5,31,1830,1,1,1,1,6,403,4918500,112100,270,3,2,2,0,2,2,0,44,1,0,3,0,0
200500024880,5,5,27,1615,1,1,1,1,3,130,4828600,179900,350,2,1,2,0,1,1,0,0,1,0,1,0,0
200500024881,5,5,22,1300,1,1,1,2,6,128,4827500,169100,350,3,2,2,0,2,3,80,0,2,0,1,0,1
200500024882,5,5,12,1930,1,1,2,2,3,173,4822000,170100,350,3,2,0,0,1,1,0,50,2,5,1,0,1
200500024886,5,5,27,1900,1,1,1,1,1,297,4816100,221300,350,3,2,2,0,1,1,0,70,1,0,1,0,1
200500024890,5,5,29,1230,1,1,1,2,7,37,4805400,192100,350,2,3,2,0,2,1,50,70,2,0,1,0,0
200500024895,5,5,19,1630,1,2,1,1,1,267,4840700,132900,350,3,2,0,0,2,0,0,0,1,0,1,0,0
200500024899,5,5,8,1515,1,1,1,1,2,106,4780900,159100,350,3,2,2,0,2,1,60,0,1,0,1,0,0
200500024900,5,5,11,1800,1,1,1,1,7,231,4788000,168000,350,3,2,1,0,2,1,0,0,1,0,1,0,0
200500024901,5,5,19,1200,1,1,1,2,1,221,4786800,174800,350,3,2,0,0,1,0,0,55,1,0,1,0,0
200500024903,5,5,2,800,1,2,1,1,6,35,4795400,197700,350,3,2,0,0,1,1,0,48,1,0,1,0,0
200500024904,5,5,6,1430,1,1,1,1,3,129,4785700,184700,350,4,2,1,0,1,0,0,0,1,0,1,0,1
200500024906,5,5,31,1345,1,1,1,1,1,123,4802300,179100,350,3,2,0,0,1,1,0,73,1,0,1,0,1
200500024911,5,5,16,2300,3,2,1,1,3,85,4841200,172000,350,4,2,2,0,3,1,0,50,1,0,1,0,0
200500024912,5,5,27,1945,1,1,1,1,7,172,4841000,177200,350,3,0,0,0,0,0,0,0,0,0,0,0,0
200500024913,5,5,6,1745,1,2,1,1,6,256,4862900,214300,350,3,2,0,0,0,0,0,50,1,0,1,0,0
200500024914,5,5,15,1000,1,2,7,1,6,228,4862400,213800,350,9,2,2,0,1,0,0,45,1,0,1,0,0
200500024926,5,5,10,1800,1,2,6,1,3,136,4818100,275600,220,4,1,0,0,0,2,0,0,1,0,1,0,0
200500024929,5,5,7,1230,1,2,1,1,3,282,4863600,225800,220,3,2,2,0,2,1,0,50,1,5,1,0,0
200500024930,5,5,19,1430,1,2,1,1,6,172,4852600,223100,220,3,0,0,0,2,1,0,60,1,0,1,0,0
200500024931,5,5,29,1200,1,1,1,2,6,368,4856700,206100,220,3,2,2,0,1,1,0,60,2,0,1,0,0
200500024932,5,5,25,1530,1,1,1,1,2,204,4872400,321100,220,3,2,0,0,1,1,0,0,1,0,1,0,0
200500024935,5,5,15,1700,1,1,1,1,3,152,4877100,327700,220,3,2,2,0,1,1,0,70,1,0,1,0,1
200500024936,5,5,3,1845,1,1,9,1,1,87,4803900,424500,290,3,2,2,0,1,1,0,106,1,5,1,0,0
200500024938,5,5,27,930,1,1,1,1,3,173,4802900,422600,290,3,2,2,0,1,1,0,43,1,0,1,0,1
200500024939,5,5,30,1415,1,2,1,1,6,3,4801900,453800,290,3,2,2,0,2,3,0,60,1,0,1,0,0
200500024941,5,5,13,1345,1,2,1,1,6,46,4809600,432700,290,9,2,0,0,3,1,0,0,1,5,1,0,0
200500024942,5,5,24,1230,1,1,1,1,3,87,4804500,425500,290,3,2,2,0,1,1,0,75,1,0,1,0,0
200500024944,5,5,20,2330,3,1,1,1,2,75,4845300,438900,290,2,3,4,0,1,1,20,195,2,0,1,0,0
200500024946,5,5,20,430,3,1,1,3,1,208,4850400,464700,290,3,2,0,0,1,2,0,70,2,0,1,0,0
200500024947,5,5,26,1300,1,1,1,1,1,119,4846000,462500,290,3,2,2,0,1,2,0,65,1,0,1,0,1
200500024948,5,5,17,1915,1,1,1,1,7,249,4817000,401200,290,3,2,0,0,1,3,0,68,1,0,1,0,0
200500024949,5,5,24,1400,1,2,6,1,1,20,4810600,400300,290,9,2,0,0,1,0,0,80,1,5,1,0,0
200500024956,5,5,20,1845,1,2,1,1,3,259,4868900,398400,290,9,2,0,0,1,1,0,0,1,0,1,0,0
200500024957,5,5,29,2245,5,2,2,1,3,185,4865700,417200,290,3,2,2,0,1,1,0,70,1,0,0,0,0
200500024959,5,5,9,1600,1,1,1,1,1,8,4761800,291600,560,3,2,2,0,1,3,50,50,1,0,1,0,0
200500024961,5,5,19,1015,1,1,1,2,3,185,4777700,337100,560,2,3,2,0,0,0,0,0,0,0,0,0,0
200500024963,5,5,19,1730,1,1,1,2,5,185,4778200,345500,560,4,2,2,0,1,1,0,65,2,0,1,0,0
200500024966,5,5,7,2145,5,1,1,1,1,193,4773700,331500,560,3,3,0,0,1,1,5,150,1,0,1,0,1
200500024967,5,5,28,1830,1,1,1,1,3,130,4774100,322700,560,3,2,2,0,1,1,0,64,1,0,1,0,0
200500024968,5,5,29,1930,1,1,2,1,3,169,4768800,323100,560,4,2,0,0,1,1,0,46,1,5,0,0,0
200500024971,5,5,18,2230,5,2,1,1,5,48,4807300,335900,560,3,2,0,0,0,1,0,0,1,0,1,0,0
200500024972,5,5,20,1700,1,2,1,1,6,73,4806700,320700,560,9,0,0,0,1,0,0,0,0,0,0,0,0
200500024973,5,5,22,1630,1,1,1,1,3,113,4807400,319600,560,3,2,2,0,1,2,0,88,1,5,1,0,0
200500024974,5,5,25,1845,1,2,3,1,3,10,4788100,300600,560,3,2,2,0,1,1,0,71,1,0,1,0,0
200500024976,5,5,26,1015,1,2,1,1,6,228,4930200,37900,140,3,2,0,0,2,3,0,50,1,0,1,0,0
200500024977,5,5,13,2215,5,2,1,1,3,123,4924200,45000,140,3,2,2,0,0,2,0,55,1,0,1,0,0
200500024978,5,5,19,1800,1,1,1,1,1,311,4913800,53300,140,3,2,0,0,1,1,0,102,1,0,1,0,0
200500024979,5,5,2,1900,1,1,1,1,3,57,4912700,21200,140,3,2,2,0,2,3,0,61,1,2,1,0,0
200500024982,5,5,21,1345,1,2,1,1,2,407,4925800,37400,140,9,2,2,0,1,1,0,45,1,0,1,0,0
200500024983,5,5,25,1730,1,1,6,1,2,407,4923000,37000,140,3,0,2,0,1,2,20,60,1,5,1,0,0
200500024984,5,5,2,615,2,2,1,8,1,328,4921200,27600,140,3,2,2,0,1,3,11,75,2,0,1,0,0
200500024985,5,5,3,1100,1,2,1,1,7,724,4929000,14100,140,3,2,0,0,1,1,0,60,1,0,1,0,0
200500024986,5,5,28,1145,1,2,9,1,2,712,4918300,18900,140,2,2,2,0,1,1,0,100,1,0,1,0,0
200500024987,5,5,8,945,1,1,1,1,6,140,4920800,79300,140,3,2,0,0,4,4,0,49,1,0,0,0,1
200500024988,5,5,14,30,3,1,1,1,6,714,4923400,83100,140,4,2,2,0,1,1,0,31,1,0,0,0,1
200500024989,5,5,29,15,5,2,1,1,7,468,4923100,77300,140,3,2,2,0,0,3,0,70,1,0,0,0,0
200500024991,5,5,1,1200,1,1,1,1,1,628,4898800,55600,140,3,2,2,0,2,3,0,60,1,0,1,0,1
200500024993,5,5,7,945,1,2,1,1,1,422,4908600,1700,140,3,2,2,0,1,1,0,0,1,0,1,0,0
200500024995,5,5,25,2215,4,1,1,1,3,654,4902600,4700,140,3,2,2,0,0,1,0,65,1,0,1,0,0
200500024997,5,5,21,1600,1,1,2,1,3,403,4914800,37300,140,2,4,3,0,0,1,0,114,1,0,1,0,0
200500025006,5,5,2,1845,1,2,1,1,3,25,4869500,136400,500,3,2,2,0,2,1,0,0,1,0,1,0,0
200500025007,5,5,6,1115,1,2,1,1,6,288,4869800,137400,500,3,2,0,0,1,1,0,75,1,0,1,0,0
200500025008,5,5,31,1300,1,1,1,1,6,554,4868400,130300,500,3,2,2,0,1,1,0,60,1,0,3,0,0
200500025009,5,5,8,145,4,2,1,1,3,237,4880700,139500,500,3,2,2,0,1,1,0,70,1,0,1,0,0
200500025010,5,5,26,315,3,1,1,1,6,541,4884100,149700,500,3,2,2,0,1,1,0,47,1,2,3,0,0
200500025013,5,5,5,1500,1,1,1,1,3,402,4952200,181700,500,3,2,0,0,2,4,0,60,1,0,1,0,0
200500025021,5,5,28,1415,1,1,2,1,3,111,4904000,129800,500,3,2,0,0,1,1,0,66,1,0,1,0,0
200500025022,5,5,1,1830,1,1,2,1,3,85,4892400,152000,500,3,2,25,0,1,1,0,57,1,1,1,0,0
200500025024,5,5,5,2030,1,1,1,7,1,140,4899800,141800,500,3,2,2,0,2,1,70,70,1,0,1,0,0
200500025026,5,5,8,1145,1,1,2,1,3,474,4858500,77900,500,3,2,2,0,1,1,0,50,1,0,1,0,0
200500025027,5,5,8,1500,1,1,1,1,2,644,4859000,112900,500,2,2,0,0,2,1,0,77,1,0,1,0,0
200500025028,5,5,14,1245,1,1,2,1,3,367,4861800,113000,500,3,2,2,0,1,1,0,68,1,5,1,0,0
200500025033,5,5,22,500,3,1,1,1,2,365,4854700,36500,610,4,2,0,0,1,1,0,62,1,0,1,0,0
200500025036,5,5,29,1400,1,1,1,3,3,23,4880100,800,610,3,0,2,0,0,1,0,80,2,0,1,0,0
200500025037,5,5,14,330,3,1,1,2,7,473,4871500,15000,610,3,2,0,0,3,2,0,0,2,0,3,0,0
200500025038,5,5,20,1100,1,2,1,1,1,506,4886400,45700,610,3,2,2,0,1,1,0,60,1,0,1,0,0
200500025039,5,5,6,2015,1,1,1,1,1,145,4859000,62800,610,3,0,0,0,0,0,0,0,1,0,1,0,0
200500025040,5,5,15,145,5,2,1,1,6,75,4850000,62500,610,3,2,0,0,1,1,0,65,1,0,1,0,0
200500025041,5,5,6,1530,1,2,1,1,1,112,4841300,65700,610,3,2,2,0,1,1,0,80,1,0,1,0,0
200500025042,5,5,26,2300,3,1,1,1,4,457,4878800,54400,610,3,2,0,0,1,1,0,0,1,0,1,0,0
200500025051,5,5,29,1245,1,1,3,8,3,77,4752400,146100,440,4,2,0,0,1,1,49,0,1,0,1,0,0
200500025052,5,5,2,1900,2,2,6,7,6,36,4771500,137200,440,3,2,2,0,1,1,30,60,1,2,1,0,1
200500025054,5,5,11,1115,1,2,1,1,6,36,4771800,137800,440,9,2,1,1,1,1,0,91,1,0,1,0,0
200500025056,5,5,23,1830,1,1,1,1,1,67,4760400,176100,440,4,2,2,0,2,3,0,43,1,0,1,0,0
200500025057,5,5,28,2145,1,2,1,1,6,15,4747400,174600,440,4,2,0,0,1,1,0,55,1,0,3,0,1
200500025058,5,5,8,1130,1,2,9,1,3,149,4745400,164300,440,4,0,1,0,0,0,0,0,1,0,1,0,0
200500025059,5,5,23,1445,1,1,2,1,3,110,4759700,158900,440,2,2,2,0,1,1,0,105,1,5,1,0,1
200500025060,5,5,18,430,3,1,1,1,6,110,4746200,151400,440,3,2,2,0,1,3,0,60,9,0,1,0,0
200500025061,5,5,7,730,1,2,1,8,6,18,4714800,166900,440,4,2,2,0,1,2,0,0,1,0,3,0,0
200500025062,5,5,21,1930,1,1,2,1,3,166,4719300,171200,440,4,2,1,0,1,1,0,46,1,0,1,0,1
200500025063,5,5,24,1500,1,1,1,1,1,130,4712800,159900,440,3,2,0,0,1,1,0,63,1,0,1,0,0
200500025064,5,5,28,1515,1,1,2,1,3,18,4717000,167200,440,4,2,2,0,1,1,0,65,1,0,1,0,0
200500025065,5,5,5,1915,1,2,4,1,3,21,4705000,195400,440,3,2,2,0,4,1,0,60,1,4,1,0,0
200500025067,5,5,23,1030,1,1,1,1,1,21,4706200,193700,440,3,2,0,0,1,3,0,70,2,0,1,0,1
200500025073,5,5,29,945,1,1,1,1,5,186,4708300,179900,440,3,2,2,0,1,2,70,0,2,0,1,0,0
200500025074,5,5,31,1930,1,1,1,1,1,181,4705600,176700,440,3,2,2,0,1,1,0,56,1,0,1,0,0
200500025080,5,5,14,2130,5,2,9,1,7,176,4735700,218000,440,4,2,0,0,1,2,0,0,1,0,1,0,0
200500025081,5,5,12,1715,1,2,1,3,3,129,4744600,210800,440,3,2,0,0,1,2,86,60,2,5,1,0,1
200500025085,5,5,1,130,3,1,1,1,6,158,4728800,180500,440,3,2,2,0,1,2,0,62,1,0,3,0,1
200500025086,5,5,21,2115,1,1,1,1,2,158,4728400,172400,440,3,3,2,0,1,1,0,70,1,0,1,0,0
200500025090,5,5,26,830,1,2,1,1,6,214,4753400,60400,490,9,2,0,0,1,1,5,55,1,6,1,0,0
200500025091,5,5,4,1900,1,1,1,1,4,194,4747500,30600,490,2,2,2,0,0,1,0,70,1,0,0,0,0
200500025092,5,5,16,1515,1,1,1,1,1,318,4738200,44100,490,3,2,2,0,1,0,0,42,9,0,1,0,1
200500025093,5,5,29,1545,1,2,1,3,6,50,4734900,43800,490,4,2,2,0,1,1,0,50,2,0,1,0,0
200500025095,5,5,20,915,1,1,1,1,5,160,4741800,91500,490,2,3,4,0,3,1,20,100,1,5,1,0,0
200500025097,5,5,24,1830,1,2,1,1,3,306,4742800,69800,490,4,2,0,0,1,1,0,51,1,0,1,0,0
200500025098,5,5,29,1245,1,1,3,1,1,283,4742800,76300,490,3,2,2,2,2,1,0,60,1,5,3,0,0
200500025099,5,5,2,1730,1,1,1,1,6,188,4758300,34400,490,3,2,0,0,1,1,0,0,1,0,1,0,0
200500025100,5,5,14,1200,1,2,1,1,7,127,4767500,24400,490,4,2,2,0,1,1,40,0,1,0,1,0,0
200500025102,5,5,28,1915,1,1,1,1,7,334,4753700,21900,490,3,0,2,0,1,2,0,54,1,0,0,0,0
200500025103,5,5,24,1915,1,1,1,1,2,23,4721000,95000,490,3,2,0,0,3,3,15,137,1,5,1,0,0
200500025104,5,5,24,1945,1,1,1,1,1,72,4718000,100000,490,3,2,0,0,1,1,0,64,0,0,1,0,1
200500025107,5,5,22,1730,1,1,1,1,2,27,4714200,91700,490,3,2,2,0,1,1,0,60,1,0,1,0,0
200500025108,5,5,19,1830,1,2,1,1,6,218,4726500,104500,490,4,2,0,0,1,1,0,56,1,0,1,0,0
200500025110,5,5,17,1745,1,1,1,1,2,221,4746900,4100,490,3,2,2,0,1,1,0,56,1,0,1,0,0
200500025111,5,5,22,1130,1,2,1,1,1,221,4747200,1600,490,3,2,0,0,1,0,0,0,1,0,1,0,0
200500025112,5,5,24,1800,1,1,1,1,5,97,4757500,14400,490,3,2,2,0,1,1,0,55,1,0,1,0,0
200500025113,5,5,22,1800,1,1,1,1,6,125,4722300,27700,490,3,2,2,0,1,1,0,82,1,0,1,0,0
200500025114,5,5,23,1100,1,1,1,1,3,373,4715600,52600,490,3,2,0,0,1,2,0,76,1,0,1,0,0
200500025115,5,5,1,2015,1,1,1,1,7,30,4737000,2000,490,4,2,0,0,1,2,37,0,1,0,3,0,1
200500025116,5,5,3,1845,1,1,1,1,1,224,4732500,1500,490,3,2,3,0,1,1,0,121,1,5,1,0,0
200500025117,5,5,6,2045,1,1,1,1,2,215,4715200,15100,490,2,2,2,0,1,1,0,70,1,0,1,0,0
200500025118,5,5,25,1600,1,2,9,1,5,215,4713400,15600,490,4,2,2,0,2,2,0,0,1,0,1,0,0
200500025119,5,5,27,1700,1,2,1,1,1,103,4771000,99000,490,3,2,0,0,1,1,0,0,1,0,1,0,0
200500025120,5,5,28,2245,3,1,1,1,6,233,4769900,90600,490,3,2,0,0,1,1,0,66,1,0,1,0,0
200500025121,5,5,3,815,1,1,1,1,1,183,4751600,94400,490,3,2,2,0,1,1,0,47,1,0,1,0,0
200500025122,5,5,9,2000,1,1,1,7,7,376,4747000,89000,490,3,2,0,0,1,3,0,45,1,0,0,0,0
200500025124,5,5,16,1215,1,1,1,1,7,347,4764300,41600,490,3,2,0,0,1,1,0,0,1,0,1,0,0
200500025125,5,5,19,1800,1,1,1,1,3,130,4763700,58000,490,3,2,2,0,2,1,0,78,1,0,1,0,1
200500025128,5,5,7,1800,1,1,1,1,1,97,4815500,37500,530,3,2,2,0,1,3,0,55,1,0,1,0,0
200500025129,5,5,28,1030,1,2,1,1,3,97,4816300,39900,530,9,2,0,0,1,1,0,0,0,0,1,0,0
200500025130,5,5,17,1015,1,1,1,1,7,18,4791400,106600,530,4,2,2,0,0,3,0,34,1,0,0,0,1
200500025131,5,5,6,1715,1,1,1,1,3,246,4840900,8000,530,3,2,2,0,1,1,0,64,0,0,1,0,1
200500025135,5,5,25,1200,1,1,1,1,1,200,4792100,21100,720,4,0,2,0,1,1,0,0,9,0,1,0,0
200500025141,5,5,26,745,1,1,2,1,3,26,4815400,38800,720,3,2,2,0,1,1,0,68,1,0,1,0,0
200500025143,5,5,1,1030,1,2,1,1,1,154,4769000,7000,720,4,1,1,0,1,1,0,79,1,0,1,0,0
200500025147,5,5,27,800,2,1,1,1,1,369,4772300,28300,720,4,2,2,0,1,2,42,71,1,0,1,0,0
200500025154,5,5,10,1615,1,1,2,1,1,156,4812200,70700,720,3,2,2,0,1,3,0,53,1,0,0,0,1
200500025157,5,5,21,1815,1,2,7,1,6,81,4820200,67000,720,6,0,0,0,1,0,0,0,1,0,0,0,0
200500025159,5,5,12,915,1,1,1,1,1,160,4660500,140300,850,3,2,2,0,1,2,0,0,1,0,1,0,1
200500025163,5,5,14,1300,1,1,1,1,3,65,4691700,124200,850,2,2,2,0,1,1,0,126,1,5,1,0,0
200500025166,5,5,31,1545,1,1,1,1,1,224,4701100,128200,850,3,2,2,0,0,1,68,0,1,0,3,0,0
200500025167,5,5,23,1200,1,1,1,1,3,155,4672700,143100,850,3,3,0,0,1,3,0,0,1,0,3,0,0
200500025168,5,5,16,130,3,1,1,1,1,304,4639000,94900,850,3,2,2,0,1,1,0,60,1,0,1,0,1
200500025169,5,5,8,115,3,1,1,1,1,159,4649100,104500,850,3,2,2,0,1,2,0,45,1,0,0,0,0
200500025173,5,5,23,745,2,1,1,1,6,161,4659900,150500,850,3,0,1,0,0,3,28,58,2,0,1,0,0
200500025180,5,5,1,530,3,1,1,5,6,12,4689000,210000,850,3,2,2,0,1,1,0,60,2,0,1,0,0
200500025185,5,5,12,1915,1,2,1,1,3,288,4647000,161000,850,9,2,0,0,2,3,0,50,1,0,1,0,0
200500025186,5,5,19,2315,4,2,1,1,6,288,4644000,162000,850,3,2,0,0,1,2,0,63,1,0,1,0,0
200500025187,5,5,29,1830,1,1,2,2,3,26,4654000,140000,850,3,2,2,0,0,1,0,50,2,0,1,0,0
200500025188,5,5,28,1715,1,1,1,1,1,498,4458500,88400,330,3,2,2,0,1,1,76,76,1,0,1,0,0
200500025190,5,5,9,415,5,2,1,1,6,236,4470300,122900,330,3,2,0,0,2,2,0,66,1,0,3,0,1
200500025191,5,5,20,1200,1,2,1,1,7,273,4484300,78200,330,4,0,2,0,0,0,0,30,0,0,0,0,0
200500025193,5,5,2,15,3,1,1,1,1,47,4511700,55800,330,2,2,2,0,2,1,0,75,1,0,1,0,1
200500025194,5,5,6,1815,1,1,1,1,7,456,4531900,58200,330,2,2,0,0,0,1,0,78,1,0,1,0,0
200500025195,5,5,22,1530,1,1,1,1,5,380,4529900,57000,330,2,2,0,0,1,1,0,70,1,0,1,0,0
200500025196,5,5,22,430,3,1,1,1,7,487,4496400,46300,330,2,2,0,0,1,1,0,60,1,2,1,0,0
200500025200,5,5,17,1130,1,2,1,1,3,554,4487500,46800,330,3,2,2,0,1,1,0,55,1,0,1,0,0
200500025202,5,5,1,1645,1,2,1,1,1,37,4471100,45700,330,3,2,0,0,1,0,0,60,1,0,1,0,0
200500025203,5,5,20,2015,1,1,1,7,1,330,4485500,43500,330,3,2,2,0,1,1,0,62,1,0,1,0,0
200500025204,5,5,23,1330,1,2,1,1,6,334,4469200,41600,330,2,2,2,0,1,1,0,75,1,0,3,0,0
200500025207,5,5,29,1845,1,1,2,1,3,144,4437800,18000,330,3,2,1,0,1,1,0,65,1,0,0,0,1
200500025208,5,5,4,2015,1,1,1,1,1,404,4463400,8000,330,3,2,2,0,1,2,0,45,1,0,1,0,0
200500025209,5,5,29,1900,1,1,1,1,6,481,4463800,3800,330,4,0,0,0,2,3,62,0,1,0,1,0,0
200500025213,5,5,1,300,3,1,1,1,7,300,4525300,107900,330,3,2,2,0,1,1,0,57,1,0,3,0,1
200500025214,5,5,17,715,1,2,1,1,2,240,4529700,92700,330,2,2,2,0,1,3,0,70,1,5,1,0,0
200500025215,5,5,13,2315,3,1,1,1,6,545,4526900,86600,330,4,2,0,0,0,0,0,43,0,0,0,0,0
200500025217,5,5,20,445,3,2,1,1,6,514,4551100,109700,330,3,2,2,0,1,1,0,65,1,0,1,0,0
200500025219,5,5,24,2015,1,2,1,1,1,207,4492900,38500,330,4,2,0,0,0,1,0,50,1,0,1,0,0
200500025222,5,5,18,1630,1,1,1,1,6,350,4477000,11000,330,3,2,2,0,1,3,0,70,1,0,0,0,0
200500025223,5,5,29,2000,2,2,1,2,7,138,4505200,12800,330,3,2,2,0,1,2,0,58,2,0,1,0,0
200500025224,5,5,6,1345,1,2,1,1,6,393,4499700,20400,330,4,1,0,0,0,0,0,51,1,0,1,0,0
200500025225,5,5,17,230,3,2,1,1,6,186,4481000,7500,330,9,2,0,0,2,1,0,27,1,0,3,0,0
200500025226,5,5,23,1500,1,1,1,1,3,324,4484600,24000,330,3,2,0,0,1,1,0,76,1,0,1,0,0
200500025232,5,5,1,1,3,1,1,1,6,92,4499900,81800,240,3,2,0,0,1,4,0,61,1,0,3,0,0
200500025233,5,5,7,1415,1,1,1,1,6,166,4514700,82700,240,4,2,1,0,2,4,0,0,1,0,3,0,0
200500025237,5,5,13,1730,1,2,1,8,3,208,4505300,65400,240,2,2,2,0,2,1,0,100,2,0,1,0,0
200500025243,5,5,4,2245,3,1,1,1,1,540,4530500,87200,240,2,2,3,0,1,1,0,114,1,0,1,0,0
200500025244,5,5,20,1545,1,1,1,1,7,328,4564300,71700,240,3,2,2,0,2,2,0,62,1,0,1,0,0
200500025245,5,5,13,1915,1,1,1,2,3,154,4524900,44000,240,3,2,1,0,3,3,0,46,2,0,1,0,0