Num_Acc,an,mois,jour,hrmn,lum,agg,int,atm,col,com,lat,long,dep,catr,circ,nbv,vosp,prof,plan,lartpc,larrout,surf,infra,situ,env1,killed
200500025246,5,5,21,630,2,2,1,1,6,573,4535100,36800,240,3,2,2,0,1,1,0,0,1,0,1,0,0
200500025247,5,5,10,1215,1,2,1,1,3,294,4501400,15900,240,6,2,0,0,1,1,0,70,1,0,1,0,0
200500025248,5,5,6,2130,2,2,1,1,3,354,4516000,900,240,3,2,0,0,0,1,0,101,1,0,1,0,0
200500025250,5,5,25,1645,1,1,1,1,1,87,4486800,104100,240,3,2,2,0,1,3,0,0,1,5,1,0,0
200500025252,5,5,12,1745,1,1,1,1,2,55,4383400,46500,400,2,2,2,0,1,1,0,76,1,0,1,0,0
200500025253,5,5,18,1615,1,2,1,1,1,145,4377100,42300,400,3,2,2,0,1,1,0,64,1,0,1,0,0
200500025259,5,5,12,1430,1,2,1,1,1,44,4354400,130900,400,4,2,0,0,1,1,0,0,1,0,1,0,0
200500025260,5,5,14,745,1,2,9,8,5,209,4357300,145400,400,3,2,2,0,1,1,0,82,1,0,0,0,1
200500025277,5,5,29,1715,1,1,1,8,6,76,4408000,69000,470,3,2,2,0,2,2,0,53,1,0,0,0,0
200500025279,5,5,21,1700,1,1,1,1,1,276,4434900,47800,470,3,2,2,0,0,0,0,47,1,0,1,0,0
200500025280,5,5,31,2200,5,2,1,1,6,4,4429500,34000,470,4,2,2,0,1,1,0,70,1,0,1,0,1
200500025282,5,5,3,2100,5,2,1,1,6,114,4438600,13300,470,4,2,0,0,1,1,0,52,1,0,1,0,0
200500025283,5,5,13,1730,1,1,1,1,3,233,4453200,11000,470,3,2,2,0,1,1,0,60,1,0,1,0,0
200500025284,5,5,18,830,1,1,1,1,6,244,4435600,15300,470,3,2,2,0,1,3,0,60,9,0,3,0,0
200500025285,5,5,27,1915,1,2,1,1,3,244,4436200,15800,470,4,2,0,0,1,0,0,50,1,0,1,0,0
200500025286,5,5,28,1845,1,1,3,1,1,165,4450100,6100,470,4,0,2,0,0,1,0,60,1,0,1,0,0
200500025287,5,5,31,1630,1,1,1,1,6,28,4450500,28000,470,4,2,2,0,1,3,0,50,1,0,3,0,0
200500025291,5,5,30,2115,3,1,1,1,6,159,4438200,18000,470,3,2,0,0,1,1,0,50,9,0,1,0,0
200500025292,5,5,31,1900,1,1,1,1,7,65,4436300,36000,470,4,2,0,0,2,1,0,40,1,0,1,0,0
200500025293,5,5,31,1615,2,1,1,1,6,310,4437700,31900,470,2,2,2,0,0,1,0,70,1,0,3,0,0
200500025300,5,5,6,1645,1,1,1,1,2,6,4440000,64000,470,3,2,2,0,1,1,0,70,1,0,1,0,0
200500025301,5,5,30,1500,1,1,9,1,3,49,4444600,62200,470,3,0,2,0,2,1,0,53,1,0,1,0,0
200500025302,5,5,1,645,1,1,1,1,6,419,4327000,21000,640,2,2,0,0,0,1,0,0,1,0,3,0,0
200500025303,5,5,17,1400,1,2,3,3,3,138,4324000,28000,640,3,2,2,0,1,1,0,69,2,0,1,0,0
200500025304,5,5,26,1930,1,2,1,1,3,375,4333700,114300,640,3,3,2,0,1,3,0,61,1,0,1,0,0
200500025305,5,5,27,1215,1,1,1,1,3,256,4338600,133300,640,3,2,2,0,1,1,0,80,1,5,1,3,0
200500025306,5,5,4,1415,1,1,1,8,1,495,4337200,152500,640,3,2,2,0,2,2,0,52,2,0,1,0,0
200500025307,5,5,14,200,5,2,1,1,6,9,4341100,156800,640,3,2,2,0,1,1,0,70,1,0,3,0,0
200500025310,5,5,24,2330,3,1,1,1,1,559,4324500,87200,640,3,2,2,0,2,2,0,75,1,0,1,0,0
200500025311,5,5,15,2245,3,1,1,1,7,543,4307400,141500,640,4,0,0,0,2,0,0,34,9,0,3,0,1
200500025312,5,5,14,2000,1,1,1,1,7,106,4331200,100800,640,3,2,2,0,1,4,0,0,1,2,1,0,1
200500025313,5,5,26,1300,1,1,2,1,3,36,4335200,97700,640,3,2,3,0,1,1,0,108,1,5,1,0,0
200500025314,5,5,8,2015,1,2,1,1,6,422,4319800,60500,640,2,2,2,0,0,1,0,81,1,6,4,0,0
200500025316,5,5,17,1700,1,2,1,1,1,430,4349300,77000,640,4,2,2,0,1,0,0,157,1,5,1,0,0
200500025317,5,5,28,1930,1,1,1,1,7,430,4352100,78000,640,3,2,1,0,1,1,0,0,1,0,1,0,0
200500025326,5,5,6,1145,1,1,2,1,3,44,4705800,24500,860,3,2,2,0,1,1,0,49,1,0,1,0,0
200500025327,5,5,11,30,5,2,1,1,6,137,4700900,8200,860,3,2,0,0,1,2,80,60,1,0,4,0,0
200500025332,5,5,5,1845,1,1,1,1,6,233,4653300,64800,860,3,2,0,0,2,3,64,0,1,0,3,0,1
200500025333,5,5,25,1700,1,1,1,1,6,70,4653100,68800,860,3,2,2,0,1,2,0,42,1,0,0,0,0
200500025334,5,5,29,130,3,1,1,1,7,70,4657300,66600,860,2,2,2,0,4,2,0,78,1,0,3,0,0
200500025336,5,5,27,1845,1,1,1,1,3,236,4667800,82200,860,3,2,0,0,0,1,0,0,1,0,1,0,0
200500025339,5,5,1,100,5,2,1,1,7,222,4532800,7500,160,3,2,2,0,2,1,0,70,1,0,1,0,0
200500025341,5,5,27,1830,1,1,2,1,3,30,4548900,20000,160,3,2,0,0,1,1,120,0,1,0,1,0,1
200500025345,5,5,31,1000,1,1,1,1,1,104,4602900,24200,160,3,2,2,0,1,1,0,61,1,0,1,0,1
200500025346,5,5,5,1830,1,2,1,1,3,187,4566100,8300,160,3,2,2,0,2,1,0,56,1,0,1,0,0
200500025347,5,5,7,2145,3,2,1,1,6,348,4566600,4900,160,4,2,0,0,2,1,0,42,1,0,3,0,0
200500025351,5,5,11,1545,1,1,1,1,1,223,4568400,50500,160,3,2,0,0,2,2,0,60,1,0,1,0,0
200500025354,5,5,12,745,1,2,1,2,3,264,4620000,116600,170,3,2,2,0,1,1,0,52,2,0,1,0,0
200500025356,5,5,31,1730,1,1,2,1,3,376,4623300,101900,170,2,2,2,0,1,1,0,70,1,0,1,0,0
200500025358,5,5,10,745,1,1,1,1,2,403,4543300,46700,170,3,2,2,0,1,3,0,66,1,0,1,0,0
200500025361,5,5,18,1430,1,1,2,1,3,118,4525000,40000,170,3,2,2,0,2,3,0,70,1,0,1,0,0
200500025362,5,5,25,2100,2,1,1,1,3,81,4532300,47300,170,3,2,2,0,2,1,0,67,1,0,1,0,1
200500025363,5,5,9,1245,1,1,1,1,7,113,4510000,15000,170,3,2,2,0,1,1,0,65,1,0,1,0,0
200500025364,5,5,30,930,1,1,1,1,6,241,4521100,15800,170,3,2,2,0,4,1,0,0,1,5,1,0,0
200500025367,5,5,5,545,4,2,1,1,3,385,4596700,124200,170,3,2,2,0,1,2,0,51,1,2,1,0,0
200500025368,5,5,8,600,2,2,1,1,6,385,4594700,131500,170,3,2,2,0,1,1,0,0,1,0,1,0,1
200500025370,5,5,9,1500,1,2,1,1,7,168,4598300,108200,170,4,3,2,0,1,1,0,0,9,0,1,0,0
200500025371,5,5,20,915,1,1,1,1,1,75,4593900,86600,170,2,2,0,0,3,1,50,35,1,0,1,0,0
200500025374,5,5,3,2115,3,1,1,1,6,336,4577000,68000,170,2,2,2,0,2,1,0,77,1,0,3,0,1
200500025375,5,5,4,930,1,1,1,2,6,313,4577200,48100,170,3,2,0,0,1,1,25,60,2,0,0,0,0
200500025376,5,5,12,830,1,1,1,3,7,313,4577200,47300,170,3,1,0,0,1,3,0,0,2,0,3,0,0
200500025377,5,5,15,1745,1,2,1,1,3,285,4583900,69300,170,3,2,0,0,1,1,0,46,1,0,1,0,0
200500025378,5,5,20,2345,3,1,2,1,3,275,4573500,71700,170,2,2,2,0,1,2,30,70,1,5,1,0,0
200500025379,5,5,21,1100,1,2,1,1,7,336,4577200,71600,170,3,2,2,0,1,2,0,50,1,0,3,0,0
200500025380,5,5,3,200,1,1,1,1,1,56,4561000,49000,170,3,2,2,0,1,3,0,66,1,0,1,0,0
200500025381,5,5,14,1800,1,1,1,1,3,196,4557500,64700,170,3,0,2,0,0,1,0,66,1,0,1,0,0
200500025386,5,5,30,1530,1,2,1,1,6,436,4412400,504100,170,3,2,2,0,1,4,0,0,1,0,1,0,0
200500025387,5,5,2,100,3,1,1,1,1,170,4619200,67700,790,2,2,0,0,1,1,0,120,1,0,1,0,0
200500025389,5,5,16,1330,1,1,1,1,3,34,4629200,51000,790,2,2,2,0,1,1,0,74,1,0,1,0,0
200500025390,5,5,28,315,3,1,1,1,2,3,4628000,45100,790,3,2,0,0,1,0,0,62,1,0,1,0,0
200500025391,5,5,29,600,2,1,1,1,7,88,4677500,37300,790,3,2,0,0,1,3,0,54,1,0,3,0,0
200500025392,5,5,30,1515,1,1,1,1,2,88,4679600,34400,790,2,2,2,0,2,1,0,72,1,0,1,0,1
200500025393,5,5,11,1015,1,2,1,1,1,56,4704900,20000,790,3,2,2,0,1,0,0,60,1,0,1,0,0
200500025396,5,5,2,915,1,2,1,1,3,61,4624800,23700,790,4,2,2,0,1,1,0,58,1,0,1,0,0
200500025397,5,5,11,1245,1,1,1,1,3,29,4658700,23900,790,3,2,2,0,4,3,0,51,1,0,1,0,0
200500025399,5,5,22,1130,1,2,1,1,3,332,4669000,47600,790,3,0,2,0,2,1,0,50,1,0,1,0,0
200500025400,5,5,10,1100,1,1,1,1,1,201,4586700,112600,870,2,2,2,0,1,4,0,75,1,0,1,0,0
200500025401,5,5,14,1815,1,1,2,1,3,177,4581200,109500,870,3,2,2,0,1,1,0,65,1,0,1,0,0
200500025403,5,5,30,1030,1,1,1,1,6,202,4586900,112400,870,2,2,2,0,1,1,0,74,1,0,3,0,0
200500025404,5,5,16,1930,1,1,2,1,1,161,4585200,144800,870,3,2,0,0,1,1,0,72,1,0,1,0,0
200500025405,5,5,8,1530,1,2,1,1,3,32,4566000,98300,870,2,2,0,0,1,1,0,78,1,0,1,0,0
200500025407,5,5,9,2130,3,1,1,1,6,14,4612900,137200,870,3,3,0,0,2,1,0,0,1,0,1,0,0
200500025409,5,5,10,1630,1,1,9,1,1,73,4574800,101400,870,3,2,2,0,1,1,0,68,1,0,1,0,1
200500025410,5,5,27,2015,2,1,1,1,6,101,4525600,178600,190,3,2,2,0,2,1,0,75,1,0,1,0,0
200500025411,5,5,20,30,3,1,1,1,6,10,4506300,199000,190,2,2,2,0,1,3,0,72,1,0,4,0,0
200500025412,5,5,28,515,3,1,1,1,6,43,4515800,161500,190,3,2,2,0,2,3,0,0,1,0,1,0,0
200500025413,5,5,20,1745,1,1,1,1,2,5,4524800,146500,190,3,2,1,0,1,3,0,68,1,0,1,0,0
200500025415,5,5,8,1200,1,1,1,1,3,160,4559400,198600,190,3,2,2,0,2,1,0,73,1,0,1,0,1
200500025416,5,5,14,1615,2,1,1,1,6,92,4623800,191100,230,3,2,2,0,2,2,0,74,1,0,3,0,0
200500025417,5,5,7,2130,3,1,1,1,6,62,4636300,183500,230,3,2,2,0,1,3,50,0,1,0,0,0,0
200500025418,5,5,20,1315,1,1,1,1,6,38,4640700,215400,230,3,2,2,0,3,0,0,42,9,0,1,0,0
200500025420,5,5,28,1700,1,1,1,1,6,73,4597400,259300,230,4,0,0,0,2,1,0,28,1,0,3,0,0
200500025422,5,5,6,2100,2,1,1,1,6,95,4616600,160700,230,3,2,0,0,1,4,0,50,1,0,3,0,0
200500025423,5,5,22,45,5,2,1,1,1,409,4350500,150900,310,3,2,2,0,2,2,0,70,1,0,1,0,0
200500025424,5,5,3,2000,1,1,1,1,1,94,4374900,160600,310,2,2,0,0,2,2,0,70,1,0,1,0,0
200500025425,5,5,29,700,1,1,1,1,1,587,4377200,140700,310,3,2,0,0,4,1,0,67,1,0,1,0,0
200500025430,5,5,10,1815,1,2,2,1,1,433,4352500,140700,310,4,2,2,0,0,1,0,60,1,5,1,0,0
200500025431,5,5,19,1745,1,2,1,1,4,458,4351900,136700,310,3,2,0,0,2,1,0,60,1,0,1,0,0
200500025432,5,5,28,1815,1,2,1,1,3,433,4353600,140400,310,3,1,0,0,0,1,0,35,1,0,1,0,0
200500025441,5,5,13,1700,1,1,1,1,7,75,4354000,112000,310,3,2,2,0,1,1,0,50,1,0,3,0,0
200500025443,5,5,29,1730,1,1,1,1,3,302,4317200,68100,310,3,2,2,0,1,1,0,40,0,0,1,0,0
200500025445,5,5,29,500,5,2,1,1,6,42,4280700,59700,310,3,2,0,0,0,2,0,69,1,0,3,0,0
200500025446,5,5,18,830,1,2,1,1,3,80,4329100,64900,310,3,2,2,0,2,1,0,100,1,0,1,0,0
200500025447,5,5,22,730,1,1,1,1,6,398,4323300,59000,310,3,2,2,0,1,1,0,60,2,0,3,0,0
200500025448,5,5,15,1445,1,1,1,1,1,582,4340100,170500,310,3,3,2,3,1,1,0,35,1,5,1,0,0
200500025449,5,5,17,1500,1,1,1,1,7,284,4355900,156900,310,4,2,0,0,1,2,0,44,1,0,3,0,0
200500025451,5,5,28,1815,1,2,9,1,6,106,4353400,176000,310,4,2,1,0,1,1,0,0,1,0,1,0,0
200500025456,5,5,10,930,1,2,1,1,6,324,4305100,163200,90,3,1,0,3,1,1,0,35,1,0,0,0,0
200500025458,5,5,14,315,5,2,1,3,6,185,4325000,167000,90,3,2,2,0,1,1,0,60,2,0,1,0,0
200500025460,5,5,22,2230,3,1,1,1,6,238,4309000,172000,90,3,2,1,0,1,2,0,65,1,0,1,0,0
200500025462,5,5,19,1215,1,2,1,1,1,39,4305600,188800,90,3,2,2,0,0,2,0,72,1,0,1,0,1
200500025463,5,5,24,1445,1,2,6,1,6,261,4299100,114400,90,3,1,1,0,1,0,0,60,1,0,1,0,0
200500025464,5,5,1,1730,1,2,9,1,3,257,4313100,117400,90,3,2,2,0,1,1,0,53,1,0,1,0,0
200500025467,5,5,10,1745,1,1,1,1,7,218,4455500,246700,120,3,2,2,0,2,1,0,75,1,0,0,0,0
200500025468,5,5,1,1500,1,1,1,1,7,79,4455200,270700,120,3,2,2,0,1,2,0,74,1,0,3,0,1
200500025469,5,5,1,1545,1,1,1,1,7,172,4459400,262800,120,3,2,2,0,1,4,0,61,1,0,3,0,0
200500025470,5,5,7,1630,1,1,1,1,6,98,4455300,267100,120,3,0,2,0,1,2,0,78,1,0,1,0,0
200500025471,5,5,18,1530,1,1,1,1,3,238,4420700,301700,120,3,2,2,0,4,1,20,40,0,0,1,0,0
200500025472,5,5,9,215,3,1,1,1,7,195,4388100,278200,120,3,2,2,0,1,1,0,78,1,0,1,0,0
200500025473,5,5,15,1415,1,1,1,1,2,77,4389900,319000,120,4,2,2,0,1,1,0,43,1,0,1,0,0
200500025476,5,5,13,1930,1,1,1,1,1,259,4427400,205300,120,3,2,0,0,2,3,0,60,1,0,1,0,0
200500025478,5,5,27,1700,1,1,1,1,7,123,4365400,88500,320,3,2,2,0,1,4,0,50,9,0,1,0,0
200500025479,5,5,28,1315,1,1,1,1,7,335,4378200,72300,320,3,2,2,0,0,4,0,50,1,0,0,0,0
200500025486,5,5,16,715,1,1,1,1,6,107,4399700,42800,320,3,2,2,0,2,2,0,60,2,0,3,0,0
200500025487,5,5,4,1315,1,2,1,1,7,296,4376900,3100,320,2,2,2,0,1,1,0,66,1,0,4,0,0
200500025488,5,5,7,1445,1,1,2,1,5,220,4373800,15800,320,3,2,2,0,4,1,0,67,1,0,1,0,0
200500025491,5,5,24,2000,1,1,1,1,2,190,4379400,25700,320,3,2,0,0,1,3,0,70,1,0,1,0,1
200500025495,5,5,1,1700,1,1,1,1,6,324,4334300,46700,320,3,2,2,0,1,1,0,60,1,0,3,0,0
200500025496,5,5,7,415,5,2,1,1,6,256,4351700,40700,320,2,2,2,0,1,1,0,0,1,0,3,0,0
200500025497,5,5,5,1230,1,1,1,8,7,273,4351300,20400,320,3,2,0,0,1,1,61,0,1,0,1,0,0
200500025498,5,5,28,2200,5,2,1,1,2,464,4340300,19000,320,2,2,2,0,1,1,0,74,1,0,1,0,0
200500025499,5,5,6,230,5,2,1,1,6,344,4366200,8500,320,4,1,0,0,2,1,0,57,1,0,1,0,0
200500025500,5,5,7,1030,1,1,1,1,7,344,4364300,10700,320,3,2,2,0,1,2,0,50,1,0,1,0,0
200500025501,5,5,11,845,1,2,1,1,3,344,4366000,9200,320,4,2,2,0,1,1,0,50,1,0,1,3,0
200500025502,5,5,23,1845,1,2,1,1,1,27,4370700,23600,320,2,1,1,0,1,1,0,65,1,0,1,0,0
200500025503,5,5,30,1830,1,1,1,1,6,36,4359500,7900,320,3,2,2,0,1,1,0,65,1,0,3,0,0
200500025504,5,5,31,1400,1,1,1,1,1,81,4365300,13200,320,3,2,2,0,1,1,0,53,1,0,1,0,0
200500025507,5,5,27,745,1,1,1,1,6,114,4459900,111200,460,3,2,2,0,1,1,0,43,1,0,1,0,1
200500025508,5,5,27,1700,1,2,1,1,6,231,4450900,113900,460,3,2,2,0,1,1,0,57,1,0,1,0,1
200500025511,5,5,20,1300,1,1,1,1,2,146,4329700,11600,650,2,2,2,0,1,1,0,72,1,0,1,0,0
200500025514,5,5,20,1330,1,1,1,1,2,371,4297000,8200,650,3,3,2,0,1,1,0,87,1,0,1,0,0
200500025519,5,5,8,1600,1,1,1,1,5,249,4411700,216800,810,3,2,2,0,1,1,0,63,1,0,1,0,1
200500025522,5,5,25,2215,3,1,1,1,1,311,4374400,216600,810,3,2,2,0,3,2,0,62,1,0,1,0,0
200500025523,5,5,29,530,4,1,1,1,2,174,4377900,207700,810,3,2,0,0,1,1,0,60,1,0,1,0,0
200500025524,5,5,26,845,1,2,1,1,1,124,4371400,270000,810,3,2,2,0,2,3,0,60,1,0,1,0,0
200500025525,5,5,15,845,1,2,1,1,6,140,4370400,181700,810,3,2,2,0,1,1,0,50,1,0,1,0,0
200500025526,5,5,27,1645,1,1,1,1,6,271,4376500,170700,810,3,2,2,0,1,1,0,68,1,0,3,0,0
200500025527,5,5,7,1515,1,1,1,1,1,182,4371100,225500,810,3,2,2,0,1,1,0,51,1,0,1,0,0
200500025529,5,5,2,1645,1,1,1,1,1,146,4405600,201800,810,3,2,2,0,2,3,0,60,1,0,1,0,0
200500025530,5,5,8,1745,1,1,1,1,1,136,4400300,169700,810,3,2,2,0,1,3,0,63,1,0,1,0,0
200500025531,5,5,2,1000,1,1,1,1,6,145,4387600,179300,810,3,2,2,0,0,1,0,50,1,0,3,0,1
200500025532,5,5,5,915,1,1,1,2,1,239,4349300,245900,810,2,2,0,0,1,1,0,75,2,0,1,0,0
200500025534,5,5,28,315,3,1,1,1,6,87,4411500,125200,820,3,2,2,0,1,1,0,62,1,0,3,0,1
200500025537,5,5,14,800,1,1,1,8,3,38,4424400,178400,820,3,2,1,0,2,2,0,99,2,0,1,0,0
200500025538,5,5,22,1200,1,1,2,2,3,59,4385300,95600,820,4,2,2,0,2,1,0,41,2,0,3,0,0
200500025539,5,5,9,1830,1,1,3,1,3,75,4384200,129200,820,2,2,0,0,1,1,0,107,1,5,1,0,0
200500025547,5,5,23,2330,3,1,1,1,6,125,4394400,124000,820,3,2,2,0,1,2,0,57,1,0,3,0,1
200500025548,5,5,29,1745,1,1,1,1,7,32,4419400,97000,820,3,2,0,0,1,2,54,0,1,0,3,0,0
200500025550,5,5,20,2100,5,2,1,1,1,68,4584900,482800,690,9,2,0,0,1,0,0,0,1,0,1,0,0
200500025554,5,5,15,1445,1,2,1,1,1,298,4565400,498500,690,3,2,2,0,1,1,0,0,1,0,1,0,0
200500025559,5,5,15,2315,3,1,1,1,1,67,4575200,456700,690,3,2,2,0,2,1,0,50,1,0,1,0,0
200500025563,5,5,28,1245,1,1,1,1,1,227,4565700,454200,690,4,0,2,0,1,1,0,48,1,0,1,0,0
200500025566,5,5,7,2000,2,1,1,2,6,215,4602700,466900,690,3,2,0,0,1,1,0,60,2,0,1,0,0
200500025571,5,5,11,1300,1,1,1,1,3,12,4620100,454600,690,3,2,2,0,2,3,0,62,1,0,1,0,0
200500025572,5,5,13,945,1,1,1,1,7,209,4622800,442700,690,3,2,0,0,1,1,0,0,1,0,2,0,0
200500025573,5,5,20,1815,1,2,1,1,1,104,4624700,467800,690,3,2,1,0,2,3,0,52,1,0,1,0,0
200500025574,5,5,30,1545,1,1,1,1,1,185,4626800,455300,690,4,2,1,0,1,3,0,36,1,0,1,0,0
200500025575,5,5,11,830,1,1,1,1,1,206,4605100,472200,690,2,2,0,0,1,1,130,110,1,0,1,0,0
200500025579,5,5,24,1645,1,1,1,1,3,36,4612300,467900,690,3,2,0,0,1,1,0,63,1,0,1,0,0
200500025583,5,5,5,1530,1,1,1,8,6,188,4592000,449100,690,3,3,2,0,1,3,0,77,1,0,3,0,1
200500025585,5,5,31,1245,1,1,9,1,1,385,4620000,517000,10,3,2,2,3,1,1,0,105,1,0,1,0,0
200500025588,5,5,8,2245,5,2,1,1,6,24,4629100,516100,10,3,2,2,0,1,1,6,60,1,5,1,0,0
200500025589,5,5,14,345,3,1,1,3,7,236,4634000,507000,10,3,2,2,0,1,2,0,65,2,0,3,0,1
200500025590,5,5,13,1100,1,1,1,1,7,128,4646000,510000,10,4,2,1,0,1,1,0,30,1,0,1,0,1
200500025591,5,5,18,1900,1,2,1,1,3,163,4638100,518000,10,3,2,0,0,1,1,0,64,1,5,1,0,0
200500025593,5,5,20,900,1,1,1,1,2,232,4631200,523800,10,3,2,0,0,3,1,0,0,1,0,0,0,0
200500025595,5,5,26,300,3,1,1,1,1,199,4605600,538400,10,2,2,2,0,1,1,0,76,1,0,1,0,1
200500025601,5,5,8,1745,1,1,1,1,6,213,4593000,527900,10,4,2,2,0,1,1,70,0,1,0,1,0,0
200500025602,5,5,13,2200,5,2,1,1,1,224,4578000,520700,10,3,2,2,0,1,1,0,72,1,0,1,0,0
200500025603,5,5,17,1645,1,1,6,1,6,47,4585500,525400,10,3,2,2,0,1,1,30,90,8,0,1,0,0
200500025604,5,5,18,2000,2,1,1,7,1,366,4589400,526700,10,3,2,2,0,1,3,0,56,1,0,1,0,0
200500025605,5,5,5,1515,1,1,1,2,1,300,4615900,565700,10,3,2,2,0,2,4,0,59,2,0,1,0,0
200500025606,5,5,8,1600,1,2,1,1,6,269,4615700,560600,10,2,1,1,0,1,1,64,0,1,0,1,0,0
200500025607,5,5,10,1715,1,2,1,1,6,265,4617200,557500,10,2,2,3,0,1,1,0,0,1,0,1,0,0
200500025613,5,5,10,1015,1,2,1,1,3,281,4629000,608600,10,2,2,0,0,1,2,0,0,1,5,1,0,0
200500025617,5,5,18,1300,1,1,1,1,2,43,4583300,500400,10,9,2,2,0,1,3,0,120,1,0,1,0,0
200500025620,5,5,7,845,1,2,1,1,7,252,4614000,480000,10,3,2,1,0,1,1,0,0,1,0,0,0,0
200500025621,5,5,25,1515,1,2,1,1,3,252,4615000,482000,10,3,0,2,0,1,3,0,46,1,0,1,0,0
200500025622,5,5,27,1730,1,2,1,1,3,28,4611400,490300,10,3,2,0,0,2,1,0,80,1,0,1,0,0
200500025623,5,5,2,1615,1,1,1,1,2,289,4464200,442600,70,2,2,2,0,1,1,0,78,1,0,1,0,0
200500025624,5,5,20,715,1,1,9,1,3,155,4462000,434000,70,3,2,2,0,2,3,0,46,1,0,1,0,1
200500025628,5,5,12,830,1,2,1,1,7,191,4459300,470600,70,2,2,2,0,1,4,0,71,1,0,1,3,1
200500025629,5,5,19,1215,1,1,9,1,3,191,4458300,470700,70,3,2,0,0,2,1,0,72,1,0,1,0,0
200500025631,5,5,11,715,2,2,1,1,7,27,4484100,481500,70,3,2,0,0,1,1,6,80,1,5,1,0,0
200500025632,5,5,12,330,5,2,1,1,6,110,4448200,424300,70,3,2,0,0,1,1,0,0,1,0,3,0,0
200500025633,5,5,15,1600,1,2,7,1,1,110,4448500,424000,70,6,2,2,0,1,0,0,0,1,5,1,0,0
200500025634,5,5,26,1730,1,1,1,1,3,109,4457500,426700,70,3,2,2,0,2,3,0,53,1,0,1,0,0
200500025636,5,5,21,1715,1,1,1,1,1,280,4432800,416100,70,3,2,2,0,1,4,57,0,1,0,1,0,1
200500025638,5,5,1,315,3,1,9,1,6,41,4527400,467900,70,2,2,0,0,2,2,0,81,1,0,1,0,1
200500025639,5,5,27,2345,3,1,1,1,6,342,4523900,460400,70,3,2,2,0,1,2,0,55,1,0,1,0,0
200500025640,5,5,30,1300,1,2,9,8,1,250,4514900,471000,70,3,2,2,0,0,0,0,58,0,0,0,0,0
200500025645,5,5,2,1130,1,1,1,1,3,124,4486500,485400,260,2,2,3,0,1,2,0,133,1,0,1,0,1
200500025646,5,5,17,1200,1,1,1,1,3,289,4470000,515000,260,3,2,2,2,1,1,0,73,1,0,1,0,0
200500025648,5,5,13,530,2,1,1,1,6,116,4441400,471200,260,2,2,2,0,1,3,0,0,1,0,3,0,0
200500025649,5,5,2,45,3,1,1,1,6,367,4438700,509900,260,3,2,2,0,2,1,0,68,1,0,1,0,1
200500025651,5,5,25,800,1,1,1,1,2,348,4444300,494400,260,3,2,2,0,1,1,0,58,1,0,1,0,0
200500025655,5,5,19,1845,1,2,1,1,2,307,4502900,528800,260,3,2,2,0,2,2,0,0,1,0,1,0,0
200500025656,5,5,1,1215,1,1,3,1,3,9,4526400,482400,260,2,2,2,0,1,1,0,0,1,5,1,0,0
200500025657,5,5,26,1615,1,1,1,1,5,325,4530200,482100,260,2,2,2,0,1,1,0,65,1,0,1,0,1
200500025660,5,5,9,1215,1,2,1,1,2,314,4543700,601400,380,3,0,1,0,1,1,0,0,1,0,1,0,0
200500025668,5,5,17,1100,1,1,1,1,2,304,4495300,577900,380,2,2,1,0,0,1,0,0,1,0,1,0,0
200500025669,5,5,29,30,3,1,1,1,7,497,4490900,581300,380,4,2,0,0,1,1,0,50,1,0,0,0,0
200500025670,5,5,19,1400,1,1,1,1,1,243,4478300,564600,380,2,2,2,0,2,3,0,77,8,0,1,0,0
200500025671,5,5,6,2245,3,1,1,1,6,68,4511000,573000,380,4,0,2,0,2,1,0,0,1,0,0,0,0
200500025672,5,5,8,900,1,2,1,1,6,529,4511000,580000,380,3,2,2,0,1,1,0,65,1,5,1,0,1
200500025674,5,5,15,1500,1,1,1,1,1,212,4508800,589900,380,2,2,0,0,1,1,0,70,1,0,1,0,0
200500025676,5,5,22,1145,1,1,1,1,1,559,4522400,543600,380,2,2,2,0,2,1,0,0,1,0,1,0,0
200500025677,5,5,20,915,1,1,1,1,3,455,4562500,535300,380,3,2,2,0,1,1,0,40,1,0,1,0,0
200500025678,5,5,23,815,1,1,1,2,6,374,4565300,535400,380,3,2,2,0,1,2,0,0,2,0,3,0,0
200500025679,5,5,26,1645,1,2,1,1,6,348,4558900,532700,380,3,3,1,0,1,1,13,63,1,0,1,0,0
200500025681,5,5,22,1530,1,1,1,1,3,176,4564000,521100,380,3,2,0,0,1,1,0,55,1,0,1,0,1
200500025682,5,5,13,2230,2,2,1,1,6,182,4539900,542300,380,4,0,0,0,1,1,50,0,1,0,1,0,0
200500025683,5,5,10,2015,2,1,1,1,3,320,4585700,540600,380,2,2,0,0,1,1,50,112,1,5,1,0,0
200500025684,5,5,16,1745,3,1,1,1,6,539,4587600,536500,380,3,2,2,0,0,0,0,50,1,0,1,0,0
200500025685,5,5,22,630,2,1,1,2,1,135,4576900,540500,380,2,2,2,0,1,3,0,0,2,0,0,0,0
200500025686,5,5,23,745,1,1,1,2,1,320,4584300,541500,380,2,2,2,0,2,3,0,73,2,0,1,0,0
200500025687,5,5,27,2345,3,1,1,1,6,26,4583400,531900,380,3,2,0,0,0,1,0,70,1,0,3,0,0
200500025688,5,5,28,1915,1,2,1,1,6,320,4582500,539300,380,3,2,2,0,0,1,0,65,1,0,1,0,0
200500025689,5,5,28,2100,3,1,1,1,7,295,4583700,533300,380,3,2,2,0,0,2,0,70,1,0,1,0,0