Num_Acc,an,mois,jour,hrmn,lum,agg,int,atm,col,com,lat,long,dep,catr,circ,nbv,vosp,prof,plan,lartpc,larrout,surf,infra,situ,env1,killed
200500025690,5,5,31,1630,1,1,1,1,1,54,4579300,543000,380,3,2,0,0,0,1,70,0,1,0,1,0,0
200500025691,5,5,6,2100,1,1,1,1,6,261,4565800,546100,380,3,0,0,0,1,2,0,0,1,0,1,0,0
200500025700,5,5,21,1030,1,1,1,1,3,198,4533800,494900,380,3,3,2,0,1,1,5,206,1,5,1,0,0
200500025701,5,5,29,845,1,1,2,1,3,49,4541900,515000,380,3,2,2,0,0,1,0,60,1,0,1,0,0
200500025702,5,5,7,2045,2,2,1,1,7,72,4532300,482500,380,4,2,2,0,1,4,0,0,1,0,1,0,0
200500025703,5,5,27,1815,1,1,1,1,6,3,4534500,487400,380,3,2,0,0,1,1,0,0,1,0,1,0,0
200500025705,5,5,20,2215,3,1,1,1,6,302,4550300,445600,420,3,2,2,0,1,3,0,56,1,0,0,0,0
200500025708,5,5,28,2000,1,1,1,1,7,5,4555900,430300,420,9,2,0,0,1,2,0,66,1,0,3,0,0
200500025715,5,5,19,1900,1,1,1,1,3,242,4555200,461500,420,3,2,2,0,2,2,0,76,0,0,1,0,0
200500025717,5,5,19,1715,1,2,1,1,7,56,4543700,474300,420,2,2,2,0,1,1,0,58,1,0,1,0,0
200500025718,5,5,24,1600,1,2,1,1,1,132,4538900,472600,420,3,2,0,0,1,1,41,0,1,0,1,0,0
200500025724,5,5,4,1245,1,2,1,1,7,3,4609700,391200,420,3,2,0,0,2,1,0,58,1,0,1,0,0
200500025725,5,5,7,1700,1,1,1,1,6,16,4617700,397300,420,3,2,2,0,0,3,0,58,1,0,3,0,0
200500025726,5,5,17,1415,1,1,1,1,3,231,4609900,394100,420,3,2,2,0,0,1,0,64,1,0,1,0,0
200500025727,5,5,21,915,1,1,1,8,7,3,4613400,389600,420,3,2,2,0,1,3,0,60,2,4,0,0,0
200500025728,5,5,26,1615,1,1,1,1,1,49,4614100,389700,420,2,2,0,0,1,3,0,85,1,0,1,0,1
200500025729,5,5,24,915,1,1,1,1,1,276,4596800,374500,420,3,2,2,0,1,2,0,0,1,0,1,0,0
200500025730,5,5,20,1700,1,1,1,1,7,98,4564600,599200,730,3,2,2,0,2,2,0,62,1,0,1,0,0
200500025733,5,5,20,1730,1,2,1,1,3,30,4558000,598700,730,3,2,2,0,2,1,0,57,1,0,1,0,0
200500025735,5,5,28,1815,1,2,1,1,1,89,4550800,610500,730,3,2,0,0,1,1,0,0,1,0,1,0,0
200500025736,5,5,21,745,1,1,3,1,3,36,4573600,611000,730,3,2,2,0,1,1,0,63,1,0,1,0,0
200500025737,5,5,29,2000,1,1,1,1,3,85,4581500,583400,730,3,2,0,2,3,3,0,92,1,2,1,0,1
200500025740,5,5,7,1600,1,2,1,1,7,183,4553000,596800,730,4,0,2,0,1,1,0,31,1,0,1,0,0
200500025741,5,5,14,1915,1,1,1,1,3,18,4550900,607300,730,2,2,0,0,1,1,0,130,1,0,1,0,0
200500025742,5,5,9,800,1,2,1,1,2,330,4570900,577500,730,2,2,2,0,1,1,0,75,1,0,1,0,0
200500025743,5,5,13,1430,1,2,1,1,3,179,4560300,588800,730,4,2,2,0,1,3,0,70,1,0,1,0,1
200500025744,5,5,27,1130,1,2,1,1,3,330,4570800,576300,730,3,2,2,0,1,1,0,72,1,0,1,0,0
200500025745,5,5,30,200,5,2,1,1,6,58,4552900,573800,730,3,2,2,0,1,1,0,65,1,0,3,0,0
200500025746,5,5,9,815,1,1,1,1,3,184,4558200,579900,730,3,2,3,3,1,1,0,100,1,0,1,0,0
200500025747,5,5,14,1445,1,1,1,1,6,246,4546000,580000,730,2,2,2,0,2,2,0,0,2,0,3,0,0
200500025748,5,5,28,1900,1,2,1,1,3,204,4554000,567400,730,2,2,2,0,1,1,0,60,9,0,1,0,0
200500025752,5,5,15,1045,1,1,1,1,5,211,4571300,643500,730,3,2,2,0,1,1,66,0,1,0,1,0,0
200500025768,5,5,3,1715,1,2,1,3,3,173,4586300,661900,740,2,2,2,0,1,1,0,88,2,0,1,0,0
200500025769,5,5,9,1500,1,2,6,1,5,173,4586400,662100,740,2,2,2,0,1,2,0,80,1,0,1,0,0
200500025771,5,5,1,1300,1,1,3,1,3,18,4611200,633100,740,3,2,2,0,1,1,60,0,1,0,1,0,0
200500025775,5,5,1,830,1,1,1,1,2,243,4613000,605000,740,3,2,2,0,1,3,0,80,1,0,1,0,0
200500025776,5,5,2,1545,1,1,1,1,7,243,4611000,610000,740,3,2,2,0,2,1,0,80,1,0,0,0,0
200500025777,5,5,20,1530,1,1,1,1,2,44,4616000,616700,740,2,2,2,0,1,1,0,72,1,0,1,0,0
200500025783,5,5,8,1645,1,2,1,1,3,315,4637300,633000,740,4,2,2,0,2,1,0,0,1,0,1,0,0
200500025784,5,5,9,900,1,2,1,1,6,105,4631000,630500,740,2,2,2,0,1,1,0,64,1,0,1,0,0
200500025785,5,5,13,1615,1,1,1,1,3,43,4626200,634200,740,3,2,0,0,1,3,0,71,1,0,1,0,0
200500025786,5,5,14,1800,1,1,1,1,6,121,4635400,634500,740,4,2,2,0,1,1,0,50,1,0,3,0,0
200500025787,5,5,25,1400,1,1,1,1,3,5,4634400,646000,740,3,3,2,0,1,1,45,380,1,5,1,0,0
200500025788,5,5,1,2115,5,1,1,1,6,286,4633500,666100,740,3,2,2,0,0,3,0,0,1,0,3,0,0
200500025789,5,5,15,2000,1,1,1,1,6,1,4629800,676100,740,3,2,2,0,2,3,0,63,1,0,3,0,0
200500025790,5,5,15,1500,1,2,1,1,6,73,4634500,661500,740,4,2,2,0,2,1,0,58,1,0,1,0,0
200500025791,5,5,3,1915,1,1,1,1,1,166,4638500,651400,740,3,2,2,0,0,2,0,64,8,0,1,0,0
200500025792,5,5,24,2015,2,1,1,1,1,249,4638500,661700,740,4,2,2,0,1,0,0,35,1,0,1,0,0
200500025795,5,5,8,1845,1,2,1,1,3,42,4583300,308200,630,4,2,2,0,1,1,0,50,1,0,1,0,0
200500025798,5,5,1,1715,1,1,1,1,2,307,4571600,307500,630,2,2,2,0,2,3,0,77,1,0,1,0,0
200500025802,5,5,11,1345,1,1,1,1,1,305,4568900,280700,630,3,0,2,0,1,3,0,57,1,2,1,0,0
200500025803,5,5,27,1745,1,1,1,1,1,305,4568200,279800,630,2,2,3,0,4,2,0,106,1,0,1,0,0
200500025804,5,5,8,415,5,1,9,1,3,262,4570600,316200,630,3,2,2,0,3,1,0,66,1,5,1,0,0
200500025806,5,5,27,1745,1,2,1,1,6,3,4555300,374100,630,3,2,2,0,1,1,0,60,1,0,1,0,0
200500025807,5,5,15,1630,1,1,1,1,1,258,4568400,362200,630,3,2,2,0,2,2,0,72,1,0,1,0,0
200500025808,5,5,27,745,1,1,1,1,1,23,4560200,356000,630,3,2,2,0,1,4,0,46,1,0,1,0,0
200500025809,5,5,4,1415,1,2,1,1,3,178,4554400,325000,630,3,2,0,0,1,0,0,50,1,5,1,0,0
200500025810,5,5,9,1900,1,2,1,1,7,178,4555000,323900,630,4,2,0,0,1,1,0,0,1,0,1,0,0
200500025811,5,5,27,1915,1,1,1,1,7,77,4556200,284900,630,3,2,0,0,2,2,0,0,1,0,1,0,0
200500025813,5,5,1,1200,1,2,1,1,1,313,4539300,299200,630,3,2,1,0,0,0,0,0,1,0,1,0,0
200500025814,5,5,31,1345,1,1,1,1,1,397,4560000,268200,630,3,2,2,0,4,3,0,75,1,0,1,0,1
200500025815,5,5,26,1415,1,1,1,1,1,470,4587400,299600,630,3,2,0,0,0,1,0,50,1,0,1,0,0
200500025816,5,5,5,445,3,1,1,1,6,379,4598000,313000,630,3,2,2,0,2,1,0,56,1,0,3,0,0
200500025817,5,5,31,1900,1,2,9,1,7,92,4589100,298500,630,3,2,2,0,1,0,0,56,1,0,0,3,0
200500025818,5,5,28,1900,1,1,1,1,7,295,4600300,335900,630,3,2,2,0,2,2,0,60,1,0,1,0,1
200500025819,5,5,30,1200,1,1,1,1,7,148,4590100,321300,630,3,2,0,0,1,1,0,76,1,0,3,0,1
200500025820,5,5,25,1330,1,1,1,1,6,349,4595800,289500,630,3,2,2,0,1,1,0,63,1,0,1,0,0
200500025821,5,5,22,1630,1,1,1,2,6,285,4583200,284400,630,3,2,2,0,1,3,0,64,2,0,3,0,0
200500025822,5,5,22,100,3,1,1,1,6,140,4618500,288300,630,3,2,2,0,2,2,0,70,1,0,1,0,1
200500025823,5,5,26,800,1,2,1,1,4,430,4584600,351300,630,2,2,0,0,1,1,80,40,1,0,1,0,0
200500025824,5,5,5,600,3,1,1,1,7,125,4576500,354200,630,3,2,0,0,1,1,0,71,1,0,3,0,0
200500025825,5,5,17,1930,1,2,1,1,3,131,4586600,333600,630,3,2,0,0,1,1,0,75,1,0,1,0,0
200500025826,5,5,28,1900,1,1,1,1,1,271,4590500,353600,630,4,0,0,0,1,0,0,0,9,0,1,0,0
200500025827,5,5,29,315,5,2,1,1,6,286,4651400,336100,30,2,3,0,0,1,1,45,80,1,0,1,0,1
200500025830,5,5,1,1845,1,1,1,1,5,176,4637000,329000,30,2,2,2,0,2,3,0,80,1,0,1,0,0
200500025831,5,5,9,2315,3,1,1,1,7,145,4629900,256200,30,3,2,0,0,1,2,0,0,1,0,3,0,0
200500025834,5,5,24,1830,1,2,1,1,3,297,4654100,261200,30,3,2,0,0,1,1,0,70,1,0,1,0,0
200500025835,5,5,27,1800,1,2,1,1,3,153,4646500,271500,30,3,3,1,0,0,0,0,0,1,0,1,0,0
200500025836,5,5,3,1030,1,1,1,1,1,43,4621200,328100,30,2,2,1,0,1,2,0,0,2,0,1,0,0
200500025838,5,5,12,930,1,2,1,1,6,138,4625100,363600,30,4,2,2,0,2,3,0,66,1,0,1,0,0
200500025841,5,5,9,1430,1,1,1,1,6,298,4633600,337700,30,4,2,0,0,1,1,40,0,1,0,1,0,0
200500025842,5,5,24,1730,1,1,1,1,7,29,4623300,343400,30,2,2,2,0,1,1,0,73,1,0,1,0,0
200500025843,5,5,30,1030,1,1,1,2,1,221,4488700,233800,150,3,2,0,0,2,3,0,71,2,0,1,0,0
200500025846,5,5,14,515,3,1,1,2,6,261,4524200,238800,150,3,2,0,0,1,2,0,60,2,0,3,0,1
200500025847,5,5,22,1815,1,1,1,2,3,19,4531000,241000,150,3,2,0,0,1,2,0,0,2,0,1,0,0
200500025848,5,5,4,1615,1,2,1,1,3,187,4504300,308800,150,4,2,0,0,0,1,0,74,1,0,0,0,0
200500025849,5,5,12,1400,1,1,1,1,1,187,4502500,305700,150,3,2,2,0,1,2,0,70,1,0,1,0,0
200500025850,5,5,13,1530,1,2,1,1,6,187,4503800,308800,150,4,2,2,0,1,1,0,0,1,0,1,0,0
200500025851,5,5,10,1600,1,1,1,1,1,197,4507000,371700,430,3,2,2,0,2,3,0,0,1,0,1,0,0
200500025852,5,5,28,1600,1,1,1,1,7,18,4502500,378800,430,3,2,2,0,1,1,0,76,1,0,3,0,0
200500025853,5,5,5,1500,1,1,1,1,6,111,4483200,387100,430,2,2,2,0,2,3,0,76,1,0,0,0,0
200500025855,5,5,21,1200,1,1,1,1,7,135,4493700,401800,430,3,2,2,0,2,2,0,68,1,0,3,0,0
200500025856,5,5,2,830,1,1,3,1,3,113,4501200,399600,430,3,2,0,0,2,1,0,60,1,5,0,0,0
200500025858,5,5,14,1415,1,1,1,1,7,239,4508200,367100,430,3,2,0,0,2,3,0,0,1,0,1,0,0
200500025859,5,5,29,1815,1,1,3,1,1,72,4523400,347600,430,2,2,2,0,0,1,0,76,1,0,1,0,0
200500025860,5,5,5,1215,1,2,3,8,3,123,4534000,326700,430,3,2,1,0,2,1,0,48,2,5,1,0,0
200500025861,5,5,11,1315,1,1,1,1,7,25,4523000,405500,430,3,2,2,0,1,3,0,65,1,0,3,0,0
200500025863,5,5,1,1345,1,1,1,1,7,20,4533900,414400,430,3,0,0,0,1,2,0,70,1,0,3,0,0
200500025864,5,5,24,1315,1,1,1,1,1,224,4525700,422900,430,3,2,2,0,1,1,0,70,1,0,1,0,0
200500025865,5,5,23,1215,1,1,1,1,1,130,4503000,424000,430,3,0,2,0,2,1,0,63,9,0,1,0,1
200500025866,5,5,28,945,1,1,1,1,3,87,4523200,434000,430,4,2,0,0,1,1,0,48,1,0,1,0,0
200500025872,5,5,16,1915,1,1,2,1,5,482,4911900,628900,570,2,2,2,0,0,1,0,74,1,0,1,0,1
200500025873,5,5,30,730,1,2,1,8,1,296,4923000,660300,570,3,2,1,0,1,1,0,60,2,0,1,0,0
200500025874,5,5,4,1730,1,1,1,1,7,413,4912000,661400,570,2,2,0,0,2,2,0,0,1,0,1,0,0
200500025875,5,5,7,900,1,2,1,8,6,209,4904200,660100,570,3,2,2,0,1,1,0,74,2,2,3,0,0
200500025876,5,5,29,1930,1,1,1,1,7,381,4887600,644800,570,3,2,2,0,1,3,0,71,0,0,3,0,0
200500025877,5,5,16,1615,1,2,1,1,6,58,4916200,696400,570,3,2,0,0,1,1,0,60,1,0,1,0,0
200500025878,5,5,22,1730,1,2,1,2,1,61,4914300,684100,570,3,2,0,0,3,1,0,74,2,0,1,0,0
200500025879,5,5,28,1900,1,1,1,1,6,122,4906900,684800,570,3,2,2,0,1,2,0,63,1,0,3,0,0
200500025881,5,5,4,1700,1,2,1,1,3,14,4903400,682200,570,3,2,0,0,2,1,0,55,1,0,1,0,0
200500025882,5,5,22,1730,1,2,1,1,5,325,4901800,691800,570,3,2,2,0,1,1,0,63,1,0,1,0,0
200500025884,5,5,4,1930,2,2,1,2,6,564,4866900,683800,570,3,2,0,0,1,1,60,0,2,0,1,0,0
200500025887,5,5,14,1345,1,1,1,3,5,750,4909900,718800,570,2,2,2,0,0,1,0,0,2,0,1,0,0
200500025888,5,5,18,1715,1,1,1,1,1,651,4905800,733800,570,2,3,0,0,1,2,100,50,1,5,1,0,0
200500025889,5,5,17,1230,1,1,1,1,7,619,4898900,736800,570,3,2,2,0,1,3,0,50,1,0,3,0,1
200500025893,5,5,18,2200,1,2,1,1,1,474,4926800,615700,570,3,2,2,0,1,3,0,123,1,0,1,0,0
200500025900,5,5,14,2345,5,2,1,1,6,196,4857800,618600,540,3,2,0,0,0,3,0,0,1,0,4,0,0
200500025909,5,5,27,1645,1,1,1,7,3,334,4930600,586600,540,3,2,2,0,1,1,0,60,1,0,1,0,0
200500025913,5,5,21,830,1,1,1,2,3,585,4844000,633500,540,3,2,0,0,2,0,60,40,2,5,1,0,0
200500025915,5,5,2,1700,1,1,1,1,1,259,4855500,673900,540,2,2,2,0,1,1,0,86,1,0,1,0,1
200500025918,5,5,27,1900,1,1,1,1,6,494,4867600,504700,550,4,2,1,0,1,2,0,31,1,0,1,0,0
200500025919,5,5,23,1215,1,1,1,1,2,46,4897500,580700,550,3,2,2,0,1,1,0,74,1,0,1,0,1
200500025922,5,5,15,1345,1,1,1,1,1,571,4933800,524600,550,3,2,2,0,4,1,0,60,1,5,1,0,1
200500025924,5,5,14,1715,1,1,1,1,3,473,4907300,564700,550,3,4,3,3,1,1,0,108,1,5,1,0,0
200500025925,5,5,28,2200,2,1,1,1,1,339,4924900,552800,550,3,2,2,0,1,3,0,46,1,0,1,0,0
200500025926,5,5,29,1945,1,2,1,1,3,13,4941800,565900,550,4,2,2,0,1,1,0,70,1,5,1,0,0
200500025927,5,5,20,1700,1,2,1,1,6,78,4821500,672100,880,3,2,0,0,1,1,0,75,1,6,1,3,0
200500025928,5,5,29,1845,1,2,1,1,7,266,4817500,668000,880,9,2,2,0,3,2,0,60,1,0,1,0,0
200500025929,5,5,20,1700,1,2,1,1,3,513,4834800,633400,880,4,2,0,0,1,1,20,30,1,0,1,0,0
200500025931,5,5,1,930,1,1,1,7,6,497,4830800,641000,880,3,2,1,0,1,3,60,60,1,0,3,0,0
200500025936,5,5,27,1830,1,2,1,1,1,498,4798700,663500,880,3,2,2,0,1,1,0,60,1,0,1,0,0
200500025940,5,5,5,1145,1,1,1,1,1,468,4789200,675300,880,2,2,0,0,1,1,0,74,1,0,1,0,0
200500025941,5,5,6,1900,2,2,1,8,1,468,4788100,676600,880,3,2,0,0,2,1,0,75,2,0,1,0,0
200500025942,5,5,16,1000,1,2,1,2,6,468,4788600,676300,880,2,2,2,0,1,1,0,68,2,0,1,0,0
200500025944,5,5,31,2115,2,1,1,1,6,349,4812500,703900,880,3,2,2,0,0,2,0,58,1,0,3,0,0
200500025945,5,5,14,645,1,2,9,1,1,115,4817300,687700,880,3,2,0,0,2,3,0,60,1,0,1,0,0
200500025946,5,5,26,1430,1,1,1,1,6,277,4850900,707800,880,3,2,2,0,2,2,0,55,1,0,1,0,1
200500025947,5,5,30,800,1,2,1,2,2,319,4838400,691300,880,4,2,0,0,2,1,0,50,2,0,1,0,0
200500025948,5,5,29,1930,1,2,9,1,6,28,4838100,759600,670,2,3,0,3,1,3,0,0,1,3,1,0,0
200500025950,5,5,14,1645,1,2,1,1,7,378,4847600,772800,670,3,2,2,0,1,1,0,0,1,0,1,0,0
200500025951,5,5,27,730,1,2,1,1,1,137,4849400,767800,670,3,2,1,0,1,2,0,0,1,0,1,0,0
200500025952,5,5,4,2345,5,2,1,2,3,130,4842700,766200,670,4,2,2,0,1,1,0,63,2,0,1,0,0
200500025953,5,5,14,630,1,1,1,1,7,130,4842600,764000,670,2,3,4,0,1,1,10,140,1,0,3,0,1
200500025954,5,5,19,2000,2,1,3,7,3,364,4840700,763000,670,3,2,0,0,3,1,0,0,1,0,1,0,1
200500025955,5,5,2,1330,1,2,1,1,1,300,4854200,749200,670,3,2,0,0,0,1,0,77,1,0,1,0,0
200500025956,5,5,20,1500,2,1,1,1,1,313,4854300,745800,670,2,2,0,0,2,2,80,80,1,3,1,0,0
200500025957,5,5,20,945,1,1,1,1,3,127,4857200,752900,670,3,2,0,1,1,1,80,80,1,0,1,0,0
200500025958,5,5,6,1200,1,2,1,1,3,45,4849300,749600,670,3,2,2,0,1,2,60,0,1,0,1,0,0
200500025959,5,5,19,1800,1,2,3,1,3,411,4849800,747000,670,9,2,0,0,1,1,0,81,1,0,1,0,0
200500025960,5,5,3,1815,1,1,1,1,2,442,4860600,753000,670,3,2,2,0,1,1,0,55,1,0,1,0,0
200500025961,5,5,7,1615,5,1,2,1,3,282,4861900,750000,670,3,2,2,0,1,1,0,62,1,0,1,0,0
200500025962,5,5,25,1200,1,1,1,1,7,81,4858900,753300,670,3,2,0,0,1,1,0,0,1,0,1,0,0
200500025963,5,5,17,1515,1,2,1,1,3,61,4883300,748900,670,3,2,0,0,1,1,0,0,1,0,1,0,0
200500025964,5,5,27,800,1,2,1,1,6,372,4884800,760700,670,3,1,0,0,1,3,0,55,1,0,1,0,0
200500025965,5,5,16,1830,2,1,9,2,3,89,4875300,746600,670,3,2,0,0,1,0,0,80,2,5,1,0,0
200500025967,5,5,3,1615,1,1,1,1,2,105,4887300,717400,670,2,2,2,0,0,1,0,72,1,0,1,0,0
200500025969,5,5,1,1800,1,1,3,1,1,191,4900000,706000,670,3,2,0,0,1,2,0,0,1,5,0,0,0
200500025970,5,5,4,1915,1,1,1,1,6,47,4895000,702200,670,4,2,0,0,0,1,0,55,1,0,3,0,0
200500025972,5,5,16,1000,1,2,1,1,6,70,4890500,711100,670,3,2,2,0,2,2,0,65,1,0,1,0,0
200500025973,5,5,16,1145,1,1,1,1,6,483,4890300,725200,670,3,2,2,0,0,3,0,60,1,0,0,0,0
200500025978,5,5,21,1715,1,2,1,1,6,202,4876400,756500,670,3,2,0,0,2,1,0,60,1,0,4,0,0
200500025980,5,5,10,1230,1,2,9,1,6,150,4861400,756000,670,2,2,2,0,1,1,0,70,1,5,1,0,0
200500025981,5,5,29,930,1,1,1,1,1,350,4860900,764500,670,2,2,3,3,3,2,0,110,1,5,1,0,1
200500025982,5,5,8,1900,1,1,3,1,3,196,4832200,758800,670,3,2,2,0,1,1,0,60,0,5,1,0,0
200500025984,5,5,26,1430,1,1,1,1,1,416,4904000,790000,670,3,2,0,0,2,1,0,60,1,0,1,0,0
200500025985,5,5,5,1430,1,1,1,1,1,463,4892100,812700,670,3,2,2,0,1,2,0,0,1,0,1,0,0
200500025986,5,5,29,1500,1,2,7,1,3,261,4897900,818100,670,3,2,2,0,2,1,0,0,1,0,1,0,0
200500025989,5,5,17,1200,1,2,1,1,6,550,4894000,774000,670,3,1,1,0,1,1,0,60,1,0,1,0,0
200500025990,5,5,27,1115,1,2,1,1,7,511,4889000,778000,670,4,2,1,0,0,0,0,35,1,0,1,3,1
200500025994,5,5,4,1530,1,1,1,1,3,296,4822500,740500,680,2,1,1,0,1,1,0,38,1,5,1,0,0
200500025995,5,5,11,1315,1,1,1,1,1,269,4819500,734600,680,3,2,2,0,1,3,0,70,1,0,1,0,0
200500025996,5,5,18,830,1,1,1,1,3,296,4822400,740600,680,2,1,1,0,1,1,0,30,1,0,1,0,0
200500025997,5,5,8,1445,1,1,1,1,3,298,4824800,721900,680,3,2,0,0,0,2,0,52,1,0,1,0,0
200500025998,5,5,26,1830,1,1,1,7,7,222,4753200,741600,680,3,2,2,0,1,1,0,63,1,0,1,0,1
200500026000,5,5,24,1630,1,2,1,1,3,58,4793100,718600,680,4,2,2,0,1,2,0,50,1,0,1,0,0
200500026001,5,5,19,1500,1,2,1,1,3,291,4785500,752400,680,9,2,2,0,1,1,0,60,1,0,1,3,0
200500026002,5,5,22,1530,1,1,1,2,6,41,4788800,755300,680,3,2,2,0,1,1,0,70,2,0,1,0,0
200500026003,5,5,18,1815,1,1,1,1,7,43,4786200,724400,680,2,3,2,0,1,1,0,42,1,0,1,0,0
200500026004,5,5,20,2345,5,1,1,2,6,343,4788100,731600,680,3,2,2,0,1,1,0,65,2,0,1,0,0
200500026005,5,5,31,1415,1,2,1,1,6,287,4796300,730100,680,4,2,2,0,1,1,0,55,1,0,1,0,0
200500026008,5,5,18,1315,1,2,1,1,3,154,4778400,734600,680,3,2,2,0,1,1,0,90,1,0,1,0,0
200500026009,5,5,24,1900,1,2,1,1,1,195,4776800,729200,680,3,2,0,0,1,1,0,76,1,0,1,0,0
200500026012,5,5,22,1800,1,1,1,1,1,168,4757500,741100,680,3,2,0,0,3,2,0,62,1,0,1,0,0
200500026013,5,5,27,1500,1,1,1,1,1,42,4761700,749300,680,3,2,2,0,0,4,73,0,0,0,0,0,0
200500026015,5,5,6,1345,1,1,1,1,1,40,4782200,706000,680,3,2,2,0,2,3,0,71,1,0,1,0,0
200500026018,5,5,5,1315,1,2,1,1,3,89,4790300,698200,680,3,2,0,0,1,0,45,0,1,0,1,0,0
200500026019,5,5,28,130,5,2,1,1,6,89,4790000,698900,680,3,2,2,0,1,3,0,70,0,0,1,0,0
200500026020,5,5,8,1630,1,1,1,1,7,146,4889100,422300,510,3,2,0,0,1,1,0,77,1,0,0,0,0
200500026021,5,5,9,715,2,1,1,1,1,231,4897900,445300,510,2,2,2,0,2,1,0,78,1,0,1,0,0
200500026022,5,5,10,800,1,1,9,1,3,438,4897100,469100,510,3,2,0,0,1,1,0,60,1,0,1,0,0
200500026023,5,5,16,815,1,1,1,1,7,409,4886900,427500,510,2,2,2,0,3,1,0,80,1,0,3,0,0
200500026027,5,5,1,1430,1,1,1,1,7,612,4891800,399200,510,3,2,2,0,1,1,70,0,1,0,1,0,0
200500026028,5,5,29,1445,1,2,1,1,2,49,4888400,400600,510,3,2,2,0,1,2,70,0,1,0,1,0,0
200500026029,5,5,13,1000,1,1,1,2,3,545,4873600,421500,510,2,2,0,0,1,1,0,73,2,0,1,0,0
200500026030,5,5,27,530,1,1,1,1,1,545,4873700,421500,510,2,2,2,0,1,1,0,74,1,0,1,0,0
200500026031,5,5,1,115,3,1,1,1,6,265,4867900,382400,510,3,2,2,0,1,1,0,63,1,0,1,0,0
200500026032,5,5,5,2000,2,2,1,1,6,625,4876600,340500,510,3,2,2,0,1,1,0,30,1,0,3,0,0
200500026033,5,5,6,1545,1,1,1,1,7,402,4874400,351300,510,3,2,2,0,3,2,0,61,1,0,1,0,0
200500026034,5,5,9,700,1,1,2,1,3,237,4873300,357300,510,2,3,2,0,1,1,59,61,1,5,1,0,1
200500026035,5,5,14,1945,1,1,3,1,3,402,4874400,351200,510,3,2,2,0,1,1,0,60,1,0,1,0,0
200500026036,5,5,22,2030,1,1,1,1,3,343,4856700,370500,510,3,2,0,0,2,1,0,64,1,0,1,0,0
200500026037,5,5,1,700,1,2,1,1,6,250,4931700,367500,510,3,2,2,0,1,1,0,0,1,0,1,0,0
200500026038,5,5,11,1930,1,1,6,1,6,569,4926200,396000,510,2,2,0,0,1,2,0,0,1,5,1,0,0
200500026039,5,5,29,1015,1,1,1,1,1,391,4927200,392000,510,2,3,4,0,1,1,5,217,1,0,1,0,0
200500026040,5,5,31,815,1,2,1,1,1,365,4922600,397300,510,3,2,0,0,1,1,0,60,1,0,1,0,0
200500026041,5,5,6,2100,2,1,1,1,1,347,4905400,403700,510,3,2,0,0,1,3,0,47,1,0,1,0,1
200500026043,5,5,28,1630,1,1,1,1,2,423,4878000,487900,510,3,2,2,0,3,1,0,56,1,0,1,0,0
200500026044,5,5,30,1600,1,1,1,1,1,53,4917100,479400,510,3,2,0,0,1,1,0,62,1,0,1,0,0
200500026046,5,5,27,1715,1,2,1,1,6,81,4985400,476700,80,3,2,2,0,1,1,0,0,1,0,1,0,0
200500026047,5,5,18,900,1,2,1,1,6,363,4994400,463700,80,3,2,2,0,1,3,0,70,1,0,1,0,0
200500026051,5,5,5,2030,1,1,1,1,7,300,4956800,486800,80,3,2,2,0,1,1,0,60,1,0,1,0,0
200500026052,5,5,2,1730,1,2,1,1,6,404,4943100,416300,80,4,0,1,0,1,2,0,0,2,0,4,0,0
200500026053,5,5,1,1845,1,1,1,1,7,449,4972100,449400,80,3,2,2,0,3,1,0,56,1,0,1,0,0
200500026054,5,5,21,2315,3,1,1,1,7,419,4969000,439000,80,3,2,2,0,1,1,0,53,1,0,0,0,0
200500026058,5,5,23,1215,1,2,2,1,3,80,4805000,413000,100,3,2,0,0,1,1,0,55,1,5,1,0,0
200500026060,5,5,12,1715,1,1,9,1,7,287,4834200,435400,100,3,2,2,0,1,2,0,0,1,0,3,0,0
200500026061,5,5,17,1600,1,1,1,1,3,239,4834000,419000,100,3,3,2,0,2,1,0,76,1,0,1,0,0
200500026062,5,5,8,1915,1,2,1,1,7,187,4807600,447200,100,3,0,1,0,1,0,0,0,1,0,1,0,0
200500026067,5,5,19,330,3,1,1,1,7,323,4851200,369100,100,2,2,0,0,0,2,0,65,1,0,3,0,0
200500026068,5,5,19,1800,1,2,1,1,3,323,4849100,367400,100,3,2,2,0,1,1,80,0,1,5,1,0,0
200500026070,5,5,23,1330,1,2,1,1,7,258,4809800,478600,520,3,2,2,0,1,1,0,60,1,0,3,0,0
200500026071,5,5,26,845,1,1,1,1,7,274,4797700,488800,520,3,2,2,0,1,1,0,76,1,0,3,0,0
200500026072,5,5,29,1345,1,2,2,1,3,76,4808300,498300,520,3,2,2,0,1,1,0,76,1,0,1,0,0
200500026074,5,5,16,1630,1,2,1,1,6,8,4824800,530200,520,2,2,2,0,0,1,0,66,2,0,1,0,0
200500026075,5,5,16,1730,1,1,1,3,6,369,4830900,539500,520,3,2,2,0,2,1,0,42,2,0,1,0,0
200500026076,5,5,27,2145,1,2,1,1,7,401,4804800,525500,520,5,0,0,0,2,3,0,0,0,0,0,0,0
200500026077,5,5,15,1800,1,2,1,1,6,524,4828000,510000,520,3,2,2,0,1,2,0,54,1,0,4,0,0
200500026078,5,5,4,745,1,1,1,2,1,355,4783400,528900,520,3,2,0,0,1,2,0,48,2,0,1,0,0