Num_Acc,an,mois,jour,hrmn,lum,agg,int,atm,col,com,lat,long,dep,catr,circ,nbv,vosp,prof,plan,lartpc,larrout,surf,infra,situ,env1,killed
200500026081,5,5,1,1530,1,2,1,1,7,544,4785900,574200,520,3,2,0,0,1,0,0,50,1,2,1,0,0
200500026082,5,5,22,1530,1,2,1,3,1,93,4780300,542900,520,9,2,1,0,2,1,0,61,2,0,1,0,0
200500026083,5,5,30,700,1,1,2,1,3,303,4783400,563100,520,3,2,0,0,1,3,60,0,1,0,1,0,0
200500026090,5,5,20,800,1,1,1,1,2,21,4734900,521500,210,3,2,2,0,1,1,0,70,1,0,1,0,1
200500026092,5,5,20,1930,1,2,2,1,1,292,4724500,521900,210,3,0,2,0,1,1,0,65,0,0,1,0,0
200500026095,5,5,7,2215,3,1,1,1,6,127,4748100,509900,210,3,2,0,0,1,1,0,43,1,0,1,0,0
200500026096,5,5,22,1345,1,1,1,2,7,439,4727700,466500,210,3,2,0,0,1,1,0,60,2,0,0,0,0
200500026097,5,5,12,1030,1,2,1,1,3,527,4696400,468900,210,3,2,2,0,4,3,0,76,8,0,1,0,1
200500026098,5,5,15,1930,1,1,1,1,7,441,4729200,439100,210,3,2,0,0,1,1,0,50,1,0,1,0,0
200500026099,5,5,22,600,2,1,1,1,6,464,4713700,494800,210,2,2,3,0,1,1,0,102,1,0,1,0,0
200500026100,5,5,8,1030,1,1,6,1,6,545,4786800,455600,210,3,2,2,0,1,1,0,45,1,5,1,0,0
200500026101,5,5,24,715,2,1,4,7,3,154,4786100,459700,210,3,2,0,0,1,2,0,61,1,5,1,0,0
200500026102,5,5,27,1500,1,2,9,7,7,154,4787500,457100,210,2,2,0,0,4,3,0,70,1,0,3,0,0
200500026103,5,5,12,2315,3,2,1,2,6,425,4763000,434900,210,3,2,0,0,1,2,0,80,1,0,4,0,1
200500026104,5,5,31,1800,1,2,1,1,1,212,4762600,432400,210,3,2,0,0,0,2,0,0,1,0,1,0,0
200500026105,5,5,4,800,1,1,1,8,7,710,4738600,456000,210,3,2,0,0,1,3,0,70,2,0,1,0,0
200500026109,5,5,2,1615,1,1,1,1,6,160,4699800,309100,580,3,2,2,0,0,1,0,55,1,0,1,0,0
200500026110,5,5,14,1200,1,1,1,2,6,273,4700200,327800,580,3,2,2,0,1,2,0,85,2,0,3,0,0
200500026111,5,5,5,1830,1,1,1,1,6,152,4690700,320300,580,3,2,2,0,1,1,0,66,1,0,3,0,1
200500026112,5,5,7,1945,1,2,1,1,1,65,4706200,367700,580,3,2,2,0,1,1,0,70,1,0,1,0,0
200500026113,5,5,25,1830,1,1,1,1,6,223,4702100,351400,580,3,2,2,0,2,1,0,70,1,0,3,0,0
200500026114,5,5,27,2130,2,2,9,1,1,26,4726000,352700,580,3,2,2,0,1,3,0,53,1,0,1,0,0
200500026115,5,5,11,945,1,1,1,1,6,222,4743000,347300,580,2,2,2,0,1,1,0,64,1,0,3,0,1
200500026117,5,5,19,1145,1,1,1,1,5,371,4633600,473200,710,2,3,2,0,0,1,0,0,1,0,1,0,0
200500026118,5,5,20,815,1,1,1,1,3,513,4640200,487500,710,3,2,2,0,1,1,0,0,1,5,0,0,1
200500026119,5,5,21,1045,1,2,1,1,6,150,4624800,478700,710,3,2,2,0,4,1,0,120,1,5,1,0,0
200500026121,5,5,17,800,1,2,1,1,2,543,4656900,490800,710,2,2,0,0,1,1,0,90,1,0,3,0,0
200500026124,5,5,14,1200,1,1,1,2,1,376,4702500,414300,710,3,2,2,0,0,3,0,76,2,0,1,0,1
200500026130,5,5,15,2145,5,2,4,2,3,512,4665000,487200,710,2,2,0,0,1,2,0,91,2,5,1,0,0
200500026131,5,5,15,830,1,1,1,1,7,215,4684700,494100,710,3,2,0,0,1,1,0,55,1,0,3,0,0
200500026133,5,5,11,1830,1,1,1,1,6,428,4619800,430700,710,4,2,0,0,2,1,0,29,1,0,1,0,1
200500026135,5,5,22,1945,1,1,1,3,6,176,4649000,406400,710,3,2,2,0,1,3,0,49,2,0,1,0,0
200500026136,5,5,24,1000,1,2,1,1,7,176,4650300,401400,710,3,2,2,0,1,1,112,42,1,0,1,0,0
200500026137,5,5,15,1745,1,1,1,1,1,500,4631400,408500,710,3,2,0,0,2,4,0,0,1,0,1,0,0
200500026138,5,5,26,2115,2,1,2,1,3,238,4623200,405600,710,4,2,2,0,1,1,0,55,1,5,1,0,0
200500026146,5,5,20,1645,1,1,1,1,3,64,4659600,524700,710,3,2,2,0,1,1,0,80,1,0,1,0,0
200500026148,5,5,7,900,1,1,1,1,6,1,4656300,498300,710,3,2,0,0,1,1,0,65,1,0,3,0,0
200500026150,5,5,31,1445,1,1,1,1,3,61,4656800,502800,710,3,2,2,0,1,1,0,0,1,0,1,0,0
200500026156,5,5,13,1815,1,1,1,1,7,154,4774000,346400,890,3,2,2,0,0,2,0,52,1,0,3,0,0
200500026157,5,5,5,945,1,1,1,2,3,485,4755700,379800,890,2,2,2,0,1,3,0,0,2,0,0,0,0
200500026158,5,5,20,1745,1,1,1,1,7,152,4795800,345600,890,2,2,2,0,1,1,0,63,1,0,1,0,0
200500026159,5,5,22,1415,1,1,1,1,6,55,4798500,362900,890,3,2,0,0,1,3,0,48,1,0,1,0,0
200500026161,5,5,20,1615,1,2,1,1,1,354,4821800,326400,890,3,4,0,0,1,1,0,70,1,5,1,0,0
200500026162,5,5,13,745,1,1,1,1,7,450,4819000,317600,890,3,2,2,0,1,1,0,0,1,0,3,0,0
200500026164,5,5,29,400,3,2,1,1,6,144,4812900,305300,890,3,2,2,0,1,1,50,0,1,0,3,0,0
200500026165,5,5,13,1600,1,1,1,1,1,60,4806100,323800,890,3,2,2,0,0,0,0,0,0,0,0,0,0
200500026166,5,5,19,1530,1,1,1,1,1,66,4812400,353100,890,3,2,1,0,2,1,0,80,1,0,1,0,1
200500026169,5,5,24,1415,1,1,1,1,3,473,4718300,599600,250,3,3,0,0,1,1,25,122,1,5,1,0,1
200500026170,5,5,8,1830,1,1,1,1,7,360,4714100,611400,250,3,2,2,0,2,2,0,69,1,0,1,0,0
200500026171,5,5,16,1815,1,2,1,1,5,630,4710000,624700,250,3,2,2,0,1,1,44,44,1,0,1,0,0
200500026174,5,5,24,1300,1,2,1,1,6,367,4744900,682300,250,2,2,2,0,1,1,71,0,1,0,1,0,0
200500026176,5,5,28,500,2,1,1,1,7,512,4714400,671500,250,3,2,0,0,1,1,0,64,1,0,3,0,0
200500026177,5,5,27,2345,5,2,1,1,6,370,4744100,678700,250,3,2,0,0,1,2,0,53,1,0,3,0,0
200500026179,5,5,2,1730,1,1,1,1,7,315,4741400,658800,250,3,2,2,0,1,2,0,60,9,0,3,0,0
200500026180,5,5,12,2030,2,2,1,1,1,345,4745800,664900,250,9,2,2,0,1,0,0,0,1,0,1,0,0
200500026181,5,5,2,730,1,1,1,1,6,435,4725400,639100,250,3,0,2,0,0,2,0,80,1,0,1,0,0
200500026183,5,5,26,2000,1,1,1,1,6,262,4712700,659300,250,3,2,2,0,3,1,0,70,1,0,1,0,0
200500026185,5,5,28,2315,3,1,1,1,7,219,4714300,640200,250,4,0,1,0,0,0,0,0,1,0,0,0,0
200500026189,5,5,27,1830,1,2,1,1,2,405,4684000,634600,250,4,2,0,0,4,1,0,60,1,0,1,0,0
200500026190,5,5,18,1530,1,1,1,2,6,240,4707000,664500,250,4,2,0,0,2,2,0,0,2,0,1,0,0
200500026194,5,5,15,1500,1,2,1,1,1,370,4698300,580600,390,9,2,0,0,2,4,0,50,1,0,1,0,0
200500026195,5,5,13,1830,1,2,1,1,1,370,4697600,579700,390,3,2,2,0,0,0,0,65,1,0,1,3,0
200500026196,5,5,24,1015,1,2,1,1,6,500,4694400,587800,390,3,2,0,0,1,1,0,65,1,0,1,0,0
200500026197,5,5,30,630,2,1,1,1,7,500,4695400,586800,390,3,2,2,0,2,3,60,0,1,0,3,0,0
200500026199,5,5,17,1415,1,2,1,1,3,190,4715900,574400,390,2,2,0,0,1,1,0,63,1,0,1,0,0
200500026200,5,5,13,2130,5,2,1,8,6,396,4715200,565800,390,2,2,1,0,0,1,0,0,1,0,4,0,0
200500026201,5,5,30,1815,1,2,1,1,3,302,4720000,571900,390,3,2,2,0,1,2,0,45,1,5,1,0,0
200500026205,5,5,20,2015,1,1,1,1,7,470,4649200,604600,390,4,0,2,0,2,0,0,45,9,0,0,0,0
200500026207,5,5,2,1345,1,1,1,1,7,292,4781000,585500,700,3,2,2,0,1,2,0,65,1,0,3,0,0
200500026208,5,5,22,1930,1,1,3,1,3,405,4749200,610500,700,2,2,2,0,0,1,0,72,1,0,1,0,0
200500026209,5,5,11,1415,1,2,1,1,3,385,4772200,655600,700,3,2,2,0,1,1,0,68,1,0,1,3,0
200500026210,5,5,24,715,1,2,1,1,3,455,4767500,654200,700,3,0,2,0,1,1,0,0,1,0,1,0,0
200500026211,5,5,8,1445,1,1,1,1,5,117,4762000,678000,700,3,2,2,0,1,1,0,51,1,0,1,0,0
200500026212,5,5,14,2000,2,2,1,1,6,116,4761000,673000,700,3,2,0,0,1,0,0,50,2,5,4,0,0
200500026215,5,5,19,1045,3,1,1,1,7,475,4786000,638000,700,2,3,0,0,2,3,10,106,1,0,3,0,0
200500026216,5,5,20,2000,1,1,1,1,6,311,4784300,644400,700,3,2,2,0,1,1,0,60,1,0,1,0,0
200500026217,5,5,22,1630,1,2,1,2,6,125,4739800,557700,700,3,2,2,0,1,3,0,71,2,0,1,0,1
200500026218,5,5,14,1445,1,1,1,2,1,169,4768400,585700,700,3,2,2,0,1,1,0,78,2,0,1,0,0
200500026219,5,5,18,1815,1,2,1,1,3,353,4729000,566000,700,4,2,2,0,1,1,0,0,1,0,1,0,0
200500026220,5,5,4,2115,5,2,1,2,6,104,4760700,692900,900,3,2,0,0,1,2,0,58,2,0,3,0,0
200500026221,5,5,10,1615,1,2,1,1,1,94,4758900,686000,900,2,2,0,0,1,1,20,72,1,5,1,0,0
200500026222,5,5,25,215,5,2,1,1,6,93,4768800,681800,900,3,2,0,0,1,1,0,60,1,0,3,0,0
200500026226,5,5,23,2100,1,1,6,1,7,62,4342700,548000,130,3,2,2,0,0,1,0,70,1,5,1,0,0
200500026227,5,5,25,1815,1,1,1,1,5,62,4342000,549000,130,3,2,0,0,2,4,0,71,1,0,1,0,0
200500026228,5,5,2,1630,1,1,1,1,5,107,4342900,544300,130,4,2,2,0,2,2,0,50,1,0,1,0,0
200500026229,5,5,11,1345,1,2,1,1,6,19,4343500,540500,130,3,1,0,0,1,3,70,0,1,6,1,0,0
200500026231,5,5,15,1330,1,2,1,1,2,19,4345000,537800,130,3,2,2,0,1,1,0,35,1,0,1,0,0
200500026232,5,5,17,1330,1,1,1,2,7,19,4346200,532100,130,3,3,2,0,2,1,5,80,2,0,1,0,0
200500026234,5,5,5,1415,1,2,3,1,3,110,4344900,568900,130,4,1,0,0,3,1,0,0,1,0,1,0,0
200500026235,5,5,9,1000,1,1,1,1,3,72,4342200,561100,130,3,2,0,2,1,1,0,70,1,0,1,0,0
200500026236,5,5,12,1045,1,1,1,1,3,66,4389100,490700,130,3,2,1,0,1,1,0,110,1,0,1,0,0
200500026238,5,5,22,2030,2,2,1,1,6,96,4345400,442400,130,3,2,2,0,1,1,0,0,1,0,4,0,0
200500026239,5,5,25,1230,1,1,1,1,1,96,4349400,440400,130,3,2,2,0,1,1,0,70,1,0,1,0,0
200500026242,5,5,2,1600,1,1,1,1,6,4,4347000,470000,130,3,2,2,0,1,3,0,61,1,0,3,0,0
200500026243,5,5,22,1500,1,1,1,1,7,4,4357400,455900,130,3,2,0,0,1,1,0,60,1,0,1,0,0
200500026244,5,5,23,1500,1,1,1,1,6,4,4345800,472500,130,3,2,2,0,1,1,60,0,1,0,3,0,0
200500026245,5,5,6,2200,3,1,1,1,6,42,4330000,563400,130,3,2,2,0,0,3,0,55,1,0,1,0,0
200500026246,5,5,14,1630,1,1,1,1,1,42,4327300,564800,130,2,2,2,0,1,1,0,68,1,0,1,0,1
200500026249,5,5,8,1800,1,1,1,1,7,22,4323000,559000,130,3,2,0,2,0,1,0,107,1,0,1,0,0
200500026251,5,5,6,1730,1,2,1,1,3,119,4325000,556000,130,3,2,2,0,1,1,0,70,1,0,1,0,0
200500026252,5,5,18,1830,1,2,1,1,7,85,4325100,558000,130,3,2,0,0,2,1,0,73,1,0,1,0,0
200500026253,5,5,8,1845,1,2,1,1,1,7,4337300,563200,130,3,2,0,0,0,1,0,0,1,0,1,0,0
200500026257,5,5,25,1400,1,1,1,1,5,1,4406900,617000,40,2,2,2,0,1,1,0,80,1,0,1,0,1
200500026258,5,5,29,1700,1,1,1,1,7,230,4383900,595600,40,3,2,2,0,1,3,0,59,1,0,1,0,1
200500026263,5,5,16,1300,1,1,1,1,1,242,4389100,586800,40,2,2,2,0,1,1,0,74,1,5,1,0,0
200500026264,5,5,19,730,1,1,1,1,1,188,4389000,577900,40,3,2,2,0,2,3,0,48,1,0,1,0,0
200500026265,5,5,17,1800,1,1,1,2,1,49,4409000,601000,40,2,2,2,0,1,2,0,75,2,0,1,0,0
200500026267,5,5,1,2130,3,1,1,1,6,34,4429000,582000,50,3,2,2,0,1,4,0,61,1,0,3,0,0
200500026268,5,5,1,1530,1,1,1,1,6,96,4468300,633500,50,4,2,0,0,2,1,0,40,0,0,0,0,0
200500026269,5,5,20,1745,1,1,1,1,1,166,4441400,572600,50,2,2,2,0,1,4,0,75,1,4,1,0,0
200500026270,5,5,14,1830,1,1,1,1,3,6,4480000,656300,50,2,2,0,0,1,1,0,115,1,0,1,0,0
200500026271,5,5,18,700,1,1,1,1,3,122,4476100,657600,50,2,2,0,0,0,0,0,0,0,0,0,0,0
200500026272,5,5,27,1000,1,1,1,1,1,151,4486800,659700,50,2,2,0,0,2,1,0,0,1,5,1,0,0
200500026274,5,5,29,1630,1,1,1,1,7,63,4504400,625400,50,2,2,0,0,1,2,0,64,1,1,1,0,0
200500026275,5,5,29,945,1,1,1,1,7,157,4470300,686400,50,3,2,0,0,2,1,0,68,1,0,1,0,0
200500026276,5,5,23,700,1,1,2,1,3,17,4456600,619800,50,2,2,2,0,1,2,0,73,1,5,1,0,0
200500026277,5,5,29,915,1,2,1,1,1,40,4454900,628000,50,2,2,2,0,1,1,0,77,1,0,1,0,0
200500026280,5,5,3,1700,1,1,1,2,1,147,4378800,727300,60,3,2,2,0,1,4,0,0,2,0,1,0,0
200500026283,5,5,25,1400,1,1,1,1,1,74,4396300,730300,60,3,2,2,0,1,3,0,70,1,0,1,0,1
200500026289,5,5,19,515,2,2,1,1,7,140,4364300,685700,60,3,2,2,0,0,2,0,72,1,0,3,0,0
200500026295,5,5,29,1200,1,1,1,1,1,65,4374300,717900,60,3,2,0,0,0,2,0,0,1,0,1,0,0
200500026300,5,5,29,1115,1,1,1,1,7,36,4383700,747000,60,3,0,2,0,2,2,0,60,1,0,1,0,0
200500026301,5,5,15,1430,1,1,1,1,6,106,4388100,699500,60,3,2,2,0,2,1,0,55,1,0,1,0,1
200500026302,5,5,22,1245,1,1,1,1,6,102,4404100,712900,60,3,2,2,0,2,4,0,63,1,0,1,0,1
200500026313,5,5,20,1400,1,1,1,1,1,23,4342500,610000,830,3,2,2,0,1,1,0,65,1,0,1,0,0
200500026315,5,5,23,545,1,1,1,1,3,100,4328500,612800,830,3,2,2,0,1,1,0,80,1,5,1,0,0
200500026318,5,5,6,1900,1,1,1,1,5,140,4341100,590100,830,3,2,2,0,1,1,0,60,1,0,1,0,0
200500026321,5,5,15,1800,1,1,1,1,3,97,4348000,576200,830,2,3,2,0,1,1,0,0,1,0,1,0,0
200500026329,5,5,3,1600,1,1,1,1,3,68,4327900,657600,830,2,2,2,0,1,1,0,0,1,0,1,0,0
200500026331,5,5,13,1715,1,1,1,1,6,68,4328900,659900,830,2,2,2,0,1,1,0,0,1,0,1,0,0
200500026333,5,5,15,1615,1,1,1,1,5,42,4323400,651600,830,3,2,0,0,1,2,0,50,1,0,1,0,0
200500026334,5,5,16,1230,1,1,1,1,1,68,4328000,651500,830,3,2,2,0,2,2,0,60,2,0,1,0,0
200500026335,5,5,21,245,5,1,1,5,6,68,4327000,653000,830,3,2,2,0,1,1,0,70,1,0,3,0,0
200500026336,5,5,26,2000,1,1,1,1,2,68,4327900,657500,830,2,2,0,0,1,1,0,50,1,0,1,0,0
200500026340,5,5,26,1930,1,1,1,1,3,35,4319000,578000,830,3,2,0,0,1,1,0,85,1,5,1,0,0
200500026341,5,5,27,1800,1,1,1,1,6,16,4320600,582200,830,4,2,1,0,2,1,0,35,1,0,1,0,0
200500026342,5,5,28,1515,1,1,1,1,6,16,4320000,579000,830,3,3,0,0,2,1,30,80,1,0,3,0,0
200500026344,5,5,30,930,1,2,1,1,1,35,4321400,577200,830,4,1,0,0,2,3,0,0,1,0,1,0,0
200500026346,5,5,31,1600,1,1,1,1,7,49,4324000,627000,830,3,2,2,0,1,1,0,59,1,0,3,0,0
200500026348,5,5,26,730,1,1,1,1,1,70,4314600,633300,830,3,0,1,0,0,1,0,0,1,0,1,0,0
200500026351,5,5,21,1815,1,1,3,1,3,34,4389800,494900,840,3,2,0,0,0,1,0,50,1,0,1,0,0
200500026360,5,5,14,1945,1,2,1,1,2,3,4388700,538000,840,2,2,0,0,1,1,0,60,1,5,1,0,0
200500026361,5,5,19,1615,1,2,1,1,6,3,4388400,538500,840,2,2,2,0,0,1,0,90,1,0,1,0,0
200500026362,5,5,29,1745,1,1,1,1,3,3,4387100,537000,840,3,2,0,0,0,2,0,79,1,0,1,0,0
200500026363,5,5,30,1945,1,1,1,1,3,3,4388400,534200,840,2,2,3,0,1,1,0,126,1,0,1,0,0
200500026364,5,5,12,1530,1,1,3,1,3,133,4373900,555400,840,3,2,0,0,1,1,0,60,1,0,1,0,0
200500026366,5,5,8,1700,1,1,1,1,5,142,4393700,506500,840,3,2,2,0,1,3,0,60,1,0,1,0,1
200500026370,5,5,21,1615,1,2,2,1,3,138,4438800,500300,840,4,2,2,0,1,1,0,67,1,0,1,0,0
200500026371,5,5,11,1100,1,2,1,1,6,57,4362800,390100,340,6,0,0,0,0,0,0,0,1,0,0,0,0
200500026372,5,5,28,1145,1,1,1,1,3,57,4365300,390000,340,3,3,0,1,1,1,31,65,1,5,1,0,0
200500026374,5,5,14,1830,1,1,1,1,3,256,4370900,402600,340,3,2,2,0,0,1,0,0,1,0,1,0,0
200500026375,5,5,21,2315,3,1,1,1,2,244,4368000,402400,340,3,2,0,0,3,1,0,67,1,0,1,0,1
200500026381,5,5,24,1045,1,1,1,1,1,154,4363300,401400,340,3,2,0,0,1,1,0,68,1,0,1,0,0
200500026382,5,5,7,2000,1,2,1,1,6,274,4378500,372600,340,3,2,2,0,0,0,0,60,1,0,3,0,0
200500026384,5,5,15,430,5,2,6,1,6,119,4359300,308700,340,3,0,0,0,1,0,72,0,1,0,1,0,0
200500026387,5,5,26,2300,3,1,1,1,6,148,4338600,315800,340,4,2,1,0,1,1,0,0,1,0,3,0,0
200500026388,5,5,1,1230,1,1,1,1,3,189,4327000,275000,340,3,0,1,0,1,1,70,0,1,0,1,0,0
200500026389,5,5,15,1600,1,1,1,1,7,63,4349600,334500,340,3,2,2,0,1,1,0,60,1,0,0,0,0
200500026390,5,5,18,2000,1,1,1,1,3,289,4338300,339900,340,3,2,0,0,1,2,0,40,1,0,1,0,0
200500026391,5,5,9,1730,1,2,1,7,6,232,4350000,302000,340,3,2,2,0,1,0,0,80,1,0,1,0,0
200500026392,5,5,6,1930,1,1,1,1,1,224,4345600,321000,340,3,2,2,0,1,1,0,70,1,0,1,0,0
200500026393,5,5,14,1200,1,2,1,1,3,298,4329700,326300,340,4,2,0,0,1,1,0,59,1,0,1,0,0
200500026394,5,5,26,2130,5,2,2,1,3,298,4329800,326300,340,9,2,0,0,1,1,0,60,1,5,1,0,0
200500026397,5,5,1,1645,1,1,1,1,1,51,4359000,347500,340,3,2,2,0,1,1,0,49,1,0,1,0,0
200500026398,5,5,11,1430,1,1,1,1,2,13,4356000,346000,340,2,2,2,0,1,1,0,71,1,0,1,0,0
200500026399,5,5,14,930,1,1,1,2,6,323,4361000,330000,340,3,3,3,0,1,2,0,96,2,0,3,0,0
200500026400,5,5,25,1745,1,1,1,1,1,51,4360700,348800,340,3,2,0,0,1,1,0,60,1,0,1,0,0
200500026401,5,5,21,1645,1,1,1,1,6,79,4364000,339000,340,3,2,2,0,2,2,0,61,1,0,3,0,0
200500026402,5,5,23,1845,1,2,1,1,6,45,4358000,336000,340,9,2,0,0,1,1,0,37,1,0,3,0,0
200500026403,5,5,27,700,1,1,1,1,6,79,4361900,343700,340,2,2,2,0,2,1,0,70,1,0,3,0,1
200500026413,5,5,30,1230,1,1,1,1,5,39,4345000,364000,340,2,2,3,0,1,1,0,120,1,0,1,0,0
200500026414,5,5,19,1700,1,1,3,1,3,9,4326500,213800,110,2,2,2,0,0,1,0,69,1,0,1,0,0
200500026415,5,5,27,1630,1,1,1,1,2,410,4325800,241000,110,3,2,2,0,1,1,0,67,1,0,1,0,0
200500026416,5,5,5,1615,1,1,1,1,6,191,4297400,258300,110,3,2,0,0,1,4,0,51,1,0,3,0,0
200500026417,5,5,8,1830,1,1,1,1,2,81,4332100,250800,110,3,2,0,0,1,1,0,61,1,0,1,0,0
200500026418,5,5,1,2145,3,1,1,1,6,356,4330000,198000,110,2,2,2,0,4,1,0,87,1,0,1,0,0
200500026422,5,5,17,1730,1,1,1,1,1,290,4318100,182100,110,3,2,0,0,1,1,0,0,1,5,1,0,0
200500026423,5,5,16,1415,1,1,1,1,1,3,4305100,213500,110,3,2,2,0,0,1,0,55,1,0,1,0,0
200500026424,5,5,2,1045,1,1,1,1,6,130,4284000,203000,110,3,2,2,0,1,1,0,60,1,0,3,0,0
200500026429,5,5,1,100,3,1,1,1,7,431,4296300,279800,110,3,2,2,0,1,3,0,58,1,0,1,0,0
200500026431,5,5,15,2145,3,1,1,1,6,75,4382400,425500,300,3,2,2,1,1,2,0,60,1,0,0,0,0
200500026433,5,5,12,1530,1,1,3,8,3,156,4384000,444900,300,3,2,2,0,0,1,0,0,1,4,1,0,0
200500026436,5,5,9,15,3,1,1,1,1,169,4379000,431000,300,2,2,2,0,1,3,0,0,1,0,1,0,1
200500026437,5,5,22,215,3,1,1,1,3,6,4366000,420000,300,3,2,0,0,1,0,0,150,1,0,1,0,0
200500026441,5,5,21,130,5,2,1,1,7,269,4410800,388100,300,3,2,2,0,2,1,0,70,1,0,1,0,0
200500026442,5,5,14,1545,1,2,1,1,7,51,4423300,400700,300,3,2,0,0,2,1,0,37,1,0,3,0,0
200500026443,5,5,9,1930,1,1,6,1,2,348,4406000,413300,300,3,1,1,0,1,3,0,50,1,3,1,0,0
200500026445,5,5,8,1645,1,1,1,1,3,153,4441400,401600,300,3,2,1,0,2,2,0,55,1,0,1,0,0
200500026449,5,5,6,1730,1,1,1,1,6,331,4412800,460000,300,3,2,0,0,1,1,0,58,0,0,1,0,0
200500026450,5,5,14,945,1,2,1,1,2,288,4420100,462500,300,2,2,2,0,2,1,0,70,1,0,1,0,0
200500026451,5,5,19,1945,1,1,1,1,6,331,4413200,461500,300,2,2,2,0,1,1,0,70,1,0,1,0,1
200500026454,5,5,1,645,2,1,1,1,7,89,4384000,462000,300,3,2,0,0,1,2,0,70,1,0,3,0,0
200500026455,5,5,12,1715,1,2,1,1,3,89,4385400,460600,300,3,2,0,0,1,1,0,65,1,0,1,0,0
200500026456,5,5,25,1545,1,1,1,1,6,340,4400900,457900,300,2,2,2,0,0,1,0,64,1,0,3,0,0
200500026457,5,5,29,1000,1,1,1,1,6,212,4393700,459800,300,2,2,2,0,0,0,0,0,0,0,0,0,0
200500026458,5,5,1,215,3,1,1,1,6,254,4406300,474100,300,3,2,0,0,1,1,0,64,1,0,0,0,1
200500026460,5,5,10,1700,1,1,1,1,5,221,4400600,473800,300,2,2,2,0,0,1,0,140,1,5,1,0,0
200500026461,5,5,13,2000,1,2,1,1,3,221,4405100,478700,300,3,2,0,0,1,1,0,0,1,0,1,0,0
200500026470,5,5,2,1015,1,1,1,1,7,210,4389000,403000,300,3,2,2,0,1,2,70,0,1,0,1,0,0
200500026471,5,5,11,1630,1,1,1,1,6,210,4391000,401000,300,3,2,2,0,1,1,0,50,1,0,1,0,0
200500026472,5,5,18,1630,1,1,1,1,6,137,4445400,347500,480,3,2,2,0,2,1,0,57,1,0,3,0,1
200500026475,5,5,21,1930,1,1,1,1,7,116,4434700,374700,480,3,2,2,0,1,3,0,30,1,0,1,0,0
200500026476,5,5,15,1715,1,1,1,1,7,178,4427900,384100,480,2,3,3,0,4,3,0,90,1,0,1,0,0
200500026479,5,5,31,1030,1,1,1,1,3,173,4424800,390800,480,3,2,0,0,2,2,0,52,1,0,1,0,0
200500026485,5,5,17,1130,1,2,1,3,1,108,4269500,270000,660,3,2,2,0,1,1,0,65,2,0,1,3,0
200500026486,5,5,25,1730,1,1,1,1,3,121,4269400,266200,660,3,2,2,0,1,1,30,70,1,5,1,0,0
200500026488,5,5,19,1815,1,2,2,7,3,180,4278000,299300,660,4,2,1,0,1,1,0,76,1,0,1,0,0
200500026489,5,5,16,1200,1,1,1,1,6,160,4249900,271600,660,3,2,1,0,0,1,0,60,1,0,3,0,1
200500026492,5,5,7,1600,1,2,9,1,2,130,4242000,197000,660,3,2,0,0,2,1,0,72,1,0,1,0,0
200500026494,5,5,10,1515,1,1,1,1,2,212,4225000,874000,201,3,2,2,0,2,1,0,44,1,0,1,0,1
200500026495,5,5,1,30,3,1,1,1,5,41,4141500,917500,201,2,2,2,0,2,3,0,76,1,0,1,0,0
200500026496,5,5,2,1645,1,1,1,1,5,41,4141000,917000,201,2,2,2,0,2,2,0,70,1,0,1,0,1
200500026500,5,5,16,1,3,2,1,1,7,11,4171000,907100,201,3,2,2,0,2,2,0,40,1,0,1,0,0
200500026501,5,5,12,2100,2,2,1,1,1,249,4167600,890600,201,4,2,2,0,2,3,71,0,1,0,1,0,0
200500026503,5,5,4,1945,1,1,1,1,6,188,4260500,938000,202,3,2,2,0,2,4,0,46,9,0,1,0,0
200500026504,5,5,17,1400,1,1,1,3,3,265,4260200,941600,202,3,2,2,0,2,3,0,65,2,0,1,0,0
200500026505,5,5,17,1030,1,1,1,1,6,188,4259700,936400,202,3,2,2,0,4,2,0,70,1,0,1,0,0
200500026506,5,5,29,1845,1,1,1,1,3,188,4260300,939000,202,3,2,2,0,2,1,0,64,1,0,1,0,0
200500026508,5,5,4,615,1,2,1,1,1,134,4263800,894200,202,2,2,2,0,3,3,0,62,1,0,1,0,1
200500026511,5,5,10,1545,1,2,6,1,3,96,4230600,915900,202,3,1,1,0,0,0,0,0,1,5,1,0,0
200500026512,5,5,2,1745,1,1,1,1,7,7,4229800,889200,202,3,2,0,0,2,3,0,52,1,0,3,0,0
200500026515,5,5,29,1700,1,1,1,1,7,303,4225000,954700,202,2,2,2,0,1,1,0,70,1,0,3,0,0
200500026516,5,5,11,1830,1,1,1,1,2,346,4250700,945600,202,3,2,2,0,2,1,0,45,1,0,1,0,0
200500026517,5,5,30,830,1,1,1,1,1,343,4248700,948200,202,2,2,2,0,1,1,0,72,1,0,1,0,0
200500026518,5,5,7,145,5,2,1,1,6,531,4900500,162600,780,4,2,1,0,1,1,0,53,1,0,1,0,0
200500026519,5,5,10,1900,1,2,1,1,3,531,4900400,163500,780,3,2,0,0,1,1,0,0,1,0,1,0,0
200500026520,5,5,13,1545,1,2,1,1,3,531,4900500,162500,780,4,2,2,0,1,1,0,49,1,0,1,0,0