Num_Acc,an,mois,jour,hrmn,lum,agg,int,atm,col,com,lat,long,dep,catr,circ,nbv,vosp,prof,plan,lartpc,larrout,surf,infra,situ,env1,killed
200500026521,5,5,15,1500,1,2,1,1,3,531,4899800,163800,780,9,2,0,0,1,1,0,58,1,0,1,0,1
200500026522,5,5,23,1,5,1,1,1,1,531,4900800,162100,780,2,2,2,0,0,3,78,0,1,0,1,0,0
200500026532,5,5,21,815,1,2,1,1,3,3,4852000,183000,780,3,2,2,0,0,1,0,0,1,5,1,0,0
200500026535,5,5,5,1845,1,2,1,1,1,575,4870200,206700,780,3,2,0,0,2,1,59,0,1,0,1,0,0
200500026536,5,5,22,1030,1,2,1,2,3,575,4871900,208500,780,3,4,3,0,1,1,78,139,2,5,1,0,0
200500026538,5,5,29,1945,1,2,1,3,1,398,4875000,183000,780,3,2,2,0,2,2,0,70,2,0,1,0,0
200500026540,5,5,9,745,1,2,1,1,6,683,4880000,190000,780,3,2,2,0,0,1,0,0,1,0,1,0,0
200500026544,5,5,26,1745,1,2,1,1,1,159,4853300,243700,910,3,2,2,0,0,1,0,50,1,0,1,0,0
200500026546,5,5,18,1630,1,1,1,1,3,671,4846800,225900,910,4,2,1,0,3,1,0,50,1,0,1,0,0
200500026547,5,5,11,1915,1,2,1,1,3,129,4849000,235000,910,2,4,3,0,1,2,0,0,1,5,1,0,0
200500026550,5,5,11,1945,1,1,1,1,1,544,4835000,213700,910,3,2,1,0,1,1,0,49,1,0,1,0,0
200500026551,5,5,12,745,1,1,1,9,1,248,4838800,222800,910,3,2,1,0,1,2,0,59,9,0,1,0,0
200500026552,5,5,9,800,1,1,1,1,7,666,4867000,222000,910,3,0,2,0,1,3,0,110,1,0,1,0,0
200500026553,5,5,1,2200,3,1,1,2,7,115,4858500,215600,910,3,2,2,0,1,1,0,70,2,0,3,0,0
200500026555,5,5,6,200,5,2,1,1,1,156,4855500,226200,910,3,2,2,0,1,1,70,70,1,0,1,0,0
200500026556,5,5,7,630,2,1,1,1,6,207,4857600,223600,910,2,3,4,0,1,3,8,64,1,0,1,0,0
200500026561,5,5,7,1315,1,2,1,1,6,150,4912500,169500,950,3,2,2,0,1,2,0,36,1,0,3,0,0
200500026562,5,5,27,1845,1,1,1,1,2,8,4907700,178100,950,3,2,2,0,2,2,0,60,1,0,1,0,0
200500026563,5,5,15,1500,1,1,1,1,7,627,4913700,211900,950,3,2,2,0,1,2,0,51,1,0,1,0,0
200500026565,5,5,4,1930,2,1,1,2,1,94,4902400,241500,950,3,2,0,0,2,1,0,70,2,0,1,0,0
200500026567,5,5,5,1815,1,2,1,1,2,127,4867500,269200,770,3,2,2,0,1,1,0,70,1,0,1,0,0
200500026568,5,5,20,1145,1,1,1,1,5,217,4868300,265800,770,3,2,0,0,2,1,50,80,1,5,1,0,0
200500026569,5,5,27,1145,1,2,2,1,1,179,4846400,280600,770,3,2,0,0,1,1,0,80,1,5,1,3,0
200500026570,5,5,17,1300,1,2,1,1,3,493,4864800,283000,770,9,2,2,0,1,1,0,60,1,5,1,0,0
200500026571,5,5,21,1000,1,1,2,1,3,222,4863200,281700,770,2,2,2,0,0,1,0,75,1,5,1,0,0
200500026572,5,5,21,1400,1,2,9,1,1,352,4866500,277300,770,4,2,2,0,1,1,0,60,1,0,1,0,0
200500026573,5,5,14,1245,1,1,1,8,4,317,4862300,285900,770,2,2,2,0,1,1,0,80,2,0,1,0,0
200500026574,5,5,17,1900,1,2,1,1,7,191,4856100,295300,770,3,2,2,0,0,1,0,70,0,0,1,0,0
200500026575,5,5,20,1730,1,1,1,1,5,211,4859300,292600,770,2,2,2,0,1,2,0,0,1,0,1,0,0
200500026576,5,5,24,815,1,1,1,1,2,381,4860800,298100,770,3,0,2,0,1,1,0,70,1,0,1,0,0
200500026577,5,5,8,1630,1,1,1,1,1,359,4849200,257300,770,3,2,0,0,1,1,0,0,1,0,1,0,1
200500026578,5,5,15,1500,1,1,1,1,3,6,4840900,256100,770,3,2,2,0,1,1,0,62,1,0,1,0,0
200500026579,5,5,11,930,1,1,1,1,6,177,4876500,277200,770,3,2,1,0,1,2,0,52,1,0,3,0,0
200500026580,5,5,15,1030,1,2,1,1,3,413,4888900,284300,770,2,2,2,0,1,1,0,0,1,0,0,0,0
200500026581,5,5,21,1530,1,2,1,1,1,182,4878000,329400,770,3,2,2,0,1,1,0,66,1,0,1,0,0
200500026583,5,5,3,900,1,1,1,1,3,238,4887200,309200,770,3,2,2,0,1,1,0,120,1,5,1,0,0
200500026584,5,5,3,1745,1,1,1,2,7,318,4877000,291000,770,3,2,2,0,1,1,0,70,2,0,1,0,0
200500026585,5,5,18,830,1,1,1,1,7,508,4881900,287300,770,2,2,2,0,1,1,0,77,1,0,1,0,0
200500026586,5,5,4,1900,1,1,1,1,1,30,4886200,330500,770,3,2,2,0,1,3,0,0,1,0,1,0,0
200500026587,5,5,17,1900,1,2,1,1,5,135,4865000,295000,770,3,2,2,3,0,1,23,53,1,0,1,0,0
200500026588,5,5,28,545,2,1,1,1,6,318,4878700,290800,770,3,2,2,0,1,1,0,0,1,0,1,0,0
200500026589,5,5,6,2330,3,1,1,1,1,60,4830600,243400,770,2,2,0,0,2,1,0,78,1,0,1,0,0
200500026590,5,5,20,1900,1,2,9,1,2,88,4831000,257000,770,3,2,2,0,1,1,0,63,1,0,1,0,0
200500026591,5,5,29,1000,1,1,1,1,2,328,4830000,242000,770,2,2,0,0,1,1,0,77,1,0,1,0,0
200500026593,5,5,2,1445,1,1,1,1,1,370,4823100,272700,770,3,2,0,0,0,0,45,0,1,0,0,0,1
200500026594,5,5,26,1845,1,1,1,1,7,261,4822300,291000,770,3,2,0,0,2,3,0,70,1,0,1,0,0
200500026595,5,5,30,1500,1,2,1,1,2,340,4829400,278500,770,3,2,2,0,1,1,0,60,1,0,1,0,0
200500026596,5,5,9,800,1,2,1,1,3,171,4890900,281200,770,3,2,2,0,1,3,0,60,1,5,1,0,0
200500026597,5,5,10,445,5,2,1,1,3,196,4894200,274200,770,3,3,2,0,1,1,0,60,1,5,1,0,0
200500026598,5,5,30,1030,1,2,1,2,6,315,4888800,280600,770,2,2,0,0,2,1,0,60,2,6,1,0,0
200500026599,5,5,5,400,3,1,1,1,6,490,4905900,310100,770,3,2,2,0,0,2,0,60,1,0,3,0,0
200500026600,5,5,6,1645,1,1,1,1,3,367,4904100,298800,770,3,2,2,0,1,1,0,134,1,0,1,0,0
200500026601,5,5,29,2130,3,1,1,3,1,437,4903300,281100,770,2,2,2,0,1,1,0,75,2,0,1,0,0
200500026603,5,5,1,1630,1,1,1,1,2,239,4866100,310400,770,3,2,2,0,1,1,0,70,1,0,1,0,0
200500026604,5,5,2,1230,1,2,1,1,4,32,4870400,324600,770,2,2,2,0,1,1,0,80,1,0,1,0,0
200500026605,5,5,9,1700,1,1,2,1,3,414,4862000,329400,770,3,2,0,0,1,1,0,70,1,0,1,0,0
200500026606,5,5,11,1145,1,1,1,1,1,66,4869700,332900,770,2,2,2,0,2,1,74,0,1,0,1,0,1
200500026607,5,5,13,445,5,1,1,2,5,20,4869700,318300,770,2,2,2,0,1,1,0,76,2,0,1,0,0
200500026608,5,5,19,945,1,1,2,1,3,109,4860000,321000,770,3,2,2,0,1,1,0,72,1,0,1,0,0
200500026609,5,5,1,2300,3,1,1,1,7,159,4847600,312600,770,3,2,2,0,1,1,0,70,1,5,1,0,0
200500026610,5,5,29,1100,1,1,1,1,3,90,4856300,320600,770,2,2,2,0,2,1,0,70,1,0,1,0,0
200500026611,5,5,7,1845,1,2,1,1,1,248,4805300,169900,450,3,2,0,0,1,1,0,67,1,0,1,0,1
200500026612,5,5,23,830,1,1,1,1,1,316,4796200,238700,450,2,2,2,0,1,1,0,74,1,0,1,0,1
200500026613,5,5,21,1430,1,2,1,1,6,89,4790400,202500,450,4,2,0,0,2,1,0,60,1,0,1,0,0
200500026618,5,5,12,615,2,1,1,1,7,193,4779000,200000,450,3,2,0,0,1,1,0,60,1,0,0,0,0
200500026622,5,5,22,215,5,2,1,1,6,28,4778000,163400,450,2,2,2,0,2,2,0,59,1,0,4,0,1
200500026623,5,5,28,1200,1,1,1,1,1,80,4823800,207600,450,3,2,0,0,1,1,0,66,1,0,1,0,0
200500026625,5,5,17,1730,1,2,1,1,6,155,4769100,262900,450,9,2,0,0,2,1,0,60,1,0,1,0,0
200500026627,5,5,4,800,1,1,1,1,6,164,4779200,228700,450,3,2,2,0,1,1,0,0,2,5,1,0,0
200500026628,5,5,9,1845,1,2,1,1,3,270,4781400,230800,450,3,2,2,0,1,1,0,50,1,0,1,0,0
200500026629,5,5,25,1415,1,2,1,1,3,315,4777000,237000,450,3,2,2,0,1,1,0,60,1,0,1,0,0
200500026630,5,5,8,1415,1,1,1,1,1,306,4802200,287600,450,2,2,2,0,2,1,0,72,1,0,1,0,0
200500026632,5,5,30,1330,1,1,1,1,1,83,4789300,294500,450,4,2,1,0,1,4,0,39,1,0,1,0,1
200500026634,5,5,27,2100,1,1,1,1,5,229,4787000,273900,450,2,2,0,0,0,1,0,0,1,0,1,0,0
200500026635,5,5,31,1115,1,1,1,1,3,192,4825000,233800,450,2,2,2,0,1,1,0,79,1,0,1,0,1
200500026636,5,5,15,1615,1,1,1,1,6,348,4816600,233700,450,3,2,0,0,1,3,0,0,1,0,3,0,0
200500026638,5,5,21,1515,1,2,1,1,2,252,4818000,225000,450,2,2,0,0,1,1,0,60,1,0,1,0,0
200500026639,5,5,23,1930,1,1,1,1,6,252,4820000,227000,450,2,2,2,0,1,1,0,80,1,0,1,0,0
200500026640,5,5,29,1130,1,1,1,1,6,12,4828100,224300,450,3,2,0,0,1,1,0,52,1,0,1,0,0
200500026641,5,5,7,230,5,1,1,1,7,54,4823500,243500,450,4,2,2,0,0,3,0,40,0,0,1,0,0
200500026644,5,5,4,1030,1,1,1,1,7,49,4719500,299200,180,3,2,2,0,1,1,0,46,1,0,3,0,0
200500026645,5,5,31,1700,1,2,1,1,6,105,4711700,270100,180,3,2,2,0,1,4,0,53,1,0,3,0,0
200500026648,5,5,24,1330,1,2,1,1,1,172,4673200,247900,180,4,2,0,0,2,3,28,0,1,0,1,0,0
200500026649,5,5,9,1145,1,1,1,1,3,216,4674000,217000,180,3,2,0,3,1,1,0,105,1,5,0,0,1
200500026653,5,5,20,1500,1,1,2,1,3,66,4695500,220800,180,3,2,0,0,1,0,0,43,1,0,1,0,0
200500026654,5,5,5,615,2,2,1,1,6,278,4845000,157000,280,3,2,2,0,1,2,31,65,1,5,1,0,1
200500026655,5,5,8,1745,1,2,1,1,3,309,4838000,166000,280,3,2,2,0,1,1,0,0,1,0,1,0,0
200500026656,5,5,15,1000,1,1,1,1,6,380,4839800,157200,280,3,2,2,0,0,3,0,59,1,0,0,0,0
200500026657,5,5,17,2200,2,1,1,1,1,278,4846800,159100,280,2,2,3,0,1,1,0,165,1,0,1,0,1
200500026658,5,5,13,1315,1,1,2,8,1,73,4850400,163500,280,3,2,0,0,1,1,0,40,1,0,1,0,0
200500026659,5,5,20,1545,1,2,1,1,6,140,4861300,168000,280,3,2,0,0,1,1,0,87,9,0,1,3,0
200500026660,5,5,21,730,1,2,1,1,3,140,4860800,167900,280,4,2,0,0,1,1,0,70,1,0,1,0,0
200500026661,5,5,21,1800,1,1,1,1,1,227,4860000,161700,280,3,2,2,0,3,1,0,74,1,0,1,0,0
200500026662,5,5,27,1600,1,1,1,1,6,137,4855700,173900,280,3,0,2,0,1,4,0,60,1,0,1,0,0
200500026663,5,5,2,1845,1,1,1,1,4,391,4820400,193300,280,2,2,3,0,1,1,0,112,1,0,1,0,0
200500026664,5,5,6,2200,3,1,1,1,1,391,4820000,193000,280,2,2,3,0,1,1,0,114,1,0,1,0,1
200500026665,5,5,8,1400,1,1,1,1,1,311,4821100,184400,280,3,2,2,0,1,1,0,154,1,5,1,0,0
200500026666,5,5,13,2015,1,1,1,1,3,2,4821000,184000,280,3,2,0,0,0,1,0,0,1,0,1,0,0
200500026667,5,5,14,1615,1,1,1,1,3,391,4820300,193800,280,2,2,0,0,1,2,0,107,1,0,1,0,0
200500026668,5,5,29,45,3,1,1,1,6,284,4823600,195400,280,2,2,3,0,1,1,0,114,1,0,3,0,0
200500026669,5,5,31,1515,1,1,1,1,6,406,4822700,167600,280,3,2,2,0,0,1,0,51,1,0,3,0,0
200500026671,5,5,16,1800,1,1,1,1,1,121,4810500,186500,280,2,2,2,0,1,1,0,76,1,0,1,0,1
200500026672,5,5,6,1500,1,1,1,1,7,375,4877400,147700,280,3,0,0,0,0,1,0,35,9,0,3,0,0
200500026673,5,5,10,1500,1,2,1,1,1,371,4886000,140700,280,3,1,0,0,1,1,0,35,1,0,1,0,1
200500026674,5,5,15,300,3,1,1,1,6,64,4881700,145800,280,3,2,0,0,0,2,0,75,0,0,3,0,0
200500026675,5,5,22,600,2,1,1,1,6,54,4864600,140700,280,2,2,4,0,1,1,0,0,1,0,1,0,0
200500026676,5,5,24,1600,1,1,1,1,1,386,4854600,131000,280,3,2,0,0,1,1,0,68,1,0,0,0,1
200500026677,5,5,28,1230,1,1,1,1,3,111,4823300,87000,280,3,2,0,0,2,1,0,63,1,0,1,0,0
200500026680,5,5,7,1530,1,1,1,1,3,157,4669300,153700,360,2,2,2,0,1,1,0,74,1,0,1,0,0
200500026683,5,5,11,2100,1,1,1,1,7,6,4657200,146800,360,3,2,1,0,1,2,0,54,1,0,3,0,0
200500026685,5,5,12,1830,1,2,1,8,3,31,4689400,143000,360,3,3,2,0,2,1,0,68,1,5,1,0,0
200500026686,5,5,13,1115,1,1,1,1,1,241,4685800,152300,360,2,2,2,0,2,1,76,0,1,0,3,0,0
200500026687,5,5,14,1100,1,1,1,1,7,31,4693600,138600,360,3,2,2,0,1,1,55,0,1,0,1,0,0
200500026689,5,5,26,2015,1,2,1,1,3,45,4699200,117900,360,3,2,2,0,1,1,17,73,1,0,1,0,0
200500026690,5,5,29,515,3,2,1,1,6,185,4719800,171200,360,4,2,0,0,1,1,0,28,1,0,1,0,0
200500026693,5,5,14,1730,1,1,1,1,6,78,4656000,186600,360,3,2,0,0,2,3,0,54,1,0,3,0,0
200500026695,5,5,1,1830,1,1,1,1,3,52,4693800,206000,360,3,2,2,0,1,1,0,55,1,0,1,0,0
200500026696,5,5,2,1215,1,2,1,1,5,88,4694600,200100,360,9,2,4,0,1,1,0,120,1,0,1,0,0
200500026699,5,5,15,1500,1,1,1,1,5,252,4741500,107900,370,3,2,0,0,1,2,0,50,1,0,1,0,0
200500026700,5,5,22,200,5,2,1,1,6,60,4744100,105900,370,3,2,0,0,1,1,0,48,1,0,1,0,0
200500026705,5,5,1,2145,3,1,1,1,2,179,4746400,74000,370,2,2,2,0,1,1,0,70,1,0,1,0,0
200500026707,5,5,4,1915,1,1,1,1,1,210,4719000,29000,370,3,2,0,0,2,1,0,136,1,0,1,0,1
200500026709,5,5,4,1345,1,1,1,2,3,67,4725500,45200,370,3,4,0,0,3,3,0,120,2,5,1,0,0
200500026710,5,5,15,1915,1,1,1,8,1,232,4729100,32500,370,2,2,2,0,1,1,0,64,2,0,1,0,0
200500026712,5,5,16,1900,1,1,1,8,1,196,4700200,32000,370,3,2,2,0,1,1,0,70,2,0,1,0,0
200500026714,5,5,19,815,1,1,1,1,2,119,4712900,43000,370,3,2,0,0,1,1,0,0,1,0,1,0,0
200500026715,5,5,21,1115,1,1,1,1,3,129,4711600,25200,370,3,2,0,0,1,1,0,50,1,5,1,0,0
200500026716,5,5,22,1415,1,2,1,1,1,278,4720800,63200,370,4,2,1,0,1,0,0,0,1,0,1,0,0
200500026718,5,5,10,730,1,1,1,1,3,177,4726000,124000,370,4,2,0,0,1,1,0,40,1,5,1,0,0
200500026719,5,5,17,1245,1,1,1,1,6,16,4720000,92000,370,2,2,2,0,1,2,0,74,1,0,1,0,0
200500026724,5,5,5,230,3,1,6,1,7,250,4726200,70200,370,2,2,2,0,0,1,0,100,1,5,0,0,0
200500026725,5,5,11,1645,1,2,1,1,3,266,4729800,71900,370,2,1,0,0,0,3,0,0,1,0,0,0,0
200500026726,5,5,19,845,1,1,2,1,3,250,4726000,72100,370,3,2,2,0,1,1,0,40,1,0,1,0,0
200500026727,5,5,19,2115,2,2,1,1,6,266,4729100,73700,370,3,2,2,0,1,1,0,66,1,0,3,0,0
200500026728,5,5,30,1215,1,1,1,1,1,266,4727700,74300,370,3,2,0,0,0,1,0,55,1,0,1,0,1
200500026731,5,5,7,2100,2,1,1,1,6,122,4725400,188100,410,3,2,0,0,0,3,60,0,1,0,3,0,0
200500026734,5,5,19,30,3,1,1,1,6,333,4489400,109800,330,4,2,1,0,0,3,0,0,0,0,3,0,0
200500026737,5,5,28,1030,1,2,1,1,6,4,4793600,369900,290,3,2,2,0,1,1,0,70,1,0,1,0,0
200500026740,5,5,11,1800,1,2,1,1,7,56,4909400,236800,950,3,2,2,0,2,1,0,0,1,0,1,0,0
200500026741,5,5,19,2015,1,2,1,1,3,199,4462700,106800,330,4,2,2,1,1,1,0,60,1,0,1,0,0
200500026742,5,5,1,115,3,1,1,1,1,88,4702100,320800,580,3,2,2,0,1,1,0,0,1,0,1,0,1
200500026743,5,5,3,1845,1,2,1,3,3,515,4731900,511900,210,4,2,2,0,1,1,0,50,2,0,1,0,0
200500026744,5,5,12,1130,1,2,1,1,3,605,4729700,510200,210,3,2,0,0,0,0,0,0,1,5,1,0,0
200500026745,5,5,13,1215,2,2,9,1,1,515,4731700,509800,210,3,3,4,2,1,1,0,250,2,5,1,0,1
200500026746,5,5,20,1745,1,2,6,1,3,515,4731000,511800,210,3,1,1,0,1,2,0,50,1,5,1,0,0
200500026747,5,5,10,1000,1,1,1,1,1,40,4345600,554200,130,4,2,11,0,2,4,0,40,1,0,1,0,0
200500026748,5,5,17,1245,1,1,1,1,6,87,4349100,560600,130,2,2,0,0,0,3,0,60,1,0,3,0,0
200500026749,5,5,31,1315,1,1,1,1,5,40,4348000,553200,130,3,2,0,0,1,2,0,68,1,0,1,0,0
200500026750,5,5,2,1400,1,1,1,1,3,143,4418900,29900,470,3,2,2,0,1,1,0,61,1,0,1,0,1
200500026751,5,5,14,1000,1,1,1,1,1,133,4407000,51300,470,3,2,2,0,1,1,0,0,1,0,1,0,1
200500026752,5,5,14,800,1,1,1,1,6,282,4409900,53100,470,3,2,0,0,1,1,0,65,1,0,3,0,0
200500026753,5,5,24,1215,1,1,3,1,3,318,4423200,32300,470,3,2,2,0,0,1,25,53,1,5,1,0,0
200500026761,5,5,24,2145,3,1,1,1,3,397,4320800,241500,110,2,3,0,0,1,2,0,68,1,0,1,0,0
200500026763,5,5,9,1930,1,1,1,1,6,169,4844200,190500,280,1,1,3,0,1,1,24,270,1,0,1,0,0
200500026767,5,5,21,2000,2,2,1,1,1,7,4549400,480900,690,2,3,0,0,0,0,10,40,1,0,1,0,0
200500026768,5,5,28,730,1,1,1,1,1,193,4552500,485700,690,2,2,2,0,1,1,0,75,1,0,1,0,0
200500026769,5,5,27,2000,1,1,1,7,2,235,4553500,484800,690,3,2,2,0,1,3,0,60,1,0,1,0,0
200500026770,5,5,5,1845,1,1,1,1,7,189,4835800,437000,290,4,2,2,0,1,2,0,60,1,0,1,0,0
200500026771,5,5,21,1330,1,1,1,1,1,45,4838000,427200,290,2,3,4,0,3,2,0,60,1,0,1,0,0
200500026772,5,5,21,1015,1,2,1,1,6,43,4836400,425600,290,4,2,2,0,2,0,0,30,1,0,1,0,0
200500026774,5,5,5,1600,1,2,1,1,3,142,4912600,253300,600,2,2,3,0,1,1,0,120,1,5,1,0,1
200500026779,5,5,16,615,2,1,1,1,2,829,5006000,287400,620,1,3,3,0,1,1,10,130,1,0,1,0,0
200500026780,5,5,18,1700,1,1,1,1,6,93,5007800,287100,620,1,3,3,0,0,1,0,0,1,0,1,0,0
200500026781,5,5,30,2100,1,1,1,1,6,93,5007900,288300,620,1,3,3,0,1,1,0,0,1,0,1,0,0
200500026792,5,5,15,830,1,1,1,1,6,86,4347600,656700,830,1,3,0,0,0,1,25,105,1,0,1,0,0
200500026798,5,5,25,2100,1,1,1,1,6,65,4934100,36600,270,1,1,1,0,1,4,0,0,1,3,3,0,0
200500026804,5,5,15,1530,1,1,1,1,1,561,4740800,487600,210,3,2,2,0,0,2,0,61,1,2,3,0,0
200500026806,5,5,31,1200,1,1,1,1,3,477,4737000,479700,210,3,2,2,0,1,1,0,0,1,0,1,0,0
200500026809,5,5,26,630,1,1,9,1,6,421,5011900,307800,620,1,1,0,0,1,1,30,90,1,0,1,0,0
200500026813,5,5,31,830,1,2,1,1,3,103,4810100,88500,530,3,2,0,0,1,1,0,67,1,0,1,0,0
200500026814,5,5,29,2130,3,1,1,3,2,547,4955500,125000,760,1,3,2,0,1,1,20,70,2,0,1,0,0
200500026825,5,5,21,800,1,1,1,1,1,79,4736500,104000,370,3,2,2,0,1,1,0,52,1,0,1,0,1
200500026828,5,5,14,2015,2,1,1,2,6,296,4550300,692800,730,4,2,2,0,1,2,0,60,2,0,0,0,0
200500026829,5,5,28,115,3,1,1,1,2,37,4355100,518500,130,2,2,2,0,1,1,0,80,1,0,1,0,0
200500026838,5,5,28,1500,1,1,1,1,2,331,4536000,551000,380,1,3,2,0,4,1,10,100,1,0,1,0,0
200500026839,5,5,28,1615,1,1,1,1,7,464,4554000,539000,380,1,3,2,3,2,2,15,114,1,0,0,0,0
200500026843,5,5,23,730,1,1,3,1,1,295,4759800,137100,410,3,2,2,0,1,1,0,60,1,5,1,0,0
200500026844,5,5,27,2245,3,1,1,1,1,295,4761900,138800,410,3,2,2,0,1,1,0,60,1,0,1,0,0
200500026847,5,5,25,1645,1,1,9,1,1,201,4840700,473500,290,4,2,2,0,1,1,0,0,1,0,1,0,0
200500026852,5,5,24,1115,1,1,1,1,1,36,4363600,139100,400,1,2,2,0,1,1,30,70,1,0,2,0,0
200500026853,5,5,30,130,3,1,1,2,5,24,4345600,153400,640,1,3,2,0,2,3,10,72,2,0,1,0,0
200500026855,5,5,30,1115,1,1,1,1,7,536,4920000,412300,510,1,3,0,0,1,1,25,72,1,0,1,0,0
200500026856,5,5,13,1145,1,1,1,1,2,85,4856100,222500,910,2,3,0,0,1,1,75,0,1,0,1,0,0
200500026860,5,5,24,1400,1,1,1,1,3,285,4503400,597500,380,3,0,2,0,2,1,0,0,1,0,1,0,0
200500026863,5,5,7,800,1,1,1,1,3,216,4717000,63000,370,1,3,2,0,1,1,28,200,1,0,0,0,0
200500026877,5,5,4,30,3,1,1,1,6,343,4328600,20400,640,1,0,2,3,1,1,0,0,1,0,2,0,1
200500026887,5,5,6,1145,1,1,1,1,5,527,4461700,102700,330,1,1,2,0,1,1,10,105,1,0,1,0,0
200500026888,5,5,23,1315,1,1,1,1,7,143,4593000,675000,740,2,1,2,0,0,2,0,60,2,1,0,0,0
200500026889,5,5,30,130,3,1,1,1,6,208,4592500,673100,740,2,1,2,0,2,2,75,0,0,0,3,0,0
200500026904,5,5,17,1230,1,1,1,2,1,28,4385700,132000,820,1,1,3,0,0,1,30,105,2,0,1,0,0
200500026909,5,5,11,1730,1,2,1,1,1,229,4521300,577600,380,4,2,2,1,1,0,0,65,1,0,1,0,0
200500026917,5,5,14,300,1,1,1,1,2,126,4512300,48500,330,1,3,2,0,1,1,30,70,1,0,1,0,0
200500026919,5,5,14,100,3,1,1,1,1,206,4854500,298200,220,3,2,1,1,1,1,0,67,2,0,1,0,1
200500026922,5,5,5,100,3,1,1,1,3,49,4584000,503500,10,1,1,2,0,4,1,111,81,1,0,1,0,0
200500026924,5,5,31,600,1,1,1,1,6,99,4590700,523000,10,1,3,2,0,1,1,25,70,1,2,3,0,0
200500026925,5,5,3,1100,1,1,1,1,6,115,4919600,401400,510,2,2,2,0,1,1,0,77,1,0,0,0,0
200500026926,5,5,10,845,1,1,6,1,2,449,4921400,414600,510,2,0,2,0,0,0,0,0,1,5,1,0,0
200500026927,5,5,24,1745,1,1,1,1,7,614,4915900,415500,510,3,2,2,0,2,2,0,60,1,0,1,0,0
200500026928,5,5,27,1930,1,1,1,1,3,493,4923200,410100,510,2,3,2,0,1,1,20,70,1,0,1,0,0
200500026929,5,5,20,1030,1,1,1,1,6,282,4797800,514000,520,1,3,2,0,1,1,15,95,1,0,2,0,0
200500026930,5,5,31,1600,1,1,1,1,7,307,4794400,519800,520,1,3,0,0,0,1,0,105,0,0,1,0,0
200500026931,5,5,3,1745,1,1,1,1,3,144,4850400,285100,220,3,2,0,0,3,1,0,0,1,0,1,0,1
200500026932,5,5,28,1400,1,1,1,1,3,226,5064600,227200,620,1,3,0,0,1,1,15,160,1,0,1,0,0
200500026933,5,5,20,730,1,2,9,1,1,157,4355800,133500,310,3,2,0,1,1,1,0,61,1,0,1,0,0
200500026936,5,5,22,1600,1,2,1,1,3,340,4545500,477300,380,3,2,0,0,1,0,0,60,1,0,1,0,0
200500026938,5,5,27,615,2,1,1,1,2,120,4604600,624900,740,2,2,2,0,3,2,0,72,1,2,1,0,1
200500026941,5,5,14,930,1,1,1,3,6,118,4355600,524400,130,3,2,0,0,0,1,0,0,2,5,3,0,0
200500026945,5,5,13,1430,5,1,1,2,6,353,4908600,231400,950,2,3,4,0,1,1,2,150,2,0,1,0,1
200500026946,5,5,16,1030,1,1,1,1,6,645,4988000,156600,760,1,3,2,0,2,1,20,70,1,2,3,0,0
200500026947,5,5,1,1830,1,1,1,1,3,251,4764000,268300,560,3,2,2,0,0,1,0,66,1,0,1,0,0
200500026948,5,5,16,1400,1,2,1,1,2,243,4765400,271600,560,3,2,2,0,1,1,0,66,1,0,1,0,0
200500026949,5,5,28,2030,1,2,1,1,7,240,4754800,272500,560,4,0,1,0,1,1,0,35,1,0,1,0,0
200500026950,5,5,28,1500,1,1,1,1,3,240,4754300,273800,560,3,3,0,0,1,1,0,0,0,0,1,0,0
200500026957,5,5,18,1800,1,2,2,1,1,360,4848500,274900,220,3,2,0,0,1,1,0,0,0,5,1,0,0
200500026958,5,5,3,800,1,1,1,1,2,739,4934600,52700,140,3,2,0,0,0,1,0,60,1,0,1,0,0
200500026959,5,5,12,2015,2,1,1,1,7,44,4362000,502700,130,3,2,0,0,0,3,0,70,1,0,1,0,0
200500026961,5,5,16,1215,1,1,1,1,6,339,4795400,1100,720,1,3,2,3,1,1,15,70,1,0,1,0,0
200500026962,5,5,28,1700,1,2,9,1,2,108,4853000,759700,670,2,2,2,0,1,1,0,0,1,5,1,0,0
200500026963,5,5,30,830,1,2,9,2,6,152,4852600,768600,670,3,2,2,0,4,1,0,0,2,1,1,0,0
200500026964,5,5,18,830,1,2,1,8,6,471,4863800,775400,670,3,0,3,0,1,1,0,58,2,0,1,0,0
200500026965,5,5,9,615,1,1,1,1,6,226,4323600,1900,650,1,1,0,0,4,3,10,190,1,0,1,0,0
200500026968,5,5,19,1645,1,1,1,1,6,193,4563600,529100,380,9,2,0,0,2,2,0,50,1,0,3,0,0
200500026969,5,5,15,300,3,1,1,1,7,183,4723600,527500,210,1,3,0,0,1,1,35,70,1,0,3,0,0
200500026971,5,5,4,915,1,1,2,1,3,80,4366000,544000,130,3,2,2,0,1,1,0,63,1,0,1,0,0
200500026972,5,5,12,1215,1,2,1,8,1,113,4360000,548000,130,2,2,0,0,1,1,0,70,1,0,1,0,0
200500026975,5,5,21,800,1,1,1,3,7,194,4872500,788100,670,1,3,2,0,1,0,0,0,2,0,1,0,0
200500026976,5,5,21,700,2,1,1,8,7,99,4880400,427900,510,1,1,0,0,1,1,0,0,2,0,1,0,0