Num_Acc,an,mois,jour,hrmn,lum,agg,int,atm,col,com,lat,long,dep,catr,circ,nbv,vosp,prof,plan,lartpc,larrout,surf,infra,situ,env1,killed
200500026977,5,5,6,1800,1,2,1,1,6,307,5092100,171900,620,3,2,2,0,1,3,59,0,1,0,1,0,0
200500026983,5,5,1,1615,1,1,1,1,6,172,4823900,338500,890,1,3,0,0,2,1,30,70,1,0,3,0,0
200500026984,5,5,1,2100,3,1,1,1,7,483,4824200,337500,890,1,3,2,0,1,1,10,68,1,0,0,0,0
200500026985,5,5,5,1030,1,1,1,1,7,261,4825200,352400,890,1,3,2,0,0,1,30,70,1,0,2,0,0
200500026988,5,5,5,1415,1,1,1,2,7,399,4337600,127600,310,1,3,3,3,1,1,20,90,2,0,1,0,0
200500026989,5,5,23,1115,1,1,1,1,5,458,4352000,137000,310,1,1,0,0,2,3,0,90,1,3,1,0,0
200500026990,5,5,24,715,1,1,1,1,6,458,4350000,134000,310,1,3,0,3,1,1,20,90,1,0,1,0,0
200500026991,5,5,16,1445,1,1,1,1,6,533,4948200,26700,760,1,3,2,0,1,3,10,147,1,3,1,0,0
200500026993,5,5,28,1330,1,1,1,1,7,164,4607500,649700,740,3,2,0,0,1,1,0,70,1,2,3,0,0
200500026995,5,5,15,1545,1,1,1,1,7,117,5004000,202700,800,1,3,2,0,1,1,0,72,1,2,1,0,0
200500027001,5,5,6,1215,1,1,1,1,6,215,4481000,150000,460,1,3,0,0,1,1,15,90,1,0,3,0,0
200500027003,5,5,30,2245,3,1,1,1,7,16,4362700,363100,340,2,3,0,0,1,1,30,70,1,0,1,0,0
200500027004,5,5,9,1100,1,2,1,1,1,356,4872000,209000,780,3,2,2,0,2,3,62,0,0,0,1,0,0
200500027005,5,5,29,945,1,1,1,1,7,356,4874400,204300,780,3,2,0,0,1,2,0,71,1,0,1,0,0
200500027007,5,5,25,745,1,1,1,1,1,351,4809900,7000,720,4,2,1,0,1,0,0,30,1,0,1,0,0
200500027008,5,5,28,1815,1,1,1,1,3,197,4816600,2700,720,4,2,1,0,4,4,0,44,1,0,1,0,0
200500027010,5,5,14,1230,1,2,3,2,3,176,4889400,768000,670,4,2,0,0,1,1,0,50,2,0,1,0,0
200500027012,5,5,25,1145,1,2,1,1,6,176,4891000,765600,670,3,0,2,0,1,1,0,70,1,0,1,0,0
200500027014,5,5,23,1730,1,1,1,1,3,34,4377500,447400,300,2,2,2,3,0,2,0,110,1,5,1,0,0
200500027018,5,5,5,630,1,1,2,1,3,45,4385800,476900,130,3,2,2,0,1,1,0,80,1,5,1,0,0
200500027019,5,5,7,2115,5,1,1,1,1,10,4390500,476400,130,3,2,2,0,1,1,0,63,1,0,1,0,0
200500027020,5,5,11,1415,1,1,1,1,3,83,4391600,480800,130,2,1,0,0,1,2,0,67,1,0,1,0,0
200500027025,5,5,17,1300,1,1,2,1,3,502,4955100,126700,760,3,2,2,0,1,1,0,50,1,0,1,0,0
200500027026,5,5,22,2100,2,1,1,1,6,230,4948000,140400,760,3,2,2,0,1,2,0,25,2,0,3,0,0
200500027028,5,5,19,815,1,1,3,1,3,410,4337800,59800,640,3,2,2,2,1,2,0,120,1,5,1,0,1
200500027031,5,5,19,2045,1,1,3,1,3,482,4727600,582500,250,3,2,3,0,1,2,0,112,1,5,1,0,1
200500027035,5,5,1,1815,1,2,9,1,3,480,4910000,220400,950,3,2,2,0,1,3,60,60,1,0,1,0,0
200500027036,5,5,27,1845,1,2,1,7,6,446,4913100,217500,950,3,2,2,0,4,2,0,0,1,0,0,0,0
200500037581,5,6,16,1515,1,2,1,1,3,11,5053500,293900,590,3,2,2,0,1,1,0,62,1,0,1,0,1
200500037582,5,6,4,1015,1,2,1,2,6,51,5053500,280300,590,2,1,2,0,1,1,0,50,2,0,1,0,0
200500037583,5,6,13,1300,1,1,8,1,3,388,5055100,287700,590,4,2,2,0,1,1,0,64,1,4,1,0,1
200500037584,5,6,18,1030,1,2,1,1,1,550,5053500,281900,590,3,2,0,0,1,1,0,60,1,5,1,0,0
200500037585,5,6,20,1945,1,2,1,1,1,250,5059100,289000,590,3,2,0,0,1,1,0,85,1,0,1,0,0
200500037586,5,6,21,930,1,1,1,1,2,25,5060500,284400,590,3,2,2,0,1,1,0,65,1,0,1,0,0
200500037587,5,6,24,2045,1,1,1,1,7,524,5058200,290400,590,3,2,2,0,1,2,0,74,1,0,1,0,1
200500037591,5,6,2,1300,1,1,1,1,6,256,5055900,314000,590,9,1,1,0,1,0,0,0,1,0,1,0,0
200500037596,5,6,28,1715,1,2,3,1,3,592,5048900,304700,590,3,0,3,0,1,1,0,0,1,0,1,0,1
200500037597,5,6,4,2045,1,1,1,1,7,130,5090900,222100,590,3,2,2,0,1,1,0,60,1,0,3,0,0
200500037599,5,6,8,1930,1,1,1,1,3,663,5091000,245000,590,3,2,0,0,1,1,0,70,1,0,1,0,0
200500037600,5,6,10,1300,1,2,1,1,3,663,5087000,247000,590,3,2,2,0,1,1,120,0,1,0,1,0,0
200500037601,5,6,8,1200,1,1,1,1,6,89,5086000,235000,590,4,2,0,0,1,1,0,54,1,0,1,0,0
200500037602,5,6,17,1630,1,1,1,1,5,338,5087000,242000,590,3,2,0,0,1,1,0,68,1,0,1,0,0
200500037604,5,6,13,2030,1,2,3,1,3,86,5080300,269400,590,3,2,2,0,1,0,0,0,1,5,1,0,0
200500037605,5,6,4,1845,1,1,1,1,6,212,5065000,272000,590,3,0,2,0,0,0,0,0,0,0,0,0,0
200500037606,5,6,27,1400,1,1,1,1,3,180,5069400,271400,590,3,2,0,0,1,1,0,83,1,0,1,0,0
200500037608,5,6,25,815,1,1,1,1,7,546,5078900,256400,590,3,0,2,0,1,1,0,75,1,0,3,0,0
200500037609,5,6,15,1715,1,2,1,1,1,44,5061800,324600,590,3,2,2,0,1,1,0,0,1,0,1,0,0
200500037610,5,6,20,1715,1,2,1,1,3,611,5068200,299500,590,2,2,2,0,1,1,0,63,1,0,1,0,0
200500037613,5,6,9,1745,1,2,1,7,1,331,5013000,369000,590,3,2,0,0,1,1,0,0,1,0,1,0,0
200500037614,5,6,12,2345,3,1,1,1,7,601,5002700,409600,590,3,2,2,0,1,2,0,65,1,0,1,0,1
200500037617,5,6,19,1745,1,1,1,1,6,139,5017600,346100,590,3,0,1,0,1,2,0,0,1,0,1,0,0
200500037622,5,6,24,1330,1,2,1,1,1,232,5031800,371400,590,3,2,0,0,1,1,50,0,1,0,1,0,0
200500037623,5,6,12,1145,1,2,1,1,3,555,5016900,402800,590,3,2,0,0,1,1,0,70,1,0,1,0,0
200500037624,5,6,18,2000,1,1,1,1,1,387,5011400,279600,620,3,2,2,0,1,2,0,52,1,0,1,0,0
200500037625,5,6,10,1015,1,1,4,1,3,147,5019000,274000,620,3,2,0,0,1,1,0,65,1,0,1,0,0
200500037626,5,6,17,2330,3,1,1,1,6,586,5031200,263700,620,3,2,2,0,1,3,0,70,1,0,3,0,0
200500037627,5,6,4,1215,1,1,1,1,3,559,5021300,309400,620,3,4,2,0,1,1,0,30,1,5,1,0,0
200500037628,5,6,7,1445,1,1,1,1,6,583,5018500,246500,620,2,2,0,0,1,1,0,0,1,0,3,0,0
200500037629,5,6,12,2245,3,1,1,1,1,697,5026400,302100,620,3,2,2,0,1,3,0,66,1,0,1,0,0
200500037631,5,6,12,1445,1,1,1,1,3,491,5063400,280000,620,3,2,0,0,1,4,0,60,1,0,1,0,0
200500037635,5,6,12,400,5,2,1,1,6,268,5067200,184800,620,3,2,0,0,1,1,0,70,1,0,1,0,0
200500037639,5,6,7,845,1,1,1,1,3,604,5063300,162300,620,3,0,0,0,1,1,0,50,1,0,1,0,0
200500037640,5,6,4,2200,2,2,1,1,3,799,5046400,172100,620,3,2,0,0,0,1,0,55,1,0,1,0,0
200500037641,5,6,13,900,1,2,9,1,1,176,5050500,169200,620,2,2,0,0,0,1,70,70,1,0,0,0,0
200500037642,5,6,11,2000,1,2,1,1,1,571,5044800,162000,620,4,2,2,0,1,3,0,43,1,0,1,0,0
200500037643,5,6,2,1815,1,1,1,1,6,496,5054700,166200,620,3,2,0,0,0,1,0,59,1,0,1,0,0
200500037644,5,6,24,1125,1,2,1,1,2,550,5038000,200700,620,3,2,0,0,1,1,0,70,1,0,1,0,0
200500037646,5,6,7,2315,3,2,1,1,3,55,5077400,197100,620,3,2,2,0,3,2,0,60,1,0,1,0,0
200500037647,5,6,11,1415,1,2,1,1,3,57,5088400,208700,620,3,2,0,0,1,1,0,67,1,0,1,0,0
200500037650,5,6,7,1730,1,2,1,1,6,45,5035600,260300,620,3,2,2,0,1,1,50,0,1,0,1,0,0
200500037652,5,6,24,2145,3,1,1,1,7,872,5042000,205200,620,3,2,0,0,1,2,0,78,1,0,3,0,0
200500037653,5,6,2,930,1,1,1,1,3,507,4986000,258000,800,3,2,2,0,1,1,0,0,1,0,1,0,0
200500037654,5,6,6,1015,1,1,1,1,1,559,4990600,199100,800,3,2,2,0,3,1,71,0,1,0,1,0,0
200500037655,5,6,19,1730,1,1,1,1,6,587,4992500,167600,800,3,2,0,0,1,1,0,57,1,0,0,0,0
200500037660,5,6,24,1330,1,1,2,1,3,92,4996400,227500,800,3,2,0,0,1,1,0,65,1,0,1,0,1
200500037662,5,6,9,1730,1,2,1,1,6,736,5001000,190000,800,3,2,1,0,1,1,0,60,1,0,1,0,0
200500037664,5,6,12,1830,1,1,1,1,3,574,5005000,205000,800,2,0,2,0,2,1,35,115,0,0,1,0,0
200500037665,5,6,15,2145,1,1,1,8,6,609,5014000,198000,800,3,2,2,0,1,2,0,62,2,0,3,0,0
200500037667,5,6,11,1145,1,2,1,1,3,368,5009000,155000,800,3,2,0,0,1,1,0,66,1,0,1,0,0
200500037668,5,6,18,1645,1,1,1,1,6,190,5008400,165800,800,3,2,2,0,1,2,0,70,1,0,3,0,0
200500037669,5,6,19,1645,1,1,1,1,2,649,5032500,161800,800,3,2,0,0,1,1,0,70,1,0,1,0,0
200500037671,5,6,23,945,1,1,3,1,3,600,5020500,175500,800,3,2,0,0,1,1,0,64,1,0,1,0,0
200500037672,5,6,26,1630,1,2,2,1,1,146,5014400,152000,800,3,2,2,0,1,1,0,68,1,0,1,0,0
200500037673,5,6,10,1645,1,2,1,1,3,70,5008800,239400,800,3,2,2,0,0,1,0,0,1,0,1,0,0
200500037677,5,6,7,2315,5,2,1,1,6,628,4975300,255300,800,3,2,0,0,1,3,0,60,1,0,4,0,0
200500037678,5,6,17,1830,1,1,1,1,7,283,4969900,237300,800,3,2,2,0,1,2,0,50,1,0,3,0,0
200500037681,5,6,30,745,1,1,1,1,2,652,4977900,260400,800,3,3,0,0,1,1,50,75,1,0,3,0,0
200500037684,5,6,12,1000,1,1,1,1,2,664,4999900,291100,800,2,2,0,0,0,1,70,0,1,0,1,0,0
200500037685,5,6,18,1445,1,2,9,1,3,620,4993500,293400,800,2,2,0,0,1,1,0,0,1,0,1,0,0
200500037688,5,6,1,1530,1,2,1,1,1,238,4998400,262300,800,3,2,2,0,1,1,0,67,1,5,1,0,0
200500037689,5,6,7,1315,1,2,1,1,1,129,5003000,261600,800,4,2,0,0,1,2,0,50,1,0,1,0,0
200500037692,5,6,24,1745,1,1,1,1,2,585,4975600,289300,800,3,2,2,0,0,1,0,70,2,0,1,0,0
200500037693,5,6,18,115,3,1,1,1,6,80,4958800,356600,20,2,2,2,0,1,1,0,82,1,0,1,0,1
200500037696,5,6,28,1830,1,1,1,1,6,456,4955700,316900,20,3,2,2,0,1,1,0,60,1,0,3,0,0
200500037697,5,6,27,1615,1,1,1,1,6,613,4942000,380600,20,3,2,2,0,0,2,0,0,1,0,3,0,0
200500037698,5,6,13,2115,2,1,1,1,7,676,4951400,385700,20,3,2,2,0,1,1,0,60,1,0,3,0,0
200500037699,5,6,24,1700,1,1,1,1,3,720,4959700,390100,20,4,2,0,0,1,3,0,51,1,0,1,0,0
200500037702,5,6,17,1330,1,2,1,8,2,590,4895600,355100,20,3,2,2,0,4,1,0,58,1,5,1,0,0
200500037708,5,6,10,1745,1,1,1,1,2,303,4988000,326900,20,2,2,2,0,1,1,0,72,1,0,1,0,0
200500037709,5,6,13,1915,2,1,1,1,3,334,4992700,336600,20,3,2,2,0,1,1,0,0,1,5,1,0,0
200500037710,5,6,23,1400,1,2,1,7,3,709,5003200,336800,20,9,2,0,0,1,1,0,65,1,0,1,0,1
200500037711,5,6,19,145,3,1,1,1,7,639,4972300,327700,20,3,3,4,0,1,1,0,80,1,0,1,0,0
200500037714,5,6,6,1615,1,2,1,1,3,811,4938000,367000,20,3,2,2,0,1,1,0,52,1,5,1,0,1
200500037717,5,6,18,1830,1,2,1,1,3,535,4975400,390400,20,3,2,2,0,4,0,0,57,8,0,1,3,0
200500037718,5,6,17,1930,1,1,2,1,1,728,4990000,388000,20,3,2,2,0,1,3,0,70,1,5,1,0,1
200500037719,5,6,22,415,2,2,1,1,1,135,4996900,383800,20,2,2,2,0,1,1,0,76,1,0,1,0,1
200500037720,5,6,3,430,5,2,1,1,6,381,4992000,407000,20,3,2,2,0,1,1,0,65,1,0,3,0,0
200500037721,5,6,4,245,3,1,1,1,1,381,4990300,410800,20,2,2,2,0,3,1,0,73,1,0,1,0,0
200500037722,5,6,1,800,1,1,1,1,6,250,4947600,202300,600,4,2,2,0,1,1,0,38,1,0,1,0,0
200500037723,5,6,15,1830,1,2,1,1,4,703,4941000,204000,600,3,2,2,0,1,1,0,70,1,0,1,0,0
200500037726,5,6,14,1200,1,2,1,7,6,29,4937300,199900,600,3,2,2,0,1,1,0,56,1,0,1,0,0
200500037729,5,6,21,1645,1,2,1,1,2,29,4937700,199000,600,3,2,2,0,1,1,0,70,1,0,1,0,0
200500037730,5,6,5,1130,1,1,2,1,3,361,4922600,191600,600,3,2,2,0,0,1,0,57,1,0,1,0,0
200500037733,5,6,26,2245,3,1,1,1,3,622,4967800,199400,600,3,2,2,0,1,1,0,60,0,0,1,0,0
200500037734,5,6,5,1815,1,1,1,1,3,88,4919800,218000,600,3,2,0,0,4,1,0,60,1,0,1,0,0
200500037740,5,6,17,1615,1,1,1,1,3,627,4963400,235600,600,3,2,2,0,1,1,0,74,1,0,1,0,1
200500037742,5,6,27,2215,3,2,1,1,6,307,4933500,226000,600,3,2,0,0,4,2,0,56,1,0,1,0,0
200500037743,5,6,29,2200,2,1,1,1,7,116,4931600,235800,600,3,2,2,0,2,2,0,84,1,0,1,0,0
200500037745,5,6,29,1030,1,2,1,1,6,581,4951200,244600,600,3,2,0,0,2,3,0,65,1,0,1,0,0
200500037748,5,6,12,200,3,2,1,1,6,323,4946000,286100,600,9,0,1,0,0,1,0,0,1,0,3,0,0
200500037749,5,6,16,1830,1,1,1,1,7,537,4952600,290400,600,3,2,2,0,2,1,0,0,1,0,3,0,0
200500037750,5,6,20,945,1,2,1,1,1,537,4951100,291700,600,2,2,2,0,1,1,0,92,1,0,1,0,0
200500037751,5,6,20,1730,1,2,1,1,2,537,4951300,292100,600,2,2,2,0,1,1,0,0,1,0,1,0,0
200500037761,5,6,3,1045,1,2,1,1,7,695,4920100,250700,600,3,2,2,0,1,4,0,0,1,0,1,0,0
200500037762,5,6,4,1600,1,2,1,3,1,141,4919000,245900,600,3,2,2,0,1,1,30,78,2,0,1,0,0
200500037763,5,6,5,1600,1,2,1,1,6,695,4920200,251000,600,3,2,0,0,1,1,0,90,1,0,3,0,0
200500037764,5,6,8,1615,1,2,1,1,1,141,4920000,246800,600,4,2,2,0,1,1,0,40,1,0,1,0,0
200500037765,5,6,9,1230,1,2,1,1,2,141,4918000,245500,600,2,2,2,0,1,1,0,90,1,0,1,3,0
200500037766,5,6,14,1800,1,2,1,1,3,346,4915800,244800,600,4,2,2,0,1,1,0,32,1,0,1,0,0
200500037767,5,6,16,745,1,2,1,1,6,141,4919300,246100,600,4,1,1,0,1,1,0,70,1,0,1,0,0
200500037768,5,6,20,1445,1,1,6,1,6,282,4921000,246100,600,2,3,2,0,1,4,0,63,0,0,3,0,0
200500037769,5,6,20,1745,1,1,1,1,5,282,4921700,242400,600,3,2,2,0,1,1,0,70,1,0,1,0,0
200500037770,5,6,21,1945,1,2,1,1,6,141,4919400,246300,600,2,2,2,0,1,0,0,0,1,0,1,0,0
200500037771,5,6,25,1645,1,2,1,1,1,141,4920000,246400,600,2,2,0,0,0,1,60,30,1,0,1,0,0
200500037779,5,6,12,1630,1,1,1,1,7,560,4923200,273500,600,3,2,0,0,1,1,0,0,1,0,1,0,0
200500037781,5,6,20,1930,1,1,1,1,1,446,4947300,98800,760,3,0,0,0,0,2,0,0,0,0,1,0,0
200500037785,5,6,8,1800,1,1,2,1,3,85,4981500,104300,760,3,2,2,0,1,1,67,0,1,0,1,0,1
200500037787,5,6,25,1915,1,2,1,1,2,605,4991100,95900,760,3,2,2,0,1,1,0,62,1,0,1,0,0
200500037790,5,6,11,1445,1,1,1,1,2,436,4945000,85000,760,3,2,2,3,1,1,0,91,1,0,1,0,0
200500037791,5,6,12,1700,1,2,1,1,7,222,4948900,87500,760,3,2,1,0,1,1,0,70,1,0,1,0,0
200500037793,5,6,12,1900,1,2,1,1,1,659,4953000,76000,760,4,2,2,0,1,3,0,70,1,0,1,0,0
200500037794,5,6,12,1145,1,1,4,1,3,750,4946300,83100,760,3,2,2,0,1,1,15,75,1,5,1,0,0
200500037798,5,6,30,1000,1,1,6,2,3,741,4966200,24500,760,3,2,2,0,1,1,0,56,2,5,1,0,0
200500037801,5,6,4,1115,1,1,1,1,1,92,4957800,52200,760,3,0,0,0,1,1,0,50,1,0,1,0,0
200500037803,5,6,26,1430,1,2,1,1,1,518,4960400,51600,760,9,2,0,0,1,2,0,40,1,0,1,0,0
200500037804,5,6,26,1530,1,1,2,1,3,421,4956000,43000,760,3,2,2,0,1,1,0,56,1,0,1,0,0
200500037810,5,6,2,2245,3,1,1,1,7,124,4943800,171800,760,3,2,0,0,0,0,0,0,1,0,1,0,0
200500037812,5,6,24,1130,1,2,1,1,1,57,4955000,96000,760,3,2,2,0,2,1,0,73,1,0,1,0,0
200500037813,5,6,29,1115,1,2,1,1,1,57,4955000,95000,760,3,2,2,0,1,1,0,90,1,0,1,0,0
200500037814,5,6,3,2200,2,2,1,1,1,655,4986800,71700,760,3,2,2,0,2,2,0,60,1,0,1,0,0
200500037815,5,6,28,1615,1,1,2,1,3,655,4985600,70500,760,3,2,2,0,1,1,0,99,1,0,1,0,0
200500037817,5,6,4,1945,1,2,1,1,6,491,4970200,85400,760,3,2,0,0,1,3,0,75,1,0,1,0,0
200500037824,5,6,12,1545,1,1,1,1,1,507,4890200,127100,270,3,2,2,0,1,1,0,56,1,0,1,0,0
200500037825,5,6,29,1930,1,1,2,1,3,423,4878600,131300,270,3,2,2,0,1,1,0,43,1,0,1,0,0
200500037828,5,6,11,2115,2,1,1,1,6,136,4902000,146700,270,2,2,3,0,1,1,0,105,1,0,1,0,1
200500037832,5,6,19,430,3,1,1,1,6,644,4912300,149700,270,3,2,3,0,2,2,0,116,1,0,1,0,0
200500037833,5,6,25,2045,1,1,1,1,7,653,4919500,154600,270,3,2,2,0,1,3,0,65,1,0,0,0,1
200500037834,5,6,5,1830,1,1,1,8,6,493,4935100,126400,270,3,0,2,0,2,1,0,60,2,0,1,0,0
200500037835,5,6,15,1230,1,2,1,2,3,104,4938900,131200,270,2,2,0,0,1,1,0,80,2,0,1,0,0
200500037836,5,6,9,2000,1,1,2,1,3,420,4925200,155900,270,3,2,0,0,1,1,0,54,1,0,1,0,1
200500037838,5,6,3,800,1,2,1,1,1,622,4912000,68900,270,3,2,0,0,1,1,0,52,1,0,1,0,0
200500037839,5,6,17,1915,1,2,1,1,6,51,4908300,78400,270,3,2,0,0,1,0,0,71,1,0,1,0,1
200500037843,5,6,19,1830,1,2,1,1,3,3,4917800,118900,270,3,2,0,0,0,1,0,93,1,5,1,0,0
200500037844,5,6,28,800,1,2,1,1,1,537,4924800,122100,270,3,2,2,0,1,3,0,60,1,0,1,0,0
200500037845,5,6,28,1715,1,2,1,1,6,3,4917600,117600,270,3,2,2,0,1,1,0,90,1,5,1,0,0
200500037847,5,6,16,2330,3,2,1,1,2,191,4911200,124400,270,4,2,2,0,1,1,0,45,1,0,1,0,0
200500037848,5,6,21,1915,1,2,2,1,1,5,4916700,125000,270,3,2,2,0,0,1,0,0,1,5,1,0,0
200500037849,5,6,30,1400,1,1,1,1,6,211,4909000,125000,270,3,2,2,0,0,2,0,50,1,0,1,0,0
200500037850,5,6,27,900,3,1,1,1,6,8,4931700,119100,270,3,2,2,0,0,0,62,0,0,0,0,0,0
200500037851,5,6,29,2115,1,2,1,1,6,474,4929200,126100,270,3,2,0,0,1,1,0,0,1,0,1,0,0
200500037854,5,6,8,1130,1,2,1,1,6,467,4936400,51500,270,9,2,0,0,1,1,0,60,1,0,3,0,0
200500037859,5,6,9,1730,1,1,1,1,3,227,4939000,65500,270,3,2,2,0,1,2,0,42,1,0,1,0,0
200500037861,5,6,21,1530,1,1,1,1,3,90,4928300,94600,270,9,0,0,0,1,0,0,0,1,0,1,0,0
200500037863,5,6,14,845,1,1,1,1,1,251,4827000,163000,350,3,2,2,0,0,1,0,120,1,0,1,0,1
200500037864,5,6,7,1715,1,1,1,1,1,31,4817200,147600,350,3,2,2,0,2,2,0,65,1,0,1,0,0
200500037865,5,6,15,745,1,1,1,2,3,302,4819400,214800,350,2,2,0,0,1,1,0,70,2,0,1,0,0
200500037866,5,6,15,1830,1,1,1,1,3,171,4826200,210100,350,3,2,2,0,1,1,0,60,1,0,1,0,0
200500037867,5,6,10,1000,1,1,1,1,3,184,4815900,204800,350,3,2,2,0,1,1,0,60,1,0,1,0,0
200500037873,5,6,15,1145,1,1,1,3,6,273,4840400,128500,350,3,2,0,0,0,1,0,49,2,0,3,0,0
200500037875,5,6,11,1800,1,2,1,1,7,64,4770200,188900,350,3,2,2,0,2,3,0,65,1,0,3,0,0
200500037876,5,6,26,900,1,1,1,1,5,155,4786900,187800,350,3,2,3,0,1,1,10,120,1,5,1,0,1
200500037877,5,6,7,1815,1,1,3,1,3,122,4861300,190000,350,3,2,0,0,1,2,0,208,1,5,1,0,0
200500037881,5,6,9,1830,1,1,1,1,2,246,4853900,178700,350,3,2,2,0,1,1,0,70,1,0,1,0,0
200500037882,5,6,14,1815,1,2,1,1,6,95,4855200,175100,350,4,2,2,0,2,1,0,80,1,0,1,0,0
200500037883,5,6,20,1015,1,1,1,1,1,246,4853900,180700,350,3,2,0,0,1,1,0,70,1,0,1,0,0
200500037885,5,6,25,1730,1,2,7,1,3,360,4812900,120500,350,9,2,0,0,0,3,0,50,1,0,1,0,0
200500037889,5,6,13,2100,1,1,2,7,3,326,4844500,244000,220,3,2,0,0,1,1,12,70,1,5,1,0,0
200500037890,5,6,30,115,5,2,1,1,6,173,4853700,257200,220,3,2,2,0,1,1,0,0,2,0,3,0,1
200500037891,5,6,4,1230,1,1,1,1,7,259,4847400,208200,220,4,2,2,0,2,1,0,38,1,0,1,0,1
200500037893,5,6,8,630,1,1,1,1,7,143,4859900,229600,220,3,2,2,0,1,2,0,0,1,0,1,0,0
200500037894,5,6,7,2045,1,1,1,1,1,48,4846700,211900,220,3,2,0,0,1,1,0,60,1,0,1,0,0
200500037896,5,6,18,1030,1,1,1,1,1,237,4853000,225900,220,3,2,0,0,1,1,60,0,1,0,1,0,0
200500037897,5,6,20,500,2,2,1,1,3,94,4861300,214600,220,3,2,2,0,1,1,0,85,1,0,1,0,0
200500037898,5,6,11,1845,1,2,1,1,3,147,4819500,241500,220,9,2,2,0,2,1,0,50,1,0,1,0,0
200500037899,5,6,22,1830,1,1,1,1,7,147,4820000,246000,220,2,2,2,0,1,1,0,76,1,0,1,0,1
200500037900,5,6,24,1700,1,1,1,1,3,25,4839800,343200,220,3,2,2,0,1,1,0,0,1,5,1,0,0
200500037902,5,6,7,1815,1,2,1,1,3,198,4877000,351000,220,4,2,0,0,1,1,0,50,1,0,1,0,0
200500037903,5,6,12,1915,1,1,1,1,1,152,4876200,327400,220,3,2,2,0,2,2,0,83,1,5,1,0,0
200500037904,5,6,18,1000,1,2,1,1,3,362,4878900,322300,220,3,2,2,0,1,1,0,60,1,0,1,0,0
200500037905,5,6,17,1400,1,2,1,1,3,166,4881900,329600,220,3,2,2,0,1,1,0,64,1,0,1,0,0
200500037906,5,6,29,1500,1,1,1,9,6,127,4880900,310600,220,3,2,0,0,2,1,0,70,2,0,3,0,1
200500037907,5,6,2,1900,1,2,3,1,3,216,4798300,417600,290,3,2,2,0,1,0,0,74,1,0,1,0,0
200500037908,5,6,17,930,1,1,1,1,2,75,4842500,442600,290,3,3,1,0,0,1,0,43,1,0,1,0,0
200500037909,5,6,15,1900,1,1,1,1,3,198,4857800,428400,290,3,2,2,0,1,0,0,53,1,0,1,0,0
200500037910,5,6,22,1730,1,1,1,1,2,177,4841700,479300,290,4,2,2,0,1,1,0,50,1,0,1,0,0
200500037911,5,6,11,1600,1,1,1,1,1,106,4804800,407100,290,3,2,2,0,2,1,0,69,1,0,1,0,0
200500037912,5,6,21,1700,1,1,1,1,2,62,4819300,398600,290,3,2,2,0,1,1,0,65,1,0,1,0,0
200500037917,5,6,3,1845,1,1,1,1,1,30,4864200,413100,290,4,2,1,0,1,1,0,50,1,0,1,0,0
200500037923,5,6,12,1615,1,1,1,1,6,143,4754700,248400,560,3,2,2,1,1,1,0,0,1,0,5,0,0
200500037930,5,6,2,1745,1,2,1,1,3,152,4734000,315000,560,3,2,2,0,1,1,0,56,1,0,1,0,0
200500037931,5,6,5,515,2,1,1,1,6,152,4733000,317000,560,3,2,2,0,1,1,0,60,1,0,3,0,1
200500037932,5,6,4,830,1,1,9,1,3,78,4780900,345900,560,1,3,2,0,1,1,103,0,1,0,1,0,1
200500037933,5,6,10,800,1,1,1,1,3,78,4778800,349600,560,3,2,2,1,4,1,0,0,1,5,1,0,1
200500037934,5,6,24,1600,1,1,9,1,1,78,4780400,347700,560,3,2,2,0,0,1,0,70,1,0,1,0,0
200500037936,5,6,17,1615,1,2,9,1,3,165,4793000,239000,560,4,2,0,0,1,1,15,60,1,0,1,3,0
200500037937,5,6,25,830,1,1,9,2,3,165,4792400,240400,560,2,2,0,0,1,1,0,64,2,3,1,0,0
200500037938,5,6,4,2000,1,1,1,1,1,180,4792000,217000,560,4,2,0,0,1,2,0,42,1,0,1,0,0
200500037939,5,6,25,615,2,1,1,1,1,133,4781400,233600,560,3,2,0,0,1,1,0,70,1,0,1,0,1
200500037941,5,6,18,715,1,1,1,1,7,151,4807200,292900,560,3,2,2,0,1,1,0,60,1,0,1,0,0
200500037943,5,6,24,700,2,1,1,1,3,146,4811900,298300,560,3,2,2,0,4,2,0,60,1,0,1,0,1
200500037944,5,6,30,1130,1,2,1,1,6,178,4807200,296500,560,9,2,0,0,1,1,0,70,1,6,1,0,0
200500037945,5,6,12,200,3,2,1,1,6,57,4803800,349000,560,9,2,0,0,2,2,0,80,1,0,1,0,0
200500037946,5,6,15,1100,1,1,1,1,6,81,4809000,363700,560,3,2,1,0,0,2,0,69,2,0,3,0,1
200500037947,5,6,5,15,3,1,1,1,3,228,4928800,40600,140,3,2,2,0,1,1,0,70,1,0,1,0,0
200500037949,5,6,5,1730,1,1,1,1,5,610,4918100,50600,140,3,2,2,0,1,1,0,60,1,5,1,0,1
200500037950,5,6,7,1330,1,2,1,1,1,721,4910300,53900,140,4,2,2,0,1,0,0,42,1,0,1,0,0
200500037951,5,6,15,1715,1,1,3,1,5,119,4915700,27000,140,2,2,3,0,1,1,0,105,1,5,1,0,0
200500037952,5,6,18,1600,1,2,1,1,1,277,4909800,34900,140,3,2,2,0,1,1,0,0,1,5,1,0,0