Num_Acc,an,mois,jour,hrmn,lum,agg,int,atm,col,com,lat,long,dep,catr,circ,nbv,vosp,prof,plan,lartpc,larrout,surf,infra,situ,env1,killed
200500037953,5,6,20,1345,1,2,6,1,3,92,4912600,29600,140,3,2,0,0,0,0,0,0,1,5,1,0,0
200500037954,5,6,28,1215,1,2,1,7,3,119,4915200,25800,140,2,2,0,3,1,1,0,92,1,5,1,0,0
200500037955,5,6,19,2345,5,1,1,1,7,76,4922000,28000,140,3,2,3,0,1,1,0,120,1,0,3,0,1
200500037956,5,6,1,1400,1,2,1,1,4,692,4918000,62000,140,3,0,2,0,0,1,0,71,1,0,4,0,0
200500037957,5,6,3,1700,1,1,1,1,1,760,4909700,62500,140,3,2,2,0,2,1,0,76,0,0,1,0,1
200500037959,5,6,8,1215,1,1,1,1,3,724,4925500,16400,140,3,2,0,0,0,2,0,66,1,0,1,0,1
200500037963,5,6,18,230,3,1,1,5,6,480,4934500,107600,140,3,2,2,0,0,2,0,65,1,0,0,0,0
200500037964,5,6,1,1215,1,1,1,1,1,735,4897700,5700,140,3,2,1,0,1,1,0,51,1,5,1,0,0
200500037965,5,6,12,1700,1,1,1,1,5,616,4901700,8400,140,3,2,2,0,3,1,0,62,1,0,1,0,0
200500037969,5,6,11,2345,5,2,6,1,7,762,4884400,89000,140,3,2,2,0,1,3,0,56,1,0,0,0,0
200500037978,5,6,23,1715,1,1,1,1,5,616,4867300,136400,500,4,2,2,0,1,1,0,70,1,0,1,0,0
200500037979,5,6,28,1130,1,1,1,1,6,288,4868700,138700,500,3,2,2,0,1,3,0,68,1,0,3,0,0
200500037980,5,6,7,1145,1,1,1,1,6,361,4877900,136700,500,3,2,1,0,0,1,0,91,0,0,1,0,0
200500037987,5,6,13,945,1,2,1,1,6,31,4938500,174900,500,3,2,0,0,0,1,0,70,1,0,1,0,0
200500037991,5,6,20,2345,3,1,1,1,6,550,4917500,141000,500,3,2,2,0,1,1,0,65,1,0,3,0,0
200500037993,5,6,29,30,5,2,2,1,3,76,4890800,156200,500,3,2,2,0,1,1,0,70,1,5,1,0,1
200500037995,5,6,21,1630,1,1,1,1,6,405,4928200,142200,500,3,2,0,0,1,1,60,0,1,0,1,0,0
200500037997,5,6,9,1630,1,2,7,1,3,484,4858000,109200,500,9,2,2,0,1,1,0,72,1,0,1,0,0
200500037998,5,6,9,2130,1,1,2,1,3,293,4861300,110800,500,3,2,2,0,1,1,0,64,1,0,1,0,0
200500038001,5,6,4,2015,1,1,1,1,3,382,4845000,3300,610,4,2,2,0,1,1,0,27,1,0,1,0,0
200500038006,5,6,20,1700,1,1,1,1,1,23,4881800,2500,610,3,2,2,0,3,4,50,0,0,0,1,0,0
200500038010,5,6,12,1830,1,2,1,1,2,310,4870900,22600,610,2,2,2,0,1,1,0,70,1,0,1,0,0
200500038012,5,6,11,1000,1,1,1,1,2,369,4863800,63400,610,3,2,2,0,0,1,0,65,1,0,1,0,0
200500038015,5,6,8,730,1,1,1,1,3,38,4838300,55500,610,3,2,2,0,0,4,0,0,1,0,1,0,0
200500038018,5,6,30,1930,1,1,1,3,7,92,4875900,72600,610,2,2,2,0,1,1,0,0,2,0,1,0,0
200500038028,5,6,23,1130,1,1,1,1,2,96,4742500,129200,440,3,2,2,0,1,1,0,68,1,0,1,0,0
200500038030,5,6,3,2045,1,1,1,1,7,169,4725400,140300,440,3,2,0,0,1,1,0,51,1,0,1,0,1
200500038031,5,6,9,1915,1,1,1,1,2,169,4726800,137400,440,3,2,2,0,1,1,60,60,1,0,1,0,0
200500038033,5,6,24,1730,1,1,1,1,7,212,4718600,122900,440,3,2,2,0,1,1,0,60,9,0,3,0,0
200500038034,5,6,18,2000,1,1,2,1,3,107,4744300,134000,440,3,2,0,0,0,3,0,60,1,0,3,0,0
200500038036,5,6,17,1215,1,2,1,1,1,36,4770600,139900,440,2,0,0,0,0,0,0,0,0,0,0,0,0
200500038037,5,6,6,2115,1,1,1,1,2,15,4745100,170900,440,3,2,2,0,1,2,0,60,1,0,1,0,0
200500038038,5,6,12,1200,1,1,1,1,3,128,4752200,188700,440,3,2,2,0,1,1,0,60,1,0,1,0,0
200500038039,5,6,1,2015,1,1,1,1,3,138,4753300,163600,440,4,2,0,0,1,1,0,42,1,2,1,0,0
200500038040,5,6,21,1115,1,1,2,7,3,1,4756100,146300,440,3,2,2,0,1,1,0,60,1,0,1,0,0
200500038041,5,6,30,1745,1,1,1,1,1,138,4755000,161700,440,3,2,2,0,1,1,0,56,1,0,1,0,0
200500038043,5,6,9,830,1,2,1,1,2,18,4715300,169200,440,4,2,0,0,1,1,0,57,1,0,1,0,0
200500038044,5,6,11,2045,2,1,1,1,1,131,4713000,215000,440,3,2,1,0,1,1,0,50,1,0,1,0,0
200500038049,5,6,11,2000,1,1,1,1,2,220,4720500,189900,440,3,2,2,0,1,1,0,57,1,0,1,0,0
200500038050,5,6,23,1645,1,1,3,1,3,87,4698400,180300,440,3,2,2,0,1,1,0,0,1,0,0,0,0
200500038051,5,6,23,1645,1,2,1,1,6,220,4720300,188300,440,3,2,0,0,3,1,0,75,1,0,1,3,1
200500038058,5,6,17,1830,1,2,1,1,7,210,4731400,218600,440,9,2,2,0,1,2,0,60,1,0,1,0,0
200500038059,5,6,18,900,1,2,1,1,3,176,4735000,217700,440,9,2,2,1,1,1,0,45,1,0,5,0,0
200500038061,5,6,10,1100,1,1,1,1,4,194,4728200,172100,440,2,0,4,0,1,1,30,70,1,0,1,0,1
200500038064,5,6,13,2145,2,1,1,1,6,278,4744500,59400,490,4,2,0,0,1,1,0,60,1,0,1,0,0
200500038065,5,6,18,1615,1,2,1,1,3,20,4746900,62700,490,4,2,0,3,1,1,0,100,1,5,1,0,0
200500038068,5,6,21,745,1,1,1,1,1,21,4744800,24400,490,2,2,0,0,1,1,0,0,1,0,1,0,0
200500038069,5,6,22,2000,1,1,1,1,3,21,4742900,23900,490,3,2,0,0,1,1,0,62,1,0,3,0,0
200500038070,5,6,5,1230,1,1,1,1,2,223,4739500,56700,490,3,2,2,0,1,3,0,50,1,0,1,0,0
200500038071,5,6,10,1245,1,1,2,1,3,153,4719300,60300,490,3,2,2,0,1,3,0,50,1,0,1,0,0
200500038073,5,6,20,1900,1,2,1,1,6,134,4729600,52300,490,4,2,2,0,0,2,0,45,1,0,3,0,0
200500038075,5,6,1,730,1,1,1,1,7,377,4753200,43400,490,3,2,2,0,1,2,0,45,1,1,1,0,0
200500038076,5,6,12,1245,1,2,1,1,1,244,4736000,85700,490,3,2,2,0,0,1,0,56,1,0,1,0,0
200500038077,5,6,30,1030,1,1,1,1,3,63,4733900,79000,490,3,2,2,0,1,1,0,70,1,0,1,0,0
200500038079,5,6,4,1900,1,2,1,1,2,92,4722400,72700,490,2,2,2,0,0,1,0,56,1,0,1,0,0
200500038080,5,6,12,445,3,1,1,1,6,23,4721000,97000,490,3,2,0,1,1,1,0,84,1,0,1,0,1
200500038081,5,6,12,200,3,2,1,1,6,281,4715100,76200,490,2,2,2,0,3,1,15,70,1,0,1,0,0
200500038092,5,6,6,2015,1,1,2,1,3,348,4720800,44700,490,3,2,2,0,0,1,0,59,1,0,1,0,0
200500038093,5,6,11,1830,1,2,1,1,6,336,4703800,61000,490,5,0,0,0,1,1,0,0,1,6,0,0,0
200500038094,5,6,4,745,1,2,1,1,1,149,4734800,23100,490,3,2,0,0,0,2,0,60,1,0,1,0,0
200500038095,5,6,19,2030,1,1,1,1,1,378,4735000,7400,490,2,2,3,0,1,1,0,91,1,0,1,0,0
200500038100,5,6,14,2215,2,1,1,1,7,251,4759200,66300,490,3,2,0,0,4,3,0,42,1,0,3,0,0
200500038101,5,6,19,1745,1,1,4,1,3,176,4761700,70600,490,2,2,2,0,1,1,0,75,1,5,1,0,0
200500038103,5,6,5,915,3,1,1,1,6,96,4770800,54600,490,3,2,1,0,1,1,0,0,1,0,1,0,0
200500038105,5,6,8,1145,1,1,1,1,5,65,4815100,41500,530,3,2,0,0,0,1,0,72,1,0,1,0,0
200500038106,5,6,18,1315,1,2,6,1,3,97,4816100,40000,530,3,2,2,0,0,1,0,72,1,0,1,0,0
200500038108,5,6,13,1515,1,1,1,1,7,66,4780900,78900,530,3,2,0,0,1,2,0,50,1,0,3,0,0
200500038110,5,6,12,730,1,1,1,1,7,73,4781100,110900,530,3,2,2,0,1,1,0,60,2,0,3,0,0
200500038111,5,6,18,30,5,2,1,1,1,188,4780300,105300,530,2,2,2,0,1,1,0,66,1,0,1,0,0
200500038114,5,6,15,715,1,1,1,8,6,96,4832400,94300,530,3,2,2,0,3,1,56,0,1,0,3,0,0
200500038115,5,6,28,630,2,1,1,1,1,116,4836900,44400,530,2,2,2,0,1,1,0,117,1,0,1,0,0
200500038119,5,6,17,1915,1,1,1,1,7,187,4780800,32500,720,2,2,0,0,2,2,0,70,1,0,3,0,0
200500038120,5,6,19,1545,1,2,1,7,2,58,4800000,30000,720,2,3,4,0,1,1,50,72,1,0,1,0,0
200500038123,5,6,3,2030,1,1,6,1,7,386,4801200,26300,720,3,1,1,0,1,3,0,0,1,3,1,0,0
200500038126,5,6,19,2030,1,1,1,1,7,23,4818400,22300,720,3,2,2,0,1,1,0,50,1,0,1,0,0
200500038129,5,6,29,2300,3,1,6,1,3,329,4808600,31800,720,3,2,0,0,1,1,0,103,1,0,1,0,0
200500038131,5,6,4,1900,1,1,1,1,1,75,4793500,1200,720,3,2,2,0,2,2,0,60,1,0,1,0,1
200500038145,5,6,26,2330,3,1,1,1,1,336,4784100,26500,720,3,2,2,0,0,1,0,70,1,0,1,0,0
200500038148,5,6,12,1515,1,2,1,1,1,375,4813900,60200,720,3,2,2,0,1,3,0,45,1,0,1,0,0
200500038149,5,6,16,1545,1,1,1,1,1,132,4818500,63700,720,3,2,2,0,1,2,0,60,1,0,1,0,1
200500038151,5,6,14,615,1,1,1,1,6,266,4825300,6800,720,3,2,0,0,1,2,0,50,1,0,1,0,0
200500038152,5,6,17,2000,1,1,3,1,3,6,4840000,9400,720,3,2,2,0,1,1,0,75,1,0,1,0,0
200500038153,5,6,25,845,1,1,1,1,3,309,4832800,11700,720,3,2,2,0,0,1,0,67,1,0,1,0,0
200500038154,5,6,28,1915,1,1,1,1,1,11,4830200,1400,720,3,2,2,0,0,3,0,62,2,0,1,0,1
200500038157,5,6,18,1200,1,2,1,1,6,81,4674000,138400,850,3,2,2,0,2,1,0,54,1,0,4,0,0
200500038159,5,6,23,1630,1,2,1,1,3,276,4674200,108300,850,2,2,2,0,1,1,22,77,1,0,1,0,0
200500038160,5,6,2,1200,1,1,1,7,1,39,4701400,116100,850,4,0,0,0,1,1,0,0,1,0,1,0,0
200500038162,5,6,16,1730,1,1,1,1,1,240,4692600,90300,850,3,2,2,0,0,3,0,58,1,0,1,0,0
200500038166,5,6,7,1730,1,2,1,1,6,209,4652000,101000,850,3,2,2,0,0,4,0,43,1,0,1,0,0
200500038168,5,6,4,1700,1,2,7,1,7,78,4631000,73000,850,9,0,0,0,0,0,0,0,1,0,0,0,0
200500038170,5,6,10,1715,1,1,2,1,2,31,4677300,93000,850,3,2,2,0,2,4,0,72,1,0,1,0,1
200500038171,5,6,22,1600,1,1,1,1,1,95,4687600,175000,850,3,2,0,0,0,1,0,0,1,0,1,0,0
200500038174,5,6,9,1400,1,1,1,1,5,234,4680100,205100,850,3,2,2,0,1,3,0,81,1,0,1,0,0
200500038175,5,6,15,1300,1,1,1,3,6,18,4694600,203000,850,3,2,2,0,1,1,0,60,2,0,3,0,0
200500038178,5,6,10,1745,1,1,1,1,1,206,4646400,134700,850,3,2,0,0,1,1,0,63,1,0,1,0,0
200500038179,5,6,19,15,3,2,1,1,6,214,4654900,168900,850,3,2,1,0,1,1,16,60,1,0,1,0,0
200500038182,5,6,9,715,1,1,1,1,7,273,4483900,79500,330,3,2,2,0,1,1,0,60,1,0,1,0,0
200500038186,5,6,19,2145,1,1,1,1,7,326,4533000,57900,330,2,2,0,0,0,2,0,0,1,0,1,0,0
200500038187,5,6,30,1430,1,1,1,1,6,326,4533500,57700,330,2,2,0,0,3,3,0,71,1,0,0,0,1
200500038189,5,6,2,1700,1,2,1,1,2,483,4491700,39100,330,4,2,0,0,1,1,0,60,1,0,1,0,0
200500038190,5,6,9,815,1,1,1,1,3,496,4482000,39000,330,3,2,2,0,4,1,0,60,1,0,1,0,1
200500038191,5,6,13,1045,1,1,6,1,6,535,4484000,49000,330,3,0,0,0,0,1,0,0,1,5,1,0,0
200500038193,5,6,16,1815,1,2,1,1,1,327,4465500,35800,330,9,2,2,0,1,0,0,40,1,0,1,0,0
200500038197,5,6,10,945,1,1,1,1,6,20,4472800,4700,330,3,2,2,0,1,1,0,67,1,0,1,0,0
200500038198,5,6,16,200,3,1,1,1,6,150,4467900,12900,330,3,2,1,0,1,1,0,48,1,0,1,0,0
200500038199,5,6,18,1030,1,1,1,1,1,289,4464900,8400,330,3,2,0,0,0,1,0,55,1,0,1,0,0
200500038200,5,6,11,1900,1,1,2,1,3,221,4456900,5900,330,3,2,2,0,1,1,0,60,1,0,1,0,0
200500038202,5,6,9,2245,5,1,1,1,6,240,4527600,91200,330,2,2,2,0,0,0,0,70,1,0,3,0,0
200500038203,5,6,17,2115,1,1,2,1,1,128,4535600,91300,330,3,2,1,0,1,0,0,52,1,0,1,0,1
200500038204,5,6,30,1630,1,1,1,1,1,177,4534000,100300,330,4,2,2,0,1,3,0,66,1,0,1,0,1
200500038206,5,6,17,1245,1,2,1,1,1,256,4499600,58500,330,3,2,2,0,1,3,0,50,1,0,1,0,0
200500038218,5,6,20,1015,1,2,1,1,6,71,4483400,18600,330,3,3,2,0,1,1,0,72,1,0,1,0,0
200500038219,5,6,23,1630,1,1,1,1,7,466,4483700,28200,330,3,2,0,0,3,3,0,60,1,0,3,0,0
200500038220,5,6,27,2330,3,1,1,1,7,437,4484700,8200,330,3,2,0,0,0,4,0,60,1,0,1,0,0
200500038223,5,6,16,1100,1,1,1,1,1,138,4503500,7000,330,3,2,2,0,1,1,0,63,1,0,1,0,1
200500038224,5,6,4,1945,1,1,1,1,7,393,4499500,18300,330,3,2,2,0,1,1,0,62,1,0,3,0,1
200500038225,5,6,11,845,1,2,1,1,3,393,4499600,20500,330,3,2,2,0,0,1,0,95,1,0,1,0,0
200500038226,5,6,15,1900,1,2,1,1,5,198,4504700,18500,330,3,2,2,0,2,1,0,75,1,5,1,0,0
200500038227,5,6,8,1600,1,2,1,1,7,402,4484300,21700,330,3,2,2,0,1,1,0,60,1,0,1,0,0
200500038229,5,6,25,1830,1,1,1,1,6,484,4512200,85900,240,3,2,0,0,0,2,0,50,1,0,3,0,0
200500038232,5,6,10,1900,1,2,1,1,5,442,4512400,49700,240,3,2,2,0,1,1,0,60,1,0,1,0,0
200500038233,5,6,25,330,3,1,1,1,6,372,4515900,53500,240,3,2,2,0,1,1,0,65,1,0,1,0,0
200500038235,5,6,4,1630,1,1,1,1,7,19,4515300,110300,240,2,2,0,0,1,1,0,73,1,0,3,0,0
200500038237,5,6,22,1300,1,2,2,1,3,308,4534600,86900,240,2,2,2,0,1,1,0,73,1,0,1,0,0
200500038242,5,6,12,1745,1,2,1,1,6,501,4483400,7900,240,3,2,2,0,1,3,0,50,1,0,1,0,0
200500038248,5,6,2,745,1,1,1,1,7,243,4527000,53700,240,3,2,2,0,2,2,0,60,9,0,1,0,0
200500038249,5,6,12,730,1,1,1,1,3,537,4520400,36800,240,3,2,0,0,2,1,0,74,1,5,1,0,0
200500038251,5,6,30,2045,1,1,1,1,6,490,4521300,16400,240,3,2,2,0,0,1,0,52,1,0,3,0,0
200500038252,5,6,13,1430,1,2,1,1,7,395,4478500,117300,240,3,2,0,0,1,1,0,55,1,0,3,0,1
200500038254,5,6,5,1600,1,1,1,1,1,510,4484800,112600,240,3,2,0,0,1,1,0,61,1,0,1,0,0
200500038255,5,6,10,30,3,1,1,1,1,67,4491900,91400,240,3,2,1,0,1,1,0,54,1,0,1,0,0
200500038256,5,6,20,1330,1,1,1,1,3,217,4496700,88900,240,3,2,2,0,2,3,0,78,1,5,1,0,0
200500038258,5,6,12,145,3,1,1,1,7,313,4384100,79700,400,4,2,2,0,0,2,0,40,1,0,1,0,0
200500038263,5,6,27,1415,1,2,1,1,2,65,4365700,142600,400,4,0,0,0,1,2,0,60,1,0,1,0,0
200500038265,5,6,26,630,3,1,1,1,6,310,4375700,139900,400,3,2,2,0,0,1,0,60,1,0,0,0,1
200500038267,5,6,18,2100,5,2,1,1,6,312,4356500,144600,400,2,2,0,0,2,3,0,90,1,0,3,0,0
200500038274,5,6,15,2230,3,2,1,1,6,9,4401600,86400,400,3,2,0,0,0,1,0,60,1,0,1,0,0
200500038278,5,6,28,630,2,1,1,1,6,259,4381500,29200,400,3,2,2,0,1,1,0,60,1,0,3,0,1
200500038282,5,6,1,2045,1,1,1,7,3,4,4429500,35700,470,4,2,0,0,1,2,0,43,1,0,1,0,0
200500038284,5,6,13,1245,1,1,1,1,6,4,4428000,33400,470,2,2,0,0,2,1,0,115,1,3,1,0,0
200500038285,5,6,28,1515,1,1,1,1,1,4,4428000,33500,470,2,2,2,0,1,1,0,115,1,5,1,0,0
200500038286,5,6,19,630,2,2,1,1,7,269,4418000,76100,470,3,3,2,0,1,4,23,65,1,0,1,0,0
200500038288,5,6,12,1615,1,1,1,1,6,199,4464300,27400,470,3,2,0,0,1,1,0,66,1,0,3,0,0
200500038291,5,6,7,745,1,1,1,1,6,127,4435800,42000,470,3,2,2,0,1,3,0,0,9,0,1,0,0
200500038293,5,6,12,600,2,1,1,2,1,95,4443000,28500,470,2,2,2,0,4,2,75,0,2,0,1,0,0
200500038294,5,6,4,1715,1,1,1,1,7,49,4442600,65400,470,3,2,2,0,1,2,0,44,1,0,1,0,0
200500038296,5,6,24,945,1,1,1,1,1,23,4451800,58900,470,3,2,2,0,1,1,0,43,2,0,1,0,0
200500038300,5,6,2,1800,1,1,1,1,3,252,4439500,56800,470,3,2,0,0,0,1,20,71,1,0,1,0,0
200500038301,5,6,8,830,1,1,1,1,7,239,4442800,53800,470,3,2,1,0,1,2,0,47,1,0,1,0,0
200500038302,5,6,7,1515,1,2,6,1,1,252,4440200,58900,470,4,1,0,0,1,2,0,0,1,5,4,0,0
200500038303,5,6,9,845,1,1,1,1,3,252,4439500,58600,470,3,2,1,0,1,1,0,53,1,0,1,0,0
200500038304,5,6,9,1815,1,1,1,1,1,324,4322500,52700,640,3,2,0,0,2,1,0,50,1,0,1,0,0
200500038307,5,6,25,300,3,1,1,1,6,37,4334200,50700,640,3,2,2,0,1,2,0,105,1,0,3,0,0
200500038311,5,6,17,1900,1,1,1,1,6,495,4336000,152000,640,3,2,0,0,1,2,0,82,1,0,1,0,0
200500038313,5,6,29,1215,1,1,2,2,1,495,4337000,158300,640,3,2,2,0,2,3,0,55,2,0,1,0,0
200500038314,5,6,30,815,1,2,1,1,1,533,4311300,85800,640,3,2,2,0,1,1,0,75,1,0,1,0,0
200500038316,5,6,11,2045,1,1,1,1,6,430,4349000,80000,640,2,2,2,0,1,1,74,74,1,0,1,0,0
200500038317,5,6,22,2045,1,2,1,1,6,430,4348000,74000,640,4,2,1,0,1,3,0,50,1,0,1,0,0
200500038320,5,6,1,1115,1,1,1,1,6,39,4623800,22800,860,3,2,0,0,1,1,0,54,1,0,0,0,1
200500038322,5,6,9,1400,1,1,1,1,1,50,4666400,1700,860,2,2,0,0,1,1,0,74,1,0,3,0,0
200500038326,5,6,24,1500,1,1,8,1,1,79,4697800,17000,860,3,2,2,0,1,1,0,56,1,4,1,0,0
200500038327,5,6,26,1715,1,2,1,1,6,5,4695100,11100,860,2,2,2,0,1,1,0,70,1,0,3,0,0
200500038328,5,6,6,1445,1,1,1,1,1,192,4630100,84100,860,2,2,2,0,3,1,0,72,1,0,1,0,0
200500038330,5,6,4,1400,1,1,1,1,6,258,4548700,7400,160,3,2,0,0,1,2,0,59,1,0,1,0,0
200500038331,5,6,6,1900,1,1,1,2,6,119,4556200,24400,160,4,2,0,0,1,2,0,40,2,0,1,0,0
200500038333,5,6,5,300,3,1,1,1,7,4,4544800,14000,160,3,2,0,0,1,2,0,78,1,0,3,0,0
200500038342,5,6,19,515,2,2,1,1,6,76,4599700,41100,160,3,2,2,0,2,2,0,70,1,0,4,0,1
200500038343,5,6,26,1515,1,1,1,1,3,87,4596400,37200,160,9,0,1,0,1,1,0,30,1,0,1,0,0
200500038345,5,6,9,1915,1,1,1,1,1,141,4592500,19700,160,2,3,4,0,0,1,26,180,1,0,1,0,0
200500038346,5,6,27,1530,1,1,9,1,7,200,4582500,19400,160,2,3,4,0,1,1,0,121,1,0,1,0,0
200500038350,5,6,5,1130,1,1,1,1,3,396,4620700,87200,170,3,2,2,0,1,1,0,61,1,0,1,0,0
200500038354,5,6,28,700,2,1,1,1,7,158,4622800,85300,170,2,3,2,0,1,1,0,0,1,0,3,0,1
200500038356,5,6,4,1700,1,1,1,1,6,129,4532900,50300,170,4,2,2,0,1,1,0,34,1,0,1,0,0
200500038357,5,6,25,1000,1,1,1,1,2,417,4534300,49800,170,3,2,2,0,2,1,0,58,1,0,1,0,0
200500038358,5,6,19,500,3,1,1,1,7,241,4518100,17100,170,3,2,2,0,0,3,0,80,1,0,3,0,0
200500038362,5,6,10,2230,1,1,1,1,6,485,4586000,123000,170,3,2,0,0,1,3,0,50,1,0,3,0,0
200500038364,5,6,26,1545,1,1,9,1,1,323,4604400,140300,170,4,1,1,0,1,1,0,34,1,0,1,0,0
200500038366,5,6,5,530,3,1,1,2,6,359,4609400,70600,170,3,2,2,0,1,2,0,76,2,0,3,0,1
200500038367,5,6,9,1600,1,2,1,1,2,275,4573000,71000,170,2,2,2,0,1,1,0,70,1,0,1,0,0
200500038369,5,6,14,1600,1,1,1,1,3,354,4562500,56600,170,2,3,2,0,1,1,24,35,1,5,1,0,1
200500038370,5,6,15,815,1,1,1,1,6,418,4565600,42300,170,3,2,2,0,1,1,0,0,1,0,1,0,1
200500038372,5,6,2,1,3,1,1,1,6,46,4591000,60000,170,3,2,2,0,1,3,0,0,1,0,3,0,1
200500038377,5,6,18,1915,1,1,3,1,3,32,4647800,50200,790,3,2,2,0,1,1,0,61,1,0,1,0,0
200500038378,5,6,21,1915,1,2,1,1,1,12,4647800,56000,790,3,2,0,0,1,1,0,74,1,5,1,0,0
200500038379,5,6,6,830,1,2,1,1,1,3,4629100,41300,790,3,2,2,0,2,4,0,54,1,0,1,0,0
200500038381,5,6,16,2100,2,2,1,1,6,13,4698900,44900,790,3,2,2,0,2,1,0,77,1,0,1,0,0
200500038382,5,6,25,1430,1,2,1,1,6,49,4683600,48700,790,4,2,2,2,1,1,0,120,1,0,1,0,0
200500038383,5,6,26,1645,1,1,1,1,7,324,4678700,51900,790,3,2,2,0,2,1,0,80,1,0,1,0,0
200500038386,5,6,17,1645,1,2,1,1,3,79,4692800,74000,790,3,2,2,0,1,1,0,62,1,0,1,0,0
200500038387,5,6,21,2130,1,2,1,1,3,79,4693000,75500,790,3,2,2,0,1,1,0,70,1,0,1,0,0
200500038390,5,6,17,1545,1,1,1,1,1,312,4614500,27500,790,4,2,0,0,1,3,0,33,1,0,1,0,0
200500038393,5,6,19,2000,1,1,1,1,6,325,4683000,20700,790,3,2,0,0,1,1,0,120,1,0,1,0,0
200500038395,5,6,18,1930,1,1,1,1,3,179,4673800,52300,790,3,2,2,0,2,1,0,60,1,0,1,0,0
200500038396,5,6,4,2345,3,2,1,1,7,21,4577600,121000,870,3,2,2,0,1,2,0,59,1,0,3,0,0
200500038401,5,6,11,15,3,1,1,1,7,173,4607200,128000,870,3,2,0,0,2,2,0,40,1,0,3,0,0
200500038403,5,6,22,1100,1,1,2,1,3,272,4525000,162700,190,3,2,2,0,0,1,0,65,1,5,1,0,0
200500038404,5,6,1,1615,1,1,1,1,6,140,4508300,192800,190,3,2,2,0,1,1,0,60,1,0,3,0,1
200500038406,5,6,28,800,1,2,1,1,3,276,4542900,157800,190,4,2,2,0,1,2,0,70,1,0,1,0,0
200500038407,5,6,1,1715,1,1,9,1,1,147,4504600,151500,190,3,2,0,0,2,1,0,50,1,0,1,0,0
200500038408,5,6,14,1500,1,1,1,1,7,229,4514600,146300,190,2,2,0,0,1,1,0,0,1,0,1,0,0
200500038409,5,6,2,1645,1,1,2,1,2,202,4522700,158600,190,3,2,2,0,0,1,0,73,1,0,1,0,0
200500038410,5,6,20,345,3,1,1,1,6,5,4525900,144900,190,4,2,2,0,1,1,0,50,1,0,1,0,0
200500038411,5,6,1,1515,1,1,1,1,6,2,4563000,241000,190,3,2,2,0,1,2,0,78,1,0,3,0,0
200500038413,5,6,30,1545,1,1,1,2,3,141,4628200,167000,230,3,2,2,0,2,2,0,65,2,0,1,0,0
200500038414,5,6,14,1600,1,1,1,8,1,57,4631100,203200,230,3,2,2,0,1,2,0,56,1,0,1,0,0
200500038415,5,6,20,1400,1,1,1,1,1,23,4622800,208500,230,3,2,2,0,2,2,0,45,1,0,1,0,0
200500038416,5,6,10,945,1,1,1,1,7,247,4622400,170400,230,2,1,3,3,2,1,10,90,1,0,1,0,0
200500038417,5,6,16,2130,5,2,9,1,6,8,4595700,217700,230,2,3,2,0,2,3,0,0,1,0,4,3,1
200500038418,5,6,8,715,1,1,1,1,7,67,4573800,226100,230,3,2,1,0,2,2,0,38,1,0,3,0,0
200500038419,5,6,25,145,5,2,1,1,6,30,4596000,176800,230,2,3,2,0,1,0,0,70,1,0,0,0,0
200500038420,5,6,29,945,1,1,1,1,1,212,4585600,201200,230,4,2,1,0,2,1,0,26,1,0,1,0,0
200500038426,5,6,13,2245,3,1,1,2,3,79,4379200,140400,310,3,2,0,0,1,3,70,0,2,0,1,0,1
200500038428,5,6,1,1700,1,1,1,1,1,120,4367600,115100,310,3,2,2,0,2,1,0,51,1,0,1,0,0
200500038430,5,6,14,830,1,1,1,1,3,160,4368700,125400,310,3,2,0,0,1,1,0,90,1,0,1,0,0
200500038433,5,6,17,1645,1,1,6,1,2,458,4351500,137000,310,2,2,1,0,1,1,0,0,1,3,1,0,0
200500038434,5,6,29,1015,1,2,1,1,3,433,4353700,140200,310,4,2,2,0,1,1,0,70,1,0,1,0,0
200500038435,5,6,15,645,1,2,1,1,3,293,4371600,139100,310,2,3,2,0,1,1,100,50,1,0,1,0,1
200500038436,5,6,23,1645,1,2,1,1,3,561,4365600,147200,310,9,3,0,0,1,1,0,70,1,0,1,0,0
200500038443,5,6,29,1845,1,1,1,1,3,122,4334400,100300,310,3,2,1,0,1,2,0,35,1,2,1,0,0
200500038444,5,6,30,1645,1,1,1,1,6,84,4317600,96600,310,3,0,2,0,2,1,0,56,1,0,1,0,0
200500038445,5,6,19,600,2,1,1,1,6,435,4339700,115100,310,3,2,0,0,2,1,0,60,1,0,3,0,0
200500038447,5,6,11,1915,1,2,1,1,3,224,4307900,58400,310,3,2,2,0,1,1,0,58,1,0,1,0,0
200500038450,5,6,26,600,2,1,1,1,6,239,4340500,84500,310,3,2,2,0,1,1,0,0,1,0,3,0,0
200500038452,5,6,19,800,1,2,1,1,3,523,4310500,95000,310,3,2,2,0,2,1,0,70,1,0,1,0,0
200500038453,5,6,3,1845,1,1,1,1,6,100,4331000,162600,310,3,2,2,0,1,2,0,60,1,0,1,0,0
200500038454,5,6,5,1000,1,2,1,1,2,396,4336000,162400,310,3,2,2,0,0,1,0,60,1,0,1,0,0
200500038455,5,6,19,1000,1,1,1,1,6,374,4342200,164000,310,3,2,2,0,1,1,0,60,1,0,1,0,0
200500038456,5,6,21,1600,1,1,1,1,3,582,4340100,170600,310,3,3,0,3,1,1,0,350,1,5,1,0,0
200500038457,5,6,10,1430,1,1,1,1,7,271,4355600,164800,310,3,2,2,0,1,1,0,53,1,0,1,0,0