Num_Acc,an,mois,jour,hrmn,lum,agg,int,atm,col,com,lat,long,dep,catr,circ,nbv,vosp,prof,plan,lartpc,larrout,surf,infra,situ,env1,killed
200500038459,5,6,17,815,1,2,1,1,1,74,4367600,162200,310,3,0,2,0,1,1,0,56,1,0,1,0,0
200500038461,5,6,2,1400,1,1,1,1,6,243,4345200,179700,310,3,2,0,0,1,1,0,54,1,0,3,0,0
200500038462,5,6,11,1500,1,1,1,1,1,451,4345300,200700,310,3,2,2,0,2,3,0,60,1,0,1,0,0
200500038464,5,6,25,2345,3,1,1,1,1,478,4345300,196900,310,3,2,2,0,0,1,0,67,1,0,1,0,0
200500038466,5,6,3,1900,1,1,1,1,6,331,4319000,161000,90,2,2,2,0,1,3,75,75,1,0,3,0,0
200500038468,5,6,20,1745,1,1,1,1,1,245,4305900,158800,90,3,2,2,0,2,3,0,51,1,0,1,0,1
200500038469,5,6,23,830,1,2,1,1,3,265,4308500,162500,90,3,2,0,0,1,1,0,60,1,5,1,0,0
200500038471,5,6,28,800,1,2,1,1,1,185,4325100,167300,90,3,2,0,0,1,1,0,72,1,0,1,0,0
200500038472,5,6,29,330,3,1,1,1,6,238,4309700,170700,90,3,2,0,0,4,1,0,96,1,0,3,0,1
200500038476,5,6,24,1830,1,1,1,1,4,19,4315600,142900,90,3,2,2,0,1,1,0,66,1,0,1,0,0
200500038478,5,6,10,1300,1,1,1,1,1,161,4300400,194700,90,4,2,0,0,2,2,0,40,1,0,1,0,0
200500038480,5,6,29,145,3,1,1,1,6,180,4308800,181900,90,3,2,0,0,1,3,0,52,1,0,0,0,0
200500038481,5,6,18,615,1,2,1,1,1,261,4299500,113800,90,3,2,2,0,1,2,0,70,1,0,1,0,0
200500038483,5,6,27,115,5,1,1,1,1,33,4446600,272700,120,3,2,0,0,3,3,0,71,1,0,1,0,0
200500038485,5,6,7,1430,1,1,1,1,4,8,4443000,222200,120,3,2,2,0,2,2,11,53,1,5,1,0,1
200500038486,5,6,16,1515,1,1,1,1,1,254,4443000,252000,120,3,2,2,0,2,1,0,86,1,0,1,0,0
200500038487,5,6,17,1930,1,1,1,1,1,24,4439300,233500,120,4,2,0,0,1,2,0,35,1,0,1,0,0
200500038488,5,6,18,1100,1,1,1,1,7,199,4442500,230500,120,3,2,2,0,1,1,0,70,9,0,1,0,0
200500038491,5,6,19,1430,1,1,1,1,1,253,4419700,278900,120,3,2,2,0,2,1,0,65,1,0,1,0,0
200500038492,5,6,8,1430,1,1,9,1,6,123,4433900,302900,120,2,2,2,0,1,2,0,68,1,0,1,0,1
200500038493,5,6,14,745,1,1,1,1,1,196,4434700,297700,120,2,2,0,0,1,1,0,72,1,0,1,0,0
200500038494,5,6,5,1000,1,2,1,1,6,208,4395300,290200,120,3,2,2,0,0,2,0,69,1,0,1,0,0
200500038495,5,6,19,1315,1,1,1,1,6,208,4399600,290000,120,3,2,0,0,2,1,0,52,1,0,3,0,0
200500038496,5,6,3,1830,1,2,1,1,1,244,4405500,290000,120,3,2,2,0,2,1,0,53,1,0,1,0,0
200500038497,5,6,4,1915,1,2,1,1,6,287,4432700,190000,120,3,2,2,0,4,1,78,78,1,0,3,0,0
200500038498,5,6,24,1845,1,2,1,1,1,300,4437200,203200,120,4,2,0,0,1,0,0,0,1,0,0,0,0
200500038500,5,6,23,945,1,1,1,1,3,21,4433900,210500,120,3,2,2,0,1,1,0,70,1,0,1,0,0
200500038501,5,6,24,2115,1,1,1,1,7,334,4359400,116800,320,2,0,2,0,2,1,0,0,1,0,1,0,0
200500038502,5,6,4,830,1,1,1,1,7,456,4368800,28300,320,3,2,2,0,2,2,0,44,1,0,1,0,0
200500038504,5,6,2,2200,2,2,1,1,6,83,4381100,42800,320,3,2,2,0,2,1,0,60,1,0,1,0,0
200500038508,5,6,24,1730,1,1,9,1,6,224,4390500,37800,320,3,2,0,0,4,3,60,0,2,0,1,0,0
200500038509,5,6,30,1145,1,1,3,1,3,143,4403500,46600,320,3,2,0,0,1,1,0,63,1,0,1,0,0
200500038512,5,6,4,800,1,2,1,1,1,296,4376200,3200,320,2,2,2,0,1,3,0,60,1,0,1,0,1
200500038514,5,6,13,545,2,1,1,1,6,119,4385900,16400,320,3,2,0,0,1,2,0,57,0,0,3,0,0
200500038517,5,6,25,2130,1,1,1,1,7,5,4372900,4600,320,3,2,2,0,3,2,0,50,1,0,1,0,0
200500038518,5,6,27,1800,1,2,1,1,7,155,4377700,18000,320,3,2,2,0,1,1,0,80,1,0,4,0,0
200500038519,5,6,30,1330,1,2,1,1,6,119,4386400,10400,320,4,2,0,0,1,1,0,0,1,0,4,0,0
200500038521,5,6,2,1945,1,2,1,1,1,132,4385000,65000,320,4,2,1,0,1,1,0,55,1,0,1,0,0
200500038523,5,6,11,1000,1,1,1,1,3,341,4382000,58000,320,4,2,0,0,1,1,0,30,1,0,1,0,0
200500038524,5,6,14,2045,1,1,1,1,6,208,4393000,60000,320,3,2,0,0,0,1,0,60,1,0,3,0,0
200500038526,5,6,16,1745,1,1,1,1,6,146,4402700,70700,320,3,2,0,0,3,2,0,65,1,0,1,0,0
200500038528,5,6,18,1545,1,1,1,1,7,199,4363700,4800,320,3,2,2,0,1,2,0,62,1,0,3,0,0
200500038529,5,6,24,1000,1,1,1,1,3,199,4361900,7000,320,3,2,2,0,4,2,0,50,1,0,1,0,0
200500038531,5,6,5,1,3,1,1,1,7,180,4459900,209300,460,4,2,0,0,2,1,0,40,1,0,1,0,0
200500038534,5,6,4,715,1,2,1,1,7,228,4490400,181600,460,3,2,2,0,1,2,0,53,1,0,3,0,0
200500038535,5,6,4,1615,1,1,1,1,7,295,4484700,190700,460,3,2,2,0,2,2,0,130,1,0,1,0,0
200500038537,5,6,4,2100,1,1,1,1,7,297,4468500,129200,460,3,2,0,0,0,4,0,70,1,0,1,0,1
200500038538,5,6,5,1215,1,1,1,1,6,334,4474600,143800,460,3,0,0,0,1,3,0,67,1,0,3,0,0
200500038539,5,6,28,1730,1,2,1,1,1,127,4473600,137700,460,3,2,2,0,1,1,0,54,1,5,1,0,0
200500038540,5,6,2,2345,3,1,1,1,7,208,4488200,162200,460,2,2,1,0,0,1,0,70,1,0,3,0,0
200500038543,5,6,25,1245,1,1,1,1,7,178,4481200,147900,460,2,3,4,0,0,2,56,146,1,0,3,0,1
200500038544,5,6,2,1130,1,1,1,1,2,57,4322300,1700,650,2,2,0,0,1,1,0,70,1,0,1,0,0
200500038547,5,6,22,815,1,2,1,1,6,447,4319700,23000,650,2,2,2,0,0,0,0,61,1,6,1,3,1
200500038551,5,6,8,745,1,2,1,1,1,218,4301900,37300,650,3,2,0,0,1,2,0,70,1,0,4,0,0
200500038553,5,6,7,730,1,1,1,1,5,113,4387000,218700,810,2,3,0,3,3,1,0,0,1,0,1,0,0
200500038555,5,6,30,1615,1,2,1,1,6,284,4392000,212400,810,4,2,2,0,1,1,0,61,1,1,1,0,1
200500038556,5,6,3,2045,2,1,1,1,3,139,4371100,213000,810,3,2,2,0,1,3,0,60,1,0,0,0,0
200500038557,5,6,1,1615,1,1,1,1,7,159,4366700,184900,810,3,2,2,0,1,1,0,0,1,0,1,0,0
200500038559,5,6,5,1815,1,2,9,1,5,42,4363600,228300,810,3,2,2,0,1,1,0,65,1,0,1,0,0
200500038560,5,6,1,1530,1,1,1,1,7,283,4395200,194700,810,3,2,2,0,1,1,0,55,1,0,1,0,1
200500038561,5,6,24,645,2,2,1,1,6,99,4390700,189700,810,9,2,2,0,1,3,0,59,1,0,3,0,1
200500038564,5,6,1,1815,1,2,1,1,3,69,4406900,194700,810,4,2,2,0,3,2,0,40,1,0,1,0,1
200500038565,5,6,9,800,1,1,1,1,1,220,4381400,171100,810,3,2,2,0,2,3,0,78,1,0,1,0,0
200500038566,5,6,12,1100,1,1,1,1,6,145,4393800,172700,810,3,2,0,0,2,2,0,50,1,0,3,0,0
200500038567,5,6,7,830,1,2,1,1,3,289,4355400,211900,810,3,2,0,0,0,1,0,58,1,0,1,0,0
200500038569,5,6,5,1200,1,1,1,1,2,50,4358200,184300,810,2,2,2,0,1,1,0,50,1,0,1,0,0
200500038570,5,6,29,1430,1,1,1,1,6,219,4359400,199800,810,3,2,2,0,0,3,0,74,1,0,1,0,0
200500038571,5,6,2,800,1,1,2,1,3,119,4422200,151800,820,2,2,2,0,2,1,0,75,1,0,1,0,0
200500038572,5,6,12,1800,1,1,1,1,2,37,4415400,155400,820,3,2,1,0,1,1,0,61,1,0,1,0,1
200500038573,5,6,12,1930,1,2,1,1,1,37,4416100,154000,820,9,2,2,0,3,2,0,61,1,0,1,0,0
200500038574,5,6,15,1815,1,2,1,1,3,37,4416100,153500,820,3,2,2,0,1,1,0,0,1,0,1,0,0
200500038576,5,6,26,130,3,1,1,1,6,148,4423600,159900,820,3,2,2,0,1,3,0,61,1,0,3,0,0
200500038577,5,6,26,600,2,2,1,1,7,87,4413200,123800,820,4,2,0,0,2,1,0,30,1,0,1,0,0
200500038580,5,6,5,730,1,1,1,1,6,191,4419200,187900,820,3,2,2,0,1,1,0,50,1,2,1,0,0
200500038581,5,6,20,1115,1,1,1,1,6,13,4389900,96800,820,3,2,2,0,2,1,0,60,1,0,3,0,0
200500038583,5,6,9,215,3,1,1,1,6,142,4381500,131900,820,2,2,3,3,1,1,105,0,9,0,1,0,0
200500038585,5,6,5,1445,1,1,1,1,1,16,4432200,107000,820,3,2,0,0,2,1,0,0,1,0,1,0,0
200500038586,5,6,9,1845,1,1,1,7,6,151,4433100,95500,820,3,2,2,0,1,1,0,62,1,0,1,0,0
200500038587,5,6,11,1515,1,1,1,1,1,117,4434700,105700,820,3,2,2,0,2,1,41,41,1,0,1,0,0
200500038588,5,6,17,2000,1,1,1,1,6,117,4434300,101600,820,3,2,2,0,2,3,0,63,1,0,3,0,0
200500038589,5,6,27,1930,1,1,1,1,1,25,4395800,129300,820,9,2,2,0,0,0,0,40,1,0,1,0,0
200500038598,5,6,2,1900,1,1,1,1,5,270,4563000,496500,690,3,2,2,0,4,1,0,60,1,0,1,0,0
200500038611,5,6,11,800,1,2,1,1,6,74,4601100,463200,690,3,2,2,0,2,4,0,0,1,0,1,0,0
200500038614,5,6,2,1715,1,1,1,1,7,2,4628000,443000,690,3,3,2,0,1,1,0,58,1,0,1,0,0
200500038615,5,6,4,445,3,1,1,1,6,36,4612300,468100,690,3,2,2,0,1,1,0,61,1,0,0,0,0
200500038616,5,6,7,1830,1,1,2,1,1,206,4604000,472000,690,2,2,3,0,1,1,0,100,1,0,1,0,1
200500038617,5,6,17,1100,1,1,1,1,6,19,4611000,475000,690,3,0,0,0,1,1,0,81,1,2,1,0,0
200500038620,5,6,21,1600,1,2,1,1,2,19,4610000,474000,690,3,2,2,0,1,1,0,68,1,5,1,3,0
200500038626,5,6,1,1915,2,2,1,1,6,243,4588000,448900,690,4,2,2,0,1,2,0,68,1,0,1,0,0
200500038627,5,6,10,2045,1,1,1,1,7,188,4592600,447500,690,3,2,0,0,0,2,0,76,1,0,3,0,0
200500038628,5,6,13,1645,1,1,1,2,3,107,4604100,449100,690,3,2,2,2,1,1,0,66,2,0,1,0,0
200500038629,5,6,22,1900,1,2,1,1,1,66,4609700,432200,690,4,2,1,0,1,2,0,43,1,0,1,0,0
200500038632,5,6,15,2200,2,1,1,1,1,241,4624800,530900,10,3,2,0,0,0,3,0,57,1,0,1,0,1
200500038635,5,6,16,2000,1,2,1,1,1,57,4641200,491900,10,4,2,0,0,1,2,0,37,1,0,1,0,0
200500038637,5,6,15,645,2,1,2,9,3,352,4639300,501900,10,3,2,0,0,1,1,0,65,1,0,1,0,0
200500038638,5,6,3,1545,1,2,1,1,4,304,4605000,533700,10,2,2,2,0,1,1,0,70,1,2,1,0,0
200500038639,5,6,3,1000,1,1,1,1,1,77,4612000,545200,10,9,2,2,0,1,2,0,46,1,0,1,0,0
200500038645,5,6,27,1015,1,2,1,1,5,159,4633700,488700,10,3,2,2,0,1,1,60,0,1,0,1,0,0
200500038646,5,6,27,1830,1,2,1,1,3,332,4630100,491900,10,3,2,0,0,2,1,60,0,1,5,1,0,0
200500038650,5,6,10,815,3,1,1,1,7,138,4586500,579100,10,3,0,2,0,2,2,0,65,1,0,0,0,0
200500038651,5,6,19,1745,1,1,1,1,3,316,4582600,564000,10,3,4,3,0,1,1,0,202,1,5,1,0,0
200500038658,5,6,6,1915,1,1,1,1,1,7,4602000,532600,10,4,2,1,0,0,3,0,38,1,0,1,0,0
200500038661,5,6,13,2045,1,2,1,1,7,444,4585900,543400,10,3,2,0,0,2,2,0,0,1,0,1,0,0
200500038666,5,6,17,2345,5,2,1,1,1,274,4614500,563300,10,2,2,2,0,2,1,0,58,1,0,1,0,0
200500038669,5,6,25,45,3,2,1,5,7,247,4632500,595600,10,3,2,0,0,1,0,0,40,6,0,3,0,0
200500038672,5,6,22,1000,1,1,1,7,3,285,4592200,481600,10,3,2,2,0,1,1,0,70,1,0,1,0,0
200500038676,5,6,5,600,2,1,1,1,6,93,4618000,506500,10,3,0,2,0,1,1,0,0,1,0,1,0,1
200500038678,5,6,19,1645,1,1,1,1,3,260,4593100,504200,10,3,2,2,0,2,1,0,0,1,0,1,0,0
200500038684,5,6,21,1000,1,1,2,1,3,258,4609200,476900,10,3,2,2,0,3,1,0,80,1,5,1,0,0
200500038688,5,6,4,2330,3,1,1,1,1,346,4447700,468800,70,2,2,1,0,1,1,0,60,1,0,1,0,0
200500038690,5,6,22,945,1,2,1,1,1,27,4482900,479800,70,3,2,0,0,1,1,0,0,1,0,1,0,0
200500038691,5,6,21,1415,1,2,1,1,1,134,4450900,430700,70,3,2,0,0,1,1,0,104,1,0,0,0,0
200500038693,5,6,28,145,3,1,1,1,7,327,4452500,433600,70,3,2,2,0,1,2,0,75,1,0,1,0,1
200500038694,5,6,10,1645,1,1,1,1,3,153,4467800,409700,70,2,2,3,0,2,3,0,117,1,0,1,0,0
200500038695,5,6,18,1300,1,1,1,1,7,235,4485600,419000,70,4,2,0,0,0,1,0,0,9,0,1,0,0
200500038696,5,6,19,1730,1,1,1,1,1,130,4476000,397300,70,2,2,2,0,0,1,0,70,1,0,1,0,0
200500038697,5,6,12,1530,1,2,1,1,6,127,4466000,431000,70,2,2,2,0,1,1,0,71,1,0,1,0,0
200500038698,5,6,13,415,3,2,1,2,6,156,4469000,428000,70,3,2,2,0,1,3,0,53,2,0,1,0,0
200500038699,5,6,17,1500,1,2,1,1,2,200,4474000,416000,70,3,2,2,0,2,2,0,40,1,0,1,0,0
200500038700,5,6,19,1600,1,1,1,7,6,178,4465000,430000,70,2,2,2,0,1,4,0,70,1,0,3,0,0
200500038702,5,6,25,1815,1,2,1,7,6,322,4467000,421000,70,2,2,0,0,1,1,0,70,1,0,3,0,0
200500038703,5,6,10,1530,1,1,1,1,7,328,4436600,437100,70,3,2,2,0,0,2,0,60,1,0,3,0,0
200500038705,5,6,3,1700,1,1,1,1,7,267,4486500,427400,70,3,2,0,0,2,2,0,60,1,0,3,0,0
200500038707,5,6,19,1045,1,1,1,1,7,84,4517200,476400,70,3,2,0,0,4,1,0,0,1,0,1,0,0
200500038708,5,6,19,1300,1,1,1,1,7,285,4511300,447000,70,4,2,0,0,0,2,0,0,9,0,3,0,0
200500038709,5,6,25,1300,1,1,1,1,1,205,4518900,465600,70,4,2,2,0,2,3,0,31,1,0,1,0,0
200500038716,5,6,8,745,2,1,1,1,1,37,4487100,495700,260,3,2,2,0,1,1,0,45,1,0,1,0,0
200500038718,5,6,14,1415,1,1,1,1,7,204,4464000,542700,260,3,2,2,0,1,1,0,73,1,0,1,0,0
200500038720,5,6,30,1645,1,1,1,1,1,339,4462700,476300,260,2,2,3,0,1,1,0,102,1,0,1,0,0
200500038733,5,6,20,745,1,1,1,1,1,175,4527200,591100,380,3,2,2,0,1,1,0,73,1,0,1,0,1
200500038736,5,6,3,1030,1,2,1,1,3,314,4543500,600400,380,3,2,2,0,1,1,0,70,1,5,1,0,0
200500038737,5,6,8,1930,1,2,1,1,3,314,4543600,600400,380,3,2,2,0,1,1,0,70,1,5,1,0,0
200500038742,5,6,4,1730,1,2,1,1,3,329,4484100,587900,380,2,2,0,0,1,3,60,80,1,5,1,0,0
200500038743,5,6,13,1500,1,2,1,1,6,518,4490300,590300,380,3,2,0,0,1,1,0,54,1,0,1,0,1
200500038747,5,6,11,1745,1,2,9,1,6,388,4505300,570700,380,3,2,2,0,1,4,0,70,1,5,1,0,1
200500038751,5,6,22,1115,1,1,1,1,3,95,4514000,529400,380,2,2,2,0,1,1,0,85,1,5,1,0,0
200500038752,5,6,30,1000,1,2,1,1,3,495,4512300,528500,380,4,2,2,0,4,1,0,0,1,0,1,0,0
200500038753,5,6,30,1830,1,1,1,9,6,409,4508100,527700,380,4,2,0,0,0,3,0,33,1,0,1,0,0
200500038755,5,6,5,1815,1,2,3,1,1,218,4534300,518300,380,3,2,2,0,1,1,0,60,1,0,1,0,0
200500038756,5,6,2,1900,1,1,1,1,1,523,4522400,534700,380,3,2,2,0,1,1,0,65,1,0,1,0,0
200500038757,5,6,14,1630,1,1,2,2,3,33,4518700,540800,380,4,2,2,0,1,1,0,40,2,0,1,0,0
200500038758,5,6,22,930,1,1,1,1,2,374,4564600,538600,380,3,2,2,0,1,3,0,65,1,0,1,0,0
200500038759,5,6,8,1330,1,1,2,1,3,554,4572300,522800,380,3,2,0,0,1,3,0,0,1,0,1,0,0
200500038760,5,6,1,2330,5,2,1,1,6,247,4582100,541100,380,3,2,0,0,0,3,0,50,0,0,0,0,0
200500038761,5,6,12,115,3,1,1,1,6,135,4571900,540000,380,3,2,2,0,0,3,0,70,1,0,3,0,0
200500038762,5,6,23,1400,1,1,1,1,7,247,4582000,539700,380,3,0,0,0,1,3,80,0,0,0,3,0,0
200500038763,5,6,29,1830,1,1,1,2,6,135,4576800,540400,380,2,2,2,0,1,3,0,0,2,0,3,0,0
200500038764,5,6,10,2000,1,2,1,1,1,22,4564000,556100,380,9,0,0,0,2,2,0,47,1,0,1,0,0
200500038765,5,6,12,1915,1,2,1,1,1,12,4559200,561100,380,3,2,2,0,1,1,0,60,1,0,1,0,0
200500038766,5,6,14,845,1,2,1,2,7,14,4572200,542300,380,2,2,0,0,1,4,0,0,2,0,3,0,0
200500038767,5,6,11,1230,1,1,1,1,3,256,4550400,559400,380,2,2,2,0,4,1,0,70,0,0,1,0,1
200500038768,5,6,28,700,1,2,1,1,3,104,4558000,560400,380,3,0,2,0,1,1,0,0,1,0,1,0,0
200500038771,5,6,2,1700,1,1,1,1,5,336,4549700,482900,380,3,2,2,0,1,1,0,70,0,0,1,0,0
200500038775,5,6,13,1400,1,2,1,1,2,130,4539800,526100,380,3,2,2,0,2,2,10,40,1,0,1,0,0
200500038777,5,6,18,230,3,1,2,1,3,284,4540400,521200,380,3,2,2,0,0,1,0,63,1,0,1,0,0
200500038779,5,6,12,1600,1,2,1,1,6,49,4542200,514700,380,4,1,1,0,1,1,0,40,1,0,1,0,0
200500038780,5,6,27,2030,1,1,1,1,3,69,4545700,529100,380,2,2,2,0,1,1,0,70,1,5,1,0,0
200500038783,5,6,26,2015,1,2,1,1,3,152,4550400,530200,380,2,2,2,0,1,1,0,65,1,0,1,0,1
200500038785,5,6,5,1230,1,1,6,1,1,97,4577000,519700,380,3,2,0,2,1,4,0,70,1,0,5,3,0
200500038786,5,6,17,1615,1,1,1,1,1,349,4534000,477800,380,3,2,2,0,1,1,0,60,1,0,1,0,0
200500038790,5,6,29,1815,1,1,1,8,7,28,4527000,458000,420,4,2,2,0,2,1,0,40,2,0,3,0,0
200500038791,5,6,9,200,3,1,1,1,7,97,4551200,429700,420,3,2,2,0,1,2,0,59,1,2,3,0,0
200500038793,5,6,22,1845,1,1,1,1,6,87,4560700,406200,420,3,2,2,0,2,1,0,70,1,6,1,0,0
200500038795,5,6,23,1815,1,2,1,1,6,304,4555400,418900,420,3,2,2,0,0,0,0,0,1,0,1,0,0
200500038797,5,6,12,1715,1,1,1,1,6,291,4583300,386000,420,2,2,0,0,1,1,0,0,1,0,3,0,0
200500038799,5,6,4,1630,1,1,1,1,1,140,4548800,404300,420,3,2,2,0,2,4,0,63,1,0,1,0,0
200500038805,5,6,15,845,1,1,1,1,1,64,4546300,468800,420,3,2,1,0,2,3,0,60,1,0,1,0,0
200500038806,5,6,22,1245,1,2,1,1,1,168,4542000,468600,420,3,2,2,0,4,2,0,42,1,2,1,0,0
200500038809,5,6,1,1800,1,1,1,1,7,161,4598100,415000,420,3,2,2,0,1,4,0,60,1,0,3,0,0
200500038810,5,6,17,930,1,2,1,1,7,11,4582000,419000,420,9,0,0,0,4,2,35,0,1,0,1,3,0
200500038812,5,6,8,1830,1,2,1,7,1,182,4605500,394400,420,3,2,2,0,1,1,0,88,1,0,1,0,0
200500038813,5,6,24,1000,5,2,1,1,6,231,4610700,396100,420,4,2,0,0,1,1,0,61,1,0,3,0,0
200500038814,5,6,19,1830,1,1,1,1,7,301,4570000,596000,730,3,2,0,0,0,0,0,0,0,0,0,0,0
200500038816,5,6,28,915,1,1,1,1,2,4,4559700,605900,730,3,2,0,0,2,1,0,49,1,0,1,0,0
200500038817,5,6,30,915,1,2,1,1,3,178,4569700,613300,730,3,2,2,0,1,1,0,62,1,0,1,0,0
200500038818,5,6,12,1930,1,1,1,1,1,180,4592800,583600,730,3,2,2,1,1,3,0,80,1,0,1,0,0
200500038820,5,6,1,1615,1,1,1,1,1,330,4571300,573000,730,2,2,2,0,1,1,0,72,1,0,1,0,0
200500038824,5,6,4,1715,1,2,1,1,2,51,4565300,586100,730,3,2,2,0,1,1,0,63,1,0,1,0,0
200500038825,5,6,23,1130,1,1,3,1,3,38,4557900,672900,730,2,2,0,0,0,1,0,112,1,5,1,0,0
200500038832,5,6,2,1900,1,1,1,1,1,250,4527000,638500,730,2,2,0,1,1,3,0,72,1,0,1,0,0
200500038838,5,6,11,530,2,1,1,1,7,42,4609600,637900,740,3,2,2,0,1,0,0,0,1,0,1,0,0
200500038844,5,6,6,1630,1,1,1,2,3,256,4592300,663600,740,2,2,0,0,2,2,0,100,2,0,1,0,0
200500038851,5,6,30,930,1,1,1,1,5,40,4617600,631100,740,3,3,4,0,1,1,0,0,1,0,1,0,0
200500038853,5,6,8,1030,1,1,2,1,3,96,4603700,610200,740,4,2,2,0,1,1,0,81,1,5,0,0,0
200500038854,5,6,17,1600,1,1,1,1,1,6,4601400,611500,740,2,2,2,0,1,1,0,70,1,1,1,0,0
200500038855,5,6,18,1315,1,1,1,1,2,6,4600900,611900,740,2,2,2,0,1,1,0,70,1,0,1,0,0
200500038856,5,6,20,1815,1,1,1,1,3,96,4602300,608600,740,4,2,2,0,2,2,0,60,1,0,1,0,0
200500038858,5,6,18,1815,1,1,1,1,3,269,4595600,583900,740,3,2,2,0,1,1,0,53,1,0,1,0,0
200500038859,5,6,26,1530,1,1,1,1,6,130,4605500,581700,740,3,2,0,0,0,3,0,67,1,0,0,0,1
200500038862,5,6,10,2200,3,1,1,1,6,180,4634800,629300,740,3,2,2,0,1,2,0,70,1,0,3,0,0
200500038863,5,6,11,2000,1,1,1,7,1,25,4629400,634400,740,3,2,2,0,2,2,0,71,1,0,1,0,0
200500038865,5,6,18,1430,1,2,1,1,2,263,4633800,639200,740,2,2,2,0,1,1,0,80,1,0,1,0,0
200500038866,5,6,22,1730,1,1,1,1,1,150,4630000,631700,740,3,2,0,0,2,1,0,0,1,0,1,0,0
200500038867,5,6,24,830,1,1,1,7,3,293,4627900,624600,740,2,2,2,0,1,1,0,102,1,0,1,0,1
200500038868,5,6,25,130,3,1,1,8,5,293,4628500,625500,740,2,2,2,0,1,1,0,79,2,0,1,0,1
200500038869,5,6,10,1700,1,1,1,1,1,286,4631700,667700,740,3,2,2,0,1,3,0,0,1,0,1,0,0
200500038870,5,6,27,800,1,1,1,1,6,41,4630300,667400,740,3,2,2,0,1,2,0,63,1,0,3,0,0
200500038873,5,6,8,715,1,2,1,1,1,263,4578900,302100,630,3,2,2,0,2,2,0,72,1,0,1,0,0
200500038874,5,6,12,1530,1,1,1,1,1,307,4571400,307000,630,2,2,2,0,2,1,0,73,1,0,1,0,0
200500038875,5,6,24,1200,1,1,1,1,3,307,4571300,305800,630,2,2,2,0,2,2,0,83,1,0,1,0,0
200500038876,5,6,29,1945,1,2,1,1,3,307,4574400,310000,630,3,2,2,0,1,1,0,81,1,0,1,0,0
200500038877,5,6,1,645,2,1,2,1,3,154,4575300,332500,630,3,2,0,0,0,1,0,110,1,0,1,0,0
200500038883,5,6,9,2130,1,2,1,1,7,305,4569000,280000,630,2,2,2,0,1,1,0,0,1,0,1,0,0
200500038885,5,6,21,1145,1,2,1,1,5,305,4568900,280300,630,2,2,2,0,2,1,0,101,1,0,1,3,1
200500038886,5,6,11,1400,1,1,1,1,7,282,4562800,314500,630,3,2,2,0,2,4,0,79,0,0,0,0,0
200500038887,5,6,14,2215,2,1,1,1,1,26,4568700,296300,630,2,2,2,0,1,3,0,100,1,0,1,0,1
200500038889,5,6,29,915,1,1,1,1,6,282,4563600,315700,630,3,2,2,0,1,2,0,81,1,0,3,0,0
200500038890,5,6,21,1215,1,1,1,1,3,207,4565000,367000,630,3,2,0,0,1,1,0,73,1,0,1,0,0
200500038891,5,6,18,1045,1,1,1,1,3,268,4556800,316200,630,3,2,2,0,1,1,0,113,1,5,1,0,0
200500038892,5,6,17,1,3,1,1,1,6,397,4560900,269700,630,3,2,2,0,1,3,0,76,1,0,3,0,0
200500038893,5,6,18,1645,1,1,1,9,6,346,4543700,272500,630,3,2,2,0,0,3,0,53,9,0,3,0,0
200500038894,5,6,6,1845,1,1,1,2,1,4,4593000,283600,630,4,2,2,0,0,4,0,44,2,0,1,0,0
200500038895,5,6,26,600,1,1,1,1,7,198,4593200,302100,630,3,2,2,0,4,2,0,70,0,0,3,0,0
200500038897,5,6,12,500,2,1,1,1,6,322,4585800,317100,630,3,2,2,0,1,1,0,60,1,0,3,0,0
200500038898,5,6,28,1930,1,1,1,1,7,362,4592300,331400,630,3,2,2,0,1,2,0,50,1,0,3,0,0
200500038899,5,6,19,1645,1,1,1,7,1,349,4595000,287000,630,3,2,2,0,2,3,0,78,1,0,1,0,0
200500038900,5,6,20,445,3,1,1,1,6,349,4591600,289500,630,3,2,0,0,2,2,0,60,1,0,3,0,0
200500038902,5,6,19,2230,3,1,1,1,6,233,4617900,282300,630,3,2,2,0,0,1,0,62,9,0,1,0,0
200500038903,5,6,25,1800,1,1,1,1,5,286,4608700,297400,630,2,2,0,0,0,1,0,74,0,0,1,0,1
200500038906,5,6,28,1615,1,1,2,1,1,195,4585900,339300,630,3,2,0,0,1,1,0,58,1,0,1,0,0
200500038908,5,6,10,1215,1,1,1,1,2,210,4590800,333100,630,3,2,2,0,1,1,0,60,1,0,1,0,0
200500038909,5,6,21,1645,1,1,1,1,3,210,4594200,334300,630,3,2,0,0,1,1,0,0,1,0,1,0,0
200500038910,5,6,24,1830,1,1,1,1,5,290,4663300,328500,30,2,3,4,0,1,1,40,140,1,0,1,0,0
200500038911,5,6,18,945,1,1,1,1,1,156,4660300,351500,30,3,2,2,0,3,1,0,63,1,0,1,0,1
200500038913,5,6,26,1000,1,1,3,1,3,156,4659300,346700,30,3,2,2,0,1,1,0,63,1,5,1,0,0
200500038914,5,6,3,2330,3,1,1,1,6,254,4629000,324000,30,3,2,2,0,2,1,0,60,1,0,3,0,1
200500038915,5,6,15,1230,1,1,1,1,3,18,4622700,328300,30,2,2,2,0,1,1,0,60,1,0,1,0,0
200500038916,5,6,7,2330,3,1,1,1,1,92,4644500,315800,30,2,2,0,0,1,2,0,72,1,0,1,0,0