Num_Acc,an,mois,jour,hrmn,lum,agg,int,atm,col,com,lat,long,dep,catr,circ,nbv,vosp,prof,plan,lartpc,larrout,surf,infra,situ,env1,killed
200500038917,5,6,24,1415,1,2,1,1,5,65,4641000,331000,30,2,2,2,0,2,1,0,90,1,0,1,0,0
200500038918,5,6,1,1600,1,1,1,1,6,212,4632300,248500,30,2,2,0,0,0,1,0,79,1,0,1,0,1
200500038920,5,6,15,2330,5,1,6,1,7,55,4642400,250400,30,3,2,0,0,0,3,0,0,1,0,1,0,0
200500038921,5,6,16,1830,1,1,1,1,1,249,4642300,230300,30,4,2,2,0,1,0,0,40,1,0,1,0,0
200500038922,5,6,21,1500,1,1,1,1,7,301,4642800,260500,30,3,2,0,0,0,1,0,52,1,0,1,0,0
200500038923,5,6,24,1915,1,1,1,1,6,195,4629400,268300,30,3,2,0,0,1,1,0,68,1,0,3,0,0
200500038924,5,6,25,130,3,1,1,1,7,195,4630100,265600,30,4,2,2,0,2,4,0,50,1,0,3,0,0
200500038930,5,6,12,1915,1,1,1,1,6,256,4634800,292800,30,4,2,2,0,1,1,25,0,1,0,1,0,0
200500038931,5,6,14,830,1,2,1,2,6,258,4618900,339300,30,3,2,0,0,1,1,0,84,2,0,1,0,0
200500038932,5,6,18,400,3,1,1,1,7,258,4618800,340300,30,3,2,2,0,4,2,0,100,1,0,3,0,1
200500038933,5,6,26,945,1,1,1,1,7,110,4612600,332300,30,9,0,0,0,0,0,0,60,9,0,0,0,0
200500038936,5,6,18,1700,1,2,1,1,3,138,4625200,363000,30,2,2,2,0,1,1,0,0,1,0,1,0,1
200500038937,5,6,26,430,3,1,1,1,6,71,4635700,357900,30,3,2,2,0,1,1,0,65,1,0,3,0,0
200500038938,5,6,21,1915,1,1,1,1,6,298,4631000,339000,30,4,2,2,0,1,2,0,33,1,0,3,0,1
200500038942,5,6,21,615,2,2,1,1,6,10,4531300,233300,150,4,2,2,0,1,1,0,40,1,0,3,0,0
200500038943,5,6,15,930,1,1,1,1,6,37,4536400,240100,150,3,2,2,0,1,1,0,50,1,0,1,0,0
200500038944,5,6,24,1845,1,1,1,1,7,206,4540000,235900,150,4,2,0,0,1,1,0,50,1,0,0,0,0
200500038945,5,6,17,1500,1,1,1,1,3,108,4492800,319500,150,3,2,2,0,2,3,0,0,1,0,1,0,0
200500038946,5,6,4,1715,1,1,1,1,7,152,4491100,283400,150,3,2,2,0,1,1,0,65,0,0,1,0,0
200500038947,5,6,17,915,1,1,1,1,7,145,4496500,292700,150,3,2,2,0,2,2,0,73,1,0,3,0,1
200500038948,5,6,19,2245,3,1,1,1,6,235,4500000,302100,150,3,0,2,0,2,1,0,77,1,0,3,0,0
200500038949,5,6,26,2100,1,1,1,1,7,18,4497800,373400,430,3,2,1,0,1,1,0,50,1,0,3,0,0
200500038950,5,6,27,200,3,1,1,1,7,39,4493000,387000,430,4,2,1,0,1,3,0,30,9,0,0,0,0
200500038954,5,6,9,1830,1,2,1,1,3,216,4513000,381000,430,3,2,2,0,1,1,0,83,1,0,1,0,0
200500038955,5,6,5,1730,1,1,1,1,1,258,4536400,334800,430,3,2,2,0,2,2,0,63,1,0,1,0,0
200500038956,5,6,21,1745,1,2,1,1,3,268,4514300,412500,430,4,2,2,0,2,3,0,57,1,0,1,0,0
200500038957,5,6,29,1415,1,1,1,2,6,268,4513200,411600,430,4,2,0,0,2,3,0,0,2,0,3,0,1
200500038959,5,6,11,1145,1,1,1,1,5,211,4522200,414400,430,4,2,2,0,2,3,0,44,1,0,1,0,0
200500038960,5,6,22,1615,1,1,1,1,7,87,4521300,432100,430,3,2,2,0,0,2,0,74,1,0,0,0,0
200500038968,5,6,26,1045,1,1,1,1,3,211,4918400,607100,570,3,2,2,0,0,1,0,60,1,0,1,0,0
200500038974,5,6,30,1200,1,1,1,1,6,24,4920400,627700,570,3,0,2,0,2,2,0,64,1,0,3,0,0
200500038976,5,6,2,1915,1,1,1,1,3,160,4922200,665400,570,3,2,2,0,1,1,0,70,1,0,1,0,0
200500038977,5,6,13,1645,1,1,1,1,6,720,4928600,664300,570,3,2,0,0,0,1,0,60,1,0,3,0,0
200500038978,5,6,26,1230,1,1,1,1,3,460,4925400,666900,570,3,0,2,0,1,1,0,70,1,0,1,0,0
200500038979,5,6,14,900,1,1,1,2,7,391,4886500,638000,570,3,2,2,0,1,2,0,72,2,0,3,0,0
200500038980,5,6,15,130,3,1,1,1,6,434,4872100,677100,570,3,2,0,0,1,3,0,70,1,0,3,0,0
200500038981,5,6,27,1215,1,1,1,1,7,126,4878100,647000,570,2,2,2,0,1,1,0,0,1,0,3,0,0
200500038983,5,6,10,1100,1,1,1,1,2,560,4893300,668200,570,3,2,2,0,2,1,0,60,1,0,1,0,1
200500038985,5,6,26,945,1,1,1,1,6,270,4884100,668100,570,3,2,0,0,2,2,0,98,1,0,3,0,0
200500038988,5,6,11,515,2,1,1,1,7,6,4904600,719300,570,3,2,2,0,2,3,0,54,1,0,3,0,1
200500039000,5,6,29,2245,3,1,1,1,7,739,4936400,648600,570,3,2,2,0,1,1,0,47,1,0,0,0,1
200500039004,5,6,20,815,1,1,1,1,3,59,4884400,616500,540,3,2,2,0,4,1,0,60,1,0,1,0,0
200500039021,5,6,5,1400,1,1,1,1,7,337,4936800,584100,540,3,2,2,0,1,1,0,60,1,0,1,0,0
200500039023,5,6,27,1330,1,2,1,1,3,377,4851900,680400,540,3,2,2,0,1,3,0,0,1,0,1,0,0
200500039024,5,6,4,1930,1,1,1,1,1,86,4874600,580100,540,3,2,2,0,1,3,0,57,1,0,1,0,1
200500039026,5,6,12,2115,2,2,1,1,6,205,4868400,578300,540,4,2,2,0,2,3,0,50,1,0,3,0,0
200500039028,5,6,16,2115,2,1,1,1,7,162,4865500,583900,540,3,2,2,0,2,1,0,57,1,0,3,0,0
200500039030,5,6,3,1630,1,1,2,8,3,177,4892800,523700,550,3,2,2,0,1,1,0,71,1,5,1,0,0
200500039034,5,6,29,730,1,1,9,8,1,291,4868600,530400,550,2,2,2,0,1,2,0,64,2,3,1,0,0
200500039043,5,6,29,300,3,1,1,2,6,334,4870800,553100,550,2,3,2,0,1,4,20,0,2,0,1,0,1
200500039044,5,6,19,1515,1,1,1,1,6,408,4957600,512600,550,3,2,2,0,1,2,0,48,1,0,1,0,0
200500039045,5,6,20,615,2,1,1,1,7,324,4947000,540100,550,2,2,2,0,2,2,0,72,1,0,1,0,0
200500039046,5,6,23,915,1,2,1,1,1,25,4949300,524300,550,3,2,2,0,1,1,0,60,1,0,1,0,0
200500039049,5,6,1,1230,1,1,1,1,6,360,4905600,553000,550,3,2,2,0,2,2,0,42,1,0,3,0,0
200500039050,5,6,10,1615,1,1,1,1,1,60,4909000,558000,550,4,0,2,0,1,2,0,40,1,0,1,0,0
200500039051,5,6,19,100,3,1,1,1,6,495,4939300,558700,550,3,2,2,0,2,1,0,48,1,0,1,0,0
200500039053,5,6,3,1230,1,2,1,1,3,483,4819600,639900,880,3,2,2,0,2,1,0,74,1,0,1,0,0
200500039055,5,6,16,1715,1,2,1,1,6,178,4817700,639200,880,4,2,1,0,2,0,0,0,0,0,4,0,0
200500039056,5,6,17,500,2,1,1,1,7,160,4819300,648000,880,2,1,2,0,2,1,0,70,1,3,2,0,0
200500039057,5,6,19,1000,1,1,1,1,1,483,4820000,636700,880,9,0,0,1,1,1,0,0,1,0,5,0,0
200500039059,5,6,25,2000,1,1,1,1,1,86,4819500,674200,880,3,4,3,0,1,2,0,0,1,5,1,0,0
200500039060,5,6,27,1815,1,2,1,1,3,355,4835000,634400,880,9,2,2,0,0,0,0,70,1,5,1,0,0
200500039064,5,6,23,1530,1,1,1,1,7,530,4803900,641500,880,3,2,2,0,2,3,0,0,9,0,1,0,0
200500039067,5,6,2,2145,2,1,1,1,5,516,4819700,597600,880,3,2,0,0,1,1,0,110,1,0,1,0,1
200500039068,5,6,9,1930,1,2,1,1,6,51,4826200,590300,880,3,2,0,0,1,1,0,62,1,0,3,0,0
200500039069,5,6,13,315,1,1,1,1,1,488,4820800,611800,880,3,2,2,0,0,2,0,0,1,0,1,0,0
200500039070,5,6,28,1615,1,1,1,1,6,114,4817400,590000,880,3,2,2,0,1,2,0,111,1,0,0,0,1
200500039071,5,6,29,1100,1,2,1,1,6,385,4823500,605400,880,3,2,1,0,0,1,0,0,1,0,1,0,0
200500039072,5,6,10,330,3,1,1,1,2,11,4815200,650500,880,2,3,4,0,0,1,12,240,1,0,1,0,0
200500039074,5,6,26,1545,1,2,1,1,1,408,4792400,666200,880,2,0,2,0,1,2,0,75,1,0,1,0,0
200500039075,5,6,12,1145,1,1,1,1,7,275,4832700,717900,880,3,0,2,0,2,2,0,0,1,0,3,0,0
200500039077,5,6,25,1630,1,1,1,1,3,386,4827600,700400,880,2,2,3,0,1,1,0,120,1,0,1,0,0
200500039081,5,6,27,1600,1,2,1,1,1,233,4838400,757000,670,3,2,2,0,1,3,0,100,1,0,1,0,1
200500039082,5,6,25,545,2,1,1,1,6,197,4846900,762900,670,3,2,0,0,1,3,0,60,1,0,3,0,0
200500039083,5,6,24,1315,1,2,1,1,1,359,4881400,769700,670,3,2,0,0,1,1,0,100,1,0,1,0,0
200500039086,5,6,6,1700,1,2,2,1,3,300,4854100,750000,670,3,2,2,0,1,2,0,70,1,5,1,0,0
200500039087,5,6,21,800,1,2,1,1,6,300,4854700,749900,670,4,2,0,0,1,1,0,60,0,0,1,0,0
200500039088,5,6,27,1145,1,2,4,1,3,300,4855000,751100,670,3,2,2,1,1,1,23,94,1,5,1,0,0
200500039089,5,6,3,1700,1,1,1,1,1,500,4852700,733400,670,2,2,2,0,1,1,0,72,1,0,1,0,0
200500039091,5,6,10,1600,1,1,1,1,2,325,4853000,735600,670,3,2,0,0,1,2,0,0,1,0,1,0,0
200500039092,5,6,10,2315,3,1,1,1,6,144,4842600,718300,670,2,2,0,0,1,2,0,69,1,0,3,0,0
200500039094,5,6,17,1100,1,1,1,1,7,420,4849600,725300,670,3,2,2,0,2,2,0,0,1,0,1,0,0
200500039095,5,6,19,1630,1,1,1,1,1,342,4857100,729100,670,3,0,2,0,1,1,0,70,1,0,1,0,0
200500039096,5,6,5,1730,1,1,1,1,1,520,4864300,742500,670,3,2,0,0,2,0,0,0,1,0,1,0,0
200500039097,5,6,13,1745,1,2,1,1,2,335,4863800,751000,670,3,2,2,0,0,0,70,0,1,0,1,0,0
200500039099,5,6,18,1700,1,1,1,1,2,282,4862800,747400,670,2,2,3,0,1,1,0,70,1,5,1,0,0
200500039100,5,6,22,1815,1,2,1,1,3,408,4865100,740600,670,4,2,2,0,1,1,55,0,1,0,1,0,0
200500039101,5,6,4,1500,1,1,1,1,7,437,4880200,731200,670,3,2,0,0,4,2,0,0,1,0,1,0,0
200500039102,5,6,16,1030,1,2,1,1,3,302,4876200,739500,670,4,2,0,0,1,4,0,60,1,0,1,0,0
200500039104,5,6,20,730,1,2,1,1,6,437,4874500,738600,670,3,2,2,0,1,1,0,40,1,0,3,0,0
200500039110,5,6,14,1645,1,1,1,2,7,274,4896500,718900,670,3,2,2,0,0,3,0,70,2,0,0,0,0
200500039111,5,6,15,1315,1,1,1,1,7,95,4895500,720500,670,3,2,2,0,1,1,0,60,1,0,3,0,0
200500039112,5,6,21,1700,1,1,3,7,3,2,4891100,718900,670,3,2,2,0,4,1,0,65,1,0,1,0,0
200500039115,5,6,18,1645,1,2,1,1,3,506,4867500,771900,670,2,2,0,0,1,1,0,104,1,0,1,0,0
200500039116,5,6,22,245,3,1,1,1,6,156,4872700,776200,670,3,2,2,0,1,1,0,65,1,0,1,0,0
200500039121,5,6,25,1815,1,1,1,1,1,205,4870800,779400,670,3,2,2,1,1,1,0,94,1,0,3,0,0
200500039122,5,6,8,1715,1,2,2,1,3,73,4827200,740600,670,4,2,0,0,1,1,0,48,1,0,1,0,0
200500039125,5,6,7,1600,1,2,9,1,6,544,4904000,794000,670,6,0,0,0,1,1,0,0,1,0,0,0,0
200500039127,5,6,1,1915,1,2,6,1,1,463,4889700,810700,670,3,1,0,0,1,0,0,0,1,5,1,0,0
200500039128,5,6,10,830,1,2,1,1,6,25,4886700,808400,670,3,2,0,0,1,1,0,64,1,0,1,0,0
200500039131,5,6,8,1330,1,1,1,1,1,353,4904700,771400,670,3,2,2,0,2,3,0,53,1,0,1,0,0
200500039132,5,6,21,830,1,1,1,1,5,7,4850000,743300,680,2,2,0,0,1,1,0,70,1,0,1,0,0
200500039133,5,6,25,2345,3,1,1,1,7,146,4813600,738700,680,4,0,2,0,1,2,0,32,1,0,3,0,0
200500039135,5,6,20,745,1,2,1,7,3,227,4810700,747000,680,3,2,0,0,1,1,0,70,1,0,1,0,0
200500039137,5,6,15,1045,1,2,1,1,3,162,4815300,725000,680,2,2,0,0,0,1,0,80,1,5,1,0,0
200500039138,5,6,18,1800,1,1,1,1,1,269,4820800,726800,680,3,2,2,0,2,2,0,74,1,0,1,0,1
200500039139,5,6,19,1030,1,1,2,1,1,296,4823000,738800,680,3,2,2,0,1,1,0,0,1,0,1,0,1
200500039140,5,6,3,1730,1,1,1,1,1,155,4810800,730300,680,2,0,2,0,1,1,0,70,1,0,1,0,0
200500039141,5,6,18,15,5,2,1,1,1,374,4807200,731100,680,2,2,0,0,1,1,0,0,1,5,1,0,0
200500039142,5,6,8,1445,1,2,1,1,1,315,4790200,722200,680,3,0,2,1,1,1,0,100,1,0,5,0,0
200500039143,5,6,11,1115,1,1,1,1,6,235,4798600,743700,680,3,0,2,0,1,1,0,66,1,0,0,0,0
200500039146,5,6,23,1100,1,2,1,1,2,300,4777900,738300,680,3,2,4,0,1,1,0,73,1,3,1,0,0
200500039147,5,6,21,715,1,2,1,1,3,270,4778000,726000,680,3,2,2,0,1,1,0,128,1,0,1,0,0
200500039148,5,6,22,1630,1,1,8,1,6,254,4774700,753700,680,3,2,2,0,1,1,0,80,1,0,3,0,0
200500039149,5,6,2,1000,1,2,9,1,6,135,4758100,752900,680,3,2,2,0,1,1,0,90,1,0,4,0,0
200500039151,5,6,3,2230,3,1,1,3,1,301,4768300,743300,680,3,2,1,0,1,1,0,0,2,0,1,0,0
200500039155,5,6,1,845,1,2,1,1,1,370,4798100,696200,680,3,2,2,0,1,3,0,49,1,0,1,0,0
200500039156,5,6,3,1645,1,1,1,3,3,482,4888200,443900,510,3,2,0,0,1,2,0,59,2,0,3,0,0
200500039157,5,6,29,1230,1,1,1,1,6,357,4899000,424000,510,3,2,2,0,1,1,0,76,1,0,3,0,1
200500039159,5,6,23,1330,1,2,1,1,3,367,4895300,402600,510,3,2,2,0,1,1,0,57,1,0,1,0,0
200500039161,5,6,4,1730,1,1,1,1,5,555,4874000,430100,510,2,2,0,0,2,1,0,72,1,0,1,0,0
200500039162,5,6,17,1715,1,1,1,1,6,545,4873700,421400,510,2,2,2,0,0,1,120,0,1,0,1,0,0
200500039163,5,6,25,2100,1,1,1,1,6,285,4874600,412300,510,2,2,0,0,1,1,0,72,1,0,1,0,0
200500039164,5,6,2,1745,1,1,1,1,1,380,4886900,353400,510,3,2,2,0,1,3,0,60,1,0,1,0,0
200500039166,5,6,25,500,2,2,1,1,6,535,4872500,372400,510,4,2,2,0,1,1,0,75,1,0,4,0,0
200500039168,5,6,3,1630,1,1,1,1,6,139,4909900,488300,510,3,2,2,0,4,2,0,60,1,0,3,0,0
200500039170,5,6,11,1930,1,1,1,1,7,399,4912000,485800,510,3,2,2,0,2,2,0,67,1,0,3,0,0
200500039171,5,6,12,1615,1,1,1,1,6,228,4904300,486200,510,3,2,2,0,0,3,0,48,1,0,3,0,0
200500039172,5,6,4,1500,1,2,1,1,1,139,4988000,470700,80,3,2,2,0,1,2,0,85,1,0,1,0,0
200500039173,5,6,24,1830,1,2,1,1,7,81,4985000,477000,80,6,0,0,0,1,0,0,0,1,0,0,0,0
200500039178,5,6,20,1900,1,1,1,1,1,375,4967500,512900,80,2,2,0,0,3,1,0,0,1,0,1,0,0
200500039179,5,6,5,1645,1,1,1,1,6,491,4974000,487200,80,3,0,2,0,1,1,0,67,0,0,3,0,0
200500039180,5,6,14,845,1,1,1,1,7,490,4947000,461500,80,3,2,0,0,1,1,0,75,1,0,1,0,0
200500039181,5,6,17,1445,1,1,1,1,6,490,4938900,470500,80,3,2,2,0,1,1,0,0,1,0,1,0,0
200500039182,5,6,27,730,1,2,1,1,2,490,4941600,472400,80,3,2,2,0,2,1,0,74,1,0,1,0,0
200500039186,5,6,22,2030,1,2,1,1,3,6,4853400,414400,100,2,2,0,0,2,1,0,80,1,0,1,0,0
200500039187,5,6,27,115,3,1,1,1,6,51,4819800,400500,100,3,2,0,0,0,1,0,74,1,0,3,0,0
200500039190,5,6,22,1830,1,2,1,1,1,427,4811200,444500,100,3,2,0,0,1,1,0,45,1,0,1,0,0
200500039191,5,6,6,745,1,1,1,1,6,368,4841700,393200,100,2,2,0,0,1,1,0,156,1,0,3,0,0
200500039192,5,6,23,1115,1,2,1,1,3,323,4851000,372000,100,4,2,0,0,1,1,0,79,1,5,1,3,0
200500039193,5,6,23,1730,1,1,1,1,6,233,4851600,390300,100,3,2,2,0,1,1,0,80,1,0,3,0,1
200500039198,5,6,3,1745,1,2,9,3,3,50,4808900,529200,520,3,2,0,0,1,1,43,113,2,0,1,0,0
200500039199,5,6,14,1100,1,2,1,7,3,50,4809000,529700,520,3,2,2,0,1,3,0,0,1,0,1,0,0
200500039201,5,6,2,2100,1,1,1,1,6,221,4816400,501600,520,2,2,0,0,3,1,0,75,1,0,1,0,0
200500039204,5,6,12,1700,1,1,1,1,5,380,4789100,536100,520,3,2,2,0,2,1,0,63,1,0,1,0,0
200500039205,5,6,23,1815,1,2,1,8,6,269,4785800,533000,520,9,2,2,0,0,1,0,66,2,0,1,0,1
200500039206,5,6,5,1915,1,2,1,1,6,60,4795000,574000,520,3,2,0,0,2,1,0,78,1,0,3,0,0
200500039209,5,6,2,1215,1,1,1,1,6,438,4782000,559200,520,3,2,0,0,1,2,0,50,1,0,1,0,0
200500039210,5,6,26,1345,1,1,1,1,6,394,4776300,563300,520,3,2,2,0,1,1,0,70,1,0,3,0,0
200500039211,5,6,25,1645,1,1,1,1,6,360,4762100,525600,520,2,2,2,0,0,1,0,75,1,0,3,0,0
200500039213,5,6,13,815,1,1,1,1,7,182,4859700,485100,520,3,2,2,0,1,1,0,74,1,0,3,0,0
200500039216,5,6,26,2245,5,2,1,1,1,235,4864900,487300,520,3,2,2,0,1,3,0,70,1,0,1,0,0
200500039217,5,6,10,215,3,2,1,1,6,212,4840800,514800,520,3,2,2,0,1,3,0,44,1,0,1,0,0
200500039218,5,6,10,2200,2,2,1,1,2,250,4844700,513900,520,3,2,2,0,2,1,0,70,1,0,1,0,0
200500039219,5,6,20,1545,1,2,1,1,6,230,4834800,513900,520,3,2,0,0,0,1,0,58,1,0,4,0,0
200500039220,5,6,28,600,1,1,1,1,7,231,4845800,504400,520,3,2,0,0,2,1,65,0,1,0,1,0,0
200500039224,5,6,23,1800,1,1,1,1,7,521,4731100,523300,210,4,2,1,0,1,3,0,45,1,0,1,0,0
200500039225,5,6,7,2115,1,2,1,1,3,38,4719800,539500,210,3,2,2,0,1,1,0,75,1,0,1,0,0
200500039226,5,6,10,2045,1,2,1,1,1,38,4719700,540600,210,9,2,2,0,1,1,7,65,1,0,1,0,0
200500039227,5,6,22,830,1,2,1,1,3,38,4719800,539500,210,3,2,0,0,1,1,0,75,1,5,1,0,0
200500039228,5,6,28,245,3,1,1,1,6,699,4720100,537300,210,2,2,2,0,4,1,0,75,1,0,3,0,0
200500039229,5,6,11,1830,1,2,1,1,1,330,4726000,525000,210,3,2,0,0,1,1,0,0,1,0,1,0,0
200500039230,5,6,13,1730,1,1,1,1,7,126,4729900,522000,210,3,0,2,0,1,2,0,62,1,0,1,0,0
200500039231,5,6,23,1730,1,1,1,1,2,532,4724000,517100,210,3,2,2,0,1,1,0,0,1,0,1,0,0
200500039232,5,6,11,1645,1,1,1,1,7,217,4719800,489800,210,3,2,0,0,2,3,0,0,0,0,3,0,0
200500039233,5,6,10,1800,1,1,1,1,3,481,4726900,501500,210,3,2,2,0,1,1,0,70,1,0,1,0,0
200500039234,5,6,4,1330,1,2,1,1,1,585,4721800,508700,210,9,2,2,0,1,3,0,45,1,0,1,0,0
200500039235,5,6,11,1200,1,1,1,1,2,295,4720900,497200,210,2,2,0,2,0,1,0,105,1,0,0,0,1
200500039237,5,6,6,1100,1,1,1,2,1,317,4754400,513000,210,3,2,2,0,2,2,0,75,2,0,1,0,0
200500039238,5,6,26,1715,1,2,2,1,3,361,4749400,521200,210,3,2,2,0,1,1,0,60,1,0,1,0,0
200500039239,5,6,1,1715,1,1,1,1,6,310,4733400,458700,210,3,2,2,0,1,1,0,65,1,0,1,0,1
200500039240,5,6,17,1345,1,1,1,1,7,661,4732200,489500,210,3,2,2,0,1,2,0,70,1,0,3,0,0
200500039241,5,6,3,1415,1,1,2,1,3,492,4700600,480100,210,2,2,2,0,1,1,0,0,1,0,1,0,0
200500039242,5,6,11,1515,1,1,1,1,1,606,4708500,489200,210,2,2,3,0,0,1,0,100,1,0,1,0,0
200500039243,5,6,15,1715,1,1,1,1,1,712,4700400,478600,210,3,2,2,0,0,0,0,0,1,0,1,0,0
200500039244,5,6,22,1330,1,1,3,1,1,332,4701000,507000,210,3,3,2,0,1,1,0,71,1,5,1,0,0
200500039245,5,6,15,830,1,1,1,1,7,488,4787200,446500,210,3,2,2,0,1,1,0,75,1,0,1,0,0
200500039247,5,6,29,930,1,1,4,1,3,603,4749000,434700,210,3,2,2,0,2,2,0,80,1,0,1,0,0
200500039248,5,6,18,545,1,1,1,1,7,429,4759100,433700,210,3,2,2,0,1,1,0,70,1,0,0,0,0
200500039249,5,6,7,1800,1,1,1,1,7,498,4742400,452400,210,3,2,2,0,1,1,0,70,1,0,1,0,0
200500039251,5,6,11,2230,3,1,3,1,3,51,4693500,315900,580,2,3,1,0,1,1,52,115,1,0,1,0,0
200500039252,5,6,17,1730,1,1,3,1,1,148,4687100,327000,580,3,2,2,0,0,3,0,0,1,0,0,0,0
200500039253,5,6,1,330,3,1,1,1,2,138,4682000,312400,580,2,0,2,0,1,1,0,0,1,0,1,0,0
200500039254,5,6,24,1315,1,2,2,1,3,4,4703800,364100,580,4,2,2,0,1,1,53,0,1,0,1,0,0
200500039259,5,6,24,745,1,2,1,1,3,62,4706800,393500,580,3,2,2,0,1,1,0,60,1,0,1,3,0
200500039260,5,6,25,1200,1,1,1,1,1,141,4711600,399500,580,3,2,2,0,2,2,0,63,1,0,1,0,0
200500039261,5,6,25,1900,1,1,1,1,6,62,4706800,392900,580,3,2,2,0,2,2,0,125,1,0,3,0,0
200500039262,5,6,23,1200,1,2,9,1,1,185,4717900,415800,580,3,2,0,0,2,3,0,70,1,0,1,0,0
200500039267,5,6,2,2130,2,2,1,1,2,90,4622900,478700,710,4,2,2,0,1,2,0,0,1,0,1,0,0
200500039268,5,6,18,200,4,1,1,1,6,169,4630100,476400,710,3,2,2,0,1,3,0,67,1,0,0,0,0
200500039269,5,6,17,2030,1,2,1,1,2,84,4625900,475800,710,3,2,2,0,1,1,0,57,1,0,2,0,0
200500039270,5,6,8,800,1,1,1,1,3,137,4644500,465900,710,3,2,2,0,2,1,23,71,1,0,1,0,0
200500039271,5,6,25,1645,1,1,1,1,2,547,4640900,450200,710,3,2,2,0,0,1,0,65,1,0,1,0,0
200500039272,5,6,29,845,1,1,1,1,5,181,4644700,471300,710,3,2,2,0,2,3,0,57,1,0,1,0,0
200500039274,5,6,18,215,3,1,1,1,7,381,4654100,457000,710,3,2,2,0,0,2,0,62,1,0,1,0,0
200500039284,5,6,5,1530,1,1,1,1,3,131,4687200,504600,710,2,2,3,0,1,1,0,140,1,5,1,0,0
200500039285,5,6,12,2000,1,1,1,1,7,405,4685600,507700,710,3,2,2,0,3,4,0,70,1,0,1,0,0
200500039286,5,6,16,1545,1,2,1,1,1,215,4686600,495100,710,3,2,1,0,2,1,0,60,1,0,1,0,0
200500039287,5,6,21,15,5,2,1,1,7,566,4690100,502200,710,3,2,0,0,0,1,0,0,1,0,3,0,0
200500039289,5,6,11,1730,1,1,1,1,1,325,4651300,399700,710,4,0,0,0,2,0,0,30,1,0,1,0,0
200500039290,5,6,17,1645,1,2,1,1,6,176,4648700,399400,710,4,2,1,0,1,1,0,56,1,0,4,0,0
200500039292,5,6,8,1615,1,1,1,1,5,480,4692300,460700,710,3,2,2,0,0,1,0,0,1,0,0,0,0
200500039293,5,6,19,545,2,1,1,1,7,390,4672600,427200,710,3,2,2,0,3,3,0,67,1,0,1,0,0
200500039298,5,6,1,1415,1,1,6,1,3,412,4673700,444100,710,3,2,0,0,1,1,0,80,1,5,3,0,0
200500039303,5,6,25,600,1,1,1,1,1,125,4761500,350300,890,2,2,0,0,1,1,0,65,1,0,1,0,0
200500039304,5,6,2,1345,1,1,1,1,2,81,4783100,378700,890,3,2,2,0,1,1,0,0,1,0,1,0,0
200500039307,5,6,13,530,2,1,1,1,7,108,4777000,371700,890,3,2,2,0,3,2,0,0,1,0,1,0,0
200500039308,5,6,19,1715,1,1,1,1,1,228,4780400,342700,890,3,2,0,0,3,3,0,64,1,0,1,0,0
200500039309,5,6,28,1500,1,1,1,1,3,368,4761900,320100,890,3,2,2,0,2,3,0,63,1,0,3,0,0
200500039310,5,6,6,1945,1,1,1,1,6,190,4752900,379700,890,2,2,0,0,1,3,0,70,1,0,3,0,0
200500039313,5,6,12,230,3,1,1,1,6,218,4797200,344700,890,3,2,1,0,1,1,0,50,1,0,1,0,1
200500039314,5,6,11,1915,1,2,1,1,1,399,4825500,332500,890,4,1,0,0,1,0,0,35,1,0,1,0,0
200500039316,5,6,25,1530,1,1,1,1,6,239,4817100,336100,890,3,2,2,0,1,1,0,76,1,0,1,0,0
200500039317,5,6,25,1645,1,2,1,1,7,171,4823100,351000,890,2,2,2,0,1,1,0,81,1,0,3,0,1
200500039318,5,6,27,1330,1,1,1,1,7,195,4816200,324900,890,3,2,0,0,0,4,37,0,1,0,3,0,0
200500039322,5,6,17,1900,1,1,1,1,1,414,4827100,335500,890,3,2,2,0,2,1,0,71,1,0,1,0,0
200500039330,5,6,2,1700,1,1,1,1,5,364,4720100,617700,250,2,3,0,0,0,1,20,140,1,0,1,0,0
200500039331,5,6,7,1015,1,1,1,1,7,245,4721100,605400,250,3,2,2,0,1,2,0,55,1,0,1,0,0
200500039332,5,6,24,1230,1,1,1,1,7,70,4703100,609800,250,3,2,2,0,0,2,0,56,1,0,1,0,0
200500039338,5,6,22,1215,1,2,9,1,3,57,4753800,680500,250,3,2,2,0,1,1,0,0,1,0,1,0,0
200500039340,5,6,17,1345,1,2,1,1,3,503,4731900,666000,250,3,2,0,0,0,0,55,0,1,0,1,0,0
200500039341,5,6,25,1045,1,1,1,1,3,173,4726000,672000,250,3,2,2,0,4,3,75,0,1,0,1,0,0
200500039343,5,6,29,1500,1,2,1,1,1,32,4738800,640300,250,3,2,0,0,1,3,1,50,1,0,3,0,0
200500039344,5,6,11,1430,1,1,1,1,1,22,4751700,667500,250,3,2,0,0,1,1,0,63,1,0,1,0,0
200500039345,5,6,27,815,5,2,1,1,3,345,4745500,665000,250,2,3,0,0,1,1,0,100,1,5,1,0,0
200500039347,5,6,12,1530,1,1,1,1,1,435,4725400,638900,250,3,2,0,0,3,3,0,65,1,0,1,0,1
200500039349,5,6,27,1330,1,2,1,1,2,453,4722100,654200,250,4,2,2,0,1,0,60,0,1,0,1,0,0