Num_Acc,an,mois,jour,hrmn,lum,agg,int,atm,col,com,lat,long,dep,catr,circ,nbv,vosp,prof,plan,lartpc,larrout,surf,infra,situ,env1,killed
200500039352,5,6,11,1500,1,2,1,1,6,263,4673700,623900,250,3,2,0,0,1,1,0,60,1,0,1,0,0
200500039353,5,6,7,1345,1,1,1,1,1,271,4705600,651900,250,3,2,1,0,3,1,0,53,1,0,1,0,0
200500039354,5,6,18,1630,1,2,1,1,3,320,4658000,538500,390,4,2,2,0,1,3,0,0,1,0,1,0,0
200500039356,5,6,1,815,1,1,3,1,3,13,4691600,577100,390,3,2,2,0,0,2,0,65,1,0,1,0,0
200500039358,5,6,11,1845,1,2,1,1,6,13,4690600,577600,390,4,2,2,0,0,1,0,63,1,0,1,0,0
200500039359,5,6,17,1645,1,2,1,1,3,434,4685200,569900,390,2,2,2,3,1,1,0,120,1,5,0,0,0
200500039360,5,6,27,815,1,1,1,1,3,49,4686400,560900,390,3,2,2,0,1,1,0,65,1,0,1,0,0
200500039361,5,6,22,2015,1,1,1,1,2,13,4689900,573300,390,2,2,2,0,1,1,0,75,1,0,1,0,0
200500039362,5,6,1,1330,1,2,2,1,3,500,4694300,587800,390,3,2,3,0,2,4,90,0,1,5,1,0,0
200500039366,5,6,8,2100,2,1,1,1,6,365,4698900,561700,390,3,2,2,0,1,1,0,67,1,0,3,0,1
200500039367,5,6,6,1730,1,1,1,8,1,219,4718100,578900,390,2,2,2,0,2,1,0,77,2,0,1,0,1
200500039370,5,6,5,1045,1,1,1,1,6,324,4756000,607400,700,3,2,0,0,1,1,0,69,1,0,1,0,0
200500039374,5,6,4,400,3,1,1,1,7,157,4767000,660700,700,3,2,2,0,1,2,0,60,1,0,1,3,0
200500039377,5,6,18,1045,1,2,1,1,1,526,4792800,609800,700,3,2,2,0,2,1,0,79,1,0,1,0,0
200500039379,5,6,27,1745,1,2,1,1,6,126,4732700,568200,700,3,2,2,0,0,2,0,71,1,0,1,0,0
200500039380,5,6,3,1630,1,1,1,1,7,65,4780500,684200,900,3,2,0,0,2,4,0,62,1,0,3,0,0
200500039383,5,6,5,2030,1,2,3,1,5,51,4756300,694100,900,3,2,0,0,1,1,0,75,1,0,1,0,0
200500039384,5,6,27,1930,1,1,1,1,1,51,4756600,694900,900,3,2,0,0,3,3,0,40,1,0,1,0,0
200500039386,5,6,1,1,3,1,1,1,6,59,4364800,549700,130,3,2,0,1,1,3,0,0,1,0,1,0,0
200500039387,5,6,2,1815,1,2,1,1,1,99,4368600,571300,130,3,2,1,0,1,1,0,32,1,0,1,0,0
200500039388,5,6,12,300,3,1,1,1,1,59,4364700,554800,130,3,2,2,0,0,1,0,0,1,0,1,0,0
200500039389,5,6,13,1645,1,2,9,1,2,99,4368900,571100,130,3,3,1,0,1,1,5,50,1,0,1,0,0
200500039390,5,6,13,1230,1,1,1,1,7,107,4343300,544500,130,3,2,0,0,1,1,0,60,1,0,1,0,0
200500039391,5,6,1,1930,1,1,1,1,1,19,4344500,536200,130,3,2,1,0,1,1,0,50,1,0,1,0,0
200500039392,5,6,5,1900,1,1,1,1,1,19,4343200,537100,130,3,2,2,0,2,2,0,54,1,0,1,0,0
200500039393,5,6,6,1615,1,1,2,1,5,15,4345100,539800,130,2,2,1,0,1,1,169,159,1,5,1,0,0
200500039394,5,6,17,1800,1,2,9,1,3,15,4345000,540300,130,3,2,2,0,1,1,0,72,1,0,1,0,0
200500039395,5,6,26,330,5,2,6,1,6,19,4342200,535500,130,3,1,2,0,1,1,0,35,1,5,1,0,0
200500039396,5,6,21,1515,1,2,1,1,3,15,4344100,539800,130,2,2,2,0,1,1,0,0,1,0,1,0,0
200500039398,5,6,18,1345,1,2,1,1,3,110,4345400,567200,130,3,2,2,0,3,1,0,80,1,0,1,0,1
200500039399,5,6,28,2315,3,1,1,1,7,110,4346000,566200,130,3,2,2,1,1,1,0,0,1,0,1,0,0
200500039400,5,6,10,700,2,2,1,1,3,27,4387400,484500,130,3,2,2,0,1,1,0,47,1,0,1,0,1
200500039401,5,6,10,1715,1,1,1,1,2,66,4388700,491600,130,2,3,2,0,1,1,0,0,1,0,1,0,0
200500039402,5,6,24,1615,1,1,1,1,3,27,4389600,483200,130,3,2,2,1,1,1,0,0,1,0,1,0,0
200500039403,5,6,16,515,2,1,1,1,7,96,4358200,443300,130,3,2,2,0,0,1,0,70,1,0,3,0,0
200500039408,5,6,15,845,1,1,1,1,5,22,4323400,552700,130,3,2,2,1,4,3,0,0,1,0,1,0,0
200500039410,5,6,17,745,2,2,1,1,2,119,4326400,557300,130,3,2,0,0,1,1,0,0,1,0,1,0,0
200500039412,5,6,6,915,1,1,1,1,3,73,4340400,556300,130,3,2,2,0,1,1,0,0,1,5,1,0,0
200500039414,5,6,4,1845,1,1,1,1,5,86,4336800,561300,130,2,2,0,0,0,1,0,70,1,0,0,0,0
200500039417,5,6,17,1815,1,2,1,1,6,86,4335500,560500,130,2,2,0,0,1,1,0,60,1,0,1,0,0
200500039418,5,6,24,1300,1,2,1,1,5,16,4339600,559600,130,2,2,2,0,2,1,0,0,1,0,0,0,0
200500039420,5,6,24,1715,1,1,1,1,1,14,4354200,504700,130,3,2,1,0,2,4,0,70,1,0,1,0,0
200500039421,5,6,8,1615,1,2,1,1,6,53,4373600,518400,130,3,2,2,0,1,2,0,0,1,0,0,0,1
200500039424,5,6,22,1715,1,2,1,1,1,84,4372500,531200,130,4,2,1,0,1,1,0,62,1,0,1,0,0
200500039426,5,6,8,1245,1,1,1,1,5,116,4402100,595700,40,3,2,2,0,3,1,0,70,1,0,1,0,0
200500039430,5,6,19,1330,1,1,1,1,6,208,4395100,552900,40,3,2,2,0,2,2,0,70,1,0,3,0,0
200500039431,5,6,23,1830,1,2,1,1,5,65,4406600,583700,40,3,2,2,0,1,1,0,49,1,0,1,0,1
200500039432,5,6,27,830,1,1,1,1,6,178,4404000,577000,40,3,2,2,0,1,2,0,65,1,0,3,0,1
200500039434,5,6,16,1415,1,2,1,1,1,145,4414200,595300,40,4,2,2,0,2,3,0,0,1,0,1,0,0
200500039435,5,6,4,130,5,2,1,1,6,53,4435000,577300,50,2,2,2,0,1,2,0,69,1,0,4,0,0
200500039436,5,6,28,1415,1,1,1,1,6,14,4428900,573100,50,4,0,0,0,3,3,0,50,1,0,0,0,0
200500039437,5,6,8,1245,1,1,1,1,6,160,4424400,572200,50,4,2,1,0,2,4,0,33,1,0,1,0,0
200500039438,5,6,13,645,1,1,1,1,6,34,4426700,582300,50,3,2,2,0,1,2,0,61,1,2,3,0,1
200500039439,5,6,27,1045,1,1,1,1,7,178,4435000,591100,50,2,2,2,0,1,2,0,76,1,0,3,0,0
200500039441,5,6,5,1830,1,2,1,1,6,162,4443000,601000,50,3,2,0,0,3,1,0,55,1,0,1,0,0
200500039442,5,6,7,1645,1,1,3,1,2,162,4443000,602000,50,2,2,0,3,1,1,45,82,1,5,1,0,0
200500039443,5,6,23,1200,1,1,1,1,2,50,4446000,621000,50,3,2,2,0,0,1,0,67,0,0,1,0,0
200500039444,5,6,27,1730,1,1,3,1,3,162,4443800,602400,50,2,2,2,0,1,1,46,80,1,5,1,0,0
200500039445,5,6,9,1115,1,1,1,1,1,35,4452400,588300,50,3,2,2,0,1,3,0,49,1,0,1,0,0
200500039447,5,6,7,1345,1,1,1,1,1,109,4489600,662000,50,3,2,0,0,2,3,0,59,1,0,1,0,0
200500039448,5,6,11,1800,1,1,2,1,1,38,4476200,680300,50,3,2,0,0,1,1,0,60,1,0,1,0,0
200500039449,5,6,21,1400,1,1,1,1,7,106,4453500,634200,50,3,0,0,0,2,4,30,0,1,0,1,0,0
200500039450,5,6,21,2215,3,1,1,1,3,84,4456300,621800,50,2,2,2,0,4,1,0,85,1,0,1,0,0
200500039457,5,6,2,745,1,1,1,1,3,74,4396000,728000,60,4,2,2,0,0,2,0,58,1,0,1,0,0
200500039459,5,6,17,1500,1,2,1,1,3,103,4402300,731200,60,3,2,2,0,0,2,0,75,1,5,1,0,0
200500039462,5,6,16,230,5,2,2,1,3,79,4353900,694600,60,2,4,3,0,0,3,92,0,1,0,1,0,1
200500039463,5,6,26,1945,1,2,1,1,3,79,4354500,693400,60,3,3,2,0,1,1,20,50,1,0,1,3,0
200500039464,5,6,15,1630,1,1,1,1,3,140,4363300,683800,60,3,2,0,0,1,3,0,0,1,0,1,0,0
200500039470,5,6,19,1600,1,1,1,1,6,36,4383300,747500,60,3,2,2,0,1,3,0,66,1,0,1,0,0
200500039471,5,6,22,830,1,1,1,1,6,59,4373000,735000,60,2,3,4,0,2,3,8,140,1,0,1,0,0
200500039472,5,6,28,1700,1,2,1,1,3,32,4373000,737000,60,3,2,2,0,2,1,0,70,1,0,1,0,0
200500039474,5,6,30,915,1,2,1,1,7,153,4407000,720300,60,3,2,2,0,2,3,0,60,1,0,1,0,0
200500039484,5,6,1,1315,1,1,1,1,1,143,4345700,611600,830,3,2,2,0,1,3,0,0,1,0,1,0,0
200500039489,5,6,23,2030,1,1,1,1,6,23,4341300,621800,830,3,2,2,0,2,1,0,58,1,0,1,0,0
200500039490,5,6,19,1600,1,1,1,1,1,100,4329800,611700,830,3,2,2,0,2,2,0,50,1,0,1,0,0
200500039494,5,6,12,1400,1,1,1,1,3,116,4343400,585400,830,3,2,2,0,1,1,0,0,1,0,1,0,0
200500039504,5,6,7,1500,1,2,1,1,6,42,4325800,653500,830,4,0,0,0,1,0,0,0,1,0,1,3,0
200500039506,5,6,14,1200,1,1,1,1,3,68,4329500,660600,830,2,2,2,0,1,1,0,0,1,0,1,0,0
200500039507,5,6,30,1700,1,1,1,1,7,79,4320900,647800,830,2,2,2,0,1,2,0,0,1,0,0,0,1
200500039515,5,6,21,1345,1,1,1,1,1,16,4324500,580900,830,3,2,0,0,2,2,0,0,1,0,1,0,0
200500039516,5,6,22,1900,1,1,1,1,3,100,4329100,613500,830,2,4,0,0,1,1,0,0,1,5,1,0,0
200500039524,5,6,12,1830,1,1,1,1,5,71,4315100,625500,830,2,2,3,0,1,1,0,116,1,0,1,0,0
200500039528,5,6,18,30,3,1,1,1,6,54,4392400,508900,840,3,2,2,0,1,2,0,76,1,0,3,0,0
200500039529,5,6,20,1030,1,1,1,1,1,54,4389500,504300,840,3,2,0,0,1,1,0,80,1,0,1,0,1
200500039530,5,6,21,800,1,1,1,1,1,62,4387600,510600,840,4,2,0,0,1,1,0,47,1,0,1,0,0
200500039531,5,6,24,1900,1,2,1,1,3,62,4387700,510500,840,3,2,2,0,0,1,0,76,1,0,1,0,0
200500039532,5,6,6,1330,1,1,1,1,1,92,4395000,488000,840,3,2,2,0,1,1,0,109,1,0,1,0,0
200500039535,5,6,1,1230,1,1,1,1,1,105,4387200,542300,840,3,2,0,0,2,0,0,42,1,0,1,0,0
200500039536,5,6,7,1700,1,1,1,1,1,3,4391300,543900,840,3,2,0,0,1,1,0,60,1,0,1,0,1
200500039537,5,6,30,2200,2,2,1,1,1,3,4388300,539700,840,4,2,2,0,2,2,0,59,1,0,1,0,0
200500039540,5,6,21,830,1,1,1,1,2,74,4375600,518100,840,3,2,2,0,0,3,0,52,1,0,0,0,0
200500039543,5,6,27,2230,3,1,1,1,6,69,4418500,512700,840,3,2,2,0,1,3,0,70,0,0,1,0,1
200500039544,5,6,21,1215,1,1,1,1,3,88,4401400,502600,840,3,2,2,0,1,1,0,70,1,0,1,0,0
200500039545,5,6,24,800,1,1,1,1,2,142,4395700,504500,840,3,2,2,0,1,1,0,65,1,0,1,0,1
200500039546,5,6,6,1615,1,1,1,1,7,19,4428000,470000,840,4,2,1,0,1,1,0,35,1,0,3,0,0
200500039548,5,6,9,1200,1,1,1,1,6,116,4427800,510600,840,3,2,0,0,1,3,0,60,1,2,3,0,0
200500039549,5,6,15,2100,2,2,1,1,1,137,4425600,506100,840,3,2,0,0,0,3,0,0,1,0,1,0,0
200500039550,5,6,17,1645,1,1,1,1,1,149,4417900,496500,840,3,2,2,0,1,1,0,58,1,0,1,0,1
200500039553,5,6,7,1045,1,2,1,1,2,57,4362800,390100,340,6,0,1,0,1,1,0,31,1,0,1,0,0
200500039556,5,6,15,1815,1,2,1,1,1,58,4368600,397800,340,4,2,0,0,3,1,0,35,1,0,1,0,0
200500039558,5,6,26,2115,1,1,1,1,6,174,4395100,375600,340,3,2,2,0,1,1,0,64,1,0,3,0,0
200500039561,5,6,23,200,5,1,1,1,6,145,4370400,419600,340,2,2,2,0,3,0,0,0,1,2,0,0,0
200500039562,5,6,8,1715,1,2,1,1,5,126,4360600,308400,340,9,2,2,0,1,1,0,80,1,0,1,0,0
200500039564,5,6,12,1000,1,1,1,1,7,70,4341500,297200,340,2,2,3,0,0,2,0,0,1,0,1,0,0
200500039565,5,6,20,1930,1,1,1,1,1,44,4353100,311300,340,3,2,0,0,2,2,0,38,1,0,1,0,1
200500039566,5,6,26,1715,1,1,1,1,6,21,4344400,291800,340,2,2,2,0,1,3,50,0,1,0,3,0,0
200500039569,5,6,11,1330,1,2,1,1,6,9,4347600,334000,340,3,2,2,0,0,1,0,0,1,0,3,0,0
200500039570,5,6,15,815,1,1,1,1,3,289,4339100,342000,340,3,0,2,0,0,2,0,140,1,5,1,0,0
200500039573,5,6,3,1930,1,1,1,1,3,214,4347900,326900,340,3,0,2,0,3,1,0,0,1,0,1,0,0
200500039574,5,6,10,1245,1,1,1,1,5,147,4346700,320700,340,3,2,2,0,1,3,0,76,1,0,1,0,1
200500039575,5,6,12,1930,2,1,1,1,6,214,4348600,328900,340,3,2,0,0,1,1,0,65,1,0,1,0,0
200500039577,5,6,26,830,1,2,1,1,1,237,4350900,331100,340,3,2,2,0,2,1,0,37,1,0,1,0,0
200500039578,5,6,11,1515,1,2,1,1,6,324,4324900,329200,340,4,1,0,0,1,1,0,60,1,0,1,0,0
200500039579,5,6,20,1930,1,2,1,1,6,298,4329800,325900,340,9,2,0,0,1,1,0,0,1,0,4,0,0
200500039580,5,6,26,200,3,1,1,1,7,299,4329200,329100,340,3,2,0,0,1,1,0,60,1,0,1,0,0
200500039581,5,6,4,2100,1,1,1,1,7,292,4364300,332600,340,3,2,0,0,0,2,0,45,1,0,0,0,0
200500039582,5,6,5,1930,1,2,1,1,1,76,4364900,345700,340,2,2,2,0,1,1,0,70,1,0,1,0,0
200500039583,5,6,7,1815,1,2,1,1,1,79,4363200,343700,340,2,2,2,0,1,0,0,70,0,0,0,0,0
200500039584,5,6,10,1730,1,1,1,1,3,47,4354000,348000,340,3,3,2,3,1,1,0,0,1,5,1,0,0
200500039585,5,6,16,1645,1,1,1,1,3,338,4361400,338500,340,3,2,2,0,1,3,0,60,1,0,1,0,0
200500039586,5,6,2,2145,3,1,1,1,6,122,4368200,348200,340,3,2,2,0,1,1,0,50,1,0,3,0,0
200500039590,5,6,16,1730,1,1,2,1,3,101,4337500,349700,340,3,2,2,0,1,1,0,52,1,5,1,0,0
200500039592,5,6,14,1530,1,1,9,1,5,288,4326900,224200,110,3,2,0,0,1,1,0,60,1,5,1,0,0
200500039593,5,6,16,1215,1,1,1,1,6,340,4324200,219800,110,3,2,0,0,1,1,0,55,1,0,1,0,0
200500039594,5,6,5,515,5,1,1,1,6,429,4325200,238200,110,4,2,2,0,1,1,0,80,1,0,3,0,0
200500039598,5,6,20,1400,1,1,1,1,1,361,4333100,203500,110,3,2,2,0,0,0,0,51,1,0,1,0,0
200500039605,5,6,3,1800,1,1,1,1,1,341,4289800,222700,110,3,2,0,0,2,3,0,57,1,0,1,0,0
200500039608,5,6,1,1400,1,1,1,1,3,164,4327000,287000,110,3,2,2,0,1,1,0,70,1,5,1,0,0
200500039610,5,6,20,1730,1,1,1,1,6,188,4299000,303400,110,3,2,0,0,1,3,0,72,1,0,1,0,0
200500039611,5,6,20,2345,3,1,1,1,6,379,4301900,297500,110,3,2,0,0,2,2,0,50,1,0,1,0,0
200500039616,5,6,4,1830,1,1,1,1,7,138,4381600,424400,300,3,2,0,0,1,2,0,60,1,0,3,0,1
200500039620,5,6,10,1200,1,2,1,1,6,36,4377800,428400,300,2,2,0,0,1,1,110,40,1,5,1,0,0
200500039622,5,6,24,1545,1,1,1,7,1,6,4369100,419800,300,2,2,2,0,1,1,0,50,1,0,1,0,0
200500039625,5,6,5,630,2,1,1,1,7,173,4414300,420600,300,3,2,2,0,1,1,0,70,1,0,3,0,0
200500039636,5,6,11,200,3,1,1,1,6,120,4430400,412700,300,3,2,2,0,2,2,0,68,1,0,3,0,0
200500039638,5,6,2,830,1,1,1,1,3,92,4409000,459000,300,2,2,0,0,1,1,0,70,1,0,1,0,0
200500039641,5,6,1,1615,1,2,1,1,6,73,4396000,456900,300,2,2,2,0,2,0,0,0,1,5,1,0,0
200500039642,5,6,14,830,1,1,9,1,1,166,4390100,457100,300,3,2,2,0,1,0,0,43,2,0,1,0,0
200500039643,5,6,20,845,1,2,1,1,1,212,4394300,457100,300,2,2,0,0,1,1,0,0,1,0,1,3,0
200500039644,5,6,1,1745,1,1,1,1,6,254,4406100,474800,300,3,2,2,0,1,1,0,0,1,0,3,0,1
200500039645,5,6,14,2000,1,1,1,9,1,312,4400900,481100,300,3,2,2,0,1,1,0,68,2,0,1,0,0
200500039646,5,6,24,800,1,1,1,1,5,254,4406700,473200,300,3,2,1,0,1,1,0,58,1,0,1,0,1
200500039652,5,6,10,2015,2,1,1,1,7,87,4402700,383900,300,3,2,2,0,2,4,0,42,1,0,1,0,0
200500039653,5,6,7,845,1,1,1,1,3,16,4448500,344300,480,2,2,2,0,1,1,0,81,1,5,1,0,0
200500039654,5,6,8,1745,1,1,1,1,3,42,4457000,350000,480,2,2,1,0,1,4,0,70,1,0,1,0,0
200500039655,5,6,16,1530,1,1,1,1,4,13,4454000,356900,480,2,2,3,0,2,3,0,100,1,0,1,0,0
200500039656,5,6,26,1700,1,1,1,1,1,42,4456900,350100,480,2,2,1,0,1,4,0,72,1,0,1,0,0
200500039669,5,6,24,1630,1,1,1,8,1,71,4277800,270600,660,3,2,2,0,1,1,0,65,2,0,1,0,0
200500039670,5,6,26,100,3,1,1,1,7,83,4278100,245200,660,3,2,0,0,2,2,0,0,1,0,3,0,0
200500039676,5,6,26,1030,1,1,1,1,1,63,4248300,284700,660,2,2,0,0,2,4,0,87,1,0,1,0,0
200500039677,5,6,4,1500,1,2,1,1,6,16,4248800,313000,660,4,2,2,0,2,2,0,0,1,0,4,0,0
200500039680,5,6,20,845,1,1,1,1,7,124,4248900,206100,660,3,2,2,0,2,2,0,0,1,0,1,0,1
200500039681,5,6,1,1345,1,1,1,1,6,23,4265000,260000,660,3,2,0,0,1,1,0,60,1,2,3,0,0
200500039683,5,6,14,745,1,2,3,1,5,88,4267000,262000,660,3,2,0,0,1,4,0,52,1,0,1,0,0
200500039685,5,6,16,900,1,1,1,1,1,17,4202100,873200,201,3,2,2,0,0,0,0,70,1,0,0,0,0
200500039688,5,6,26,2030,1,1,1,1,4,247,4165000,929700,201,2,2,2,0,1,1,0,64,1,0,1,0,0
200500039693,5,6,2,2230,1,2,1,9,6,309,4274600,946100,202,3,2,2,0,1,1,0,70,1,0,1,3,1
200500039694,5,6,16,1030,1,1,1,1,1,205,4269900,933500,202,3,2,0,0,1,1,0,66,1,0,1,0,0
200500039698,5,6,18,2015,2,1,1,1,7,354,4212000,912000,202,2,2,1,0,2,4,0,67,1,0,1,0,0
200500039699,5,6,22,1800,1,2,1,1,6,341,4224000,917000,202,2,2,2,0,2,1,0,67,1,0,0,0,0
200500039700,5,6,23,1600,1,1,1,1,3,354,4217000,917000,202,2,2,0,0,2,3,0,70,1,0,1,0,0
200500039701,5,6,26,1315,1,1,1,7,7,201,4218100,941900,202,3,2,0,0,1,3,0,84,1,0,1,0,0
200500039702,5,6,29,1230,1,1,1,1,6,354,4217700,916400,202,2,2,2,0,2,1,0,70,1,0,3,0,0
200500039703,5,6,12,1745,1,1,1,1,1,95,4237600,908000,202,3,2,2,0,2,2,0,56,1,0,1,0,0
200500039704,5,6,24,1430,1,2,1,1,1,7,4233300,899400,202,3,2,2,0,0,3,0,45,1,0,1,0,1
200500039708,5,6,11,1815,1,2,1,1,4,207,4244900,950900,202,2,2,2,0,2,1,0,65,1,0,1,0,0
200500039709,5,6,19,1230,1,2,1,1,7,101,4241900,936200,202,4,2,1,0,2,1,0,29,1,0,1,0,0
200500039712,5,6,19,1800,1,1,1,1,1,90,4897500,190800,780,3,2,2,0,1,1,0,70,1,0,1,0,0
200500039713,5,6,6,1730,1,1,1,1,3,263,4880300,170700,780,3,2,0,0,0,2,0,0,1,0,1,0,0
200500039715,5,6,3,745,1,1,1,1,5,305,4891900,189200,780,3,2,0,0,1,1,0,65,1,0,1,0,0
200500039716,5,6,4,830,1,1,1,1,6,368,4890300,186900,780,3,2,2,0,1,1,0,70,1,0,3,0,1
200500039717,5,6,21,1700,1,1,1,1,1,368,4890500,185900,780,4,2,1,2,1,2,0,0,1,0,1,0,0
200500039718,5,6,6,1900,1,1,1,7,3,591,4890400,167100,780,3,2,2,0,4,1,0,111,1,5,1,0,0
200500039720,5,6,1,1800,1,2,3,1,1,321,4880500,190500,780,3,2,2,0,2,1,0,90,1,0,1,0,0
200500039721,5,6,3,1515,1,2,2,1,1,62,4885200,188100,780,4,2,2,0,0,1,70,0,1,0,1,0,0
200500039722,5,6,29,700,1,1,1,1,1,321,4879200,192800,780,3,2,2,0,0,1,0,53,1,0,1,0,0
200500039723,5,6,2,1030,1,2,1,1,6,386,4857200,243500,910,4,0,0,0,2,1,0,0,1,0,1,0,0
200500039728,5,6,27,530,1,1,1,1,6,130,4842900,211100,910,3,2,0,0,1,2,0,40,1,0,1,0,0
200500039729,5,6,6,1345,1,2,1,3,6,315,4853400,234100,910,3,2,2,0,0,2,0,67,2,0,4,0,0
200500039730,5,6,9,815,1,2,1,1,7,232,4848300,234600,910,3,2,2,0,1,1,0,0,1,0,1,3,0
200500039731,5,6,11,1315,1,1,1,1,7,100,4844000,228800,910,3,2,2,0,1,1,0,54,1,0,1,0,0
200500039734,5,6,13,1430,1,1,1,1,6,248,4838500,223200,910,3,2,2,0,1,1,0,63,1,0,1,0,1
200500039741,5,6,30,1945,2,1,1,9,1,41,4856300,222600,910,3,2,0,0,2,2,30,41,2,2,1,0,0
200500039742,5,6,9,1700,1,1,1,1,1,376,4858300,229800,910,3,2,2,0,1,3,0,65,9,0,1,0,0
200500039743,5,6,10,1715,1,1,1,1,3,111,4862600,212900,910,3,3,2,0,1,0,0,77,1,0,0,0,0
200500039745,5,6,16,1845,1,1,1,1,2,587,4801200,500,910,2,3,0,0,2,0,0,0,1,0,1,0,0
200500039747,5,6,10,1600,1,2,1,1,3,665,4866500,227000,910,4,2,2,0,2,0,0,0,1,5,1,0,0
200500039748,5,6,7,800,1,1,1,1,3,534,4873000,214000,910,3,4,0,3,1,1,15,140,1,5,1,0,0
200500039753,5,6,21,1730,1,2,1,1,6,355,4915700,178600,950,9,2,2,0,2,1,0,60,1,0,1,0,0
200500039758,5,6,28,1630,1,2,1,1,7,205,4902600,238100,950,4,2,0,0,1,3,0,0,1,0,1,0,0
200500039759,5,6,10,1830,1,2,1,1,3,351,4905200,249700,950,4,2,2,0,1,1,0,50,1,0,1,0,0
200500039761,5,6,1,600,2,1,1,1,1,317,4860000,291000,770,2,2,2,0,1,1,70,100,1,0,1,0,0
200500039762,5,6,6,645,1,1,1,2,1,82,4858700,281500,770,3,2,2,0,2,3,0,0,2,0,1,0,0
200500039763,5,6,6,2215,1,2,1,1,7,82,4859400,280500,770,3,2,2,0,1,1,0,0,1,0,1,0,0
200500039764,5,6,29,2015,1,1,1,1,1,211,4859400,292300,770,2,2,2,0,1,1,0,79,1,0,1,0,0
200500039765,5,6,11,1645,1,1,1,1,6,470,4874800,281300,770,3,2,2,0,1,2,0,64,1,0,1,0,1
200500039766,5,6,3,1500,1,1,1,1,7,116,4877100,320200,770,3,2,0,0,0,1,54,0,1,0,3,0,0
200500039767,5,6,3,1445,1,1,9,1,3,401,4901700,315800,770,3,2,2,0,0,1,0,120,1,3,1,0,0
200500039768,5,6,7,1400,1,2,1,1,6,451,4893000,307400,770,3,0,2,0,0,0,0,45,1,0,1,0,0
200500039769,5,6,10,1700,1,1,2,1,5,24,4892500,326900,770,3,0,0,0,1,1,0,60,1,0,1,0,0
200500039770,5,6,4,330,2,2,1,1,6,385,4884200,322400,770,3,2,2,0,1,1,0,70,1,0,0,0,0
200500039771,5,6,5,1200,1,2,1,1,1,406,4884000,320900,770,3,2,2,0,1,3,0,70,1,0,1,0,0
200500039772,5,6,26,1830,1,1,1,1,4,405,4891000,316600,770,3,2,1,0,1,1,0,60,1,0,1,0,1
200500039773,5,6,2,1545,1,1,1,1,1,192,4870900,293300,770,4,2,1,0,1,2,0,0,1,0,1,0,0
200500039774,5,6,18,1000,1,1,1,1,1,192,4870400,286700,770,3,2,0,0,1,0,0,67,1,0,1,0,0
200500039775,5,6,18,1715,1,1,1,1,1,527,4869600,298400,770,3,2,0,0,1,1,0,0,1,0,1,0,0
200500039776,5,6,5,2050,2,2,1,1,1,244,4828800,259700,770,4,2,2,0,2,1,0,50,1,0,1,0,0
200500039777,5,6,14,2130,2,1,1,1,6,520,4833600,263100,770,3,2,0,0,1,1,0,50,1,0,1,0,0
200500039778,5,6,21,1645,1,2,1,1,6,88,4831000,256000,770,3,2,2,0,1,3,0,57,1,5,1,0,1
200500039779,5,6,19,400,3,1,1,1,6,465,4831000,293000,770,3,2,2,0,1,1,0,55,1,0,3,0,0
200500039781,5,6,8,1315,1,1,1,1,1,5,4890200,271100,770,3,2,0,0,1,2,0,60,1,0,1,0,0
200500039783,5,6,2,2230,3,1,1,1,6,231,4900100,300900,770,3,2,0,0,1,1,0,76,1,0,1,0,0
200500039784,5,6,2,2100,3,1,1,1,7,173,4903200,293400,770,3,2,2,0,2,3,0,65,1,0,0,0,0
200500039785,5,6,23,1745,1,1,1,3,1,23,4902000,287000,770,3,2,2,0,1,2,0,60,2,0,1,0,0
200500039787,5,6,19,1100,1,1,2,1,3,72,4855600,345900,770,4,2,2,0,2,3,0,0,1,0,1,0,0
200500039788,5,6,22,1215,1,2,1,1,1,159,4848400,312000,770,4,2,2,0,1,1,0,65,1,0,1,0,0
200500039789,5,6,21,1530,1,1,1,1,7,68,4851100,314500,770,3,2,2,0,1,1,0,60,1,0,3,0,0
200500039790,5,6,19,1830,1,1,1,1,1,272,4854500,317000,770,4,2,2,0,0,3,0,50,1,0,3,0,0
200500039791,5,6,22,1630,1,2,1,1,3,90,4856000,317700,770,3,2,2,0,1,3,0,60,1,5,1,0,0
200500039794,5,6,25,730,1,1,6,1,2,316,4795400,237700,450,2,2,2,0,1,2,0,72,1,5,1,0,0
200500039795,5,6,17,2130,1,2,1,1,6,197,4796800,202200,450,4,2,0,0,2,1,0,0,1,0,1,0,0
200500039796,5,6,16,545,1,1,1,1,6,146,4769300,191700,450,3,2,0,0,0,2,0,0,1,0,1,0,0
200500039800,5,6,28,100,5,2,1,1,2,269,4786800,176500,450,2,2,2,0,1,1,0,70,1,0,1,0,1
200500039801,5,6,2,1330,1,1,1,1,3,111,4808200,223300,450,3,2,2,0,1,1,0,66,1,0,1,0,0
200500039802,5,6,9,15,3,1,9,1,1,325,4815800,190900,450,2,4,0,0,1,1,0,114,1,0,1,0,1
200500039803,5,6,17,1845,1,1,1,1,3,333,4795500,207300,450,3,2,2,0,1,1,0,55,1,0,1,0,0
200500039810,5,6,14,645,1,1,2,1,3,97,4800000,299700,450,4,2,1,0,1,1,0,0,1,0,1,0,0
200500039811,5,6,12,700,1,1,1,1,6,212,4793900,279800,450,3,2,2,0,1,2,0,0,1,0,0,0,0
200500039814,5,6,13,2010,1,1,1,1,7,75,4701000,303000,180,3,2,0,0,2,3,0,58,1,0,3,0,0