Num_Acc,an,mois,jour,hrmn,lum,agg,int,atm,col,com,lat,long,dep,catr,circ,nbv,vosp,prof,plan,lartpc,larrout,surf,infra,situ,env1,killed
200500039815,5,6,25,1100,1,1,3,1,3,110,4720300,293100,180,3,2,2,0,1,1,0,58,1,5,1,0,1
200500039816,5,6,23,1155,1,1,1,1,6,240,4715000,291000,180,3,2,2,0,1,1,0,57,1,0,1,0,0
200500039818,5,6,27,1630,1,1,1,5,1,246,4743100,279200,180,3,2,0,0,1,2,0,43,1,0,1,0,0
200500039820,5,6,2,1045,1,1,1,1,6,43,4680000,214100,180,3,2,0,0,1,1,0,70,1,0,3,0,0
200500039821,5,6,22,330,5,2,1,1,6,40,4690000,262000,180,3,2,2,0,1,3,0,0,1,0,4,0,0
200500039825,5,6,1,2315,3,1,1,1,6,159,4738200,214000,180,3,2,0,0,1,2,0,68,1,0,3,0,0
200500039826,5,6,18,1045,1,2,7,1,6,15,4749500,244100,180,6,0,0,0,1,0,0,0,1,0,1,0,0
200500039832,5,6,30,1400,1,1,1,2,1,1,4725900,246400,180,4,2,2,0,2,4,0,38,2,0,1,0,0
200500039835,5,6,18,30,3,1,1,1,5,24,4842000,147800,280,2,3,2,0,2,1,13,64,1,0,1,0,0
200500039836,5,6,25,2000,1,1,1,1,6,22,4849600,141600,280,3,2,0,0,0,2,0,0,1,0,1,0,0
200500039837,5,6,30,1700,1,1,1,8,3,358,4851100,151100,280,3,2,0,0,1,1,0,60,1,5,1,0,0
200500039838,5,6,12,1645,1,1,1,1,7,324,4848900,126200,280,3,2,2,0,0,4,0,56,1,0,3,0,1
200500039839,5,6,25,1945,1,1,1,1,7,325,4846300,138900,280,3,2,2,1,1,1,0,0,1,0,3,0,0
200500039840,5,6,30,715,1,2,1,1,6,21,4837800,134100,280,3,2,2,0,1,2,0,0,1,5,1,0,0
200500039841,5,6,14,1730,1,2,9,1,1,363,4869800,146800,280,3,2,2,0,1,1,0,66,1,0,1,0,0
200500039842,5,6,16,1000,1,2,1,1,6,227,4859000,158000,280,3,1,1,0,1,1,0,57,1,0,1,0,0
200500039843,5,6,1,830,1,1,1,1,1,2,4818700,183300,280,2,2,0,0,1,1,0,70,1,5,1,0,0
200500039844,5,6,18,700,1,2,1,7,1,88,4808400,134400,280,4,2,2,0,1,3,0,70,1,0,1,0,0
200500039846,5,6,18,2315,3,2,1,1,7,126,4817200,146800,280,3,2,2,0,1,1,0,50,1,0,1,0,0
200500039847,5,6,29,1730,1,1,1,1,1,12,4810500,111500,280,3,2,0,0,1,3,0,0,1,0,1,0,0
200500039848,5,6,11,1945,1,2,1,1,7,348,4875800,120300,280,4,0,1,0,0,1,0,0,9,0,0,0,0
200500039850,5,6,18,1645,1,2,1,1,6,359,4876000,124000,280,4,2,2,0,1,1,0,0,1,0,1,0,0
200500039853,5,6,16,1600,1,1,1,1,2,161,4825400,111500,280,3,2,0,0,1,1,0,54,1,0,1,0,0
200500039854,5,6,28,1545,1,1,1,1,3,71,4678000,177000,360,3,2,2,0,1,1,0,0,1,5,1,0,0
200500039857,5,6,18,900,1,2,1,1,1,241,4684900,153900,360,3,2,2,0,1,2,0,57,1,0,4,0,0
200500039859,5,6,5,1615,1,2,9,1,2,228,4716700,157100,360,9,2,2,0,0,1,0,0,1,0,1,0,0
200500039860,5,6,10,1815,1,2,2,1,3,34,4725700,165400,360,3,2,2,0,1,1,0,68,1,0,1,0,0
200500039861,5,6,26,1815,1,1,2,1,3,77,4721000,154000,360,3,2,2,0,2,1,0,73,1,0,1,0,0
200500039862,5,6,29,1215,1,2,1,1,1,228,4715800,156600,360,3,2,0,0,4,1,0,75,1,0,1,0,0
200500039863,5,6,1,1345,1,2,3,1,3,18,4664300,105800,360,4,2,2,0,1,1,0,60,1,0,1,0,0
200500039865,5,6,30,1945,1,2,1,1,1,18,4663200,106700,360,4,2,2,0,1,1,0,0,1,0,1,0,0
200500039868,5,6,14,1845,1,1,1,1,6,56,4655000,175000,360,3,2,0,0,2,2,0,78,9,0,1,0,0
200500039870,5,6,4,30,5,2,1,1,7,171,4709000,203800,360,9,2,0,0,4,2,0,62,1,0,1,0,1
200500039878,5,6,8,1745,1,1,1,1,1,72,4716400,39700,370,4,0,0,0,2,2,0,52,1,0,1,0,0
200500039881,5,6,15,1615,1,2,1,1,1,72,4716900,25600,370,9,2,2,0,2,1,0,45,9,0,1,0,0
200500039882,5,6,11,1500,1,2,1,1,6,14,4726600,46400,370,9,2,0,0,1,2,0,0,1,0,4,0,0
200500039885,5,6,25,2130,1,2,1,1,2,226,4711900,62700,370,3,2,2,0,0,0,0,55,1,0,0,0,0
200500039887,5,6,5,1545,1,1,1,1,6,173,4716300,128600,370,3,2,0,0,1,3,0,50,1,0,3,0,0
200500039890,5,6,21,2300,3,2,1,1,6,143,4713900,79400,370,3,2,2,0,1,1,0,60,1,0,0,0,0
200500039891,5,6,26,1415,1,2,1,1,1,247,4707200,67600,370,3,2,0,0,2,2,0,56,1,0,1,0,0
200500039892,5,6,10,1415,1,1,1,1,2,85,4724000,86000,370,2,2,2,0,1,1,0,109,1,0,1,0,0
200500039893,5,6,23,1215,1,2,1,1,3,266,4729000,74000,370,3,2,0,0,1,1,0,60,1,0,1,0,0
200500039894,5,6,27,1530,1,1,1,1,3,85,4723000,88000,370,2,2,2,0,1,1,0,109,1,0,1,0,0
200500039895,5,6,28,1430,1,1,1,1,1,211,4722000,80000,370,4,2,2,0,1,3,0,23,1,0,1,0,0
200500039897,5,6,10,1715,1,2,2,1,6,29,4749900,126300,410,3,2,2,0,4,1,0,60,1,0,1,0,0
200500039909,5,6,12,1430,1,1,1,1,7,235,4791400,86200,410,2,2,2,0,2,1,0,70,1,0,3,0,0
200500039910,5,6,13,1715,3,1,1,1,6,214,4500500,109100,330,3,3,2,0,1,1,8,31,1,0,1,0,0
200500039911,5,6,25,2200,3,1,1,1,1,214,4502400,117600,330,3,2,2,0,1,1,0,70,1,0,1,0,0
200500039914,5,6,30,800,1,2,4,1,1,217,4786000,375600,290,3,2,2,0,0,2,0,77,2,0,1,0,0
200500039915,5,6,17,300,5,1,1,1,2,116,4916500,232800,950,3,2,2,0,1,1,0,0,1,0,1,0,0
200500039916,5,6,3,1130,1,1,1,1,3,199,4460800,110300,330,3,2,0,0,1,1,0,66,1,0,1,0,0
200500039917,5,6,14,1830,1,1,1,1,2,199,4460700,110200,330,3,2,2,0,1,1,0,67,1,0,1,0,0
200500039918,5,6,21,1345,1,1,1,1,6,205,4578100,130400,870,4,2,2,0,2,3,0,55,1,0,1,0,0
200500039923,5,6,7,1715,1,1,1,1,3,231,4716800,314900,580,3,2,2,0,1,1,0,57,1,0,1,0,0
200500039924,5,6,19,1400,1,2,1,7,5,212,4710700,320600,580,3,2,2,0,1,1,0,70,1,0,1,0,0
200500039925,5,6,13,1830,1,1,1,1,2,540,4734300,510800,210,3,2,2,0,1,3,0,101,1,0,1,0,0
200500039928,5,6,6,1815,1,1,1,1,6,195,4413000,35000,470,3,2,2,0,1,1,0,65,1,0,3,0,0
200500039929,5,6,10,800,1,1,1,1,1,195,4414400,35900,470,3,2,0,0,0,1,0,58,1,0,1,0,0
200500039930,5,6,12,1815,1,2,2,1,3,90,4417000,37000,470,3,2,0,0,1,1,0,58,1,0,1,0,0
200500039936,5,6,15,1500,1,1,1,1,2,202,4358500,377200,340,3,3,2,1,1,1,25,50,1,5,4,0,0
200500039937,5,6,6,1600,1,1,1,1,6,3,4854200,188000,780,1,3,3,0,1,1,24,270,1,0,1,0,1
200500039940,5,6,21,1545,1,1,1,1,2,564,4853900,187000,780,1,3,3,0,1,1,294,270,1,0,1,0,0
200500039944,5,6,14,1800,1,2,1,2,3,118,4556300,481000,690,2,2,2,0,1,1,70,0,2,5,1,0,0
200500039946,5,6,12,1500,1,2,3,7,3,229,4470000,103000,330,3,2,1,0,1,1,0,78,1,0,1,0,0
200500039952,5,6,4,1615,1,1,1,1,5,594,5016100,287300,620,1,3,3,0,1,1,10,130,1,0,1,0,0
200500039953,5,6,7,30,5,1,1,1,6,355,5032600,291000,620,1,3,3,0,1,1,5,30,1,7,1,0,0
200500039975,5,6,12,2145,2,1,1,1,3,26,4340700,628600,830,1,3,3,0,0,1,20,170,1,0,1,0,0
200500039976,5,6,13,1315,1,1,1,1,2,49,4323700,608100,830,1,1,1,0,1,1,0,41,1,3,2,0,0
200500039979,5,6,4,1800,1,2,1,1,6,584,4922000,242200,600,4,2,2,0,1,1,0,0,1,4,1,0,0
200500039981,5,6,11,1400,1,2,1,1,6,601,4927200,238800,600,4,2,0,0,2,1,0,36,1,0,3,0,0
200500039984,5,6,26,800,1,1,1,1,6,319,4934300,96000,760,1,3,2,3,1,1,15,102,1,0,1,0,0
200500039988,5,6,25,130,3,1,1,1,7,701,4923600,120300,270,1,3,3,0,2,1,15,135,1,0,1,0,0
200500039996,5,6,13,1045,1,2,1,1,1,315,4737000,499500,210,4,0,2,0,0,0,0,52,1,0,1,0,0
200500039997,5,6,13,1300,1,1,1,1,6,77,4614700,476900,690,1,3,3,0,1,1,10,90,1,0,2,0,0
200500040000,5,6,11,1630,1,1,1,1,2,580,4908900,255300,950,3,2,0,0,1,1,0,67,1,0,1,0,0
200500040001,5,6,26,730,2,1,1,1,6,547,4956900,127200,760,1,3,2,0,1,1,16,95,1,0,3,0,1
200500040009,5,6,24,2230,1,1,1,1,7,36,4377800,428300,300,1,3,0,0,1,1,25,115,1,0,1,0,0
200500040011,5,6,24,130,3,1,1,1,7,15,4734600,83400,370,4,2,0,0,1,2,0,0,1,0,1,0,0
200500040012,5,6,24,1315,1,1,1,1,1,225,4737500,91300,370,3,2,2,0,1,1,0,51,1,0,1,0,0
200500040016,5,6,9,1600,1,1,1,1,6,367,4819000,185000,280,1,3,3,3,1,1,135,15,1,0,3,0,0
200500040017,5,6,26,2315,3,1,1,1,6,204,4782700,185900,450,1,3,2,0,1,1,15,205,1,0,3,0,0
200500040019,5,6,1,1100,1,1,1,1,2,32,4357800,535000,130,3,2,2,0,1,0,0,0,1,0,1,0,0
200500040020,5,6,23,1745,1,1,1,1,6,32,4357400,536500,130,3,2,0,0,1,1,0,40,1,0,1,0,0
200500040021,5,6,29,1730,1,1,1,1,6,32,4354800,536800,130,3,2,2,0,1,1,0,0,1,0,3,0,0
200500040022,5,6,6,1330,1,2,1,2,6,106,4876700,794900,670,4,2,2,0,1,1,65,0,2,0,1,3,0
200500040023,5,6,8,1545,1,2,1,1,1,476,4879700,800600,670,3,2,2,0,1,1,0,84,1,0,1,0,0
200500040024,5,6,30,430,3,1,1,1,2,423,4700000,485800,210,1,1,3,0,1,1,10,140,1,0,1,0,1
200500040025,5,6,4,2130,1,1,1,1,7,229,4923600,6800,140,1,3,0,0,1,1,15,70,1,0,1,0,0
200500040026,5,6,27,1030,1,1,1,1,2,712,4918300,20000,140,1,3,2,0,0,1,85,70,1,0,1,0,0
200500040037,5,6,4,1415,1,1,1,1,1,450,4920500,410700,510,1,3,4,0,1,1,16,98,1,0,1,0,1
200500040038,5,6,13,1415,1,1,1,1,7,44,4917300,418100,510,1,3,2,0,1,1,30,194,1,0,3,0,0
200500040040,5,6,25,1500,1,1,1,1,7,61,4911500,425600,510,1,3,0,0,1,1,16,232,1,2,3,0,1
200500040044,5,6,3,1700,1,1,1,3,1,27,4905400,467000,510,1,3,0,0,1,1,10,70,2,0,2,0,0
200500040047,5,6,10,1830,1,1,1,1,2,443,4905100,327900,20,1,1,2,0,1,1,0,220,1,0,1,0,1
200500040048,5,6,25,1630,1,1,1,1,6,104,4377800,745000,60,1,3,1,0,2,2,0,50,1,0,1,0,0
200500040049,5,6,30,1715,1,1,1,1,4,88,4373400,726500,60,1,3,2,0,1,1,0,100,1,1,1,0,0
200500040051,5,6,4,1130,1,1,1,1,5,24,4252000,282000,660,1,0,0,3,1,1,20,110,1,0,1,0,0
200500040060,5,6,25,2330,3,1,9,1,7,61,4340200,54800,640,1,3,3,0,1,3,0,105,1,3,1,0,0
200500040062,5,6,6,1830,1,1,1,1,5,18,4322200,222000,110,1,3,2,3,1,1,30,99,1,0,1,0,1
200500040063,5,6,22,1345,1,1,1,1,2,430,4330300,192500,110,1,1,2,0,1,1,40,25,1,3,1,0,0
200500040068,5,6,15,1700,1,2,1,1,3,577,4860400,249800,910,2,2,0,0,0,1,0,0,1,0,1,0,0
200500040069,5,6,25,1300,1,2,1,1,1,553,4863300,249800,910,4,2,2,0,0,1,0,70,1,0,1,0,0
200500040070,5,6,15,1845,1,1,1,1,7,284,4464500,83800,330,1,1,0,0,0,1,200,72,1,0,3,0,0
200500040072,5,6,26,730,1,1,1,1,6,77,4450600,155400,460,3,2,0,0,1,2,0,60,1,0,3,0,0
200500040082,5,6,13,2245,3,1,1,1,7,48,4203000,875000,201,3,2,2,0,1,3,0,63,1,0,3,0,0
200500040083,5,6,17,830,1,2,7,1,3,471,4526400,577700,380,3,2,0,0,2,3,0,65,1,0,0,3,0
200500040085,5,6,5,900,1,2,1,1,3,195,4268700,280100,660,3,2,0,0,1,1,0,70,1,0,1,0,0
200500040086,5,6,29,2100,2,2,6,1,3,38,4265700,283400,660,3,2,2,0,1,0,10,60,1,5,1,3,0
200500040095,5,6,10,500,3,1,1,1,1,189,4641700,13100,790,1,3,2,0,1,1,50,100,1,0,1,0,0
200500040100,5,6,12,1730,1,1,1,1,6,502,4519300,49000,330,1,1,0,0,1,2,20,25,1,0,0,0,0
200500040101,5,6,8,1945,1,1,1,1,3,182,4855100,296400,220,3,2,1,0,1,0,0,55,1,5,1,0,0
200500040102,5,6,24,1845,1,1,1,2,3,206,4852600,296200,220,3,2,1,0,1,1,0,75,2,0,1,0,0
200500040105,5,6,12,2315,3,1,1,1,6,279,4551700,427100,420,4,2,2,0,2,2,0,42,1,0,1,0,1
200500040107,5,6,25,1530,1,2,1,1,6,279,4550700,425500,420,4,2,2,0,1,1,0,57,1,0,1,0,1
200500040110,5,6,19,1700,1,2,1,1,6,115,4920400,401400,510,2,2,2,0,1,1,0,0,1,0,1,0,0
200500040111,5,6,25,2015,1,1,1,1,5,532,4915900,401300,510,2,2,2,0,1,3,0,75,1,0,1,0,1
200500040112,5,6,26,1930,1,1,1,1,6,333,4916300,409400,510,3,2,2,0,2,3,0,75,1,0,1,0,0
200500040113,5,6,30,1630,1,1,1,1,5,333,4914900,409900,510,3,2,0,0,2,2,0,75,0,0,1,0,0
200500040114,5,6,20,1030,1,1,1,1,3,114,4805100,497700,520,1,0,0,0,1,1,20,70,1,0,1,0,1
200500040115,5,6,1,1645,1,1,1,1,3,215,4849900,279500,220,3,2,2,0,1,1,0,70,1,0,1,0,0
200500040116,5,6,3,1615,1,1,9,2,4,794,5072200,217300,620,1,1,0,0,1,1,0,0,2,0,1,0,0
200500040117,5,6,14,1330,1,1,1,1,6,309,5071500,219300,620,1,3,2,0,1,1,20,70,1,0,1,0,0
200500040118,5,6,21,1500,1,2,1,1,7,203,4352000,131800,310,4,2,0,0,0,2,40,0,1,5,1,0,0
200500040124,5,6,3,930,1,2,1,1,1,182,4592700,609000,740,2,2,2,1,1,1,0,102,1,0,5,0,0
200500040126,5,6,27,2030,1,1,1,1,1,571,4886700,198700,780,3,2,0,0,0,1,0,80,1,0,1,0,0
200500040128,5,6,6,1600,1,1,1,1,1,232,4276700,185300,90,2,2,2,0,2,2,0,0,1,0,1,0,0
200500040129,5,6,15,1945,1,1,1,3,7,122,4981300,150900,760,1,3,2,0,1,1,15,105,2,0,2,0,1
200500040130,5,6,13,930,1,1,1,1,7,189,4815700,169600,350,2,1,3,0,2,3,0,50,1,3,1,0,0
200500040131,5,6,13,1730,1,1,2,1,3,131,4813400,180900,350,3,2,2,0,1,1,0,60,1,5,1,0,0
200500040132,5,6,1,1515,1,2,6,1,3,251,4763600,266100,560,3,2,0,0,1,4,0,80,1,5,1,0,0
200500040133,5,6,8,1500,1,1,1,1,5,240,4753100,279500,560,3,2,0,0,3,1,0,74,1,0,1,0,0
200500040134,5,6,16,1600,1,1,2,1,3,205,4756000,270100,560,3,2,2,0,4,1,0,68,1,0,1,0,0
200500040136,5,6,20,1330,1,2,1,7,1,553,4562200,514700,380,3,2,0,0,1,1,0,109,1,5,1,0,0
200500040137,5,6,4,515,2,1,1,1,7,141,4714200,218700,180,1,3,2,0,1,1,25,95,1,0,3,0,0
200500040141,5,6,24,1430,1,1,1,1,7,138,4706500,230000,180,1,3,4,0,1,1,25,95,1,0,1,0,1
200500040143,5,6,18,415,3,1,1,1,6,81,4852300,263900,220,4,2,0,0,4,2,0,76,1,0,3,0,1
200500040144,5,6,20,1230,1,1,1,1,3,333,4350500,378600,340,3,3,2,0,1,1,0,0,1,5,1,0,0
200500040145,5,6,10,1215,1,1,1,1,1,191,4931900,46000,140,3,2,0,0,3,4,0,56,1,0,1,0,0
200500040147,5,6,27,1700,1,1,1,1,7,577,4927800,58000,140,3,2,0,0,1,3,0,40,1,0,1,0,0
200500040148,5,6,9,2000,1,1,1,1,6,51,4358700,512500,130,3,0,0,0,2,0,0,0,0,0,3,0,0
200500040150,5,6,3,1645,1,2,1,1,1,309,4863900,771700,670,4,2,2,0,1,0,0,77,1,0,1,0,0
200500040151,5,6,24,1400,1,2,1,1,7,343,4861100,768500,670,3,0,2,1,1,1,0,60,1,0,1,3,0
200500040153,5,6,24,1215,1,1,1,1,1,356,4313100,31600,650,1,1,3,3,2,1,20,109,1,0,1,0,0
200500040155,5,6,5,830,1,1,1,1,6,297,4640600,271300,30,1,0,2,0,1,1,16,100,1,0,3,0,0
200500040156,5,6,26,445,3,1,1,1,6,104,4636200,279900,30,1,3,0,0,1,1,16,100,1,0,1,0,1
200500040157,5,6,20,1730,1,1,1,1,6,330,4725500,523700,210,1,3,0,0,1,1,10,70,1,2,3,0,0
200500040168,5,6,5,1445,1,1,1,1,7,195,4858500,274000,770,1,3,3,0,1,1,30,135,1,0,1,0,1
200500040169,5,6,9,545,1,1,1,1,7,453,4853600,280800,770,1,3,3,0,1,1,30,135,1,0,2,0,0
200500040173,5,6,10,1445,1,1,1,1,6,136,4825400,327200,890,1,1,2,0,1,1,10,68,1,0,2,0,0
200500040180,5,6,24,1945,1,1,1,3,6,430,4310200,56400,310,1,3,2,0,1,1,0,70,2,0,2,0,0
200500040181,5,6,8,750,1,1,1,1,1,311,4616500,641100,740,3,2,2,0,2,1,0,65,1,0,1,0,0
200500040185,5,6,26,1845,1,1,1,1,6,311,4616600,638900,740,4,0,2,0,2,0,0,60,1,0,3,0,0
200500040191,5,6,20,815,1,1,1,1,2,6,4657500,150100,360,1,3,2,0,1,1,15,70,1,0,1,0,0
200500040193,5,6,12,1845,1,1,1,1,7,13,4356700,346700,340,1,3,2,0,1,2,29,73,1,0,1,0,0
200500040194,5,6,12,2245,3,1,1,1,6,163,4364300,374900,340,2,3,2,0,1,2,20,70,1,0,1,0,0
200500040198,5,6,8,1630,2,1,1,1,6,561,4873500,200300,780,3,0,2,0,0,2,0,75,1,0,3,0,0
200500040201,5,6,7,1015,1,1,1,1,6,210,4457000,150800,460,1,3,0,0,1,1,0,72,1,0,1,0,0
200500040202,5,6,7,1230,1,1,1,1,1,321,4782800,725100,680,3,2,0,0,1,1,0,60,1,2,1,0,0
200500040203,5,6,29,1600,1,2,6,1,3,375,4781400,724100,680,3,2,0,0,1,1,0,80,1,5,1,0,0
200500040205,5,6,5,315,3,1,1,1,6,34,4374100,447000,300,3,2,2,0,1,2,0,70,1,0,3,0,1
200500040207,5,6,15,1030,1,1,9,1,3,117,4369200,460700,300,2,2,0,0,1,1,0,72,1,0,1,0,0
200500040208,5,6,26,1845,1,2,1,1,3,117,4369800,461100,300,4,2,0,0,1,1,0,76,1,0,1,0,1
200500040210,5,6,19,300,3,1,1,1,7,1,4949700,435300,80,2,3,2,0,1,1,20,70,1,0,1,0,0
200500040211,5,6,18,800,1,1,1,1,7,36,4386300,484300,130,3,2,0,0,1,1,0,31,1,0,1,0,0
200500040212,5,6,24,1845,1,1,1,1,3,45,4385300,477100,130,3,2,0,0,1,1,0,80,0,5,1,0,0
200500040214,5,6,28,1730,1,1,1,1,7,36,4382900,483000,130,3,2,0,0,1,2,0,35,1,0,3,0,1
200500040215,5,6,5,2230,4,2,1,1,2,192,4353900,393900,340,3,0,0,0,1,2,0,80,1,0,1,0,0
200500040216,5,6,10,1500,1,1,1,1,2,926,4356100,403400,340,3,2,0,0,1,1,0,60,1,0,1,0,0
200500040221,5,6,14,2245,5,2,1,1,3,377,4949800,114700,760,3,2,2,0,1,1,0,71,1,5,1,0,0
200500040226,5,6,10,800,1,2,1,7,3,448,4728100,592100,250,4,2,0,0,1,1,60,0,1,0,1,0,0
200500040227,5,6,15,1630,1,1,1,1,6,510,4905800,201200,950,2,3,4,0,1,2,10,200,1,0,0,0,0
200500040228,5,6,28,1330,1,2,2,1,4,637,4903700,202100,950,4,2,2,0,1,1,0,80,1,0,1,0,0
200500040229,5,6,16,1730,1,2,9,1,6,134,4914400,224700,950,6,0,0,0,0,1,0,0,1,0,0,0,0
200500040234,5,6,26,1400,1,1,1,1,2,436,4925200,69200,140,2,3,4,0,2,2,23,140,1,0,1,0,0
200500040235,5,6,2,2130,4,1,6,1,6,792,5079700,220000,620,3,2,2,0,1,1,0,50,1,0,3,0,0
200500040236,5,6,18,1430,1,2,1,1,2,423,5070200,224300,620,9,2,0,0,1,1,0,0,1,0,1,0,0
200500040498,5,7,8,845,1,1,1,2,1,524,5058100,290300,590,3,2,2,0,1,3,0,62,2,0,1,0,0
200500040499,5,7,9,915,1,1,1,1,7,303,5059100,285000,590,3,2,0,0,1,1,0,48,1,0,3,0,0
200500040500,5,7,25,1700,1,1,8,1,3,388,5055200,287700,590,4,2,0,0,1,1,0,64,1,4,1,0,1
200500040506,5,7,17,500,2,1,1,1,7,94,5094500,215200,590,3,2,2,0,1,2,0,50,1,0,3,0,0
200500040510,5,7,30,2000,1,1,1,1,3,184,5073400,242200,590,2,2,2,0,1,2,0,70,1,0,1,0,0
200500040513,5,7,29,1215,1,2,8,1,2,202,5068700,286300,590,3,2,2,0,1,1,0,79,1,4,1,0,0
200500040515,5,7,13,1845,1,2,1,1,6,602,5061800,318900,590,4,2,0,0,1,1,0,0,1,0,1,0,0
200500040516,5,7,8,1230,1,1,1,3,1,168,5056500,321200,590,3,2,2,0,1,1,0,0,2,0,1,0,0
200500040517,5,7,9,2130,3,2,1,1,6,301,5047300,352500,590,5,2,0,0,1,2,0,30,1,0,3,0,0
200500040518,5,7,16,1400,1,2,1,1,1,594,5048500,345500,590,4,2,1,0,1,1,0,0,1,0,1,0,0
200500040519,5,7,20,1915,1,1,1,1,1,233,5014100,398000,590,4,2,2,0,1,1,0,33,2,0,1,0,0
200500040521,5,7,3,2200,2,1,1,1,6,218,5008200,393000,590,2,2,2,0,3,1,0,73,1,0,1,0,1
200500040533,5,7,30,1900,1,2,1,1,6,449,5048200,325500,590,3,2,2,0,1,2,0,62,1,0,4,0,1
200500040534,5,7,9,1745,1,2,1,1,6,481,5024000,359500,590,3,2,2,0,2,1,0,58,1,0,1,0,0
200500040535,5,7,1,2130,1,1,1,1,1,572,5025700,409200,590,3,2,2,0,1,1,0,680,1,0,1,0,0
200500040538,5,7,26,1630,1,1,1,2,3,332,5021400,275800,620,3,2,2,0,1,1,0,105,1,0,1,0,0
200500040540,5,7,29,2330,3,1,1,1,6,649,5016200,247900,620,3,2,2,0,2,2,0,70,9,0,3,0,1
200500040541,5,7,30,1900,1,1,2,1,3,434,5019500,256600,620,3,2,2,0,1,1,0,65,1,5,1,0,0
200500040542,5,7,3,1530,1,2,9,1,3,864,5024200,291600,620,3,2,2,0,1,1,0,63,1,0,1,0,0
200500040543,5,7,1,2215,3,1,1,2,6,338,5064600,283300,620,3,2,0,0,1,2,0,65,2,0,3,0,0
200500040544,5,7,30,1945,1,1,1,1,6,706,5056400,273100,620,3,2,2,0,1,3,0,0,1,0,3,0,1
200500040549,5,7,16,1530,1,2,1,1,1,25,5081500,160900,620,3,2,2,0,1,1,0,41,1,0,1,0,0
200500040550,5,7,27,1015,1,2,1,8,6,711,5081100,173400,620,3,2,2,0,1,1,0,65,1,0,1,0,1
200500040551,5,7,23,2330,3,1,3,1,3,585,5050200,181800,620,3,2,2,0,1,1,0,45,1,0,1,0,0
200500040555,5,7,19,1140,1,2,1,1,6,318,5051500,164400,620,2,2,2,0,1,2,0,0,1,0,1,0,0
200500040556,5,7,27,1730,1,2,1,1,6,318,5051900,165100,620,3,2,2,0,2,4,0,70,1,0,1,0,0
200500040557,5,7,19,1530,1,2,1,1,1,843,5050100,218300,620,4,2,2,0,1,3,0,39,1,0,1,0,0
200500040558,5,7,13,15,3,1,1,1,7,596,5037300,195500,620,2,2,2,0,1,1,0,72,1,0,1,0,0
200500040564,5,7,25,430,3,1,1,1,6,760,5062100,212600,620,3,2,0,0,0,1,0,72,2,0,1,0,0
200500040569,5,7,26,230,3,1,1,1,6,468,5039600,221500,620,2,2,2,0,1,1,32,70,1,0,1,0,1
200500040570,5,7,1,1410,1,1,1,2,3,199,5036800,265400,620,3,2,2,0,1,1,0,65,2,0,1,0,0
200500040572,5,7,15,1930,1,1,1,1,3,60,5022800,210100,620,3,3,2,0,1,2,35,100,1,5,1,0,0
200500040573,5,7,29,1900,1,1,1,1,1,84,5025200,252800,620,3,2,2,0,1,1,0,51,1,0,1,0,0
200500040574,5,7,14,330,3,1,1,5,7,868,5034000,213000,620,3,2,0,0,1,1,0,67,1,0,1,0,0
200500040575,5,7,18,30,3,1,1,1,1,872,5042500,205600,620,3,1,0,0,1,2,0,78,1,0,3,0,0
200500040584,5,7,6,1915,1,2,1,1,6,4,5006200,167300,800,3,0,0,0,0,1,0,65,1,0,1,0,0
200500040593,5,7,21,730,1,1,1,1,6,815,5033500,175000,800,2,2,0,0,2,1,0,77,1,0,3,0,1
200500040602,5,7,17,1900,1,2,8,1,3,751,4982000,247000,800,9,0,0,0,0,0,0,0,0,4,0,0,1
200500040608,5,7,18,930,1,2,1,1,6,16,5001100,265100,800,3,2,2,0,1,1,0,68,1,0,1,0,0
200500040613,5,7,1,2330,3,1,1,1,6,517,4972900,358200,20,3,2,2,0,2,3,0,63,2,0,3,0,0
200500040621,5,7,22,1445,1,1,1,1,6,632,4952600,337600,20,3,2,2,0,2,2,0,54,1,0,1,0,0
200500040623,5,7,2,1745,1,2,2,1,3,720,4957500,389600,20,3,2,2,0,1,1,0,71,1,0,1,0,0
200500040628,5,7,11,1345,1,1,1,1,1,718,4919900,315400,20,3,2,2,0,1,3,0,48,1,0,1,0,0
200500040630,5,7,3,2245,5,2,1,1,6,710,4978500,321500,20,3,2,1,0,1,1,0,59,1,0,4,0,1
200500040633,5,7,25,400,3,1,1,8,6,322,4988100,342600,20,3,2,2,0,1,1,0,57,2,0,1,0,0
200500040634,5,7,13,1015,1,1,1,1,1,756,4976900,333700,20,2,1,2,0,1,1,50,70,1,0,3,0,0
200500040638,5,7,13,745,2,2,1,1,1,810,4925300,309500,20,4,2,2,0,1,1,0,66,1,0,1,0,0
200500040639,5,7,23,645,3,1,1,1,6,438,4929400,317100,20,2,3,2,0,1,1,20,0,1,0,3,0,0
200500040641,5,7,17,1030,1,1,1,1,1,558,5002100,378500,20,3,2,2,0,1,1,0,52,1,0,1,0,1
200500040643,5,7,9,1815,1,2,1,1,3,574,4987600,401500,20,3,2,0,0,1,1,0,0,1,0,1,0,0
200500040644,5,7,30,1645,1,1,1,1,7,381,4995200,414300,20,3,2,2,0,1,1,0,67,2,0,3,0,0