Num_Acc,an,mois,jour,hrmn,lum,agg,int,atm,col,com,lat,long,dep,catr,circ,nbv,vosp,prof,plan,lartpc,larrout,surf,infra,situ,env1,killed
200500040649,5,7,1,1430,1,2,1,1,6,614,4919100,183100,600,3,2,2,0,0,3,0,60,2,0,1,0,0
200500040650,5,7,2,1045,1,1,2,1,3,361,4922700,191500,600,3,2,2,0,1,1,0,57,1,0,1,0,0
200500040652,5,7,13,200,3,1,2,1,3,195,4923100,182900,600,3,2,2,0,1,1,0,75,1,0,1,0,0
200500040653,5,7,18,1430,1,2,1,1,1,211,4931800,177500,600,3,2,2,0,1,1,70,0,1,0,1,0,0
200500040654,5,7,18,1515,1,1,1,1,1,452,4920700,201100,600,3,2,1,0,0,0,0,0,1,0,1,0,0
200500040659,5,7,5,1045,1,1,1,1,3,399,4963500,241200,600,3,2,2,0,1,1,0,0,1,5,1,0,0
200500040660,5,7,22,1500,1,1,1,1,2,39,4963300,238000,600,3,2,2,0,2,3,0,67,1,0,1,0,0
200500040661,5,7,30,1715,1,2,1,1,2,17,4956700,238300,600,3,2,2,0,0,1,0,52,1,0,1,0,1
200500040662,5,7,30,845,1,1,1,1,2,104,4963400,228300,600,3,2,2,0,2,1,0,73,1,0,1,0,0
200500040666,5,7,5,1745,1,1,1,1,3,285,4946000,258400,600,3,2,2,0,4,1,0,69,1,0,1,0,0
200500040667,5,7,14,1800,1,1,1,1,1,368,4947800,284200,600,4,2,2,0,1,3,0,70,1,0,3,0,0
200500040668,5,7,16,1200,1,2,1,1,6,441,4941800,265400,600,3,1,0,0,1,1,0,60,1,0,1,0,0
200500040669,5,7,18,815,1,1,6,8,7,191,4954900,270500,600,2,1,0,0,0,4,0,60,2,0,1,0,0
200500040670,5,7,12,2100,1,1,1,1,6,632,4957000,287600,600,3,2,2,0,1,1,0,51,1,0,1,0,0
200500040672,5,7,29,2215,3,1,1,2,1,224,4912300,298500,600,4,2,0,0,4,1,50,50,2,0,1,0,0
200500040677,5,7,10,1415,1,2,1,1,7,430,4930300,292100,600,3,2,2,0,4,1,7,56,1,0,1,0,0
200500040686,5,7,15,115,5,2,1,1,6,698,4981800,117400,760,3,2,2,0,1,4,60,0,1,0,4,0,0
200500040687,5,7,27,945,1,1,1,1,1,272,4982000,86200,760,3,2,2,0,2,3,0,58,2,0,3,0,0
200500040688,5,7,29,1030,1,2,1,1,6,321,4978800,123000,760,3,2,2,0,1,1,0,65,1,6,1,0,0
200500040691,5,7,19,1815,1,1,1,1,1,625,4952200,74500,760,3,2,4,0,1,1,0,0,1,7,1,0,0
200500040694,5,7,5,1515,1,1,1,1,1,141,4961400,41100,760,3,2,2,0,2,1,0,67,1,0,1,0,0
200500040695,5,7,8,945,1,1,1,1,2,14,4960900,33600,760,3,2,2,0,1,1,0,56,1,0,1,0,0
200500040697,5,7,25,1630,1,1,1,1,6,595,4964100,18600,760,3,2,2,0,1,4,0,62,1,0,3,0,0
200500040701,5,7,2,1700,1,1,1,1,3,239,4952500,31100,760,2,2,2,0,1,3,0,0,1,0,1,0,0
200500040705,5,7,30,530,3,1,1,1,6,684,4949000,44000,760,3,2,2,0,1,1,0,70,1,0,3,0,0
200500040709,5,7,3,2115,1,2,1,1,6,743,4953000,93000,760,3,2,2,0,0,2,0,60,1,0,4,0,0
200500040710,5,7,14,1745,1,2,1,1,1,495,4957000,95000,760,3,2,0,0,1,0,0,120,1,5,1,0,0
200500040711,5,7,16,1400,1,2,1,1,2,736,4982900,55300,760,3,2,0,0,1,1,0,56,1,0,1,0,0
200500040716,5,7,13,2045,1,1,2,1,3,161,4906900,103000,270,2,2,1,0,1,1,0,115,1,0,1,0,0
200500040721,5,7,5,515,2,1,1,1,7,154,4888900,120000,270,2,3,2,3,0,1,0,70,1,0,1,3,1
200500040723,5,7,25,1815,1,2,1,2,6,507,4890600,127900,270,4,2,2,0,1,1,0,55,2,0,1,0,0
200500040725,5,7,6,1600,1,1,1,1,5,696,4894300,146800,270,3,2,2,0,1,1,0,60,0,0,1,0,1
200500040728,5,7,3,1330,1,2,1,1,6,679,4875000,92900,270,3,2,2,0,1,1,0,95,1,0,3,0,1
200500040729,5,7,15,1200,1,1,1,1,7,679,4872600,92700,270,3,2,2,0,1,1,0,64,1,0,1,0,1
200500040730,5,7,31,600,2,2,1,1,1,36,4874700,97000,270,2,2,4,0,0,3,0,140,1,0,1,0,1
200500040735,5,7,28,1530,1,1,1,8,1,540,4909200,157700,270,3,0,0,0,0,0,47,37,0,0,0,0,0
200500040736,5,7,8,145,3,1,1,2,1,487,4935800,133900,270,3,2,2,0,1,2,0,62,2,0,1,0,0
200500040739,5,7,14,1400,1,1,1,1,3,295,4905000,56600,270,2,2,2,0,1,1,0,70,1,0,1,0,0
200500040740,5,7,23,1330,1,1,1,1,6,56,4906900,57600,270,2,2,2,0,1,1,0,74,1,0,1,0,0
200500040742,5,7,26,1545,1,1,1,2,4,239,4904000,55000,270,2,2,2,0,1,1,0,77,2,5,1,0,0
200500040746,5,7,31,830,3,1,1,8,2,519,4916900,132000,270,2,2,2,0,4,1,0,0,1,0,1,0,0
200500040747,5,7,1,1800,1,1,1,1,3,469,4929000,115700,270,2,2,3,0,1,1,0,105,2,0,1,0,0
200500040748,5,7,4,1530,1,2,1,1,6,469,4930700,115800,270,3,2,0,0,1,1,0,69,1,0,1,0,0
200500040749,5,7,11,1830,1,1,1,1,3,648,4924600,110900,270,3,2,0,0,1,1,0,0,1,0,1,0,0
200500040750,5,7,22,1245,1,2,1,1,3,348,4932400,114100,270,4,2,1,0,1,0,0,57,1,0,1,0,0
200500040753,5,7,11,2015,1,1,1,1,6,100,4937300,37900,270,3,2,2,0,2,2,0,73,1,0,1,0,0
200500040755,5,7,3,100,3,1,1,1,6,582,4930700,94700,270,4,2,2,0,1,1,0,50,1,0,3,0,0
200500040756,5,7,13,1845,1,1,1,1,2,134,4935500,63900,270,3,2,2,0,1,1,0,71,1,0,1,0,0
200500040757,5,7,20,1045,1,1,1,1,3,133,4935300,91100,270,3,2,2,0,1,1,0,46,1,0,1,0,0
200500040758,5,7,27,830,1,2,1,2,6,500,4938400,73400,270,4,2,2,0,0,0,0,0,2,0,0,0,0
200500040762,5,7,12,1700,1,1,1,1,3,27,4816600,205200,350,3,2,2,0,1,1,0,61,1,5,1,0,1
200500040763,5,7,15,1830,1,2,1,1,6,58,4827500,185400,350,3,2,2,0,1,1,0,95,1,0,1,0,0
200500040764,5,7,24,2330,3,1,1,1,7,245,4820100,189400,350,4,2,0,0,0,0,0,0,1,0,0,0,0
200500040768,5,7,31,1215,1,1,1,1,2,223,4802400,205700,350,2,3,0,0,1,1,0,70,1,0,1,0,0
200500040770,5,7,16,915,1,1,1,1,1,178,4831300,146800,350,3,2,2,0,1,2,60,0,1,0,1,0,0
200500040773,5,7,2,2330,3,1,1,1,7,12,4785500,172200,350,3,2,2,0,1,3,0,60,1,0,3,0,0
200500040774,5,7,7,1830,1,2,1,1,1,12,4784300,168800,350,4,2,0,0,1,3,0,82,1,0,1,0,0
200500040776,5,7,1,2030,1,1,3,1,3,126,4797600,180900,350,3,2,0,3,1,1,0,106,1,0,1,0,0
200500040777,5,7,2,500,3,1,1,1,6,328,4776900,210300,350,4,2,0,0,3,3,0,40,0,0,0,0,0
200500040778,5,7,15,945,1,1,2,1,3,126,4798800,182800,350,3,2,0,0,1,1,0,60,0,5,1,0,1
200500040780,5,7,16,1930,1,1,1,1,3,299,4865300,188000,350,3,2,0,0,0,1,0,0,1,0,1,0,0
200500040782,5,7,7,915,1,2,1,1,4,85,4841600,174400,350,3,2,2,0,0,1,0,73,1,0,1,0,0
200500040784,5,7,16,215,3,1,1,1,7,34,4854600,164000,350,3,2,0,0,2,4,0,60,1,0,3,0,0
200500040786,5,7,7,1800,1,2,1,1,3,207,4812100,152800,350,4,2,0,0,0,1,0,200,1,5,1,0,0
200500040794,5,7,30,1800,1,1,1,1,3,104,4839100,221000,220,3,2,2,0,2,3,0,112,1,5,1,0,0
200500040796,5,7,4,730,1,1,1,1,3,348,4835900,223900,220,3,2,2,0,2,1,0,54,1,0,1,0,1
200500040798,5,7,5,1715,1,1,1,2,5,268,4855400,233200,220,3,2,2,0,2,3,0,52,2,0,1,0,0
200500040800,5,7,7,1945,1,1,1,1,6,371,4822200,229600,220,3,2,2,0,1,2,0,35,1,0,3,0,0
200500040801,5,7,14,730,1,1,1,1,6,62,4820300,247400,220,2,2,2,0,1,1,0,72,1,0,3,0,0
200500040802,5,7,31,715,2,2,1,1,7,102,4829000,241600,220,3,2,2,0,1,1,0,50,1,0,3,0,0
200500040803,5,7,17,1930,1,2,1,7,6,67,4856000,318400,220,4,2,2,0,1,2,0,55,1,0,1,0,0
200500040805,5,7,23,2300,3,1,1,2,1,225,4853900,316100,220,3,2,2,0,1,0,0,56,2,0,1,0,0
200500040806,5,7,24,1830,1,1,2,1,3,256,4868300,311000,220,3,2,2,0,1,1,0,0,1,5,1,0,0
200500040807,5,7,26,1545,1,1,1,2,1,256,4868300,311000,220,3,2,2,0,1,1,0,65,2,5,1,0,0
200500040809,5,7,8,1945,1,2,1,1,1,226,4868300,352600,220,3,2,2,0,1,1,0,55,1,0,1,0,0
200500040812,5,7,27,2000,1,1,1,1,1,197,4801500,446400,290,3,2,2,0,2,1,0,70,1,0,1,0,1
200500040814,5,7,5,845,1,1,1,2,6,161,4790600,402600,290,3,2,2,0,0,1,0,70,2,0,0,0,0
200500040815,5,7,4,645,2,1,1,1,1,32,4790700,404900,290,4,2,0,0,1,2,0,65,2,0,1,0,0
200500040816,5,7,23,2000,1,1,1,3,1,32,4791600,406300,290,3,2,2,0,1,1,0,60,2,0,1,0,0
200500040817,5,7,28,1230,1,1,1,1,1,57,4792300,396300,290,3,2,0,0,1,1,0,90,1,5,1,0,0
200500040820,5,7,24,500,3,1,1,2,1,37,4789000,418300,290,3,2,2,1,1,1,0,113,2,0,5,0,0
200500040821,5,7,22,1715,1,1,1,1,7,75,4844500,441100,290,2,3,4,0,1,1,15,140,1,0,1,0,0
200500040827,5,7,13,1300,1,2,1,1,3,302,4825700,408500,290,3,2,2,0,2,3,0,70,1,0,1,0,0
200500040828,5,7,27,745,1,2,1,2,6,25,4816200,413600,290,3,2,2,0,1,1,0,60,2,0,3,0,1
200500040829,5,7,6,1815,1,1,1,1,6,291,4807900,386700,290,3,2,2,0,2,1,0,50,1,0,1,0,0
200500040831,5,7,17,1745,1,1,1,1,6,261,4835000,393500,290,3,2,0,0,1,1,0,0,1,0,1,0,0
200500040833,5,7,6,1840,1,2,6,1,3,42,4825200,449000,290,4,2,2,0,1,1,0,80,1,0,1,0,0
200500040839,5,7,3,1415,1,1,2,1,3,157,4778400,269200,560,3,2,0,0,0,1,0,70,1,0,1,0,0
200500040840,5,7,5,845,1,1,1,2,6,115,4776100,278000,560,3,2,0,0,2,1,0,50,2,0,1,0,0
200500040842,5,7,7,2000,1,1,1,1,7,183,4783900,205300,560,3,0,2,0,1,1,0,46,1,0,1,0,1
200500040843,5,7,14,230,4,2,1,1,6,155,4748100,248900,560,4,2,2,0,1,1,50,0,1,0,4,0,0
200500040845,5,7,5,1900,1,1,1,8,1,111,4763100,239600,560,4,0,2,0,2,2,0,30,2,0,1,0,0
200500040847,5,7,16,2015,1,1,1,1,1,28,4762600,227500,560,4,2,2,0,2,1,0,39,1,2,1,0,0
200500040849,5,7,20,1200,1,1,1,1,3,9,4733500,319700,560,3,2,0,0,1,1,0,59,1,0,1,0,0
200500040850,5,7,5,1045,1,1,1,1,1,234,4754700,313400,560,3,2,2,0,1,1,0,89,1,0,1,0,0
200500040852,5,7,19,2330,3,1,1,1,3,34,4762400,305400,560,3,2,2,0,0,3,0,54,1,0,1,0,0
200500040854,5,7,27,445,5,2,1,2,6,34,4757800,307900,560,9,2,0,0,1,1,60,0,2,0,1,0,0
200500040855,5,7,9,1615,1,1,1,1,6,185,4778400,338100,560,3,0,0,0,1,1,0,40,1,0,1,0,0
200500040857,5,7,24,1800,1,1,1,1,3,13,4767700,319000,560,3,2,0,0,3,1,0,0,1,0,1,0,0
200500040858,5,7,12,2015,1,1,9,1,3,249,4794200,245700,560,3,2,2,0,3,1,0,67,1,0,1,0,0
200500040859,5,7,17,1930,1,1,1,1,7,145,4802600,233600,560,9,2,2,0,2,1,0,37,1,0,1,0,0
200500040860,5,7,1,1815,1,2,1,1,3,197,4786700,245200,560,3,2,2,0,0,1,0,61,1,0,1,0,0
200500040861,5,7,14,1515,1,2,1,1,7,43,4806700,220600,560,4,2,0,0,1,0,0,36,1,0,0,0,1
200500040863,5,7,2,1400,1,1,1,8,6,219,4777100,249900,560,2,3,2,3,1,1,0,70,1,0,3,0,1
200500040864,5,7,6,2245,2,1,1,1,6,180,4791000,219700,560,9,0,0,0,0,0,0,0,0,0,0,0,0
200500040865,5,7,7,2100,1,1,1,1,6,180,4791900,218700,560,3,2,2,0,1,3,0,62,1,0,1,0,1
200500040867,5,7,5,900,1,2,2,1,3,204,4791400,272300,560,3,2,2,0,4,1,0,58,1,0,1,3,0
200500040869,5,7,26,1600,1,1,2,1,1,236,4792100,252400,560,3,2,0,0,1,1,0,64,1,0,1,0,0
200500040870,5,7,4,1545,1,2,2,1,3,178,4806300,297100,560,4,2,2,0,1,3,0,74,1,5,1,0,0
200500040871,5,7,4,2200,1,2,1,1,6,178,4806200,297500,560,4,2,2,0,2,3,0,64,1,0,3,0,0
200500040873,5,7,10,1000,1,2,1,1,6,178,4806800,297000,560,3,2,2,0,3,1,0,80,1,0,1,0,0
200500040874,5,7,12,1145,1,2,1,1,6,246,4804700,299800,560,3,2,2,0,2,1,0,60,1,0,1,0,1
200500040875,5,7,1,1330,1,1,1,1,1,174,4791100,287600,560,3,2,2,0,1,2,0,0,9,0,1,0,0
200500040876,5,7,18,1,3,1,1,1,1,105,4800100,353100,560,4,2,2,0,1,2,0,65,1,0,1,0,1
200500040879,5,7,13,1800,1,1,1,1,7,310,4902400,26300,140,2,1,0,0,0,2,0,60,1,0,1,0,0
200500040880,5,7,14,1730,1,2,1,1,3,277,4909500,35000,140,3,1,1,0,1,1,0,55,1,0,1,0,0
200500040881,5,7,15,1300,1,2,1,1,3,325,4929900,29400,140,3,2,2,0,1,1,78,0,1,0,0,0,0
200500040882,5,7,4,2230,2,1,9,1,2,752,4907500,65800,140,3,2,3,0,1,1,0,103,1,3,1,0,0
200500040883,5,7,6,100,1,2,1,1,7,143,4909500,80000,140,3,2,2,0,1,1,0,0,1,0,1,3,0
200500040885,5,7,17,1300,1,2,1,1,3,409,4928400,19800,140,3,2,2,0,1,1,0,60,1,0,1,0,0
200500040888,5,7,14,1930,1,2,1,1,6,138,4923500,98700,140,3,2,0,0,1,1,60,0,1,0,1,0,0
200500040890,5,7,5,1530,1,1,1,8,1,689,4899300,47000,140,3,2,2,0,2,1,0,70,1,0,1,0,1
200500040892,5,7,19,1245,1,2,3,1,3,211,4895000,51400,140,3,2,0,0,1,1,0,47,1,0,1,0,0
200500040897,5,7,26,1630,1,1,1,2,5,154,4905800,35800,140,3,2,2,0,2,2,0,66,8,0,1,0,0
200500040898,5,7,14,1215,1,1,1,1,3,514,4929900,20000,140,2,2,0,0,0,1,0,74,1,0,1,0,0
200500040900,5,7,11,715,2,1,1,7,6,629,4901800,83100,140,3,2,2,0,1,1,0,60,1,0,3,0,0
200500040902,5,7,11,1045,1,1,9,1,7,65,4882600,76000,140,5,0,0,0,1,1,0,27,9,0,0,0,0
200500040905,5,7,27,2015,1,1,1,1,1,239,4912000,117000,500,3,2,2,0,1,2,0,63,1,0,1,0,0
200500040908,5,7,21,1530,1,1,1,1,3,224,4900200,95700,500,3,2,2,0,0,1,0,72,1,0,1,0,0
200500040912,5,7,25,2015,1,1,1,1,3,453,4882100,119600,500,3,2,2,0,0,3,0,0,1,5,1,0,0
200500040916,5,7,29,800,1,1,1,1,1,41,4967200,185100,500,3,4,3,3,1,1,0,111,1,0,1,0,0
200500040918,5,7,25,1800,1,2,1,1,3,82,4947900,162400,500,3,2,2,0,1,1,0,61,1,0,1,0,0
200500040919,5,7,28,1620,1,1,1,1,1,402,4950300,184200,500,3,2,2,0,1,1,0,38,1,0,1,0,0
200500040921,5,7,4,1000,1,1,1,8,2,571,4938600,129600,500,2,3,4,0,2,2,23,170,2,3,1,0,0
200500040922,5,7,11,2000,1,1,4,1,1,177,4938600,142600,500,3,2,2,0,1,2,0,65,1,0,1,0,0
200500040926,5,7,12,1600,1,2,1,1,6,342,4965800,127200,500,3,2,2,0,1,0,0,60,1,5,1,0,0
200500040927,5,7,4,1745,1,1,3,1,3,145,4905800,140500,500,3,2,2,0,3,1,72,72,1,0,1,0,0
200500040928,5,7,3,2015,1,2,1,1,3,3,4905200,159300,500,4,2,0,0,1,1,0,69,1,0,1,0,0
200500040929,5,7,11,1930,1,1,2,1,3,308,4913800,134600,500,3,2,2,0,1,1,0,57,1,0,1,0,0
200500040931,5,7,30,1930,1,1,1,1,3,72,4909400,149900,500,3,2,2,0,1,1,50,0,1,5,1,0,0
200500040932,5,7,2,2245,3,1,2,1,3,76,4890100,149900,500,3,2,0,0,1,3,0,0,1,0,1,0,0
200500040933,5,7,5,1315,1,2,6,1,3,76,4890200,151000,500,3,2,2,0,2,1,0,0,1,5,1,0,0
200500040934,5,7,8,1015,1,1,1,1,5,151,4921900,154400,500,3,2,0,0,0,1,0,0,1,0,1,0,1
200500040937,5,7,23,1445,1,1,1,2,1,450,4870100,94900,500,3,2,2,0,4,3,0,40,2,0,1,0,1
200500040938,5,7,27,1835,1,1,1,1,1,462,4855100,80700,500,2,2,2,0,1,1,0,70,1,0,1,0,0
200500040939,5,7,1,1830,1,1,2,2,1,644,4859500,115600,500,2,2,2,0,1,1,0,45,2,0,1,0,0
200500040941,5,7,20,1645,1,1,1,1,5,644,4859000,113000,500,2,2,2,0,2,3,0,76,1,0,1,0,0
200500040942,5,7,26,1115,1,1,1,3,7,484,4861300,110100,500,3,0,0,0,0,0,0,60,0,0,0,0,0
200500040951,5,7,25,1400,1,1,1,1,3,110,4873300,16300,610,2,2,2,0,2,4,0,70,1,0,1,0,0
200500040952,5,7,27,1645,1,1,1,1,1,393,4873600,24200,610,2,2,2,0,2,4,0,70,1,0,1,0,1
200500040953,5,7,13,1630,1,1,1,1,3,145,4861400,63700,610,3,2,2,0,2,1,0,93,1,0,1,0,0
200500040959,5,7,16,1430,1,1,3,1,1,269,4884600,43900,610,3,2,0,0,3,1,0,90,1,0,1,0,0
200500040960,5,7,27,1515,1,1,1,1,3,287,4880200,55300,610,3,2,2,0,1,1,0,94,1,0,0,0,0
200500040967,5,7,5,1945,1,2,1,2,7,3,4739300,120000,440,3,4,0,0,1,0,0,59,2,0,1,0,1
200500040968,5,7,19,1600,1,2,6,1,6,180,4752700,118500,440,3,4,0,0,1,0,0,0,1,0,1,0,0
200500040970,5,7,24,2000,1,1,1,1,2,108,4714400,127500,440,3,2,1,0,1,0,0,57,1,0,1,0,0
200500040971,5,7,14,1400,1,1,1,1,1,82,4738000,140200,440,3,2,2,0,3,2,0,65,1,0,1,0,1
200500040972,5,7,4,945,1,2,1,1,3,36,4772100,137500,440,9,2,0,0,0,1,0,68,1,5,1,0,0
200500040973,5,7,19,1215,1,1,1,1,1,31,4759300,119600,440,3,2,0,0,1,3,0,67,1,0,1,0,0
200500040976,5,7,3,1715,1,1,1,1,3,214,4752400,173800,440,3,2,2,0,1,1,0,55,1,0,1,0,0
200500040978,5,7,22,2315,5,1,1,1,7,73,4738500,164500,440,9,2,0,0,0,3,0,60,9,0,1,0,0
200500040980,5,7,27,1230,1,1,1,8,1,179,4733500,147700,440,3,2,2,0,1,2,0,60,2,0,1,0,1
200500040981,5,7,30,845,1,1,1,1,6,197,4770900,162400,440,3,2,1,0,0,1,0,50,1,0,1,0,0
200500040982,5,7,9,1800,1,1,3,1,3,130,4715100,156300,440,3,2,2,0,3,1,0,87,1,0,1,0,0
200500040991,5,7,23,1730,1,1,1,1,7,87,4700800,178700,440,9,2,2,0,1,2,52,0,1,0,1,0,0
200500040993,5,7,21,1800,1,2,1,1,2,47,4721500,171000,440,4,2,2,0,2,1,0,80,1,0,1,0,0
200500040994,5,7,23,1415,1,1,1,1,5,47,4723600,173700,440,3,2,0,0,1,1,0,64,1,0,1,0,0
200500041001,5,7,31,1800,1,2,6,1,1,69,4733200,241200,440,3,2,0,0,1,0,0,0,1,5,1,0,0
200500041003,5,7,23,400,3,1,1,2,7,52,4737500,212000,440,3,2,0,0,1,3,0,63,2,0,3,0,1
200500041005,5,7,26,1800,1,1,1,1,2,52,4734900,206900,440,3,2,0,0,1,1,0,77,1,0,1,0,0
200500041006,5,7,9,1545,1,1,1,1,7,45,4730100,183000,440,3,2,2,0,1,1,0,63,1,0,3,0,0
200500041007,5,7,10,1830,1,2,1,1,6,217,4732600,172800,440,4,2,0,0,1,1,0,40,1,0,3,0,0
200500041008,5,7,19,1500,1,1,1,1,1,217,4730800,166800,440,3,2,2,0,1,2,58,0,1,0,1,0,1
200500041009,5,7,20,1330,1,1,2,1,3,194,4747700,26500,490,4,2,2,0,1,1,0,47,1,0,1,0,0
200500041010,5,7,31,1000,1,2,1,1,1,223,4740000,52000,490,2,2,2,0,2,3,0,50,1,0,1,0,0
200500041011,5,7,5,1830,1,1,1,2,1,244,4736900,83400,490,3,2,2,0,1,1,0,47,2,0,1,0,0
200500041012,5,7,6,1,3,1,1,1,3,289,4746300,65500,490,2,3,2,0,1,1,15,70,1,5,1,0,0
200500041013,5,7,10,1030,1,1,1,1,5,28,4738100,64900,490,3,2,2,0,1,1,0,60,1,0,1,0,0
200500041014,5,7,3,1815,1,1,1,1,2,333,4756000,33000,490,3,2,2,0,1,1,0,75,1,0,3,0,0
200500041015,5,7,9,1230,1,1,1,1,3,19,4753800,33100,490,3,2,2,0,1,1,0,63,1,0,1,0,0
200500041017,5,7,21,830,1,1,1,1,3,239,4727400,91300,490,3,2,2,0,2,1,0,63,9,0,1,0,0
200500041018,5,7,25,1800,1,2,1,1,3,92,4720800,72700,490,3,2,2,0,1,1,20,70,1,5,1,0,0
200500041019,5,7,5,1215,1,1,1,1,1,269,4703000,93000,490,3,2,2,0,2,1,0,60,1,0,0,0,0
200500041020,5,7,11,1615,1,2,1,1,6,193,4713000,89000,490,9,2,0,0,1,1,60,0,1,0,1,0,0
200500041024,5,7,19,1215,1,2,1,1,3,145,4728600,113200,490,3,2,2,0,1,1,0,68,1,0,1,0,0
200500041029,5,7,21,1945,1,2,1,1,1,369,4739000,8200,490,3,2,2,0,1,2,0,47,1,0,1,0,0
200500041030,5,7,9,445,5,2,1,1,6,211,4718600,50400,490,3,2,2,0,1,1,0,0,1,0,1,0,0
200500041032,5,7,15,1715,1,1,1,1,7,207,4718900,21000,490,3,2,2,0,1,2,0,48,1,0,1,0,1
200500041033,5,7,25,1715,1,1,2,1,3,211,4721400,51100,490,3,2,0,0,1,1,0,52,1,0,1,0,0
200500041035,5,7,8,715,1,1,1,1,1,304,4731500,14100,490,3,2,2,0,0,2,0,65,1,0,1,0,1
200500041037,5,7,20,945,1,1,2,1,3,279,4736000,32000,490,3,2,2,0,1,1,0,54,1,5,1,0,1
200500041038,5,7,22,1845,1,1,1,1,1,361,4723400,9300,490,4,2,2,0,1,0,0,45,1,0,1,0,0
200500041039,5,7,26,1915,1,1,2,1,3,2,4730300,4400,490,4,2,0,0,1,1,0,40,1,0,0,0,0
200500041040,5,7,7,1100,1,2,1,1,3,362,4722700,6100,490,3,2,0,1,1,1,0,90,1,0,1,0,0
200500041043,5,7,6,245,3,1,1,1,6,330,4765200,62900,490,3,2,0,0,0,1,0,60,1,0,3,0,0
200500041044,5,7,7,2145,2,1,1,1,6,271,4750700,68800,490,3,2,0,0,0,3,0,50,1,0,3,0,0
200500041045,5,7,22,1730,1,2,1,1,6,176,4762700,72000,490,3,2,1,0,1,1,0,69,1,0,1,0,0
200500041051,5,7,20,1,5,2,2,1,3,152,4795200,55200,530,3,1,1,0,1,1,0,144,1,5,4,0,0
200500041052,5,7,4,1115,1,2,9,1,2,97,4815900,40300,530,9,1,1,0,2,1,0,40,1,0,1,0,0
200500041053,5,7,10,1700,1,1,1,1,1,221,4817200,25700,530,4,2,1,0,0,1,0,35,1,0,1,0,0
200500041054,5,7,7,2330,3,1,1,1,6,14,4783800,67700,530,3,2,0,0,1,1,0,70,1,0,3,0,0
200500041056,5,7,8,1800,1,1,1,1,3,249,4820300,16600,530,3,0,2,0,2,1,0,60,1,0,1,0,0
200500041058,5,7,21,1200,1,2,1,1,2,162,4827800,62500,530,2,2,0,0,1,0,0,0,0,5,1,0,0
200500041059,5,7,20,2145,1,1,2,1,1,199,4845600,83100,530,3,2,2,0,2,1,0,42,1,0,1,0,0
200500041061,5,7,26,1815,1,1,1,8,6,125,4848400,107200,530,3,2,0,0,1,3,0,58,2,0,1,0,1
200500041062,5,7,1,1530,1,2,1,1,2,121,4842400,33000,530,2,2,0,0,1,1,0,75,1,0,1,0,0
200500041063,5,7,27,1200,1,1,1,2,1,185,4847200,17900,530,2,2,2,0,3,2,0,73,2,0,1,0,0
200500041066,5,7,9,815,1,1,1,2,1,54,4802300,34100,720,3,2,0,0,2,2,0,0,6,0,1,0,0
200500041068,5,7,16,1815,1,1,1,1,3,241,4806300,42100,720,3,2,0,0,1,1,0,60,0,0,1,0,0
200500041071,5,7,24,1800,1,1,2,1,3,26,4813500,33500,720,3,2,2,0,0,1,0,0,1,0,1,0,0
200500041072,5,7,23,1030,1,1,1,1,3,249,4806600,3300,720,3,2,0,0,0,1,0,0,1,0,1,0,0
200500041078,5,7,30,1545,1,1,1,2,6,167,4778900,23300,720,3,2,3,0,1,1,0,110,2,0,3,0,0
200500041080,5,7,4,2045,1,1,1,1,7,363,4811200,53200,720,3,2,2,0,4,3,0,60,1,0,1,0,0
200500041082,5,7,1,2100,1,1,1,1,7,308,4841500,10600,720,3,2,2,0,1,2,0,60,1,0,3,0,1
200500041084,5,7,16,115,4,2,1,1,3,61,4657800,128300,850,3,2,2,0,0,1,0,97,1,5,1,0,1
200500041085,5,7,6,1530,1,2,2,1,6,232,4669300,113100,850,4,2,2,0,1,1,0,51,1,0,0,0,0
200500041092,5,7,29,2045,3,2,2,1,1,76,4706900,125400,850,3,2,0,0,1,1,0,57,1,0,1,0,0
200500041094,5,7,14,1730,1,1,1,1,1,300,4665100,153100,850,2,2,2,0,1,1,0,73,1,0,1,0,0
200500041095,5,7,16,1130,1,1,1,1,3,300,4668100,154100,850,4,2,0,0,1,2,0,35,1,0,1,0,0
200500041099,5,7,16,1645,1,2,1,1,5,128,4647300,116900,850,9,0,0,0,0,1,0,70,1,0,1,0,0
200500041100,5,7,21,1900,1,1,2,1,3,128,4647000,115000,850,4,2,2,0,1,1,0,40,1,0,1,0,0
200500041101,5,7,22,930,1,2,1,1,1,223,4655000,106000,850,2,2,2,0,1,1,0,70,1,0,1,0,0
200500041102,5,7,25,2000,1,2,1,1,6,128,4646000,116000,850,3,2,0,0,1,1,0,60,1,0,1,0,0
200500041103,5,7,30,1630,1,1,1,1,1,42,4636000,98000,850,2,2,2,0,1,1,0,73,1,0,1,0,0
200500041104,5,7,30,1745,1,2,1,1,1,111,4633000,94000,850,4,0,2,0,1,1,0,60,0,0,1,0,0
200500041105,5,7,31,1315,1,1,1,1,2,128,4644000,114000,850,3,2,2,0,1,1,0,60,1,0,1,0,1
200500041106,5,7,5,945,1,2,1,1,1,20,4638800,57400,850,3,2,2,0,1,3,0,66,1,0,1,0,0
200500041108,5,7,2,645,1,2,1,1,1,102,4682500,164900,850,3,2,2,0,1,1,0,54,1,0,1,0,0