Num_Acc,an,mois,jour,hrmn,lum,agg,int,atm,col,com,lat,long,dep,catr,circ,nbv,vosp,prof,plan,lartpc,larrout,surf,infra,situ,env1,killed
200500041109,5,7,8,45,3,2,1,1,7,6,4675500,174000,850,3,2,2,0,1,3,0,60,1,0,3,0,1
200500041124,5,7,9,1515,1,2,2,1,3,294,4635000,144500,850,9,2,2,0,1,1,0,66,1,0,1,0,0
200500041128,5,7,15,1730,1,1,3,1,3,236,4478800,115300,330,3,2,2,0,1,1,0,80,1,5,1,0,0
200500041129,5,7,29,1100,1,1,9,2,3,11,4477700,111700,330,3,2,2,0,1,1,60,80,2,0,1,0,0
200500041131,5,7,20,1915,1,1,1,1,1,422,4481600,74900,330,3,2,0,0,1,1,0,60,1,0,1,0,0
200500041134,5,7,14,145,3,1,1,1,6,280,4517500,59400,330,2,2,2,0,0,1,0,70,1,0,1,0,0
200500041135,5,7,19,1015,1,1,2,1,3,101,4518700,59000,330,4,2,0,0,1,1,0,36,1,0,1,0,0
200500041137,5,7,2,1600,1,2,1,1,3,3,4493600,50900,330,4,2,2,0,1,1,0,60,1,0,1,0,0
200500041146,5,7,12,745,2,2,1,7,6,120,4463400,33800,330,3,2,2,0,2,0,0,0,1,0,1,3,0
200500041147,5,7,21,2115,1,1,1,1,1,334,4470100,41400,330,3,2,2,0,1,1,0,70,1,0,1,0,0
200500041151,5,7,23,1915,1,1,1,1,2,227,4452000,21000,330,3,2,2,0,3,1,0,60,1,0,1,0,0
200500041152,5,7,30,1845,1,1,1,1,3,164,4455000,29000,330,3,2,2,0,1,1,0,50,1,5,1,0,0
200500041153,5,7,24,1800,1,1,2,1,3,144,4437800,18000,330,3,2,2,0,1,1,0,50,1,0,1,0,0
200500041154,5,7,18,1330,1,1,1,1,7,379,4470000,13100,330,3,0,0,0,3,2,0,61,1,0,1,0,0
200500041155,5,7,18,2000,1,1,4,1,3,163,4475700,21500,330,3,2,0,0,1,1,0,45,1,0,1,0,0
200500041156,5,7,24,1530,1,2,1,1,6,506,4469500,8700,330,3,1,1,0,2,1,0,76,1,0,1,0,0
200500041159,5,7,26,245,3,1,1,1,7,248,4504700,88000,330,3,2,0,0,1,0,0,0,1,0,0,0,0
200500041160,5,7,27,1815,1,2,3,1,3,262,4501000,61900,330,4,2,2,0,1,1,0,62,1,0,1,0,0
200500041161,5,7,30,815,1,2,9,1,6,517,4506000,69800,330,3,2,2,0,0,1,0,0,0,0,1,0,0
200500041164,5,7,14,1630,1,1,1,1,5,514,4549000,109000,330,2,2,2,0,3,3,0,78,1,2,1,0,1
200500041166,5,7,22,1345,1,1,1,1,6,544,4557000,106000,330,2,2,0,0,1,1,0,60,1,0,1,0,0
200500041167,5,7,9,1645,1,1,1,1,7,71,4487600,24000,330,3,2,2,0,0,1,0,40,1,0,1,0,0
200500041172,5,7,10,1845,1,1,1,1,4,360,4478100,24200,330,3,2,2,0,3,1,0,64,1,0,1,0,1
200500041173,5,7,5,1330,1,1,2,1,3,290,4496000,18300,330,2,2,2,3,2,1,0,110,1,0,1,0,0
200500041174,5,7,13,1900,1,2,1,1,4,571,4502600,70900,240,3,2,0,0,1,1,0,59,1,0,1,0,0
200500041178,5,7,1,2000,1,1,1,1,5,210,4526900,113000,240,3,2,2,0,2,1,0,77,1,0,1,0,0
200500041179,5,7,19,1000,1,1,1,1,6,147,4522800,94800,240,3,2,2,0,1,4,0,60,1,0,1,0,0
200500041180,5,7,24,1815,1,1,1,1,1,147,4522300,91900,240,3,2,0,0,0,2,0,50,1,0,1,0,0
200500041186,5,7,18,1015,1,1,1,1,6,410,4545400,72000,240,3,2,2,0,1,1,0,50,1,0,3,0,0
200500041188,5,7,16,1500,1,2,1,1,1,551,4540700,91600,240,2,3,2,0,2,1,0,104,1,0,1,0,0
200500041189,5,7,31,1930,1,1,1,1,6,134,4538400,94700,240,4,2,2,0,2,4,0,48,1,0,3,0,1
200500041201,5,7,1,630,2,2,1,1,7,207,4481600,124500,240,3,2,0,0,1,2,0,0,1,0,3,0,0
200500041202,5,7,13,2115,1,2,9,1,6,585,4463400,107700,240,4,2,2,0,1,1,0,40,1,0,1,0,0
200500041206,5,7,29,515,3,2,1,1,6,547,4513600,128500,240,2,2,2,0,0,1,0,71,2,0,3,0,0
200500041207,5,7,5,845,1,1,1,1,7,175,4384000,37100,400,3,2,2,0,1,1,0,66,1,0,3,0,0
200500041209,5,7,18,245,3,1,1,1,6,70,4382900,34000,400,3,2,2,0,3,1,0,61,1,0,3,0,0
200500041210,5,7,20,1045,1,2,1,1,6,145,4377100,42200,400,3,2,2,0,4,2,0,60,1,0,4,0,0
200500041211,5,7,24,915,1,2,1,1,6,56,4404900,53600,400,3,2,0,0,0,1,0,0,1,0,1,0,0
200500041213,5,7,6,2100,2,1,1,1,1,153,4383600,65500,400,4,2,2,0,1,3,0,33,1,0,1,0,0
200500041214,5,7,8,1715,1,1,1,1,6,141,4371000,78800,400,3,2,2,0,0,3,0,47,1,0,3,0,0
200500041215,5,7,9,2030,1,1,1,1,1,67,4385100,80200,400,3,2,2,0,3,3,0,70,1,0,1,0,0
200500041217,5,7,8,1345,1,1,1,1,6,314,4366300,110000,400,3,2,2,0,1,1,0,60,2,0,3,0,0
200500041218,5,7,9,1200,1,2,2,1,3,202,4370700,102800,400,3,2,2,0,1,1,0,60,1,0,1,0,0
200500041224,5,7,20,1130,1,1,1,1,1,150,4387700,128700,400,3,2,0,0,1,1,0,60,1,0,1,0,1
200500041228,5,7,20,1915,1,2,1,1,5,65,4364500,142700,400,4,2,2,1,1,1,0,50,1,0,5,0,1
200500041229,5,7,14,2315,3,1,1,1,2,181,4380200,138800,400,3,2,0,0,1,1,0,79,1,0,1,0,0
200500041230,5,7,16,55,3,1,1,1,5,168,4381000,119000,400,3,2,2,0,1,1,62,62,1,0,1,0,0
200500041231,5,7,19,2300,5,2,1,1,3,168,4378100,121800,400,3,2,2,0,1,1,0,80,1,0,1,0,0
200500041232,5,7,27,1130,1,1,1,1,1,296,4369000,139000,400,3,0,2,0,1,1,0,62,0,0,1,0,0
200500041242,5,7,20,930,1,2,2,1,5,282,4377600,56900,400,3,2,2,0,1,1,0,96,1,0,1,0,0
200500041250,5,7,26,1515,1,2,1,1,1,217,4419100,78500,470,3,2,0,0,2,2,56,75,0,0,1,0,0
200500041251,5,7,3,1545,2,1,1,1,6,165,4450200,6500,470,3,2,2,0,1,4,70,0,0,0,1,0,0
200500041252,5,7,19,1545,1,1,1,1,6,150,4447200,23300,470,3,2,2,0,1,2,0,68,1,0,3,0,1
200500041253,5,7,31,2215,3,1,1,1,7,131,4456300,11800,470,3,2,2,0,1,1,0,65,1,0,0,0,0
200500041254,5,7,27,1530,1,1,1,1,5,310,4440900,29800,470,4,2,0,0,1,1,0,0,1,0,1,0,0
200500041256,5,7,13,1430,1,2,1,1,3,52,4432700,8200,470,3,2,2,0,1,2,0,78,1,0,1,0,0
200500041259,5,7,4,715,1,2,1,2,1,48,4453300,62700,470,2,2,2,0,2,4,0,62,2,0,1,0,0
200500041261,5,7,10,600,2,1,1,1,6,37,4465800,66900,470,4,2,2,0,1,3,0,35,1,0,3,0,0
200500041262,5,7,29,2000,1,1,1,1,3,57,4466600,61200,470,4,2,0,0,1,1,0,46,1,0,1,0,0
200500041265,5,7,29,1900,1,1,1,1,3,306,4439600,48300,470,3,2,1,0,0,2,0,60,1,0,1,0,0
200500041266,5,7,28,1930,1,1,1,3,6,230,4316900,44300,640,2,2,2,0,4,2,0,100,2,0,1,0,0
200500041267,5,7,30,1330,1,1,1,1,7,478,4330200,44800,640,3,2,0,0,2,2,0,46,2,0,1,0,0
200500041268,5,7,2,1830,1,1,1,7,1,358,4323100,18900,640,3,2,0,0,0,3,0,62,1,0,1,0,0
200500041273,5,7,24,2315,3,2,1,1,6,147,4345900,133400,640,3,2,2,0,2,2,0,66,1,0,1,0,0
200500041276,5,7,21,1000,1,1,1,1,6,231,4320200,91400,640,3,2,2,0,2,1,0,65,1,0,1,0,0
200500041277,5,7,5,1130,1,2,6,1,7,477,4318700,133400,640,3,2,2,0,1,3,80,77,8,5,1,3,0
200500041279,5,7,19,1530,1,2,1,1,6,485,4316400,123000,640,4,2,1,0,2,1,0,60,1,0,1,0,0
200500041281,5,7,26,800,1,2,1,1,1,422,4319700,60600,640,3,2,2,0,1,0,0,0,1,0,1,0,0
200500041283,5,7,23,1900,1,1,1,1,6,430,4347200,70900,640,2,2,0,0,2,1,18,0,1,0,1,3,0
200500041284,5,7,24,545,5,2,1,1,6,430,4349400,79500,640,2,2,2,0,1,1,0,76,1,0,3,0,0
200500041285,5,7,18,300,3,1,1,1,6,301,4340100,65800,640,3,2,0,0,1,1,0,60,1,0,3,0,0
200500041286,5,7,19,1900,1,1,1,1,2,431,4339000,59200,640,3,2,3,0,1,3,0,98,1,0,1,0,0
200500041289,5,7,25,545,3,1,1,1,1,462,4351900,88100,640,2,2,0,0,2,2,0,80,1,0,1,0,0
200500041300,5,7,23,1600,1,1,1,1,1,288,4672300,82200,860,4,2,0,0,2,3,0,31,1,0,1,0,0
200500041301,5,7,8,1515,1,1,1,1,1,108,4679600,100,860,4,2,0,0,1,3,0,29,1,0,1,0,0
200500041303,5,7,3,1715,1,1,1,1,1,70,4658000,65000,860,3,2,2,0,1,3,0,63,1,5,1,0,0
200500041304,5,7,21,1545,1,1,1,1,1,55,4619800,41500,860,3,2,2,0,1,1,0,60,1,0,1,0,0
200500041305,5,7,21,1630,1,1,5,1,3,29,4622000,28900,860,3,2,2,0,1,1,0,50,1,0,1,0,0
200500041306,5,7,18,1615,1,1,1,1,6,159,4621800,70000,860,3,2,2,0,3,1,0,58,1,0,3,0,0
200500041309,5,7,2,1830,1,2,1,1,7,236,4668400,83800,860,3,2,2,0,2,3,0,45,9,0,1,0,0
200500041310,5,7,13,15,3,1,1,1,6,118,4645100,97900,860,3,2,2,0,1,1,0,65,1,0,1,0,0
200500041313,5,7,12,1830,1,1,1,1,6,254,4536200,24700,160,3,2,2,0,4,1,0,75,1,0,1,0,1
200500041314,5,7,1,1830,1,1,1,1,3,359,4561200,36500,160,3,0,0,0,0,0,0,0,0,0,0,0,0
200500041316,5,7,15,1500,1,1,1,1,7,342,4554700,27000,160,3,2,0,0,0,0,41,0,1,0,1,0,0
200500041317,5,7,8,1815,1,1,1,1,3,30,4549900,21700,160,3,2,2,0,2,1,0,72,1,0,1,0,0
200500041325,5,7,2,1715,1,1,1,1,1,55,4562900,34000,160,3,0,2,0,1,0,0,75,0,0,0,0,0
200500041334,5,7,22,930,1,1,1,1,2,127,4623100,81100,170,3,2,0,0,1,1,0,65,1,0,1,0,0
200500041339,5,7,7,1745,1,2,1,1,3,197,4544900,43300,170,4,2,2,0,1,2,0,0,1,5,1,3,0
200500041340,5,7,30,1815,1,1,1,1,5,339,4547400,44500,170,3,2,0,0,2,1,0,61,1,0,1,0,0
200500041341,5,7,2,1400,1,1,1,1,6,331,4549200,56600,170,3,2,0,0,1,1,0,75,1,0,3,0,0
200500041342,5,7,5,1800,1,2,1,1,3,430,4535700,51000,170,3,2,2,0,3,2,0,63,1,0,1,0,0
200500041344,5,7,26,1600,1,1,1,1,3,116,4540000,59000,170,3,2,2,0,2,2,0,79,1,0,1,0,0
200500041346,5,7,1,1215,1,1,1,1,5,38,4521100,29200,170,2,3,4,0,1,1,0,142,1,0,1,0,0
200500041347,5,7,9,530,2,1,1,1,1,99,4527000,34000,170,3,2,2,0,1,1,0,61,1,0,1,0,1
200500041355,5,7,29,1000,1,2,1,3,3,452,4576900,114200,170,9,2,2,0,1,1,0,60,2,0,1,0,0
200500041356,5,7,11,1900,1,1,1,1,1,346,4591800,90300,170,3,2,2,0,1,4,0,62,1,0,1,0,0
200500041357,5,7,21,1515,1,2,1,1,3,65,4598600,95300,170,3,2,2,0,1,1,0,62,1,5,1,0,1
200500041359,5,7,29,2200,3,1,1,1,6,166,4610700,91100,170,3,2,0,0,1,2,0,66,1,0,1,0,1
200500041360,5,7,15,600,3,1,1,1,6,164,4577700,57700,170,2,2,2,0,0,1,0,64,1,0,3,0,1
200500041366,5,7,31,200,3,1,1,2,6,196,4557600,63700,170,3,2,1,0,1,1,0,60,2,0,3,0,1
200500041369,5,7,3,2015,1,1,1,1,7,211,4606600,50800,170,2,2,0,0,1,1,0,80,1,0,1,0,0
200500041370,5,7,6,2230,5,2,1,1,6,101,4596500,33900,170,3,2,2,0,1,3,0,60,1,0,1,0,0
200500041371,5,7,22,1415,1,1,1,1,6,86,4641500,35200,790,3,2,2,0,1,1,0,60,1,0,1,0,0
200500041373,5,7,18,1600,1,2,1,1,6,61,4626800,18100,790,4,2,2,0,1,4,0,53,1,0,3,0,0
200500041374,5,7,31,1845,1,1,1,1,3,348,4612500,27700,790,3,2,2,0,0,3,0,54,1,0,1,0,0
200500041375,5,7,2,1130,1,1,1,1,1,150,4614000,16600,790,3,2,0,0,1,1,0,70,1,0,1,0,0
200500041379,5,7,13,745,1,1,1,1,7,225,4653500,18400,790,3,2,2,0,2,2,0,66,1,0,3,0,1
200500041381,5,7,7,1900,1,1,1,1,3,201,4586500,113200,870,2,2,0,0,3,1,0,75,1,0,1,0,0
200500041389,5,7,3,500,2,1,1,1,7,109,4624000,105000,870,3,2,2,0,2,1,0,59,1,0,0,0,1
200500041390,5,7,3,1200,1,1,1,1,5,100,4603000,95000,870,3,2,2,0,0,4,0,61,1,0,1,0,1
200500041394,5,7,14,1745,1,1,1,1,1,173,4607000,130400,870,4,2,2,0,1,3,0,39,1,0,1,0,0
200500041395,5,7,30,1915,1,1,1,1,6,197,4600900,120600,870,3,2,0,0,0,1,0,63,9,0,3,0,0
200500041396,5,7,13,2230,5,1,1,1,1,180,4618700,129200,870,3,2,0,0,3,1,0,48,1,0,1,0,0
200500041397,5,7,25,1700,3,1,1,1,7,206,4617000,121500,870,3,2,2,0,0,0,0,50,1,0,3,0,0
200500041398,5,7,28,1730,1,1,1,1,6,160,4630900,129000,870,3,2,2,0,1,1,0,75,1,0,3,0,0
200500041401,5,7,2,1615,1,1,1,1,1,96,4520600,183100,190,2,2,2,3,3,1,52,77,1,5,1,0,0
200500041402,5,7,22,2115,1,2,1,1,3,146,4531800,177200,190,2,2,2,0,0,1,0,81,1,0,1,0,0
200500041403,5,7,13,2245,5,2,1,1,6,10,4510000,193500,190,3,2,2,0,1,3,0,65,1,0,4,0,0
200500041405,5,7,17,1015,1,1,3,1,3,249,4545600,197600,190,3,2,2,0,0,1,0,77,1,0,1,0,0
200500041407,5,7,11,1515,1,1,1,1,1,37,4546000,172400,190,3,2,2,0,1,3,0,67,1,0,1,0,0
200500041408,5,7,23,1330,1,1,1,1,1,276,4544500,160300,190,3,2,2,0,1,2,0,64,1,0,3,0,1
200500041409,5,7,2,2015,1,1,1,1,6,31,4514500,146400,190,4,2,2,0,1,1,0,51,1,5,3,0,0
200500041411,5,7,3,2300,3,2,1,1,3,124,4514500,136700,190,3,2,1,0,1,1,0,50,1,0,1,0,0
200500041412,5,7,3,1430,3,1,1,1,7,152,4504100,179800,190,3,2,2,0,4,1,10,70,1,0,1,0,0
200500041413,5,7,2,2000,1,1,1,1,1,178,4527300,152000,190,3,2,0,0,2,4,0,46,1,0,1,0,0
200500041414,5,7,26,2100,1,2,1,1,3,246,4523000,144900,190,3,2,2,0,1,4,0,50,1,0,1,0,0
200500041421,5,7,13,1530,1,2,1,1,3,175,4542600,238200,190,3,2,2,0,1,1,0,55,1,0,1,0,0
200500041422,5,7,19,1945,1,1,1,1,1,136,4553800,215400,190,3,2,0,0,1,1,0,71,1,0,0,0,0
200500041423,5,7,20,1700,1,2,3,1,3,1,4609100,204800,230,3,2,0,0,0,1,0,0,1,0,1,0,0
200500041426,5,7,25,1045,1,1,2,1,3,4,4625400,184500,230,3,2,0,0,1,1,0,46,1,0,1,0,0
200500041428,5,7,20,1900,1,1,1,1,1,137,4609700,160300,230,3,2,2,0,2,3,0,40,1,0,1,0,0
200500041433,5,7,17,130,5,1,1,1,6,113,4351500,150300,310,2,2,2,1,1,1,25,92,1,0,1,3,1
200500041434,5,7,19,800,1,2,1,1,6,358,4371800,159500,310,4,2,2,0,4,1,0,68,1,0,1,0,0
200500041436,5,7,17,100,3,1,1,1,6,341,4374400,126400,310,3,2,2,0,0,1,0,60,1,0,1,0,1
200500041441,5,7,10,2245,5,2,1,1,5,433,4353500,140800,310,3,3,3,0,1,1,10,103,1,0,1,0,1
200500041443,5,7,26,1200,1,2,1,1,1,446,4355100,147500,310,3,3,2,3,1,1,0,70,1,0,1,0,0
200500041444,5,7,30,1215,1,2,3,1,3,446,4355600,147000,310,3,2,0,0,1,1,0,80,1,0,1,0,0
200500041446,5,7,22,1800,1,2,9,7,3,182,4369300,140500,310,2,3,2,3,1,1,0,0,1,0,1,0,0
200500041447,5,7,27,1845,1,2,1,1,1,91,4374200,141200,310,3,3,2,3,1,3,0,105,1,5,1,0,0
200500041448,5,7,4,900,1,2,1,2,6,273,4369600,150100,310,3,0,0,0,0,3,0,70,2,0,3,0,0
200500041453,5,7,2,1345,1,1,2,1,5,421,4349200,139500,310,3,2,2,0,1,1,0,71,1,4,1,0,1
200500041454,5,7,8,1145,1,1,1,1,1,395,4346100,126600,310,4,2,0,0,0,2,0,30,1,0,1,0,0
200500041457,5,7,24,1815,1,1,2,1,3,399,4336400,126900,310,3,2,2,0,1,1,0,75,0,5,1,0,0
200500041459,5,7,12,1900,1,1,1,1,1,247,4308300,66600,310,3,2,0,0,1,1,0,50,1,0,1,0,0
200500041460,5,7,3,1145,1,1,1,1,7,8,4335400,82800,310,3,2,0,0,2,1,0,60,1,0,1,0,0
200500041462,5,7,16,1400,1,1,1,1,7,154,4292800,80600,310,3,2,2,0,2,2,0,70,1,0,1,0,0
200500041463,5,7,2,1800,1,1,1,1,1,54,4334900,174800,310,3,2,0,0,1,1,61,56,1,0,1,0,0
200500041466,5,7,8,2230,3,1,1,1,6,534,4359600,172000,310,2,2,2,0,2,3,0,58,1,0,3,0,1
200500041471,5,7,20,1800,1,1,1,1,3,47,4291000,191000,90,3,2,2,0,0,1,0,35,1,5,1,0,0
200500041473,5,7,22,1445,1,1,1,1,1,314,4307800,178600,90,3,2,3,0,1,1,0,108,1,0,1,0,1
200500041476,5,7,19,1930,1,2,1,1,6,56,4428100,243000,120,2,0,2,0,0,1,0,60,1,0,1,0,0
200500041477,5,7,21,1715,1,1,1,1,1,157,4439300,270500,120,2,2,2,0,1,3,0,75,1,0,1,0,1
200500041478,5,7,18,1415,1,1,1,1,1,57,4420400,252700,120,3,2,2,0,0,1,0,80,1,0,1,0,0
200500041480,5,7,9,1900,1,1,1,1,1,199,4441100,230800,120,3,2,0,0,0,3,0,70,1,0,1,0,0
200500041481,5,7,24,200,3,1,1,1,6,96,4451000,274000,120,3,2,2,0,2,2,0,68,1,0,3,0,0
200500041483,5,7,19,1145,1,1,1,1,1,82,4394100,331100,120,3,2,2,0,2,1,0,56,9,0,1,0,1
200500041484,5,7,29,730,1,1,1,1,6,70,4417400,312200,120,3,2,2,0,1,1,0,60,1,0,3,0,0
200500041485,5,7,17,1500,1,1,1,1,6,62,4416200,289700,120,3,2,0,0,2,3,0,70,1,0,3,0,0
200500041487,5,7,22,2130,2,1,1,1,1,270,4433200,311600,120,3,2,1,0,1,0,0,60,1,0,1,0,0
200500041488,5,7,23,1315,1,1,2,1,3,123,4433700,303300,120,2,2,1,0,1,2,0,89,1,0,1,0,0
200500041489,5,7,27,1800,1,1,1,1,1,123,4432800,303400,120,4,0,0,0,1,0,0,26,9,0,0,0,0
200500041490,5,7,6,700,1,2,1,1,3,208,4396200,288400,120,3,2,2,0,1,1,0,73,1,0,1,0,0
200500041491,5,7,26,1815,1,2,1,1,1,208,4396200,288100,120,3,2,2,0,1,1,0,74,1,0,1,0,0
200500041492,5,7,20,2045,2,1,1,1,1,154,4385500,283800,120,4,2,1,0,1,2,0,29,1,0,1,0,0
200500041493,5,7,24,630,1,1,1,1,7,69,4387800,266300,120,3,2,0,0,1,1,0,74,1,0,3,0,1
200500041494,5,7,15,1400,1,2,3,1,3,300,4433900,203400,120,3,2,2,0,1,1,0,0,1,0,1,0,0
200500041500,5,7,22,1545,1,1,1,7,6,418,4345300,87200,320,3,2,2,0,1,1,0,55,1,0,1,0,0
200500041501,5,7,6,745,1,1,1,1,3,25,4386500,2300,320,3,2,2,0,1,1,0,54,1,0,1,0,0
200500041502,5,7,8,1130,1,2,1,1,6,296,4376200,3300,320,4,2,2,0,1,2,0,60,1,0,1,0,0
200500041509,5,7,4,1300,1,1,1,1,1,395,4401000,66000,320,2,2,2,0,0,1,75,0,1,0,1,0,0
200500041513,5,7,10,700,1,2,1,1,7,256,4352700,39600,320,4,2,0,0,1,1,0,32,1,0,1,0,0
200500041514,5,7,20,1815,1,1,1,1,5,393,4349500,36000,320,2,2,2,0,0,1,0,75,1,0,1,0,1
200500041515,5,7,17,1400,1,2,1,1,3,252,4343700,30800,320,2,2,2,0,1,1,0,68,1,0,1,0,0
200500041516,5,7,20,2230,3,1,1,1,6,342,4350000,16500,320,4,2,2,0,1,1,0,40,1,0,3,0,0
200500041517,5,7,12,1400,1,1,2,1,3,109,4365000,10500,320,3,2,2,0,2,1,0,53,1,0,1,0,1
200500041518,5,7,16,2000,1,1,1,1,1,219,4369900,15400,320,3,2,2,0,2,3,0,55,1,0,1,0,0
200500041519,5,7,9,1845,1,1,1,8,5,102,4460800,205500,460,2,2,2,0,2,2,0,72,2,0,1,0,0
200500041521,5,7,31,900,1,1,1,1,6,219,4463500,141300,460,3,2,0,0,0,2,0,64,1,0,0,0,0
200500041523,5,7,26,1520,1,1,1,1,1,16,4493400,158200,460,3,2,2,0,0,4,0,64,1,0,1,0,1
200500041524,5,7,16,700,1,1,1,2,1,340,4328300,10800,650,3,2,2,0,1,4,0,60,2,0,1,0,0
200500041525,5,7,4,1645,1,2,1,1,3,128,4318500,35500,650,3,2,2,0,1,2,0,55,1,0,1,0,0
200500041527,5,7,22,630,3,1,1,1,7,153,4323700,18800,650,3,2,0,0,0,1,0,0,1,0,0,0,1
200500041529,5,7,4,1300,1,1,1,1,7,192,4280100,1600,650,3,2,2,0,1,2,0,90,1,0,1,0,0
200500041530,5,7,1,1745,1,1,1,1,3,363,4312600,43200,650,3,2,0,0,1,1,0,76,1,0,1,0,0
200500041531,5,7,4,1400,1,2,1,2,3,363,4311500,43900,650,2,2,2,0,0,3,0,67,2,0,1,0,1
200500041532,5,7,15,1745,1,1,3,1,3,363,4312200,42800,650,2,2,2,0,1,1,0,90,1,5,1,0,1
200500041533,5,7,17,1830,1,1,1,1,1,388,4283500,31000,650,4,0,2,0,2,1,0,63,1,0,1,0,0
200500041536,5,7,10,1745,2,1,1,3,5,140,4371000,178000,810,3,2,2,0,1,1,0,53,2,2,1,0,0
200500041537,5,7,13,1145,1,1,1,1,1,299,4365000,195000,810,3,2,2,0,1,1,0,0,1,0,1,0,0
200500041538,5,7,28,1530,1,1,1,1,3,140,4373100,176200,810,3,2,0,0,1,1,0,61,1,0,1,0,0
200500041539,5,7,19,1145,1,1,1,1,2,182,4371600,235700,810,3,2,0,0,2,2,0,59,1,0,1,0,0
200500041541,5,7,10,1345,1,1,1,1,3,106,4384000,169000,810,3,2,2,0,1,3,0,46,1,0,1,0,0
200500041542,5,7,3,1630,1,1,1,1,3,321,4353900,247200,810,3,2,0,0,3,2,0,41,1,0,1,0,0
200500041543,5,7,1,2300,3,1,1,1,2,2,4351600,233100,810,2,2,2,0,1,1,29,72,1,5,1,0,0
200500041544,5,7,11,630,2,1,1,1,7,238,4347900,250600,810,2,2,2,0,1,2,0,70,1,0,1,0,0
200500041545,5,7,31,1330,1,1,1,1,6,81,4348000,212000,810,3,2,2,0,1,1,0,59,1,0,3,0,0
200500041546,5,7,2,1815,1,1,1,1,6,219,4358100,200200,810,3,2,2,0,0,2,0,74,1,0,3,0,1
200500041547,5,7,3,1500,1,1,1,7,3,76,4357200,189100,810,3,2,0,0,0,1,0,68,1,0,1,0,1
200500041548,5,7,7,1100,1,1,1,1,7,162,4359000,181000,810,3,2,2,0,1,1,0,72,1,0,1,0,0
200500041551,5,7,2,1815,1,1,1,1,6,29,4427000,194500,820,4,2,2,0,1,3,0,43,1,0,3,0,0
200500041552,5,7,17,1530,1,2,1,1,6,38,4423800,176700,820,3,2,2,0,2,1,0,0,1,0,1,0,0
200500041553,5,7,23,1515,1,2,1,1,6,38,4423800,176900,820,9,1,0,0,0,1,0,50,1,0,1,0,0
200500041554,5,7,26,745,2,1,1,1,6,137,4427100,185800,820,3,2,2,0,3,1,0,67,1,0,3,0,0
200500041555,5,7,14,1100,1,1,2,1,3,36,4379300,95700,820,4,2,0,0,3,1,0,38,1,0,1,0,0
200500041567,5,7,4,1130,1,1,1,1,6,5,4380700,120700,820,3,2,0,0,1,1,0,0,1,0,1,0,0
200500041568,5,7,22,1700,1,2,1,1,7,62,4391600,121700,820,4,2,0,0,4,2,0,50,1,0,3,0,0
200500041570,5,7,29,2345,3,1,1,1,6,105,4391200,118500,820,3,2,2,0,1,1,0,68,1,0,3,0,0
200500041587,5,7,25,930,1,2,1,1,7,94,4574500,469200,690,6,0,0,0,0,1,0,0,1,0,0,0,0
200500041590,5,7,5,807,1,1,1,1,1,215,4602900,466100,690,3,2,2,1,3,1,0,34,1,0,1,0,0
200500041594,5,7,25,1800,1,2,2,1,3,165,4613900,464300,690,3,2,2,0,2,1,0,126,1,5,1,0,0
200500041603,5,7,2,1815,1,1,1,1,1,93,4605300,444300,690,3,2,0,0,0,2,0,60,1,0,1,0,0
200500041604,5,7,4,1545,1,1,1,1,6,107,4604900,448900,690,3,2,2,0,1,3,0,60,1,0,3,0,0
200500041606,5,7,28,1030,1,1,1,1,7,60,4609900,452700,690,3,2,2,0,2,1,0,50,1,0,1,0,0
200500041607,5,7,31,900,1,1,1,1,5,160,4616900,447400,690,3,2,2,0,1,3,0,60,1,0,1,0,1
200500041608,5,7,3,615,1,1,1,1,6,301,4625100,514300,10,2,2,0,0,1,1,0,71,1,0,1,0,0
200500041613,5,7,1,900,1,1,1,1,1,266,4632000,511200,10,3,2,2,0,1,3,0,55,1,0,1,0,1
200500041615,5,7,16,1945,1,1,1,1,3,375,4628500,512400,10,3,2,2,0,3,2,0,60,1,0,1,0,0
200500041619,5,7,29,2215,3,2,6,1,6,159,4633600,488800,10,3,2,2,0,1,2,60,0,2,0,1,0,1
200500041623,5,7,27,1945,1,1,1,1,1,22,4586100,568200,10,3,3,1,0,4,3,0,65,0,0,1,0,0
200500041632,5,7,28,1845,1,1,1,1,6,7,4600400,534300,10,2,2,2,0,1,1,0,105,1,0,1,0,0
200500041635,5,7,15,1,3,1,1,1,1,269,4616700,559500,10,2,2,2,0,1,1,0,70,1,0,1,0,1
200500041637,5,7,21,1800,1,2,1,1,6,313,4626600,609700,10,3,2,0,1,2,1,0,0,1,0,1,0,1
200500041644,5,7,25,1630,1,1,1,1,1,62,4588800,510800,10,4,2,1,0,1,3,0,35,1,0,0,0,0
200500041646,5,7,4,1030,1,2,1,3,3,389,4607500,489700,10,3,2,0,0,1,1,60,0,3,0,1,0,0
200500041647,5,7,12,715,1,1,1,1,2,83,4610300,486100,10,3,2,0,0,3,1,60,0,1,0,1,0,0
200500041657,5,7,12,800,1,1,1,1,6,240,4484600,481800,70,2,2,2,0,1,1,20,83,1,0,3,0,0
200500041659,5,7,3,2200,3,1,1,1,6,327,4452800,433900,70,3,2,2,0,1,1,0,62,1,0,0,0,1
200500041660,5,7,8,1315,1,1,1,1,1,117,4445100,422400,70,3,0,0,0,0,1,0,0,1,0,1,0,0