Num_Acc,an,mois,jour,hrmn,lum,agg,int,atm,col,com,lat,long,dep,catr,circ,nbv,vosp,prof,plan,lartpc,larrout,surf,infra,situ,env1,killed
200500041662,5,7,14,1400,1,1,1,1,3,224,4476500,415000,70,3,2,0,0,1,1,0,45,1,0,1,0,0
200500041663,5,7,15,945,1,1,1,1,7,130,4471500,401000,70,2,2,2,0,2,2,0,85,1,0,3,0,1
200500041664,5,7,25,1130,1,1,1,1,3,53,4440500,425200,70,3,2,2,0,1,3,0,58,1,0,1,0,1
200500041670,5,7,29,2015,1,1,1,9,1,212,4510500,440200,70,3,2,2,0,1,3,0,60,2,0,1,0,0
200500041673,5,7,15,1145,1,1,1,1,6,183,4470300,513000,260,3,2,2,0,1,3,0,100,1,0,1,0,1
200500041674,5,7,21,1200,1,2,1,1,2,108,4472900,501200,260,3,2,0,0,1,1,0,100,1,5,1,0,0
200500041675,5,7,4,1845,1,1,1,2,6,144,4474800,489100,260,3,2,0,0,1,2,0,70,2,0,3,0,0
200500041676,5,7,30,1830,1,1,1,1,1,144,4474200,491000,260,3,2,0,0,1,1,0,74,1,0,1,0,0
200500041678,5,7,8,1715,1,1,1,1,1,368,4470100,524400,260,3,2,0,0,1,3,0,83,1,0,1,0,0
200500041683,5,7,24,1530,1,1,1,1,3,326,4434000,479100,260,3,2,2,0,1,1,72,0,1,0,1,0,0
200500041684,5,7,24,1700,1,2,6,1,1,275,4436500,486400,260,3,2,0,0,1,1,0,58,1,0,1,0,0
200500041702,5,7,6,1145,1,2,1,2,6,320,4506400,524400,260,2,2,2,0,2,1,0,0,2,0,1,0,0
200500041703,5,7,7,1745,1,1,1,1,6,331,4505900,528100,260,3,2,0,0,1,1,0,0,1,0,3,0,0
200500041704,5,7,4,1430,1,2,1,1,6,325,4529700,481400,260,3,3,2,0,2,1,55,60,1,0,1,0,0
200500041710,5,7,1,2015,1,1,1,1,6,150,4520600,583700,380,3,2,2,0,1,3,0,0,1,5,1,0,0
200500041711,5,7,8,1545,1,1,1,1,5,175,4527300,591100,380,3,2,0,0,1,1,0,86,1,0,1,0,0
200500041714,5,7,17,1830,1,1,1,1,1,474,4522400,565000,380,3,2,2,0,1,1,0,0,1,0,1,0,0
200500041715,5,7,23,1830,1,1,1,1,1,548,4507800,554100,380,3,2,0,0,1,3,0,66,1,0,1,0,0
200500041717,5,7,13,845,1,1,1,1,5,565,4528000,562700,380,3,2,4,0,1,3,0,88,1,0,1,0,0
200500041718,5,7,28,1900,1,1,1,1,4,565,4530100,562900,380,3,3,3,0,2,3,0,36,1,0,1,0,0
200500041719,5,7,16,1530,1,1,1,1,3,299,4480100,591100,380,3,2,0,0,1,1,0,0,1,0,1,0,0
200500041720,5,7,10,1000,1,1,1,1,7,226,4481700,575000,380,3,2,2,0,0,3,69,0,1,0,0,0,0
200500041721,5,7,23,1715,1,2,1,1,6,321,4479100,569700,380,3,2,2,0,0,1,0,47,1,0,1,0,0
200500041723,5,7,27,1715,1,2,1,1,3,71,4507900,572700,380,3,2,2,0,1,1,0,70,1,0,1,0,0
200500041724,5,7,5,2230,5,2,2,1,3,559,4521400,540300,380,2,2,1,0,0,1,0,0,1,0,1,0,0
200500041725,5,7,9,1645,1,2,4,1,3,517,4530800,549000,380,2,2,2,0,3,3,0,75,1,5,1,0,0
200500041726,5,7,28,730,1,1,3,1,1,310,4525800,547300,380,3,2,2,0,0,1,0,51,1,0,1,0,0
200500041727,5,7,29,1115,1,2,1,1,3,517,4529500,548300,380,2,2,2,0,0,0,0,70,1,0,1,0,0
200500041728,5,7,3,1645,1,1,1,1,6,374,4564800,539300,380,3,2,1,0,1,1,0,0,1,0,1,0,0
200500041729,5,7,14,1800,1,2,1,1,6,455,4564700,530400,380,4,0,2,0,1,3,0,40,1,0,1,0,0
200500041730,5,7,5,1530,1,1,1,1,5,392,4568200,529600,380,3,2,0,0,1,1,51,0,1,0,1,0,0
200500041731,5,7,15,245,3,1,1,1,6,392,4568400,528300,380,4,2,1,0,1,1,0,43,1,0,0,0,0
200500041732,5,7,7,1415,1,2,1,1,6,13,4540200,550600,380,3,0,2,0,1,1,0,39,0,0,3,0,0
200500041735,5,7,8,1645,1,1,1,1,2,26,4582600,531200,380,3,2,2,0,2,1,0,70,1,0,1,0,0
200500041736,5,7,8,1835,1,2,1,1,6,135,4573000,540700,380,3,2,0,0,0,2,0,80,1,0,1,0,0
200500041738,5,7,11,1100,1,2,7,1,6,22,4564100,556600,380,6,0,0,0,1,0,0,0,9,0,0,0,0
200500041740,5,7,2,1715,1,1,1,1,1,372,4548000,567700,380,3,2,2,0,0,2,0,73,1,0,1,0,0
200500041741,5,7,22,500,5,2,1,1,6,357,4555900,552200,380,4,0,2,0,1,3,0,54,1,0,4,0,1
200500041743,5,7,15,1930,1,1,1,1,1,157,4551600,496400,380,3,2,1,0,1,1,0,73,1,5,1,0,0
200500041745,5,7,19,1445,1,1,1,1,3,324,4539900,502400,380,3,2,2,0,2,1,0,68,1,0,1,0,0
200500041746,5,7,25,1745,1,1,1,1,1,496,4536100,492600,380,3,2,2,0,1,1,0,50,0,0,1,0,0
200500041748,5,7,10,1,3,1,1,1,7,389,4556100,504700,380,4,2,1,0,4,4,0,0,1,0,1,0,0
200500041750,5,7,2,1530,1,1,1,1,3,197,4575800,511900,380,3,2,2,0,4,1,0,0,1,0,1,0,0
200500041751,5,7,15,1715,1,2,1,1,3,97,4578300,517500,380,3,2,0,0,4,3,0,50,1,5,1,0,0
200500041752,5,7,1,15,5,2,1,3,4,468,4535600,480300,380,2,3,2,0,1,1,10,90,2,0,1,0,0
200500041753,5,7,4,2030,1,1,1,1,1,349,4532300,479500,380,2,2,0,0,0,1,0,120,0,0,1,0,0
200500041754,5,7,8,1915,1,2,1,1,1,468,4535500,481100,380,9,2,0,0,0,1,0,0,1,0,1,0,0
200500041755,5,7,8,600,2,1,1,1,1,344,4540100,482900,380,3,2,2,0,1,1,0,60,1,5,1,0,0
200500041756,5,7,17,1330,1,1,1,7,7,556,4538700,484200,380,3,2,2,0,1,1,0,60,1,0,3,0,0
200500041760,5,7,7,830,1,1,1,1,2,329,4532800,452400,420,2,2,2,0,2,2,0,78,1,0,1,0,0
200500041761,5,7,6,1330,1,1,1,2,1,208,4554900,449700,420,3,2,2,0,0,1,60,0,2,0,1,0,0
200500041762,5,7,8,730,1,1,1,2,1,234,4551700,437700,420,3,2,0,0,2,3,0,66,2,0,1,0,1
200500041763,5,7,12,945,1,2,3,1,3,234,4553500,437600,420,3,2,2,0,0,2,0,70,1,0,1,0,0
200500041765,5,7,1,1215,1,2,1,1,1,5,4552700,427100,420,4,2,2,0,1,1,0,0,1,0,1,0,0
200500041766,5,7,5,1700,1,2,1,1,1,304,4553200,418400,420,3,2,2,0,1,1,0,0,1,0,1,0,0
200500041767,5,7,27,715,1,1,1,1,3,143,4579100,416900,420,3,2,2,0,1,1,0,54,1,0,1,0,1
200500041768,5,7,29,2000,1,1,1,2,3,202,4573300,431200,420,3,2,2,0,2,3,0,0,2,0,1,0,0
200500041769,5,7,30,1415,1,2,1,1,1,262,4540700,418900,420,4,2,2,0,1,3,0,66,1,0,1,0,0
200500041770,5,7,1,930,1,2,1,1,1,59,4564000,438400,420,3,2,2,0,2,0,0,0,1,0,1,0,0
200500041773,5,7,16,2228,3,1,1,1,7,191,4538900,467700,420,4,2,0,0,2,1,48,0,1,0,1,0,0
200500041777,5,7,13,430,3,1,1,1,2,128,4592000,431000,420,2,2,3,0,2,3,0,0,1,0,1,0,0
200500041788,5,7,6,545,2,1,1,1,3,213,4557500,596100,730,2,3,2,0,1,1,0,0,1,5,1,0,0
200500041790,5,7,3,1030,1,1,1,1,1,205,4551100,625300,730,3,2,0,0,0,4,0,0,1,0,1,0,0
200500041792,5,7,3,915,1,1,1,1,6,36,4575100,611500,730,3,2,0,0,1,1,0,61,1,0,1,0,1
200500041794,5,7,23,15,5,1,3,1,3,171,4550600,606700,730,2,0,3,3,1,1,54,80,1,5,1,0,0
200500041796,5,7,10,2145,3,1,1,1,1,229,4545900,578600,730,2,2,0,0,2,3,0,80,1,0,1,0,0
200500041797,5,7,19,1230,1,2,1,1,3,58,4553400,574300,730,3,2,2,0,2,1,0,50,1,0,0,0,0
200500041798,5,7,25,1845,1,1,1,1,1,226,4548200,573100,730,2,2,0,0,2,1,0,63,1,0,1,0,0
200500041799,5,7,5,1515,1,1,1,1,1,39,4556000,567600,730,3,2,2,0,1,1,0,62,1,0,1,0,0
200500041801,5,7,9,15,3,1,1,1,6,32,4562700,644800,730,2,3,4,0,1,1,0,120,1,0,1,0,1
200500041802,5,7,18,1200,1,1,2,1,3,124,4565400,635900,730,3,2,0,0,1,1,0,70,1,0,1,0,0
200500041803,5,7,31,2230,3,1,1,1,6,202,4567000,630000,730,3,2,0,0,2,4,0,70,1,0,1,0,0
200500041811,5,7,1,2300,3,1,1,1,6,320,4526600,638300,730,3,2,0,0,2,3,0,58,1,0,1,0,1
200500041813,5,7,24,1345,1,1,1,1,3,278,4539000,627700,730,2,2,2,0,1,2,0,70,1,3,1,0,0
200500041822,5,7,22,2330,5,2,1,1,2,242,4583900,616800,740,3,2,2,0,1,1,0,80,1,0,1,0,0
200500041836,5,7,21,1745,1,1,1,1,5,116,4604900,625800,740,2,2,2,0,1,1,0,60,1,0,1,0,0
200500041838,5,7,30,315,3,2,1,2,6,250,4606600,638400,740,3,2,2,0,1,1,0,53,2,0,1,0,0
200500041840,5,7,3,130,3,2,1,1,7,190,4608800,667500,740,3,2,2,0,0,2,0,72,1,0,1,0,1
200500041844,5,7,12,1645,1,2,1,1,6,243,4614300,607000,740,4,2,0,0,1,1,0,70,1,0,1,0,0
200500041849,5,7,27,915,1,2,1,1,6,40,4617200,632100,740,3,2,2,0,1,1,9,89,1,0,1,0,0
200500041850,5,7,9,1230,1,2,1,1,1,51,4603100,604900,740,4,0,0,0,2,2,0,41,1,0,1,0,0
200500041851,5,7,12,1500,1,1,1,1,1,6,4603800,610900,740,2,2,2,0,2,1,0,11,1,0,1,0,0
200500041852,5,7,18,1745,1,1,1,1,3,314,4610600,594800,740,2,2,2,0,1,0,0,0,1,0,1,0,0
200500041855,5,7,6,915,1,2,1,2,6,43,4628000,634000,740,3,2,2,0,1,2,0,66,2,0,3,0,0
200500041856,5,7,23,2015,1,2,1,1,3,105,4630200,630600,740,2,2,2,0,1,1,0,82,1,0,1,0,0
200500041857,5,7,12,1215,1,1,1,1,6,1,4629000,669000,740,3,2,2,0,2,2,0,0,1,0,3,0,0
200500041858,5,7,12,2030,2,1,1,1,1,63,4626000,684000,740,3,2,0,0,2,3,0,62,1,0,1,0,0
200500041859,5,7,15,1000,1,1,1,1,5,1,4629000,669000,740,3,2,0,0,1,1,0,0,1,0,1,0,0
200500041862,5,7,31,1000,1,1,1,1,6,127,4635800,656700,740,3,2,1,0,2,2,0,61,1,0,3,0,0
200500041865,5,7,11,1845,1,2,1,1,1,40,4572800,334000,630,3,2,2,0,0,1,0,70,1,0,1,0,0
200500041866,5,7,22,1915,1,1,1,1,6,155,4570200,344400,630,3,2,0,0,2,2,0,73,1,0,3,0,0
200500041867,5,7,9,615,1,1,1,8,3,305,4570400,280900,630,2,2,2,0,1,1,0,71,1,0,1,0,1
200500041868,5,7,11,2130,2,1,1,1,7,248,4574400,294200,630,3,2,0,0,3,2,0,70,1,0,3,0,0
200500041869,5,7,2,1815,1,1,1,1,7,472,4561700,326700,630,3,2,2,0,2,2,0,54,1,0,3,0,0
200500041870,5,7,19,1530,1,2,1,1,6,302,4570600,313800,630,3,2,2,0,1,1,0,92,1,6,1,0,0
200500041871,5,7,22,530,2,2,1,1,6,282,4562600,314900,630,3,2,1,0,1,3,0,50,1,0,1,0,0
200500041872,5,7,24,1315,1,1,1,1,1,120,4566900,319700,630,3,2,1,0,0,3,0,45,1,0,1,0,0
200500041873,5,7,21,1815,1,1,1,1,3,3,4552000,375000,630,3,2,2,0,0,1,0,69,1,5,1,0,0
200500041874,5,7,7,1900,1,1,1,8,7,207,4567300,364500,630,3,2,2,0,1,3,0,69,1,0,1,0,0
200500041875,5,7,16,2000,1,1,1,1,1,258,4569000,360000,630,3,2,0,0,1,2,0,113,1,0,1,0,0
200500041877,5,7,16,1500,1,1,1,1,3,465,4541800,390700,630,3,2,2,0,0,3,0,73,1,2,1,0,0
200500041878,5,7,21,1115,1,1,1,1,7,230,4556000,366000,630,3,2,1,0,1,1,0,69,1,0,1,0,0
200500041879,5,7,6,1445,1,2,1,1,6,109,4555800,315100,630,3,0,0,0,0,0,0,0,0,0,0,0,0
200500041880,5,7,14,145,5,2,1,1,7,178,4554000,323000,630,3,2,2,0,1,1,0,76,1,0,1,0,0
200500041882,5,7,15,1030,1,1,1,1,1,190,4553400,255700,630,3,2,2,0,1,1,0,58,1,0,1,0,0
200500041885,5,7,7,2245,3,1,1,1,7,12,4600600,316000,630,3,2,2,0,1,1,0,80,1,0,1,0,0
200500041886,5,7,10,1215,1,1,1,1,1,93,4599900,303200,630,3,2,2,0,1,3,0,52,1,0,1,0,0
200500041890,5,7,29,715,1,1,1,8,1,55,4584700,279900,630,3,2,2,0,2,3,0,72,2,0,3,0,0
200500041891,5,7,30,1015,1,1,1,1,6,428,4611500,283200,630,3,2,2,0,2,1,0,53,1,0,3,0,0
200500041892,5,7,30,2030,1,2,2,1,1,125,4575900,354500,630,3,2,0,0,1,1,0,59,1,0,1,0,0
200500041894,5,7,8,800,1,2,3,1,1,180,4586700,330300,630,3,2,2,0,1,1,0,60,1,0,1,0,0
200500041895,5,7,18,1045,1,2,1,1,6,271,4593100,350000,630,3,2,2,0,1,1,0,70,1,0,1,3,0
200500041896,5,7,21,415,3,1,1,1,2,86,4648300,388400,30,2,2,2,0,1,1,0,107,1,0,1,0,1
200500041897,5,7,12,800,1,1,1,1,2,283,4654000,357100,30,2,2,2,0,1,1,0,73,1,0,2,0,0
200500041899,5,7,8,1645,1,1,1,1,3,83,4634900,329900,30,3,2,2,0,0,1,0,60,1,0,1,0,0
200500041900,5,7,16,2030,1,2,1,1,3,149,4631400,325000,30,4,2,0,0,1,1,0,35,1,0,1,0,0
200500041902,5,7,8,1530,1,1,1,1,1,92,4644000,317000,30,2,2,2,0,2,1,0,71,1,0,1,0,0
200500041903,5,7,8,430,3,1,6,2,7,136,4630600,243100,30,2,2,2,0,4,3,0,48,2,0,0,0,0
200500041904,5,7,9,45,3,1,1,8,7,301,4641400,258800,30,3,2,2,0,1,3,0,56,2,0,3,0,0
200500041905,5,7,12,1930,1,2,1,1,2,128,4637600,248000,30,3,2,0,0,0,1,0,54,1,0,1,0,0
200500041907,5,7,9,930,1,1,1,2,6,60,4615600,338800,30,4,2,2,0,1,1,0,43,2,0,3,0,0
200500041910,5,7,21,345,3,1,1,1,7,164,4615700,322700,30,2,2,2,0,1,1,0,120,1,0,3,0,0
200500041911,5,7,22,2015,1,2,1,1,3,220,4615000,314100,30,4,2,0,0,2,1,0,50,1,0,1,0,0
200500041914,5,7,16,1915,1,1,1,1,2,165,4605900,368700,30,3,2,2,0,2,1,0,56,1,0,1,0,0
200500041915,5,7,5,1830,1,1,1,1,3,236,4619700,344300,30,3,2,2,0,0,3,0,0,1,0,1,0,0
200500041918,5,7,7,745,1,1,1,1,5,167,4479300,220600,150,2,3,3,0,1,1,34,71,1,0,1,0,0
200500041922,5,7,11,1215,1,2,2,1,3,92,4544600,252600,150,4,2,2,0,1,1,0,49,1,0,1,0,0
200500041923,5,7,14,1815,1,1,1,1,1,5,4499100,316500,150,3,2,2,0,1,1,0,79,1,0,1,0,0
200500041926,5,7,27,1345,1,1,1,1,1,152,4506600,381500,430,4,2,2,0,2,4,0,40,1,0,1,0,0
200500041927,5,7,29,2230,3,1,1,1,5,18,4499600,374500,430,3,2,2,0,3,1,0,74,1,0,0,0,0
200500041928,5,7,29,1815,1,1,1,1,7,174,4500000,384500,430,4,0,0,0,1,1,0,45,9,0,0,0,0
200500041929,5,7,30,1245,1,1,6,1,1,18,4501400,380400,430,3,1,2,0,1,0,0,0,1,5,1,0,0
200500041933,5,7,31,1615,1,1,1,1,2,230,4517400,392600,430,3,2,2,0,1,1,0,60,1,0,1,0,0
200500041934,5,7,5,1615,1,2,1,1,3,234,4496400,354300,430,4,2,2,0,1,1,0,80,1,0,1,0,0
200500041935,5,7,19,1945,1,1,1,1,3,234,4495600,355500,430,3,2,2,0,2,2,0,76,9,0,1,0,0
200500041936,5,7,13,1430,1,1,1,1,3,216,4514700,378900,430,3,0,0,0,0,3,0,70,1,0,1,0,0
200500041937,5,7,29,1530,1,1,1,1,7,152,4509600,380700,430,2,2,2,0,1,1,0,80,1,0,1,0,1
200500041939,5,7,1,1030,1,2,1,1,6,262,4526900,340500,430,4,2,0,0,1,2,0,0,1,0,1,0,0
200500041940,5,7,12,1615,1,1,1,1,7,96,4529400,341300,430,4,2,0,0,1,2,0,0,1,0,1,0,1
200500041941,5,7,22,1200,1,1,1,1,6,178,4532000,355100,430,3,2,2,0,2,2,73,0,9,0,1,0,0
200500041942,5,7,8,2100,1,1,1,1,7,16,4539600,337800,430,3,2,2,0,2,3,0,72,1,0,1,0,0
200500041944,5,7,23,1030,1,1,3,1,3,268,4516200,413300,430,3,2,2,0,1,1,0,63,1,0,1,0,0
200500041949,5,7,31,1615,3,1,1,1,2,227,4530600,431700,430,3,0,0,0,1,3,70,0,1,0,1,0,0
200500041950,5,7,30,1000,1,2,1,1,6,177,4531100,427900,430,4,0,0,0,0,1,70,0,1,6,1,0,0
200500041955,5,7,13,1630,1,2,1,1,6,32,4908100,607500,570,4,2,2,0,0,0,0,0,1,0,1,0,0
200500041956,5,7,16,1645,1,2,1,1,7,443,4921600,610800,570,6,1,0,0,1,1,0,0,1,0,1,3,0
200500041963,5,7,29,2030,5,2,1,8,3,136,4930500,644200,570,3,0,2,0,0,1,0,0,2,0,1,0,0
200500041966,5,7,14,945,1,1,1,1,5,397,4875200,664000,570,3,2,2,0,0,0,0,80,1,0,1,0,1
200500041967,5,7,18,1930,1,2,1,1,6,61,4914200,683400,570,3,2,2,0,1,4,0,70,1,0,4,0,0
200500041972,5,7,27,730,1,2,9,1,3,244,4871000,724000,570,4,0,0,0,2,3,0,30,1,0,1,0,0
200500041973,5,7,10,1845,1,2,1,1,1,589,4905200,726500,570,2,2,2,0,2,2,0,105,1,0,1,0,0
200500041986,5,7,7,2030,2,1,1,3,6,462,4859200,634500,540,3,2,2,0,1,2,0,72,2,0,3,0,0
200500041996,5,7,17,1015,1,1,1,7,1,77,4848800,693800,540,3,2,0,0,2,4,0,0,1,0,1,0,0
200500041997,5,7,17,2145,5,2,1,1,6,288,4873500,584300,540,3,2,2,0,2,3,0,0,1,0,1,0,0
200500041998,5,7,23,100,5,2,1,1,6,496,4853300,581000,540,3,2,2,0,3,2,0,66,1,0,4,0,0
200500042000,5,7,1,2115,2,2,1,1,2,366,4881900,508400,550,3,2,0,0,2,1,0,60,2,0,1,0,0
200500042002,5,7,15,1900,1,2,2,1,3,369,4880100,521800,550,4,2,0,0,0,1,0,40,1,0,1,0,0
200500042004,5,7,19,1530,1,1,9,1,4,10,4864200,500700,550,2,3,0,0,1,1,12,32,1,0,1,0,0
200500042005,5,7,4,1430,1,1,1,2,6,44,4887100,530700,550,3,2,0,0,2,4,0,51,2,0,1,0,0
200500042006,5,7,10,400,5,2,7,1,6,463,4889500,554300,550,3,2,2,0,1,2,0,0,1,0,4,0,1
200500042009,5,7,5,1645,1,1,1,1,7,60,4910000,558700,550,3,2,2,0,2,3,0,45,1,0,1,0,0
200500042011,5,7,18,700,2,1,1,1,3,388,4817300,641600,880,3,2,2,0,1,1,0,0,1,0,1,0,0
200500042012,5,7,4,1800,1,1,1,1,3,261,4819800,669500,880,3,0,2,0,1,2,0,70,1,4,1,0,0
200500042013,5,7,6,345,3,1,9,1,6,262,4817200,677700,880,3,2,2,0,1,3,0,60,1,2,1,0,1
200500042014,5,7,6,1815,1,2,1,1,6,90,4837700,629500,880,3,2,2,0,1,1,0,75,1,0,1,0,0
200500042015,5,7,28,1230,1,2,7,1,2,124,4809100,604600,880,3,2,1,0,2,2,0,133,1,0,1,0,0
200500042016,5,7,31,1515,1,1,1,1,6,310,4802200,593200,880,3,2,1,0,0,1,84,59,1,0,0,0,1
200500042019,5,7,2,500,2,1,1,1,3,465,4824500,641200,880,2,3,2,0,2,1,0,130,1,0,1,0,0
200500042022,5,7,3,2015,1,2,7,1,3,481,4810600,640000,880,3,2,1,0,0,4,0,60,1,0,1,0,0
200500042023,5,7,17,1545,1,2,1,1,1,484,4811100,635400,880,4,0,0,0,3,2,0,32,1,0,1,0,0
200500042029,5,7,27,1430,1,2,1,1,2,321,4836100,569300,880,2,2,2,0,0,1,109,54,1,0,1,0,0
200500042030,5,7,23,2200,3,1,2,1,1,496,4822500,580300,880,3,2,2,0,0,0,0,0,0,0,0,0,0
200500042033,5,7,3,845,1,1,1,1,7,487,4795200,646000,880,2,2,2,0,1,3,0,80,1,0,3,0,0
200500042035,5,7,24,915,1,2,1,8,1,115,4817600,686600,880,3,2,0,0,1,0,0,0,2,5,1,0,0
200500042040,5,7,2,330,5,2,1,1,6,216,4836300,758000,670,3,2,0,0,1,3,0,0,1,0,1,3,0
200500042041,5,7,20,930,1,1,6,1,1,28,4838000,759400,670,3,2,2,0,1,1,0,68,1,5,1,0,0
200500042042,5,7,26,645,1,2,7,1,1,246,4834100,754600,670,3,2,2,0,1,0,0,65,1,0,1,0,0
200500042045,5,7,27,1400,1,2,1,1,3,286,4845200,754600,670,3,2,0,0,1,1,0,82,1,5,1,0,0
200500042046,5,7,8,830,1,1,1,2,1,112,4854800,757600,670,3,2,2,0,1,1,0,76,2,0,1,0,0
200500042047,5,7,19,2045,2,1,1,1,3,101,4853100,747400,670,3,2,2,0,1,1,0,73,1,0,1,0,0
200500042056,5,7,9,1645,1,2,1,1,5,302,4875600,738500,670,4,2,2,0,1,1,0,0,1,4,1,0,0
200500042057,5,7,13,1815,1,2,1,1,1,437,4874400,736900,670,4,2,3,0,4,1,0,0,1,5,1,0,0
200500042066,5,7,29,1100,1,1,1,1,1,434,4895000,707000,670,2,2,2,0,2,1,0,76,1,0,1,0,0
200500042071,5,7,4,1830,1,2,1,1,7,205,4870900,777800,670,9,2,2,0,1,0,0,58,9,0,4,0,0
200500042072,5,7,19,815,1,1,1,1,3,445,4829500,742200,670,4,2,0,0,1,0,0,33,1,0,1,0,0
200500042073,5,7,19,1630,1,2,1,1,1,281,4816900,754400,670,9,2,2,0,1,1,0,45,1,0,1,0,0
200500042074,5,7,3,1930,1,1,1,1,7,477,4837100,722300,670,3,2,2,0,3,1,0,60,1,0,3,0,0
200500042075,5,7,10,2030,1,2,1,3,6,63,4837100,729200,670,4,2,0,0,2,1,38,0,2,0,1,0,0
200500042077,5,7,1,800,1,1,1,1,1,463,4892000,812400,670,3,2,2,0,1,3,0,71,2,0,1,0,0
200500042079,5,7,10,1330,1,2,1,1,3,44,4817900,711300,680,3,2,2,0,1,1,0,60,1,0,1,0,0
200500042081,5,7,31,1550,1,1,1,1,2,44,4817500,712900,680,2,2,3,0,1,1,0,0,1,0,1,0,0
200500042082,5,7,31,1800,1,1,1,1,2,249,4812400,714600,680,3,2,2,0,1,1,0,60,1,0,1,0,0
200500042083,5,7,26,1715,1,2,1,1,2,226,4804500,714600,680,3,2,0,0,1,1,0,66,1,0,1,0,0
200500042085,5,7,28,1545,1,1,1,1,6,157,4812800,746300,680,3,2,2,0,1,2,0,57,1,0,3,0,1
200500042086,5,7,9,1715,1,1,4,1,3,26,4814700,732600,680,3,2,2,0,1,2,0,61,1,0,1,0,0
200500042087,5,7,7,2345,5,2,1,2,6,374,4807300,731000,680,2,4,3,0,1,1,0,0,2,5,1,0,1
200500042088,5,7,3,1945,1,2,1,1,1,17,4762800,716200,680,3,2,3,0,1,3,0,0,1,5,1,0,0
200500042091,5,7,14,30,3,1,1,1,7,192,4763300,703900,680,3,2,2,0,2,1,0,70,1,0,3,0,0
200500042092,5,7,8,930,3,1,1,1,6,35,4747400,744400,680,3,2,2,0,1,3,0,80,6,0,3,0,0
200500042093,5,7,26,1500,1,1,1,1,6,257,4750600,716100,680,3,2,2,0,1,3,0,80,1,0,3,0,0
200500042094,5,7,2,1730,1,2,2,1,6,82,4787800,734700,680,9,0,0,0,1,1,0,60,1,0,1,0,0
200500042095,5,7,8,1600,1,1,2,1,1,266,4791000,738200,680,3,2,2,0,1,3,0,70,1,0,1,0,1
200500042096,5,7,11,1415,1,1,1,1,1,266,4791000,738100,680,3,2,2,0,1,2,0,70,1,0,0,0,1
200500042097,5,7,28,1530,1,1,1,1,6,82,4784300,734400,680,3,2,2,0,1,1,0,69,1,0,3,0,0
200500042100,5,7,15,1115,1,1,1,1,3,88,4785100,727900,680,3,2,0,0,1,1,0,75,1,0,1,0,0
200500042101,5,7,28,2015,1,2,1,1,1,43,4786400,726000,680,3,2,0,1,0,3,0,65,1,5,5,0,0
200500042102,5,7,13,1000,1,1,1,1,7,300,4778300,741600,680,3,2,2,0,1,1,0,73,1,0,1,0,1
200500042103,5,7,12,800,1,1,1,1,1,154,4777700,739000,680,3,3,0,0,1,1,80,0,1,0,1,0,0
200500042104,5,7,12,530,1,2,2,1,1,154,4778500,734300,680,3,2,2,2,4,1,70,0,1,0,1,0,0
200500042105,5,7,24,1530,1,1,1,2,6,144,4776700,750200,680,3,2,2,0,0,3,0,62,2,0,0,0,0
200500042106,5,7,4,1500,1,2,1,1,3,120,4753800,748700,680,3,2,0,0,1,1,0,70,1,0,1,0,0
200500042107,5,7,24,415,3,1,1,1,1,263,4759500,742400,680,3,2,2,0,2,3,0,72,1,0,1,0,0
200500042108,5,7,4,1415,1,2,1,3,2,334,4782100,708700,680,2,4,3,0,1,1,24,98,2,5,1,0,0
200500042109,5,7,8,1245,1,2,1,1,6,40,4783000,708000,680,2,2,1,0,1,1,0,0,1,0,1,0,0
200500042112,5,7,30,100,5,1,1,2,1,201,4777600,700300,680,3,2,2,2,1,2,0,69,2,0,1,0,0
200500042115,5,7,12,1900,1,2,1,1,3,559,4912800,453900,510,9,2,0,0,1,1,0,67,2,0,1,0,0
200500042116,5,7,14,2015,1,2,1,1,3,559,4912700,454600,510,3,2,2,0,1,1,0,66,1,0,1,0,0
200500042117,5,7,31,1715,1,2,1,1,1,411,4896200,401500,510,3,2,0,0,1,1,0,43,1,0,1,0,0
200500042118,5,7,18,1245,1,1,1,1,1,248,4875600,401700,510,2,0,2,0,0,1,0,72,1,0,1,0,1
200500042119,5,7,29,2030,1,1,9,1,7,377,4871700,413800,510,4,2,2,0,0,0,0,51,2,0,1,0,0
200500042120,5,7,7,445,3,1,1,1,6,386,4880200,354100,510,3,2,1,0,1,3,0,54,1,0,3,0,0
200500042121,5,7,13,1445,1,2,1,1,3,264,4881100,357200,510,3,2,2,0,1,3,0,49,1,0,1,0,1
200500042123,5,7,25,1,2,2,1,1,6,381,4892900,380600,510,3,0,2,0,0,1,80,0,1,0,1,0,0
200500042124,5,7,13,1500,1,2,1,1,1,535,4872600,370300,510,4,2,0,0,1,1,0,70,1,0,1,0,0
200500042125,5,7,14,1315,1,2,1,1,6,535,4872300,372900,510,4,2,2,0,1,1,0,90,1,0,1,0,0
200500042126,5,7,25,1515,1,2,1,1,6,234,4855900,365200,510,3,2,2,0,1,3,0,55,1,0,1,0,0
200500042127,5,7,30,1130,1,1,1,1,6,237,4872400,354300,510,2,2,2,0,0,2,0,70,1,0,3,0,0
200500042128,5,7,31,630,1,1,1,1,6,237,4871300,347300,510,2,2,2,0,1,1,0,70,1,0,3,0,1