Num_Acc,an,mois,jour,hrmn,lum,agg,int,atm,col,com,lat,long,dep,catr,circ,nbv,vosp,prof,plan,lartpc,larrout,surf,infra,situ,env1,killed
200500042129,5,7,21,2000,1,2,1,1,6,379,4931600,380100,510,9,0,0,0,2,0,0,0,1,0,4,0,1
200500042130,5,7,6,230,3,1,1,2,6,466,4918100,377600,510,3,2,2,0,1,1,0,0,2,0,1,0,0
200500042131,5,7,16,1700,1,1,1,1,7,69,4919000,384800,510,3,2,2,0,1,3,0,65,1,0,1,0,0
200500042132,5,7,19,1400,1,1,1,1,1,69,4920200,386400,510,3,2,2,0,1,1,0,65,1,0,1,0,1
200500042133,5,7,14,1615,1,1,2,1,2,287,4909500,397300,510,2,2,2,0,3,1,0,71,1,0,3,0,0
200500042139,5,7,15,815,1,2,1,1,6,531,4878700,490800,510,3,2,2,0,1,1,0,0,1,0,3,0,0
200500042140,5,7,19,1945,1,1,1,1,3,274,4907000,478000,510,2,2,0,0,0,1,0,80,1,0,1,0,0
200500042141,5,7,28,1115,1,2,1,1,6,53,4917000,479500,510,3,2,2,0,1,4,0,0,1,0,3,0,0
200500042142,5,7,31,1445,1,1,1,1,6,515,4906100,458500,510,3,2,0,0,0,1,0,61,1,0,3,0,0
200500042145,5,7,13,1245,1,1,1,1,1,469,4959600,481500,80,3,2,2,0,1,1,0,60,1,0,0,0,0
200500042149,5,7,17,1815,1,2,1,1,7,69,4977700,423600,80,3,2,1,0,4,1,0,0,1,0,1,0,0
200500042150,5,7,2,1515,1,2,1,2,6,153,4970000,510800,80,3,2,0,0,0,3,0,48,2,0,3,0,0
200500042151,5,7,9,1545,1,2,1,1,1,53,4967700,498300,80,3,2,2,0,0,1,0,0,1,0,1,0,0
200500042152,5,7,12,800,1,1,1,1,3,336,4966200,514000,80,2,2,2,0,4,1,0,75,1,0,1,0,0
200500042153,5,7,27,2115,2,2,2,1,3,83,4966800,508500,80,3,2,2,0,1,1,0,56,1,5,0,0,0
200500042154,5,7,2,1700,1,1,1,1,6,119,4967200,486700,80,3,2,2,0,2,2,0,39,1,0,3,0,1
200500042155,5,7,9,2000,1,1,1,1,7,123,4946500,463200,80,3,2,0,0,1,3,0,60,1,0,0,0,0
200500042156,5,7,4,1845,1,1,1,1,6,333,4935100,478500,80,3,2,2,0,3,1,0,58,1,0,1,0,0
200500042159,5,7,28,1015,1,2,1,1,6,362,4951500,436700,80,4,2,2,0,1,1,67,100,1,0,1,0,0
200500042160,5,7,12,1515,1,1,1,1,6,46,4957500,413600,80,3,2,2,0,2,2,59,0,1,0,3,0,0
200500042161,5,7,13,2215,1,1,1,1,6,340,4942800,410000,80,3,2,2,0,1,1,52,0,1,0,4,0,0
200500042162,5,7,19,1830,1,1,1,1,6,467,4958100,455900,80,3,2,0,0,2,1,0,72,1,0,3,0,0
200500042165,5,7,22,1715,1,2,1,1,3,84,4841000,417000,100,3,2,2,0,1,1,0,60,1,0,1,0,0
200500042169,5,7,12,1830,1,1,2,7,6,100,4820000,421000,100,3,2,0,0,1,4,0,60,1,0,1,0,0
200500042170,5,7,2,1800,1,1,1,1,7,61,4836200,439700,100,3,2,2,0,1,2,0,55,1,0,1,0,0
200500042172,5,7,9,1230,1,2,1,1,2,33,4823200,470000,100,3,2,2,0,0,3,0,0,1,0,1,0,0
200500042175,5,7,2,830,1,2,1,8,6,181,4811500,430800,100,3,2,2,0,2,1,0,78,2,0,4,0,0
200500042177,5,7,10,530,1,1,1,1,7,331,4815100,423200,100,3,0,2,0,1,0,0,60,1,0,1,0,0
200500042178,5,7,28,1630,1,1,1,1,7,317,4797800,442000,100,3,2,0,0,1,1,55,55,1,0,1,0,1
200500042180,5,7,4,1145,1,2,2,3,3,280,4848600,373000,100,3,2,2,0,1,1,0,70,2,5,1,0,1
200500042186,5,7,21,2230,3,1,1,1,6,472,4820000,502400,520,3,2,2,0,0,3,0,50,1,0,1,0,0
200500042189,5,7,4,815,1,1,1,1,6,60,4794100,576800,520,3,2,2,0,1,2,0,59,1,0,3,0,1
200500042190,5,7,13,1915,1,1,1,1,6,348,4791900,541500,520,3,2,2,0,1,1,0,65,1,0,3,0,0
200500042191,5,7,18,1245,1,1,1,2,3,120,4798300,543000,520,3,0,2,0,1,1,0,50,2,0,1,0,0
200500042192,5,7,23,1600,1,1,1,1,2,332,4801200,548600,520,3,2,2,0,1,1,0,89,1,0,1,0,0
200500042193,5,7,4,1345,1,1,4,1,3,354,4779400,536400,520,3,2,2,0,1,2,0,76,1,0,1,0,0
200500042194,5,7,24,500,3,1,1,2,6,292,4781400,532200,520,2,2,2,0,0,1,0,70,2,0,3,0,0
200500042195,5,7,1,1215,1,2,1,1,6,182,4860100,487300,520,3,2,2,0,0,1,0,69,1,0,1,0,0
200500042197,5,7,16,1915,1,2,1,1,6,411,4849500,469800,520,3,2,2,0,1,1,0,50,1,0,3,0,0
200500042201,5,7,14,30,3,1,1,1,1,28,4720000,538100,210,3,2,2,0,1,3,0,64,1,0,1,0,0
200500042202,5,7,15,500,2,2,1,1,6,609,4721200,529400,210,2,2,2,0,1,1,0,0,1,0,4,0,0
200500042203,5,7,31,330,5,2,1,1,6,609,4721200,528900,210,2,2,2,0,1,1,0,70,1,0,3,0,0
200500042205,5,7,22,1645,1,1,3,1,3,556,4731400,536600,210,3,2,2,0,1,1,27,103,1,5,1,0,1
200500042207,5,7,25,1545,1,1,1,1,2,211,4757000,515300,210,3,2,0,0,1,1,0,0,1,0,1,0,0
200500042208,5,7,6,1815,1,1,1,8,7,679,4731800,468700,210,3,2,2,0,1,1,0,70,1,0,3,0,0
200500042212,5,7,24,1730,1,1,1,1,3,684,4702500,487600,210,3,2,2,0,1,1,0,0,1,0,1,0,0
200500042213,5,7,10,1715,1,1,1,1,6,715,4711000,440300,210,2,2,2,0,1,1,0,72,1,0,1,0,0
200500042214,5,7,15,1715,1,1,1,1,1,630,4726200,451200,210,4,2,0,0,1,1,0,41,1,0,1,0,0
200500042216,5,7,31,1815,1,1,1,8,1,154,4786900,461800,210,4,2,1,0,2,1,0,43,1,0,1,0,1
200500042217,5,7,12,1530,1,1,1,1,5,259,4758800,442200,210,3,2,0,0,1,1,0,68,1,0,1,0,0
200500042218,5,7,16,1015,1,2,1,1,6,425,4762700,434000,210,9,1,0,0,1,1,0,0,1,0,1,0,0
200500042219,5,7,27,1015,1,2,1,1,1,425,4763200,434200,210,4,2,2,0,1,1,0,0,1,0,1,0,0
200500042220,5,7,27,1030,1,1,1,1,7,429,4757400,433800,210,3,2,2,0,1,1,0,99,1,0,1,0,0
200500042221,5,7,25,1845,1,2,2,1,3,24,4745000,449600,210,4,1,2,0,2,1,0,50,1,0,1,0,0
200500042222,5,7,20,1130,1,1,1,1,3,560,4739800,437300,210,3,2,2,0,1,1,0,0,1,0,1,0,0
200500042223,5,7,4,900,1,2,1,3,6,95,4683000,345200,580,3,2,2,0,1,1,0,64,2,0,4,0,1
200500042224,5,7,8,2045,1,2,1,1,6,250,4684500,343600,580,2,2,2,0,1,1,70,0,1,0,1,0,1
200500042225,5,7,4,745,1,1,1,8,3,232,4701500,340600,580,9,2,2,0,1,3,0,38,1,0,1,0,0
200500042226,5,7,15,1430,1,1,1,1,6,72,4693500,322400,580,3,2,2,0,1,3,0,60,1,0,3,0,1
200500042227,5,7,13,1300,1,2,1,1,1,28,4694000,339000,580,3,2,2,0,0,1,0,51,9,0,1,0,0
200500042229,5,7,8,2045,1,1,1,1,7,223,4704500,356200,580,3,2,2,0,1,2,67,0,1,0,1,0,0
200500042230,5,7,28,840,1,1,1,1,1,262,4706300,378200,580,3,2,2,0,1,1,0,80,1,0,1,0,1
200500042232,5,7,21,2245,5,2,1,1,1,103,4744100,357400,580,3,2,0,0,1,1,0,88,1,0,1,0,0
200500042233,5,7,27,1845,1,2,1,1,3,170,4733200,366600,580,3,2,2,0,0,1,0,65,1,0,1,0,1
200500042237,5,7,30,430,3,1,1,1,6,302,4721500,304100,580,3,2,0,0,1,3,0,50,1,0,1,0,0
200500042240,5,7,2,1730,1,1,1,1,3,91,4638500,452800,710,3,2,2,0,4,2,0,0,1,0,1,0,0
200500042241,5,7,15,730,2,1,1,1,7,137,4645000,466500,710,3,2,0,0,1,3,0,0,1,0,1,0,0
200500042247,5,7,28,2345,3,1,1,1,7,267,4647900,484500,710,3,2,2,0,1,1,0,64,1,0,1,0,1
200500042255,5,7,2,645,2,1,1,1,1,4,4680200,494200,710,3,2,2,0,1,1,70,73,1,0,1,0,0
200500042256,5,7,22,930,1,1,1,1,6,131,4686700,504200,710,2,2,2,0,3,1,0,75,1,0,1,0,0
200500042259,5,7,1,1630,1,2,1,1,1,557,4642800,403000,710,3,2,2,0,1,1,0,61,1,0,1,0,1
200500042260,5,7,13,1725,1,2,1,1,1,325,4649700,396000,710,4,2,2,0,2,1,0,55,1,0,1,0,0
200500042262,5,7,6,1445,1,1,1,1,7,238,4622400,405300,710,3,2,2,0,1,1,0,0,1,0,3,0,0
200500042269,5,7,22,1530,1,2,1,1,3,482,4684600,433800,710,3,2,2,0,1,3,0,55,1,0,1,0,0
200500042273,5,7,6,1845,1,1,1,1,2,558,4649600,525700,710,3,0,2,0,1,1,0,59,1,0,3,0,0
200500042276,5,7,21,1815,1,1,1,1,3,56,4665100,517800,710,3,2,0,0,1,1,0,60,1,0,1,0,0
200500042277,5,7,5,1145,1,2,1,1,6,158,4656400,499800,710,3,2,2,0,1,1,0,70,1,0,1,0,0
200500042279,5,7,15,645,1,1,1,1,7,523,4670300,518800,710,2,2,2,0,1,1,0,69,1,0,3,0,0
200500042281,5,7,22,1445,1,1,1,1,6,410,4669500,510300,710,3,2,2,0,1,2,0,68,1,0,3,0,0
200500042282,5,7,26,1330,1,1,1,1,1,158,4656200,499500,710,3,2,2,0,1,1,0,70,1,0,1,0,0
200500042287,5,7,2,1930,1,2,1,1,6,169,4795200,388900,890,3,2,2,0,1,1,0,75,1,0,4,0,0
200500042290,5,7,29,2115,1,1,1,1,6,345,4800400,371200,890,3,2,2,0,1,2,74,74,1,0,1,0,0
200500042297,5,7,1,2115,1,1,1,1,1,55,4799800,363200,890,3,2,2,0,1,1,0,74,1,0,1,0,0
200500042298,5,7,14,2215,2,1,1,1,7,257,4799000,352000,890,3,2,2,0,0,2,0,50,1,0,3,0,0
200500042299,5,7,12,1530,1,2,1,1,7,354,4821700,325600,890,4,2,2,0,1,1,70,0,9,0,1,0,0
200500042300,5,7,18,1,5,2,6,1,1,195,4816900,326700,890,3,0,0,0,0,0,0,0,0,5,0,0,0
200500042305,5,7,30,1215,1,1,1,1,7,274,4820200,319100,890,4,2,1,0,1,1,0,40,1,0,1,0,0
200500042310,5,7,22,2045,1,1,9,1,6,319,4698000,608400,250,3,2,2,0,4,2,30,74,1,5,3,0,1
200500042312,5,7,6,2200,3,1,1,3,3,57,4753900,678700,250,3,2,1,0,0,1,0,71,2,0,1,0,0
200500042314,5,7,3,430,2,2,1,5,6,458,4730000,689000,250,4,2,1,0,1,1,0,30,1,0,0,0,0
200500042315,5,7,4,1530,1,1,3,3,3,148,4711000,669000,250,3,2,2,0,1,1,0,170,2,5,0,0,0
200500042316,5,7,17,1015,1,1,1,1,6,173,4725000,671000,250,3,2,0,0,0,3,0,70,0,0,1,0,0
200500042317,5,7,17,1915,1,1,1,1,3,280,4727000,694000,250,3,2,0,0,2,3,0,61,1,0,1,0,0
200500042318,5,7,20,1145,1,2,1,1,6,512,4716000,672000,250,3,2,2,0,1,1,0,70,1,0,3,0,0
200500042319,5,7,30,2345,5,2,1,1,7,248,4720200,674000,250,3,2,2,0,1,2,0,71,1,0,1,0,0
200500042322,5,7,10,1430,1,2,1,1,1,518,4733900,624200,250,3,2,2,0,1,3,0,72,1,0,1,0,0
200500042325,5,7,2,1600,1,1,1,1,1,75,4681600,619200,250,3,2,2,0,3,3,0,64,1,0,1,0,1
200500042326,5,7,2,1600,1,1,1,1,5,259,4685600,615100,250,3,2,0,0,2,2,0,76,1,0,1,0,1
200500042331,5,7,24,1815,1,1,1,1,6,308,4680600,635800,250,2,2,2,0,2,3,0,77,1,0,3,0,0
200500042332,5,7,31,2145,3,1,1,1,6,413,4668500,621600,250,3,2,0,0,2,2,0,70,1,0,3,0,1
200500042334,5,7,10,1515,1,1,1,1,6,620,4701600,648400,250,3,2,0,0,2,2,0,58,1,0,3,0,0
200500042340,5,7,29,2030,1,1,1,1,5,486,4682000,559200,390,2,2,0,0,0,1,0,0,0,0,1,0,0
200500042341,5,7,3,1015,1,1,1,1,2,173,4651800,539000,390,2,3,2,0,1,1,38,120,1,0,1,0,0
200500042343,5,7,22,2115,1,2,1,1,7,120,4667900,591500,390,3,2,2,0,4,3,0,61,1,0,1,0,1
200500042344,5,7,24,1900,1,1,1,1,6,329,4679100,604400,390,3,2,2,0,2,3,0,67,1,0,3,0,0
200500042345,5,7,17,1515,1,1,1,1,1,13,4689900,573300,390,2,2,2,0,1,3,0,75,1,0,1,0,1
200500042348,5,7,10,215,5,2,1,2,7,124,4685100,547800,390,3,2,2,0,2,1,0,64,2,0,3,0,1
200500042351,5,7,29,1400,1,1,1,1,1,365,4695700,560300,390,4,2,2,0,2,1,0,74,1,0,1,0,1
200500042352,5,7,29,1345,1,1,1,1,2,448,4700900,549700,390,3,0,2,0,3,1,0,73,2,0,1,0,0
200500042353,5,7,31,500,3,1,1,1,6,571,4696800,550800,390,3,2,2,0,2,3,0,150,1,0,1,0,1
200500042354,5,7,9,1015,1,1,1,2,6,452,4712500,573600,390,3,2,0,0,1,3,0,75,2,2,3,0,1
200500042355,5,7,5,945,1,2,1,1,6,368,4652100,602500,390,6,0,0,0,1,1,0,0,1,0,0,0,0
200500042357,5,7,10,300,3,2,1,1,6,417,4649600,582700,390,4,2,2,0,1,1,0,51,1,0,1,0,0
200500042359,5,7,17,1030,1,1,1,1,7,294,4650100,593100,390,3,2,2,0,1,3,0,50,1,0,1,0,0
200500042362,5,7,25,1500,1,1,1,1,7,404,4795900,601500,700,3,2,2,0,2,3,0,58,1,0,3,0,0
200500042366,5,7,10,645,1,1,1,1,7,575,4735400,602400,700,2,3,3,0,2,1,0,93,1,0,3,0,0
200500042369,5,7,3,1630,1,2,1,1,1,120,4770800,668500,700,3,2,2,0,1,2,0,80,1,0,1,0,0
200500042372,5,7,14,2245,3,1,1,1,7,195,4772500,637700,700,4,2,0,0,2,3,0,28,1,0,0,0,0
200500042373,5,7,18,1300,1,2,1,3,6,311,4770100,628500,700,2,2,0,0,1,1,0,75,2,0,4,0,0
200500042374,5,7,17,445,5,2,1,1,6,526,4792700,609800,700,3,2,2,0,2,2,0,60,1,0,1,0,0
200500042379,5,7,20,1930,1,1,1,1,3,282,4741800,581300,700,3,2,2,0,1,1,0,70,1,0,1,0,0
200500042381,5,7,19,1815,1,2,1,1,6,22,4755800,684800,900,9,2,2,0,0,2,0,0,1,0,1,0,1
200500042382,5,7,1,1700,1,2,1,1,3,43,4752600,703600,900,3,2,0,0,1,0,0,0,1,0,1,0,0
200500042383,5,7,6,1515,1,1,1,8,6,89,4774700,698600,900,3,2,0,0,1,1,0,54,2,0,3,0,0
200500042384,5,7,14,2115,2,2,1,1,5,52,4774500,682700,900,3,2,2,0,1,1,0,80,1,0,1,0,0
200500042387,5,7,22,900,1,1,1,1,1,17,4757400,690700,900,2,2,2,0,1,3,0,75,1,0,1,0,0
200500042394,5,7,3,1115,1,2,1,1,6,41,4343800,546700,130,3,2,2,0,1,1,0,63,1,0,1,0,0
200500042395,5,7,4,2330,3,1,1,1,1,41,4345000,552400,130,3,2,2,0,1,3,0,72,2,0,1,0,0
200500042396,5,7,11,345,3,2,9,1,6,74,4364700,555000,130,2,2,0,0,1,1,0,78,1,0,1,0,0
200500042397,5,7,24,1630,1,1,1,1,7,74,4366000,550000,130,3,2,2,0,1,3,0,45,1,0,1,0,0
200500042400,5,7,5,30,3,1,1,1,1,110,4348700,568900,130,2,2,0,0,3,2,0,74,1,0,3,3,0
200500042401,5,7,24,1500,1,1,1,1,1,4,4366200,458200,130,3,2,2,0,1,1,0,70,1,0,1,0,0
200500042406,5,7,4,1930,1,1,1,1,3,97,4355800,480500,130,2,3,2,0,1,1,300,72,1,0,1,0,0
200500042411,5,7,7,700,1,1,1,7,1,22,4322200,554800,130,3,0,2,0,0,3,0,65,1,0,1,0,0
200500042414,5,7,15,1645,1,1,1,1,6,86,4336300,560900,130,2,2,2,0,0,4,0,70,1,0,1,0,0
200500042415,5,7,28,1815,1,2,1,1,1,86,4333400,559400,130,2,2,0,0,1,1,0,0,1,0,1,0,0
200500042416,5,7,13,800,1,2,1,7,6,92,4358600,503400,130,4,2,2,0,1,1,0,570,1,0,1,0,1
200500042418,5,7,24,1630,1,1,1,9,1,53,4372700,513000,130,3,0,0,0,0,0,0,0,0,0,0,0,0
200500042420,5,7,29,300,3,1,1,1,6,113,4413000,628200,40,3,2,2,0,1,1,0,70,1,0,1,0,0
200500042421,5,7,22,2230,3,1,1,1,7,19,4441000,672100,40,3,2,2,0,0,1,0,60,1,0,3,0,0
200500042427,5,7,31,200,3,1,1,1,7,219,4410800,657100,40,3,2,2,0,0,1,0,0,1,5,0,0,1
200500042432,5,7,21,1430,1,1,1,1,1,192,4390200,571600,40,3,2,2,0,0,2,0,50,1,0,1,0,0
200500042433,5,7,25,800,1,2,1,1,3,88,4396400,578600,40,4,2,2,0,2,2,0,64,1,0,1,0,0
200500042435,5,7,17,1800,1,2,1,1,7,63,4376900,575200,40,4,2,2,0,1,2,0,45,1,0,1,0,1
200500042438,5,7,15,1315,1,2,6,1,1,70,4431800,582700,50,2,0,1,0,1,3,280,80,1,0,1,0,0
200500042443,5,7,17,1200,1,1,1,1,1,174,4491700,667400,50,2,2,2,0,3,1,0,0,1,0,1,0,0
200500042444,5,7,30,845,1,1,1,1,7,6,4480600,657000,50,2,2,3,0,2,3,0,128,1,0,1,0,0
200500042445,5,7,3,1600,1,2,1,1,3,17,4457100,619800,50,4,2,2,0,2,1,0,30,1,0,1,0,0
200500042446,5,7,5,1430,1,1,1,1,1,17,4458100,616400,50,2,2,2,0,1,1,0,70,1,0,1,0,0
200500042447,5,7,29,1900,1,1,1,1,2,84,4455600,624700,50,2,2,0,0,0,1,0,75,1,0,1,0,0
200500042455,5,7,17,1430,1,1,1,1,6,20,4399500,732100,60,3,2,2,0,0,1,20,55,1,5,1,0,1
200500042456,5,7,17,1645,1,1,1,1,7,20,4398900,735300,60,3,2,2,0,0,2,0,50,1,0,1,0,0
200500042457,5,7,26,1215,1,1,1,1,3,127,4406000,726300,60,3,2,2,0,1,1,0,69,1,0,1,0,0
200500042462,5,7,18,1700,1,1,1,1,1,157,4375000,715000,60,3,2,2,0,0,1,0,69,1,0,1,0,0
200500042469,5,7,24,530,2,1,1,5,6,93,4390300,694900,60,3,2,2,0,0,1,0,55,1,0,3,0,1
200500042471,5,7,28,1545,1,1,1,1,7,71,4409000,689800,60,3,2,0,0,2,1,0,60,1,0,1,0,0
200500042472,5,7,17,1900,1,1,1,1,6,110,4409500,704600,60,3,2,2,0,2,4,0,45,1,0,1,0,0
200500042477,5,7,24,700,1,1,1,1,7,82,4363100,648400,830,3,2,0,0,2,2,0,70,1,0,3,0,0
200500042486,5,7,7,200,5,1,1,1,6,106,4332400,606700,830,3,2,2,0,1,3,0,60,1,0,1,0,1
200500042495,5,7,17,2245,5,1,6,1,6,68,4328100,652600,830,3,2,2,3,1,1,12,70,1,6,1,0,0
200500042498,5,7,25,1130,1,1,1,1,3,42,4325800,655900,830,2,3,0,0,0,1,0,0,1,0,1,0,0
200500042509,5,7,30,930,1,1,1,1,1,35,4323500,580900,830,2,2,2,0,2,2,0,82,1,0,1,0,0
200500042510,5,7,12,1100,1,1,1,1,3,91,4323800,619300,830,3,2,2,0,0,1,0,0,1,0,1,0,0
200500042511,5,7,29,1800,1,1,1,1,6,43,4323600,624500,830,3,2,2,0,1,1,0,54,1,0,3,0,1
200500042516,5,7,16,945,1,2,1,1,3,70,4314100,636700,830,4,1,1,0,1,1,0,60,1,0,1,0,0
200500042528,5,7,9,1530,1,1,1,1,6,3,4388600,534600,840,2,2,2,0,1,2,0,70,1,0,3,0,0
200500042529,5,7,6,1615,1,1,1,1,6,140,4375200,539900,840,3,2,2,0,1,1,0,52,1,0,1,0,0
200500042530,5,7,30,200,3,2,1,1,6,50,4391400,520000,840,3,2,2,0,2,1,0,52,1,0,1,0,0
200500042531,5,7,3,2000,1,2,1,7,6,113,4377500,553700,840,3,2,0,0,1,2,0,63,1,0,3,0,1
200500042532,5,7,5,1345,1,1,1,1,3,122,4410100,494600,840,3,2,0,0,1,1,0,0,1,0,1,0,0
200500042537,5,7,15,1700,1,1,1,1,3,123,4409700,538100,840,3,2,0,0,1,2,0,54,1,0,1,0,0
200500042541,5,7,25,1700,1,1,1,1,2,88,4399100,501400,840,3,2,2,0,1,1,72,0,1,0,1,0,0
200500042545,5,7,3,815,1,1,1,1,7,111,4423800,509600,840,4,2,0,0,1,1,0,50,1,0,1,0,0
200500042546,5,7,16,1745,1,1,1,1,7,53,4439500,496000,840,4,2,0,0,1,1,0,0,1,2,1,0,1
200500042547,5,7,20,1900,1,1,1,1,1,150,4431500,495900,840,3,2,2,0,1,1,0,70,1,0,1,0,0
200500042548,5,7,24,1345,1,2,1,1,3,57,4363000,390100,340,3,2,0,0,0,1,50,0,1,0,1,0,0
200500042550,5,7,10,130,3,1,1,1,6,185,4382300,381500,340,3,2,0,0,1,1,0,0,1,0,0,0,1
200500042552,5,7,26,1845,1,1,1,1,1,111,4395200,376100,340,3,2,2,0,1,1,0,60,1,0,3,0,0
200500042557,5,7,6,1245,1,1,1,1,5,240,4365600,398400,340,3,2,2,0,2,3,0,110,1,2,1,0,0
200500042562,5,7,3,2030,1,1,1,1,6,28,4368000,302700,340,3,2,0,0,0,2,0,62,1,0,1,0,0
200500042563,5,7,6,1945,1,2,1,1,6,28,4361200,315000,340,3,2,2,0,1,1,0,0,0,0,1,0,0
200500042564,5,7,14,200,3,1,1,1,1,28,4362800,315900,340,3,2,2,0,0,1,0,62,1,0,1,0,0
200500042565,5,7,14,1630,1,1,1,1,6,183,4328300,309600,340,2,2,2,0,1,1,0,79,1,0,3,0,0
200500042567,5,7,23,30,3,1,1,1,6,148,4337400,317500,340,3,2,0,0,1,1,0,51,9,2,1,0,1
200500042568,5,7,2,1600,1,2,1,1,7,199,4346200,340900,340,4,2,2,0,0,1,0,40,1,0,1,0,0
200500042576,5,7,29,1915,1,1,1,1,6,85,4346700,327000,340,3,2,2,0,1,3,0,55,1,0,0,0,0
200500042577,5,7,18,530,2,1,1,1,1,298,4327900,326500,340,3,2,2,0,1,1,0,0,1,0,1,0,1
200500042578,5,7,1,2045,2,2,1,1,1,304,4377100,334400,340,3,2,0,0,1,1,0,64,1,0,1,0,0
200500042579,5,7,11,645,2,1,1,1,7,306,4370100,334300,340,3,2,2,0,4,2,0,45,1,0,1,0,0
200500042580,5,7,28,1445,1,1,1,1,7,36,4371000,339100,340,3,2,2,0,2,2,0,46,1,2,0,0,0
200500042581,5,7,31,1015,1,1,1,1,3,13,4357300,346500,340,2,2,2,0,1,1,0,72,1,5,1,0,0
200500042585,5,7,10,1030,1,2,1,1,3,150,4334200,353400,340,4,2,2,0,1,1,0,75,1,0,1,0,0
200500042588,5,7,8,1620,1,1,2,1,1,101,4336500,348800,340,3,2,2,0,1,1,0,50,1,0,1,0,1
200500042591,5,7,6,1445,1,2,1,1,6,157,4343300,360700,340,2,0,2,0,1,1,0,0,1,0,1,0,0
200500042593,5,7,16,230,3,1,1,1,1,39,4345900,365800,340,2,2,2,0,1,1,0,60,1,0,1,0,0
200500042596,5,7,12,1845,1,1,1,1,1,433,4330500,246500,110,3,2,2,0,1,4,0,70,1,0,1,0,1
200500042597,5,7,19,1045,1,1,2,1,3,192,4329400,204700,110,2,2,0,0,1,1,0,71,1,5,1,0,0
200500042600,5,7,3,415,3,1,1,1,6,277,4318800,183000,110,3,2,2,0,1,2,0,0,1,5,3,0,0
200500042602,5,7,10,1515,1,1,1,1,6,29,4304200,234300,110,3,0,0,0,0,2,0,40,1,0,1,0,0
200500042609,5,7,24,45,3,1,1,1,6,304,4282000,216000,110,4,2,2,0,1,2,20,17,1,0,1,0,0
200500042612,5,7,20,1715,1,1,1,1,3,255,4319000,291900,110,2,2,0,0,1,2,0,70,1,0,1,0,0
200500042613,5,7,6,730,2,1,1,1,6,441,4319500,306200,110,3,2,2,0,0,2,0,0,1,0,1,0,0
200500042617,5,7,12,2000,1,1,1,1,3,431,4299000,279000,110,3,2,2,0,1,2,0,57,1,0,1,0,0
200500042630,5,7,19,1930,1,1,6,1,3,156,4386700,443700,300,2,1,0,0,1,2,0,80,1,5,1,0,0
200500042635,5,7,14,1145,1,1,1,1,2,6,4369800,417000,300,2,2,1,0,1,1,0,70,1,5,1,0,0
200500042639,5,7,23,530,2,1,1,1,1,36,4377700,428400,300,2,2,2,0,1,1,0,71,1,0,1,0,1
200500042640,5,7,29,1130,1,2,1,1,1,169,4379600,431000,300,9,2,0,0,1,2,0,60,1,0,1,0,0
200500042643,5,7,27,1545,1,1,1,1,6,188,4402700,417300,300,3,2,2,0,1,1,57,0,1,0,1,0,0
200500042644,5,7,3,245,3,1,1,1,6,327,4424800,430000,300,3,2,0,0,2,3,60,0,1,0,3,0,0
200500042647,5,7,7,730,1,2,1,1,1,41,4396500,437000,300,3,2,2,0,0,2,0,0,1,0,1,0,0
200500042648,5,7,17,1430,1,1,1,1,7,308,4395100,439700,300,3,2,0,0,1,1,0,54,1,0,1,0,1
200500042649,5,7,19,215,5,1,1,1,6,334,4401700,441300,300,3,2,0,0,1,3,0,0,9,0,3,0,1
200500042655,5,7,12,1715,1,1,1,1,3,273,4429600,457400,300,3,2,2,0,1,1,0,87,1,0,1,0,0
200500042656,5,7,3,1945,1,1,1,1,7,346,4396100,452900,300,3,2,2,1,1,1,0,74,1,0,1,0,0
200500042664,5,7,10,645,1,1,1,1,7,65,4399600,405200,300,3,2,2,0,1,0,0,0,0,0,3,0,0
200500042669,5,7,19,115,3,1,1,1,6,119,4447400,393500,480,3,2,2,0,0,2,0,50,1,0,0,0,0
200500042673,5,7,26,815,1,1,1,1,3,18,4450700,341000,480,2,0,2,0,1,1,0,60,1,5,1,0,0
200500042675,5,7,9,1200,1,2,1,1,6,104,4466700,304600,480,3,2,2,0,2,1,0,80,1,0,1,3,0
200500042683,5,7,14,1530,1,2,1,1,3,65,4260700,297900,660,3,2,2,0,0,1,0,118,1,5,1,0,0
200500042690,5,7,1,1400,1,1,1,1,7,15,4256900,287400,660,3,2,0,0,0,0,0,0,1,0,1,0,0
200500042691,5,7,10,1330,1,2,1,1,1,137,4246900,286600,660,2,2,3,0,2,1,10,140,1,0,1,0,0
200500042692,5,7,22,1700,1,1,1,1,2,24,4252900,285100,660,3,3,2,0,1,1,20,70,1,5,1,0,0
200500042693,5,7,1,845,1,2,1,1,3,148,4252100,310600,660,3,2,2,0,3,1,0,75,1,0,1,0,0
200500042694,5,7,15,1710,1,1,2,1,1,230,4264000,250000,660,2,2,2,0,1,3,0,82,1,0,1,0,0
200500042698,5,7,8,1645,1,2,1,1,3,209,4201000,886100,201,2,2,0,0,0,1,0,60,1,0,1,0,0
200500042699,5,7,13,2245,3,1,1,1,6,41,4148300,923700,201,2,2,0,0,1,1,0,68,1,2,1,0,0
200500042701,5,7,23,815,1,1,1,1,3,163,4150100,895400,201,2,2,0,0,2,4,0,63,1,0,1,0,0
200500042704,5,7,27,15,3,1,1,1,7,272,4161200,894100,201,3,2,2,0,1,2,0,60,1,0,1,0,0