Num_Acc,an,mois,jour,hrmn,lum,agg,int,atm,col,com,lat,long,dep,catr,circ,nbv,vosp,prof,plan,lartpc,larrout,surf,infra,situ,env1,killed
200500042705,5,7,19,1315,1,1,1,1,3,276,4173200,883000,201,3,2,2,0,1,4,0,67,1,0,1,0,0
200500042709,5,7,30,1715,1,1,1,1,3,46,4287000,947000,202,3,2,0,0,1,3,0,60,1,0,1,0,0
200500042710,5,7,17,1700,1,1,1,1,7,188,4261300,935800,202,3,2,2,0,2,1,0,51,1,0,1,0,0
200500042711,5,7,24,1015,1,1,1,1,1,333,4259400,934200,202,3,2,2,0,1,3,0,51,1,0,1,0,0
200500042714,5,7,17,330,3,1,1,1,7,361,4253500,890200,202,3,2,0,0,2,2,0,50,1,0,3,0,0
200500042715,5,7,17,600,1,1,1,1,6,50,4255800,879100,202,2,2,0,0,1,2,0,75,1,0,3,0,0
200500042716,5,7,19,1315,1,1,1,1,5,50,4255300,878700,202,2,2,0,0,1,3,0,64,1,0,1,0,0
200500042725,5,7,10,500,5,2,1,1,1,143,4220200,953300,202,2,2,2,0,1,1,0,74,1,0,1,3,1
200500042729,5,7,1,1130,1,1,1,1,4,207,4245900,950400,202,2,2,2,0,1,1,0,72,1,0,1,0,0
200500042731,5,7,19,615,1,1,1,1,6,77,4247500,948800,202,2,2,2,0,1,1,0,73,1,0,3,0,0
200500042735,5,7,7,2300,3,1,1,1,6,567,4902700,163200,780,4,2,2,0,1,1,0,46,1,0,3,0,0
200500042736,5,7,17,2200,3,1,1,1,1,192,4893200,161100,780,3,2,2,0,1,1,0,60,1,0,1,0,0
200500042737,5,7,26,845,1,1,1,1,3,497,4869100,177200,780,3,2,2,0,1,3,0,64,1,0,1,0,0
200500042738,5,7,4,1500,1,2,1,1,3,3,4852000,182800,780,3,2,2,0,1,1,0,71,1,0,1,0,0
200500042739,5,7,13,1415,1,1,1,1,5,653,4881600,185100,780,3,2,2,0,1,1,0,64,1,0,1,0,1
200500042744,5,7,13,1215,1,1,1,1,7,120,4860800,199600,780,3,2,2,0,2,2,0,60,1,0,3,0,0
200500042746,5,7,1,130,3,1,1,1,7,35,4845400,194200,910,2,2,2,0,1,2,0,70,2,0,3,0,0
200500042747,5,7,14,245,5,2,1,1,6,330,4853300,229700,910,3,3,1,0,0,2,0,0,1,5,1,0,0
200500042748,5,7,29,230,3,1,1,1,2,378,4853700,220800,910,2,3,2,0,1,1,10,65,1,0,1,0,0
200500042750,5,7,8,1245,1,2,1,1,6,248,4838300,223400,910,3,2,2,0,1,2,0,60,1,0,1,0,1
200500042756,5,7,16,1830,1,2,1,1,3,338,4868200,204800,910,3,2,1,0,1,4,0,58,1,5,0,0,0
200500042766,5,7,23,1545,1,2,1,1,6,205,4902200,238300,950,3,1,0,0,1,2,0,0,1,0,1,0,0
200500042767,5,7,8,1245,1,1,1,1,3,641,4904500,256900,950,3,2,2,0,1,1,0,74,1,0,1,0,1
200500042768,5,7,2,1800,1,1,1,1,5,222,4866000,280500,770,2,2,3,0,2,1,0,128,1,0,1,0,0
200500042769,5,7,28,245,3,1,1,1,7,82,4859500,285300,770,3,2,2,0,1,4,0,0,2,0,3,0,0
200500042771,5,7,2,1800,1,2,1,1,6,182,4878800,330400,770,9,1,1,0,1,1,0,43,1,0,1,0,0
200500042772,5,7,24,1545,1,1,1,2,7,240,4880300,326800,770,3,3,0,0,1,2,0,0,2,0,3,0,0
200500042774,5,7,28,1830,1,1,1,2,1,238,4888800,309300,770,3,2,0,0,0,1,0,63,2,0,1,0,0
200500042775,5,7,19,1145,1,1,1,1,3,238,4887300,309300,770,3,2,0,0,1,1,0,0,1,0,1,0,0
200500042776,5,7,3,225,3,1,1,1,3,336,4878000,286000,770,2,2,2,0,1,1,0,75,1,0,1,0,0
200500042777,5,7,22,1700,1,1,1,1,3,508,4881000,284200,770,3,2,2,0,1,2,0,74,1,0,1,0,0
200500042779,5,7,20,1530,5,2,1,1,6,162,4887300,316200,770,3,2,2,0,1,2,0,0,1,0,3,0,0
200500042780,5,7,11,545,2,2,1,1,2,192,4871400,286900,770,3,2,2,0,1,1,0,80,1,0,1,0,0
200500042781,5,7,27,1615,1,1,1,1,1,99,4816100,270800,770,3,2,2,0,3,1,0,0,1,5,1,0,0
200500042782,5,7,4,1145,1,2,1,1,2,168,4817000,289000,770,3,2,2,0,1,1,0,60,2,0,1,0,0
200500042783,5,7,4,1330,1,2,1,8,6,261,4823000,287000,770,3,2,0,0,1,0,0,44,1,0,3,0,0
200500042784,5,7,12,1515,1,1,1,1,5,353,4824100,282500,770,3,2,2,0,1,1,0,73,1,0,0,0,0
200500042786,5,7,16,1515,1,1,1,1,6,420,4904200,268100,770,2,3,2,0,2,1,0,65,1,0,1,0,0
200500042787,5,7,2,1,3,1,1,1,6,382,4889900,285900,770,3,2,0,0,2,1,0,110,1,0,1,0,1
200500042789,5,7,17,915,1,1,1,1,6,460,4900000,309200,770,4,2,1,0,2,2,0,35,1,0,1,0,0
200500042790,5,7,19,2145,2,1,1,1,6,367,4905600,300100,770,3,2,2,0,1,1,0,60,1,0,0,0,0
200500042791,5,7,18,1130,1,1,1,1,3,109,4862900,319200,770,3,2,2,0,1,3,0,0,1,5,1,0,0
200500042792,5,7,23,2300,3,1,1,1,5,301,4869800,342700,770,2,0,2,0,1,1,0,70,1,0,1,0,0
200500042796,5,7,27,1715,1,1,1,1,3,347,4847500,322800,770,3,2,2,0,1,1,0,60,1,0,1,0,0
200500042797,5,7,30,1930,1,2,1,1,6,68,4851000,314400,770,3,2,2,0,1,1,0,65,1,0,1,0,0
200500042798,5,7,30,1730,1,1,1,1,3,263,4845500,317800,770,3,2,2,0,1,1,0,70,1,0,1,0,0
200500042799,5,7,31,1945,1,2,1,1,6,311,4845400,305600,770,3,2,2,0,2,1,0,60,1,0,4,0,0
200500042801,5,7,1,1500,1,2,1,1,1,182,4769900,177300,450,3,2,0,0,1,1,0,73,1,0,1,0,0
200500042807,5,7,24,200,3,1,1,1,7,134,4791600,161000,450,2,2,2,0,1,1,0,70,1,0,0,0,0
200500042808,5,7,15,645,1,1,1,1,1,325,4815400,190800,450,2,2,4,0,1,1,0,148,1,0,1,0,1
200500042809,5,7,8,1845,1,2,1,1,3,155,4768900,263000,450,4,2,0,0,1,1,0,60,1,5,1,0,0
200500042812,5,7,21,200,5,2,1,1,7,155,4769200,262000,450,9,2,0,0,1,1,0,0,0,0,1,0,0
200500042815,5,7,29,2200,2,2,1,1,3,155,4768600,262800,450,3,2,2,0,1,1,0,0,0,0,1,0,0
200500042817,5,7,21,1600,1,1,1,1,3,60,4774700,273800,450,2,2,2,0,1,1,0,140,1,0,1,0,0
200500042819,5,7,23,2000,2,2,1,1,3,42,4781800,240300,450,3,2,2,0,0,1,70,0,1,5,1,0,0
200500042820,5,7,28,2200,3,1,1,1,6,315,4778400,232000,450,3,2,2,0,1,3,0,0,1,0,3,0,1
200500042825,5,7,13,2315,3,1,1,1,6,18,4812100,248000,450,4,2,2,0,2,1,0,49,1,0,1,0,1
200500042827,5,7,5,1615,1,2,1,1,1,75,4702000,306000,180,4,2,2,0,1,1,0,43,9,0,1,0,0
200500042828,5,7,6,1230,1,1,2,1,3,116,4722300,280600,180,3,2,0,0,1,1,0,52,1,0,1,0,0
200500042831,5,7,3,2000,1,1,1,7,3,31,4690400,272200,180,2,2,2,0,4,1,0,74,1,0,1,0,1
200500042837,5,7,29,1500,1,1,1,1,5,15,4751400,241500,180,3,2,0,0,1,1,0,70,1,0,1,0,1
200500042843,5,7,9,1945,1,1,1,8,3,109,4725500,254300,180,3,2,0,0,1,3,0,65,2,0,1,0,0
200500042845,5,7,1,1,3,1,1,1,5,319,4828500,197800,280,2,2,3,0,1,1,0,117,1,0,1,0,1
200500042846,5,7,18,1545,1,1,2,8,3,2,4819700,180100,280,3,2,2,0,1,1,0,72,2,0,1,0,0
200500042847,5,7,20,1900,1,1,2,1,3,334,4808600,127500,280,3,2,2,0,1,1,0,40,1,5,1,0,0
200500042851,5,7,23,2300,5,2,1,1,6,54,4865300,140200,280,2,2,2,0,1,1,0,71,1,0,1,0,0
200500042852,5,7,31,530,2,1,1,1,1,113,4865400,155200,280,3,2,2,0,1,1,0,67,1,0,1,0,0
200500042856,5,7,6,45,5,1,1,2,1,142,4684300,157700,360,2,2,2,0,0,1,0,90,2,5,1,0,0
200500042859,5,7,29,2030,1,2,1,1,7,20,4637900,122600,360,3,2,2,0,1,2,0,56,1,0,1,0,0
200500042860,5,7,11,1530,1,2,1,1,6,45,4698500,117900,360,2,2,2,0,2,1,0,84,1,0,1,0,0
200500042862,5,7,26,2300,3,2,1,1,7,155,4698600,141300,360,4,2,2,0,1,1,0,40,1,0,3,0,0
200500042864,5,7,21,1900,1,1,3,1,1,228,4718000,159000,360,3,2,0,0,0,1,0,64,1,0,1,0,1
200500042870,5,7,27,745,1,1,1,1,3,208,4649200,207000,360,3,2,2,0,0,1,0,67,1,0,1,0,0
200500042874,5,7,29,1500,1,1,1,8,1,56,4657100,175500,360,3,2,2,0,1,1,0,63,1,0,1,0,1
200500042875,5,7,22,330,3,1,1,1,7,109,4739000,60300,370,2,2,2,0,1,1,0,65,1,0,3,0,0
200500042876,5,7,6,1,3,1,2,2,3,245,4750600,60100,370,2,2,0,0,1,1,0,125,2,5,1,0,1
200500042879,5,7,18,1115,1,2,1,1,1,224,4759100,77700,370,3,2,2,0,1,1,0,74,1,0,1,0,0
200500042883,5,7,4,930,1,1,1,1,1,205,4725400,49700,370,3,2,2,0,1,1,0,0,2,0,1,0,0
200500042884,5,7,14,1200,1,1,9,1,1,232,4727500,29700,370,2,2,2,0,1,1,0,68,1,0,1,0,0
200500042885,5,7,14,1100,1,1,1,1,5,14,4725600,45300,370,3,2,2,0,2,1,0,0,1,0,1,0,0
200500042886,5,7,23,1930,1,1,1,2,3,232,4727900,30400,370,2,2,2,0,1,2,0,67,2,0,1,0,1
200500042887,5,7,25,1030,1,1,3,1,3,200,4725200,34700,370,3,2,2,0,1,1,0,55,1,0,1,0,0
200500042889,5,7,10,1845,1,1,1,1,3,140,4698600,47000,370,3,2,2,0,1,1,0,48,1,0,1,0,0
200500042890,5,7,25,1100,1,2,3,1,3,278,4720600,63300,370,3,2,0,0,0,1,0,0,1,0,1,0,0
200500042891,5,7,29,2015,1,1,1,8,6,260,4708400,41700,370,4,2,1,0,4,2,0,38,1,0,1,0,0
200500042900,5,7,7,1215,1,2,1,1,6,130,4704600,81800,370,3,2,2,0,2,3,0,56,1,0,1,0,0
200500042901,5,7,4,1915,1,2,1,8,1,263,4727700,83400,370,2,2,0,0,0,1,0,80,1,0,1,0,0
200500042904,5,7,29,1230,1,1,1,1,1,159,4728400,62700,370,3,2,2,0,1,1,0,63,1,0,1,0,0
200500042910,5,7,11,1545,1,2,1,1,6,159,4754100,180000,410,3,2,2,3,0,1,0,79,1,0,1,0,0
200500042912,5,7,11,1600,1,1,1,1,1,238,4786000,85100,410,4,2,0,0,1,4,0,43,1,0,1,0,0
200500042913,5,7,23,515,2,1,1,1,6,294,4780300,100200,410,3,2,0,0,1,1,0,62,1,0,3,0,0
200500042914,5,7,3,2145,3,1,1,8,7,75,4806900,111000,410,3,2,2,0,1,2,0,41,1,0,1,0,0
200500042917,5,7,3,2130,1,2,1,1,6,214,4500800,113100,330,3,2,2,0,1,1,0,96,1,6,1,0,0
200500042918,5,7,15,300,3,1,1,1,6,214,4499700,117400,330,4,2,0,0,2,3,0,89,1,0,3,0,0
200500042919,5,7,18,1045,1,1,1,1,6,214,4493800,106800,330,3,2,2,0,1,1,0,60,1,0,3,0,0
200500042921,5,7,23,1115,1,1,1,1,1,70,4506000,95900,330,3,2,2,0,1,1,0,60,1,0,1,0,1
200500042923,5,7,30,1530,1,1,9,1,3,293,4780100,383500,290,3,2,0,0,2,3,0,71,1,0,1,0,0
200500042924,5,7,1,1100,1,2,1,2,3,274,4802700,368500,290,9,2,2,0,1,2,0,79,2,0,1,0,0
200500042926,5,7,30,215,3,1,1,1,6,274,4799500,371900,290,3,2,2,0,1,2,0,56,1,0,3,0,0
200500042930,5,7,7,545,2,1,1,1,3,652,4912000,240000,950,3,0,2,0,1,1,0,0,1,0,1,0,0
200500042932,5,7,13,1915,1,2,6,1,1,527,4462000,103000,330,4,2,2,0,1,1,43,151,1,5,1,0,0
200500042933,5,7,18,2315,3,1,1,1,6,527,4464000,102000,330,3,2,0,0,1,1,0,43,1,0,1,0,0
200500042934,5,7,29,1800,1,2,1,1,1,199,4464000,105000,330,3,2,2,0,1,1,0,67,1,0,1,0,0
200500042935,5,7,8,1305,1,1,1,1,2,203,4562400,143300,870,3,2,0,0,0,1,0,73,1,0,1,0,1
200500042936,5,7,2,1345,1,1,1,2,6,391,4868400,732300,670,3,0,2,0,2,1,0,80,2,0,3,0,0
200500042938,5,7,29,1400,1,2,1,1,3,85,4475800,49400,330,3,2,0,0,1,0,0,64,1,0,1,0,0
200500042939,5,7,8,1445,1,2,1,8,3,303,4702400,315700,580,4,2,0,0,1,1,0,0,1,0,1,3,0
200500042941,5,7,31,1800,1,2,1,1,3,143,4418500,29900,470,4,0,0,0,1,1,0,45,1,0,1,0,0
200500042943,5,7,3,1800,1,1,1,1,7,163,4364900,369300,340,3,2,0,0,2,2,0,55,9,0,3,0,0
200500042944,5,7,17,315,5,2,9,1,3,259,4358300,382400,340,4,2,2,0,1,1,0,80,1,0,1,3,0
200500042945,5,7,30,1100,1,2,1,1,1,123,4363100,380500,340,9,2,2,0,2,1,25,50,1,0,4,0,0
200500042947,5,7,24,1000,1,1,1,1,1,122,4319200,259800,110,2,2,3,0,1,1,0,90,1,0,1,0,1
200500042948,5,7,3,1500,1,1,1,1,1,26,4834400,186700,280,1,1,3,0,1,1,294,270,1,0,1,0,0
200500042949,5,7,5,630,1,1,1,1,6,3,4852800,182100,780,1,3,3,0,2,1,294,270,1,0,1,0,0
200500042954,5,7,28,1700,1,2,1,1,1,293,4932800,425800,510,3,2,0,0,1,1,0,70,1,0,4,0,0
200500042956,5,7,14,600,1,2,1,1,7,64,4546400,476500,690,2,2,2,0,0,4,0,60,1,0,4,0,1
200500042957,5,7,14,600,3,1,1,1,1,140,4838600,429900,290,2,3,4,0,2,1,46,76,1,0,1,0,1
200500042958,5,7,8,1645,1,1,1,1,7,412,4847800,252000,770,2,3,2,3,2,3,500,100,1,0,1,0,0
200500042959,5,7,11,445,3,1,1,1,5,477,4833500,260200,770,1,3,0,0,1,1,40,135,1,0,1,0,1
200500042960,5,7,20,1145,1,1,1,1,2,333,4826900,272200,770,1,0,6,0,1,1,35,270,1,0,1,0,0
200500042961,5,7,27,545,2,1,1,1,6,65,4847600,252600,770,2,3,2,0,1,1,25,80,1,0,3,0,0
200500042962,5,7,31,1430,1,1,1,1,2,71,4820600,280400,770,1,3,4,0,1,1,35,140,1,0,1,0,0
200500042976,5,7,13,1615,1,1,1,1,1,73,4335900,633400,830,1,3,0,0,1,1,5,190,1,0,1,0,1
200500042977,5,7,30,1345,1,1,1,1,6,100,4327400,616300,830,1,3,2,0,1,1,10,85,1,0,1,0,0
200500042981,5,7,16,30,5,2,1,1,6,155,4927700,235800,600,3,2,2,0,1,1,66,0,1,0,4,0,0
200500042991,5,7,23,1530,1,1,1,1,7,138,4921700,262200,600,1,3,3,0,1,1,0,0,8,7,1,0,0
200500042999,5,7,9,830,1,1,1,1,1,86,4819900,100200,530,4,2,2,0,1,1,0,35,1,0,1,0,0
200500043000,5,7,27,415,3,1,1,2,7,45,4807700,96200,530,2,2,2,0,1,3,0,0,2,0,1,0,0
200500043001,5,7,29,1515,1,1,1,1,2,48,4822700,89400,530,3,3,4,0,3,1,55,144,1,0,1,0,1
200500043004,5,7,21,2015,1,1,1,1,7,580,4908600,254100,950,3,0,0,0,0,1,0,70,1,0,3,0,0
200500043007,5,7,11,1530,1,1,1,1,4,206,4765900,138000,410,1,3,3,0,1,1,23,105,1,0,2,0,0
200500043008,5,7,13,1430,1,1,1,1,6,245,4774100,151900,410,1,3,0,0,1,1,8,135,1,0,3,0,1
200500043016,5,7,5,530,2,2,1,1,6,124,4736000,76400,370,4,2,0,0,1,1,0,43,1,0,3,0,0
200500043020,5,7,30,1430,1,1,9,1,3,15,4735500,83300,370,2,2,2,0,1,1,0,74,1,0,1,0,0
200500043024,5,7,29,645,1,1,1,1,6,121,4812100,185100,280,1,3,0,0,1,1,15,150,1,0,1,0,0
200500043026,5,7,13,2330,3,2,4,1,1,32,4357600,534700,130,3,2,2,0,0,2,0,40,1,0,0,0,0
200500043027,5,7,24,1045,1,2,6,1,1,32,4356700,535400,130,3,2,2,0,1,1,0,82,1,0,1,3,0
200500043028,5,7,26,1815,1,2,1,1,1,106,4876600,796700,670,3,2,2,2,1,1,0,65,1,5,1,0,0
200500043031,5,7,13,1600,1,1,1,1,2,481,4556100,535800,380,1,3,0,0,1,1,25,85,1,0,1,0,0
200500043034,5,7,3,1100,1,1,2,1,3,94,4744300,142700,410,3,2,0,0,1,1,0,75,1,5,1,0,0
200500043035,5,7,11,1845,1,1,1,1,1,32,4755700,130500,410,3,2,2,0,0,1,0,50,1,0,1,0,1
200500043038,5,7,5,1615,1,2,1,2,3,212,4837400,458600,290,4,2,0,2,1,1,0,56,2,0,1,0,0
200500043041,5,7,19,1915,1,1,2,1,3,201,4839100,473700,290,3,2,2,0,1,1,0,53,1,0,1,0,0
200500043043,5,7,30,415,3,1,1,1,6,130,4836600,464900,290,3,2,2,0,1,1,0,70,1,0,1,0,1
200500043047,5,7,17,345,5,2,1,1,7,506,4394000,187200,310,3,2,2,0,2,1,0,80,1,0,1,0,0
200500043050,5,7,17,1615,1,1,1,1,7,54,4551000,326000,630,1,3,2,3,1,1,30,70,1,0,1,0,0
200500043051,5,7,20,445,3,1,1,1,6,54,4548000,324000,630,1,3,4,3,0,1,30,70,1,0,1,0,0
200500043052,5,7,8,1545,1,1,1,1,6,483,4341200,162300,640,1,3,2,0,1,1,25,72,1,0,2,0,0
200500043053,5,7,10,1800,1,1,1,1,2,130,4334500,175000,640,1,3,0,3,2,1,0,0,1,7,1,0,0
200500043056,5,7,12,1745,1,1,1,1,4,454,4923000,405700,510,1,2,0,0,1,1,25,96,1,0,1,0,0
200500043058,5,7,1,415,5,1,1,2,6,454,4925600,402100,510,1,3,4,0,1,1,25,0,2,3,1,0,0
200500043059,5,7,29,2045,2,1,1,1,1,571,4916100,419800,510,1,3,4,0,1,1,0,0,1,0,1,0,0
200500043082,5,7,31,2230,4,1,1,1,6,214,4256300,284800,660,1,1,2,3,1,1,15,140,1,0,1,0,0
200500043083,5,7,3,645,1,1,1,1,6,162,4877300,748400,670,1,1,2,0,1,1,10,100,1,0,3,0,0
200500043085,5,7,3,30,5,2,1,1,6,323,4901700,205200,950,3,2,2,0,1,1,0,60,1,0,3,0,0
200500043092,5,7,27,1045,1,1,1,1,2,60,4349100,553300,130,1,1,3,0,2,1,0,102,1,0,1,0,0
200500043096,5,7,22,1615,1,1,1,1,1,430,4347700,75700,640,1,3,2,0,1,1,0,95,1,0,1,0,0
200500043097,5,7,26,1945,1,2,1,1,1,172,4271500,284600,660,4,2,0,0,2,1,0,68,1,0,1,0,0
200500043099,5,7,21,1245,1,1,1,1,6,214,4432400,25900,470,1,3,2,0,1,1,30,100,1,0,1,0,0
200500043101,5,7,5,1300,1,2,1,1,3,577,4860800,249600,910,2,2,0,0,1,1,0,40,1,0,1,0,0
200500043102,5,7,24,2030,1,1,1,1,5,617,4865300,253100,910,2,3,2,0,1,3,15,80,1,0,1,0,0
200500043103,5,7,28,1845,1,2,6,1,3,553,4862500,249300,910,4,1,1,0,0,1,0,30,1,5,1,3,0
200500043104,5,7,18,915,1,1,1,1,2,374,4338700,161100,310,1,3,0,0,2,1,10,90,1,0,1,0,0
200500043106,5,7,15,1700,1,1,1,1,6,199,4462000,108800,330,3,1,1,0,1,1,0,35,1,0,1,0,0
200500043121,5,7,7,700,1,1,1,1,1,35,4727100,158200,440,1,3,0,3,1,2,24,270,1,0,2,0,0
200500043122,5,7,10,730,1,1,1,1,1,934,4212400,865200,201,3,2,0,0,1,4,0,0,1,0,1,0,0
200500043123,5,7,13,230,3,1,1,1,6,65,4214000,860800,201,3,2,2,0,1,4,0,61,1,0,3,0,0
200500043124,5,7,27,800,1,1,1,1,6,154,4223500,879800,201,3,2,1,0,2,3,0,46,1,0,0,0,1
200500043125,5,7,10,2300,3,1,1,1,7,119,4189000,903000,201,3,2,2,0,2,2,0,65,1,0,3,0,0
200500043132,5,7,4,1845,1,2,1,1,1,122,4474200,65700,330,2,4,0,0,0,0,0,0,1,5,1,0,0
200500043133,5,7,14,1645,1,2,1,1,3,90,4475400,63900,330,2,2,2,0,1,1,0,84,1,5,1,0,0
200500043134,5,7,21,1000,1,2,1,1,6,195,4268500,279300,660,3,2,0,0,0,1,0,55,1,0,1,0,0
200500043139,5,7,23,2030,1,1,1,1,7,380,4529900,55300,330,1,1,1,0,0,4,0,0,1,0,0,0,0
200500043141,5,7,9,1630,1,1,1,1,7,182,4858300,292000,220,3,2,0,0,2,2,53,0,1,0,3,0,0
200500043143,5,7,16,1830,1,1,1,1,3,269,4180900,939600,201,2,2,2,0,0,3,0,66,1,0,1,0,0
200500043148,5,7,1,1345,1,1,1,1,6,288,4568300,505400,690,1,3,0,0,2,2,15,210,1,0,3,0,0
200500043149,5,7,17,2230,3,2,1,1,1,279,4550000,424600,420,4,0,2,0,0,0,0,0,0,0,0,0,0
200500043151,5,7,3,1930,1,1,1,1,7,432,4793500,528800,520,1,3,1,0,1,2,2,35,1,3,3,0,0
200500043152,5,7,17,845,1,1,1,1,7,258,4810300,481700,520,1,3,2,0,0,1,20,70,1,0,2,0,0
200500043154,5,7,28,815,1,1,1,1,2,519,4771000,519000,520,1,3,2,3,1,1,10,100,1,0,1,0,0
200500043158,5,7,22,315,2,2,1,1,3,425,4540300,478100,380,3,3,2,0,1,1,0,0,1,0,1,0,0
200500043163,5,7,1,545,2,1,1,1,6,195,4621600,532800,10,1,3,3,0,1,1,20,100,1,0,1,0,0
200500043167,5,7,3,1300,1,1,1,1,1,139,4258100,179300,90,2,2,0,0,0,3,0,107,1,0,1,0,0
200500043169,5,7,15,1515,1,1,1,1,5,283,4273100,183100,90,2,2,2,0,1,1,0,91,1,0,1,0,0
200500043171,5,7,9,1945,1,1,1,1,6,119,4963800,126600,760,1,1,0,0,1,1,25,70,1,0,3,0,0
200500043172,5,7,14,2030,1,2,1,1,3,5,4755500,289200,560,4,2,2,0,1,1,0,63,1,0,1,0,0
200500043173,5,7,18,1115,1,2,1,1,1,214,4750500,283900,560,4,2,2,0,4,1,0,59,1,0,1,0,0
200500043174,5,7,17,1345,1,1,1,1,6,66,4576200,416700,420,1,2,2,0,1,1,30,70,1,0,1,0,0
200500043175,5,7,22,1615,1,1,1,1,6,72,4588000,369100,630,1,3,4,0,1,3,15,210,1,0,2,0,0
200500043177,5,7,17,1600,1,1,1,1,6,14,4378100,580200,840,1,3,2,0,1,1,10,73,1,0,1,0,1
200500043180,5,7,9,630,2,1,1,3,2,161,4749900,200700,410,1,3,2,0,1,1,20,95,2,0,3,0,0
200500043185,5,7,7,800,1,1,1,1,2,337,4354200,386100,340,2,3,2,0,1,1,40,70,1,0,1,0,0
200500043186,5,7,9,1515,1,1,1,1,6,337,4348200,380500,340,3,2,1,0,1,4,0,0,0,0,3,0,0
200500043188,5,7,17,730,1,1,1,1,6,333,4348300,380500,340,3,2,2,0,1,2,0,49,1,0,1,0,1
200500043189,5,7,22,1445,1,1,1,1,5,333,4348900,380000,340,3,2,2,0,1,4,50,0,1,0,1,0,0
200500043191,5,7,1,1430,1,2,1,1,6,51,4359700,512900,130,4,2,2,0,1,1,0,0,1,0,1,0,0
200500043195,5,7,21,1,3,1,1,1,2,75,4383700,118100,400,2,3,0,0,1,1,100,95,1,0,1,0,0
200500043197,5,7,1,2245,5,2,1,2,7,247,4856300,758800,670,3,2,2,0,0,1,0,75,2,0,1,0,0
200500043198,5,7,22,1400,1,2,1,1,1,108,4853200,759700,670,9,2,2,0,0,2,0,72,1,0,1,0,0
200500043199,5,7,31,330,3,1,6,1,6,124,4855300,763800,670,3,1,1,0,0,1,0,90,1,5,0,0,1
200500043200,5,7,18,730,1,2,1,1,3,309,4864500,770900,670,4,2,2,0,1,1,0,60,1,0,1,0,0
200500043202,5,7,29,1630,1,1,1,1,3,89,4367400,699400,60,3,0,2,0,2,3,0,50,1,0,1,0,0
200500043220,5,7,20,1445,1,1,1,1,6,453,4855300,278300,770,1,3,3,0,1,1,15,135,1,0,1,0,0
200500043223,5,7,23,130,3,1,1,1,6,50,4361900,531900,130,2,2,2,0,1,1,0,0,1,0,3,0,0
200500043224,5,7,22,1315,1,1,1,1,3,50,4366400,525400,130,2,2,0,0,0,2,0,70,1,0,1,0,0
200500043228,5,7,9,1700,1,1,1,1,2,391,4311900,92500,310,1,3,2,0,1,1,25,75,1,0,1,0,0
200500043229,5,7,11,530,2,1,6,1,7,84,4319000,97000,310,1,2,2,0,1,3,0,0,1,3,1,0,0
200500043230,5,7,17,1130,1,1,1,1,7,76,4311700,63100,310,1,3,2,0,1,1,20,70,1,0,3,0,0
200500043237,5,7,22,1630,1,1,1,1,6,724,4986500,222500,800,1,3,4,0,1,1,10,200,1,0,1,0,0
200500043238,5,7,24,500,2,1,1,1,6,157,4982400,202200,800,1,3,4,0,1,1,10,200,1,0,2,0,0
200500043246,5,7,31,1515,1,1,1,1,7,33,4651800,150400,360,1,3,4,0,1,1,13,140,1,0,2,0,0
200500043250,5,7,2,1415,1,1,1,1,6,36,4370200,333900,340,1,3,0,0,1,3,20,70,1,0,1,0,0
200500043251,5,7,2,1615,1,1,1,1,6,124,4366700,343900,340,1,3,2,0,1,3,105,30,1,2,1,0,0
200500043252,5,7,10,1200,1,1,1,1,6,253,4383000,330000,340,1,3,2,0,0,4,25,80,0,0,2,0,0
200500043253,5,7,15,115,3,1,1,1,6,114,4364000,358400,340,2,3,2,0,1,2,50,70,1,0,1,0,0
200500043256,5,7,19,2230,5,2,1,1,7,193,4870900,198600,780,3,2,0,0,1,1,0,65,1,0,1,0,0
200500043257,5,7,26,1820,1,2,6,1,3,356,4874400,205600,780,4,2,2,0,1,0,0,50,1,5,1,0,0
200500043258,5,7,28,1915,1,1,1,1,1,356,4873900,207000,780,3,2,2,0,1,2,0,68,8,0,1,0,0
200500043259,5,7,9,630,2,1,1,1,6,315,4818300,12200,720,3,2,0,0,1,1,0,0,1,0,3,0,0
200500043262,5,7,27,1745,1,1,1,1,1,204,4466700,156500,460,1,3,2,0,1,1,0,72,1,0,1,0,0
200500043271,5,7,20,1830,1,2,2,1,3,174,4891000,763300,670,3,2,0,0,3,1,0,57,1,5,1,0,0
200500043281,5,7,31,1030,1,1,1,1,7,47,4383000,442000,300,3,2,1,0,1,1,0,72,1,0,3,0,0
200500043282,5,7,6,1200,1,1,1,1,1,45,4386600,476900,130,2,2,2,0,1,3,0,73,1,0,1,0,1
200500043283,5,7,25,1930,1,1,1,1,5,45,4387900,477400,130,2,2,0,0,0,1,0,106,1,0,1,0,1
200500043285,5,7,3,1730,1,1,1,1,3,192,5001600,131700,760,3,2,3,0,0,2,0,124,1,0,1,0,1
200500043288,5,7,21,1815,1,2,1,1,6,618,4996000,122800,760,3,3,0,0,1,1,15,45,1,0,1,0,0
200500043289,5,7,23,415,2,2,1,5,6,643,4993900,132300,760,3,2,0,0,1,2,0,49,1,0,3,0,0