Num_Acc,an,mois,jour,hrmn,lum,agg,int,atm,col,com,lat,long,dep,catr,circ,nbv,vosp,prof,plan,lartpc,larrout,surf,infra,situ,env1,killed
200500043292,5,7,12,1900,1,1,1,7,2,591,4945100,120200,760,2,2,2,0,1,1,0,78,1,0,1,0,0
200500043294,5,7,12,2045,1,1,9,1,7,280,4732900,176100,410,1,3,2,0,1,1,10,90,1,0,1,0,0
200500043295,5,7,9,1430,1,1,1,1,6,166,4517500,85000,240,1,1,2,0,2,1,30,70,1,0,1,0,0
200500043296,5,7,7,1615,1,1,1,1,1,482,4729300,576500,250,3,2,2,0,1,1,0,73,1,0,1,0,1
200500043297,5,7,9,1330,1,2,1,1,1,186,4734400,593800,250,4,2,0,0,1,2,0,45,1,0,1,0,0
200500043301,5,7,6,30,3,1,1,1,6,24,4819800,164600,350,4,2,2,0,3,1,0,46,0,0,0,0,1
200500043302,5,7,8,1200,1,1,1,1,1,173,4822000,170300,350,3,2,2,0,0,3,0,0,1,0,1,0,0
200500043303,5,7,9,1945,1,1,1,1,3,792,5080300,222800,620,3,2,2,0,1,1,0,59,1,0,1,0,0
200500047867,5,8,13,30,5,2,1,1,6,52,5052600,288500,590,3,2,2,0,0,1,0,60,1,0,4,0,0
200500047868,5,8,31,1945,1,2,1,1,1,5,5054600,295200,590,4,2,2,0,0,2,0,60,1,0,1,0,0
200500047869,5,8,27,1145,1,2,1,1,1,320,5058200,282900,590,4,2,0,0,0,2,48,0,1,0,1,0,0
200500047872,5,8,27,1845,1,1,3,1,3,67,5097500,242600,590,3,2,2,0,1,1,0,88,1,0,1,0,0
200500047874,5,8,19,2100,2,1,1,3,1,210,5089200,243300,590,3,2,2,0,1,2,0,30,2,0,1,0,0
200500047877,5,8,21,715,1,1,1,1,6,416,5066000,252000,590,3,2,2,0,1,1,0,0,2,0,3,0,0
200500047878,5,8,22,1630,1,1,1,1,1,308,5075000,255000,590,3,2,2,0,4,1,0,66,1,0,1,0,0
200500047879,5,8,27,845,1,1,1,1,2,416,5069000,250000,590,3,2,0,0,1,1,0,70,1,0,1,0,1
200500047881,5,8,23,1815,1,2,1,1,3,212,5064600,272200,590,3,2,2,0,2,1,0,80,1,0,1,0,0
200500047883,5,8,14,1030,1,2,1,1,6,202,5068100,284600,590,3,2,2,0,1,1,0,0,2,0,1,0,0
200500047884,5,8,25,315,3,1,1,3,1,44,5061200,327000,590,3,2,2,1,1,2,0,0,2,0,1,0,0
200500047885,5,8,30,1115,1,1,1,1,1,523,5060000,314900,590,3,2,2,1,4,2,0,74,1,0,1,0,0
200500047887,5,8,2,1400,1,2,1,1,6,270,5011400,380300,590,3,2,0,0,1,1,0,0,1,0,3,0,0
200500047891,5,8,28,1745,1,2,1,1,2,623,5005000,315000,590,3,2,0,0,1,3,0,70,1,0,1,0,0
200500047893,5,8,7,900,1,1,1,1,7,370,5031000,395400,590,3,2,2,0,2,1,0,43,1,0,1,0,1
200500047894,5,8,5,2340,5,2,1,8,1,776,5013600,283900,620,2,2,2,0,1,1,0,76,1,0,1,0,1
200500047895,5,8,5,2115,5,1,1,1,7,64,5011200,283300,620,3,3,2,0,0,1,0,0,1,0,3,0,0
200500047898,5,8,11,915,1,2,1,1,1,810,5036000,279000,620,2,2,0,0,1,1,0,75,1,0,1,0,0
200500047899,5,8,31,1700,1,1,1,1,1,861,5038900,279700,620,3,2,0,0,1,1,0,60,1,0,1,0,0
200500047900,5,8,14,1915,1,2,1,1,1,407,5059300,245600,620,3,2,2,0,1,2,0,58,1,0,1,0,0
200500047901,5,8,1,1600,1,2,1,1,1,25,5081500,161000,620,3,0,0,0,0,1,0,41,1,0,1,0,0
200500047904,5,8,4,1500,1,1,1,1,1,443,5044600,264500,620,3,2,0,0,1,1,0,64,1,0,1,0,1
200500047906,5,8,20,515,3,1,1,1,7,571,5046700,163800,620,3,2,2,0,1,1,0,65,9,0,3,0,0
200500047908,5,8,8,1515,1,2,1,8,6,209,5048500,213900,620,3,2,2,0,1,3,0,50,1,0,1,0,0
200500047910,5,8,18,1800,1,2,1,1,2,261,5049000,161700,620,3,2,0,0,1,1,0,60,1,0,1,0,0
200500047914,5,8,25,2030,2,2,1,1,3,53,5058500,212700,620,3,2,0,0,1,1,0,64,1,0,1,0,0
200500047917,5,8,25,1500,1,1,1,8,1,767,5039300,235900,620,3,2,0,0,3,3,0,62,2,0,1,0,1
200500047918,5,8,20,215,3,2,1,2,6,60,5023000,212000,620,3,2,2,0,1,2,0,50,2,0,0,0,0
200500047930,5,8,3,2000,1,1,1,1,3,597,5007900,159800,800,3,2,2,0,1,1,0,0,1,0,1,0,0
200500047931,5,8,20,930,1,1,1,2,2,368,5007700,152700,800,3,2,0,0,1,1,0,72,2,5,1,0,0
200500047934,5,8,17,1715,1,1,1,1,1,688,5030700,164400,800,3,3,0,0,0,1,55,73,1,0,1,0,0
200500047938,5,8,2,900,1,2,1,1,7,392,5018600,238100,800,4,2,2,0,1,1,0,0,1,0,1,0,0
200500047939,5,8,11,1145,1,1,1,1,6,253,5017000,233700,800,3,2,2,0,2,3,0,60,1,5,1,0,0
200500047944,5,8,28,1500,1,2,1,1,2,549,5009300,273600,800,3,2,2,0,4,1,0,60,1,0,1,0,0
200500047951,5,8,5,1400,1,2,1,1,6,352,5000800,325700,20,3,2,0,0,0,1,0,60,1,0,1,0,0
200500047952,5,8,13,2015,1,2,1,1,6,95,4999100,344900,20,4,2,0,0,0,1,0,62,1,0,1,0,0
200500047953,5,8,22,200,5,2,1,1,6,95,4999600,345200,20,3,3,2,0,1,3,0,60,1,0,1,0,0
200500047954,5,8,28,2100,3,1,1,1,7,703,4995300,349800,20,4,2,0,0,2,2,0,40,1,0,3,0,0
200500047957,5,8,3,1215,1,2,1,1,6,810,4925500,308900,20,3,2,0,0,0,1,70,0,1,0,1,0,0
200500047958,5,8,6,600,1,1,1,1,6,232,4923200,297900,20,2,2,2,0,0,3,0,70,1,0,0,0,1
200500047960,5,8,29,215,3,1,1,1,6,558,5005000,376000,20,3,2,2,0,1,1,0,52,1,0,3,0,0
200500047962,5,8,9,1515,1,2,1,1,1,757,4993500,358100,20,3,2,2,0,1,3,58,0,1,0,1,0,0
200500047964,5,8,7,500,3,2,1,1,6,381,4993900,407300,20,2,1,2,0,1,1,0,75,1,0,3,0,0
200500047965,5,8,9,1915,1,1,1,1,1,381,4997800,416900,20,3,2,0,0,0,1,0,70,1,0,1,0,0
200500047966,5,8,20,1500,1,1,1,2,6,684,4992000,418000,20,3,2,0,0,0,0,0,0,0,0,0,0,0
200500047967,5,8,23,2030,2,2,1,1,3,381,4992800,408300,20,2,2,2,0,1,0,0,60,1,0,1,0,0
200500047968,5,8,4,1500,1,2,1,1,3,616,4936400,176800,600,4,2,0,0,1,1,0,62,1,0,1,0,0
200500047970,5,8,3,1430,1,1,1,1,7,89,4923400,188300,600,3,2,0,0,1,1,0,70,1,0,3,0,0
200500047975,5,8,18,1115,1,2,1,1,6,104,4963700,229600,600,4,2,2,0,1,1,0,45,1,0,1,0,0
200500047978,5,8,9,15,3,1,1,1,6,317,4935400,230300,600,3,2,2,0,1,3,0,0,1,0,1,0,0
200500047979,5,8,29,730,2,1,1,1,3,120,4932000,239000,600,3,2,2,0,1,1,0,75,1,0,1,0,0
200500047983,5,8,13,1830,1,1,1,1,1,368,4948000,284200,600,2,3,2,0,1,1,0,72,1,0,1,0,0
200500047984,5,8,14,645,2,1,1,1,3,338,4939500,278800,600,3,3,2,0,1,1,0,70,1,0,1,0,0
200500047985,5,8,17,1630,1,2,1,1,6,149,4934900,268200,600,3,2,1,0,1,1,0,70,1,0,1,0,0
200500047986,5,8,27,1300,1,1,1,1,2,191,4954900,270600,600,2,3,0,3,0,1,0,0,1,0,1,0,0
200500047987,5,8,29,2345,5,2,1,1,3,533,4954800,274800,600,3,3,2,0,2,1,0,76,1,0,1,0,0
200500047991,5,8,5,1800,1,1,1,1,6,478,4920200,295100,600,3,2,0,0,1,2,0,56,1,0,3,0,0
200500047992,5,8,7,2300,3,1,1,1,3,69,4917700,293900,600,3,2,0,0,1,1,0,70,1,0,1,0,0
200500047995,5,8,2,2045,2,2,1,1,3,282,4919000,241400,600,3,2,2,0,1,3,0,0,1,0,1,0,0
200500047996,5,8,3,1030,1,1,1,1,3,141,4918800,249000,600,3,2,2,0,1,1,0,60,1,0,1,0,0
200500047997,5,8,22,45,3,2,9,1,1,141,4919700,248300,600,3,2,2,0,0,3,0,57,9,0,1,0,0
200500048005,5,8,28,2215,3,1,1,1,1,51,4978600,102200,760,3,2,0,0,1,1,0,58,1,0,1,0,1
200500048015,5,8,2,1800,1,1,1,1,1,388,4952700,55100,760,3,2,2,0,1,1,0,51,1,0,1,0,0
200500048017,5,8,22,1730,1,1,1,3,7,647,4953000,38300,760,2,2,0,0,1,1,0,70,2,0,3,0,0
200500048023,5,8,3,1730,1,2,1,7,5,183,4975400,44300,760,3,2,0,0,0,1,64,0,1,0,1,0,1
200500048025,5,8,8,1545,1,2,1,9,6,406,4970100,33100,760,3,0,0,0,0,0,0,30,1,0,1,0,0
200500048030,5,8,3,1730,1,1,1,1,1,225,4888400,101400,270,3,2,2,0,1,3,0,45,1,0,1,0,0
200500048031,5,8,14,2030,1,2,1,1,1,177,4886700,124600,270,4,2,0,0,1,0,0,49,1,0,1,0,0
200500048039,5,8,7,500,3,1,1,1,6,643,4875200,102500,270,2,1,2,0,1,1,0,74,1,0,3,0,1
200500048040,5,8,29,1200,1,1,1,1,1,521,4870400,83100,270,2,2,2,0,1,2,0,80,1,0,1,0,0
200500048044,5,8,26,300,5,2,1,1,6,257,4922100,150700,270,3,2,2,0,0,0,0,50,9,0,0,0,0
200500048045,5,8,19,1600,1,1,3,1,3,151,4939700,138600,270,4,2,2,0,2,1,0,34,1,0,1,0,0
200500048047,5,8,2,800,1,2,1,1,3,56,4909400,59300,270,3,2,2,0,4,3,0,84,1,0,1,0,0
200500048048,5,8,3,1730,1,1,1,1,6,138,4900300,55200,270,3,2,2,0,1,1,0,57,1,0,1,0,0
200500048049,5,8,11,2000,1,1,1,1,7,460,4908700,50300,270,3,0,2,0,1,4,0,56,1,5,1,0,0
200500048050,5,8,25,1715,1,1,1,1,2,252,4915200,45700,270,3,2,0,0,1,1,0,52,1,0,1,0,0
200500048051,5,8,31,1345,1,1,1,1,6,680,4892200,42700,270,2,2,2,0,1,1,0,77,1,0,3,0,0
200500048056,5,8,22,1445,1,2,1,1,5,184,4921200,108400,270,3,2,2,0,1,3,0,56,1,0,1,0,0
200500048057,5,8,4,845,1,2,1,1,6,348,4932500,114700,270,3,2,2,0,1,1,0,68,1,0,1,0,1
200500048058,5,8,4,45,5,2,1,1,6,322,4923500,107000,270,3,2,1,0,1,2,0,56,1,0,1,0,0
200500048060,5,8,28,1800,1,2,1,1,1,227,4938900,66000,270,3,2,2,0,1,2,0,38,1,0,1,0,0
200500048061,5,8,16,1145,1,1,1,1,1,367,4923000,49000,270,3,2,2,0,1,2,0,78,1,0,1,0,0
200500048063,5,8,27,530,3,1,1,1,6,413,4929400,66900,270,3,2,2,0,4,1,0,72,1,0,3,0,0
200500048065,5,8,19,845,1,1,1,1,6,130,4828200,179400,350,2,3,4,3,1,1,12,70,1,0,2,0,0
200500048066,5,8,25,845,1,1,1,1,7,356,4825200,174100,350,3,2,2,0,1,1,0,52,1,0,3,0,0
200500048071,5,8,23,1730,1,1,1,1,6,117,4811100,216700,350,4,2,0,0,0,2,0,36,1,0,1,0,1
200500048079,5,8,15,1730,1,1,1,1,5,237,4772400,197200,350,3,2,2,0,1,1,0,72,1,0,1,0,0
200500048080,5,8,16,1715,1,2,1,1,3,202,4780700,173900,350,4,2,0,0,0,0,0,0,1,0,1,0,0
200500048087,5,8,21,730,1,1,1,1,6,247,4860100,160700,350,3,2,0,0,1,1,0,64,1,0,1,0,0
200500048088,5,8,22,1215,1,1,1,2,2,222,4854100,156200,350,3,2,0,0,1,1,0,66,2,0,1,0,0
200500048089,5,8,25,2130,2,1,1,1,1,361,4860500,178200,350,3,2,0,0,1,3,0,45,0,0,1,0,0
200500048090,5,8,25,2100,1,2,1,1,7,95,4855300,175100,350,4,2,2,0,1,1,0,60,1,0,1,0,0
200500048091,5,8,28,1045,1,1,1,1,3,78,4860600,171100,350,3,2,2,0,1,1,0,60,1,0,1,0,0
200500048092,5,8,22,1400,1,2,1,8,6,287,4864000,211400,350,4,2,0,0,1,1,0,48,1,0,0,0,0
200500048096,5,8,23,2030,1,1,1,1,2,327,4811600,146000,350,3,2,2,0,1,1,0,70,1,0,1,0,0
200500048103,5,8,6,1515,1,1,1,1,3,93,4845800,251300,220,3,2,0,0,1,1,0,72,1,0,1,0,0
200500048104,5,8,10,415,3,1,1,1,6,44,4848100,259100,220,2,3,2,0,1,1,0,0,1,0,1,0,0
200500048106,5,8,13,1645,1,1,1,1,3,346,4835200,259300,220,3,2,2,0,1,1,0,69,1,0,1,0,0
200500048108,5,8,6,1345,1,1,1,1,3,155,4822900,275600,220,3,2,2,0,1,1,0,100,1,5,1,0,0
200500048110,5,8,15,1445,1,1,1,1,7,210,4880900,301800,220,4,2,2,0,0,1,0,50,1,0,3,0,0
200500048111,5,8,17,1530,1,2,1,1,3,262,4841000,290300,220,4,2,2,0,2,1,0,36,1,0,1,0,0
200500048112,5,8,9,1730,1,2,1,1,6,118,4846200,203200,220,4,3,0,0,1,1,20,37,1,0,0,0,1
200500048116,5,8,14,1900,1,1,1,1,5,175,4848400,236000,220,3,2,2,0,1,3,0,0,1,0,1,0,0
200500048119,5,8,26,245,3,1,1,1,6,143,4859300,230900,220,3,2,2,0,1,1,0,62,1,0,1,0,0
200500048120,5,8,29,1915,1,1,1,1,1,103,4855200,200500,220,3,2,2,0,1,3,0,62,1,0,1,0,0
200500048121,5,8,5,1315,1,2,3,1,3,122,4820500,253100,220,3,2,2,0,1,2,0,0,1,0,1,0,0
200500048122,5,8,10,1745,1,1,1,1,3,292,4826200,254100,220,3,2,2,0,1,1,0,60,1,0,1,0,0
200500048124,5,8,14,1145,1,2,2,1,3,322,4848600,310300,220,3,2,2,0,1,1,0,52,1,0,1,0,0
200500048125,5,8,30,1730,1,2,1,1,1,5,4854700,339500,220,3,2,2,0,2,2,0,60,1,5,1,0,0
200500048129,5,8,16,1600,1,1,1,1,2,90,4878500,338800,220,3,2,2,0,1,1,0,61,1,0,1,0,0
200500048130,5,8,9,2350,3,1,1,1,7,199,4878600,317600,220,3,2,0,0,4,3,0,70,1,0,0,0,0
200500048132,5,8,2,915,1,2,1,1,3,197,4802600,453200,290,3,2,0,0,2,1,0,57,1,0,1,0,0
200500048133,5,8,10,1430,1,1,1,1,1,159,4793200,432600,290,3,2,2,0,1,1,0,70,1,0,3,0,1
200500048135,5,8,6,2300,3,1,1,1,1,6,4789600,409400,290,3,2,2,0,1,1,0,92,1,0,1,0,0
200500048136,5,8,25,1615,1,2,1,1,2,57,4791300,397700,290,9,0,0,3,1,1,0,0,9,6,0,0,0
200500048139,5,8,13,500,3,2,1,1,6,170,4794300,416300,290,4,2,0,0,3,3,0,51,1,0,1,0,1
200500048141,5,8,18,1045,1,1,9,1,1,158,4781800,434800,290,3,2,1,0,1,1,0,65,1,0,1,0,0
200500048142,5,8,8,2230,3,1,2,1,3,203,4865700,432900,290,3,2,0,0,0,2,0,75,1,0,1,0,0
200500048145,5,8,31,1130,1,1,1,8,1,17,4847300,469500,290,3,2,2,0,1,2,0,54,2,0,1,0,0
200500048146,5,8,5,1830,1,1,1,1,1,240,4826600,418800,290,3,2,2,0,2,3,0,40,1,0,1,0,0
200500048156,5,8,21,2030,1,1,9,1,2,260,4770500,278700,560,3,2,2,0,1,1,0,60,1,0,1,0,0
200500048158,5,8,21,915,1,1,1,1,2,221,4766100,224000,560,3,2,2,0,1,1,0,63,1,0,1,0,0
200500048159,5,8,6,900,1,1,1,1,3,33,4782600,211100,560,3,2,2,0,1,1,0,70,1,5,1,0,1
200500048166,5,8,6,2230,3,1,1,1,1,179,4776200,351800,560,3,2,2,0,1,1,15,60,1,0,1,0,0
200500048168,5,8,18,100,3,1,9,1,7,118,4773500,331900,560,3,2,2,0,1,1,10,76,1,5,1,0,0
200500048169,5,8,19,930,1,2,1,1,3,197,4786900,244700,560,3,2,0,0,1,1,0,60,1,0,1,0,0
200500048171,5,8,13,500,3,1,1,1,6,125,4806400,302400,560,3,2,2,0,2,3,0,0,1,0,3,0,0
200500048172,5,8,16,1215,1,1,1,1,1,140,4793600,284500,560,3,2,2,0,1,1,0,92,1,0,1,0,1
200500048174,5,8,8,1000,1,1,1,1,7,131,4800500,344200,560,3,2,0,0,1,2,0,0,1,0,3,0,1
200500048176,5,8,29,1015,1,2,1,1,6,66,4814200,361200,560,4,2,2,0,2,1,50,50,1,0,4,3,0
200500048177,5,8,27,45,5,2,1,1,1,228,4930100,37200,140,3,2,2,1,1,1,0,75,1,0,1,0,0
200500048180,5,8,4,1700,1,1,1,1,2,20,4914900,14600,140,3,2,2,0,1,1,0,51,1,0,1,0,0
200500048181,5,8,5,1600,1,2,1,1,1,57,4912900,20800,140,4,2,2,0,1,1,50,0,1,0,1,0,0
200500048183,5,8,17,400,3,1,1,1,7,637,4916500,11600,140,3,2,2,0,1,1,0,41,1,0,1,0,0
200500048184,5,8,31,1645,1,1,1,1,5,76,4923900,30600,140,3,2,2,0,1,1,0,0,1,0,1,0,0
200500048185,5,8,12,330,3,1,1,1,6,760,4910100,64300,140,3,2,2,0,2,1,0,0,1,0,3,0,0
200500048186,5,8,19,1615,1,1,1,1,1,364,4917900,65000,140,3,2,2,0,1,1,0,63,1,0,1,0,0
200500048187,5,8,22,730,1,1,1,7,6,278,4917600,56100,140,3,2,2,0,1,1,0,72,1,0,1,0,1
200500048190,5,8,30,700,1,1,1,5,6,138,4925000,100100,140,3,2,2,0,2,1,0,51,1,0,3,0,0
200500048192,5,8,9,2130,3,1,1,1,6,375,4887000,29000,140,3,2,2,0,1,2,0,43,1,0,1,0,0
200500048193,5,8,13,1030,1,2,1,1,3,520,4915400,18100,140,3,2,2,0,1,2,0,45,1,0,1,0,0
200500048194,5,8,29,1645,1,1,2,1,3,648,4910900,14100,140,3,2,1,0,1,1,0,0,1,0,1,0,0
200500048196,5,8,10,1745,1,1,1,1,3,478,4903800,38700,140,3,2,2,0,0,3,0,88,1,0,1,0,0
200500048197,5,8,24,1030,1,1,1,1,7,194,4908100,37800,140,3,2,2,0,0,1,0,30,1,0,1,0,0
200500048198,5,8,26,1530,1,1,1,1,1,418,4905000,15400,140,3,2,0,0,1,1,0,68,1,0,1,0,1
200500048200,5,8,8,1600,1,1,1,1,3,514,4929300,19700,140,2,2,0,0,1,1,40,78,1,5,1,0,0
200500048201,5,8,4,1845,1,2,1,1,6,514,4929400,19200,140,3,2,2,0,1,1,70,0,1,5,1,0,0
200500048205,5,8,12,1745,1,1,1,1,6,483,4910000,116000,500,3,2,0,0,1,3,0,46,1,0,1,0,0
200500048207,5,8,28,2115,1,2,1,1,3,139,4905700,103800,500,4,2,1,0,1,1,0,56,1,0,1,0,0
200500048211,5,8,5,1230,1,2,1,3,1,112,4876900,123700,500,3,2,2,0,1,3,0,58,2,0,1,0,0
200500048212,5,8,8,1145,1,1,1,1,3,312,4871800,105900,500,3,2,2,0,1,1,0,63,1,0,1,0,0
200500048216,5,8,29,1100,1,2,1,1,1,149,4955700,167000,500,3,2,2,0,1,1,0,56,1,0,1,0,0
200500048217,5,8,24,2130,3,1,1,3,1,222,4950500,175000,500,3,2,2,0,1,1,0,46,2,0,1,0,0
200500048218,5,8,11,1545,1,1,1,1,2,249,4935000,127000,500,2,3,4,0,1,1,13,160,1,0,1,0,0
200500048221,5,8,8,1500,1,1,1,1,3,209,4964000,145000,500,3,2,0,0,2,1,0,54,1,0,1,0,0
200500048222,5,8,11,2145,2,1,1,1,7,438,4913400,142800,500,3,2,2,0,1,3,0,59,1,0,1,0,0
200500048223,5,8,13,1730,2,1,1,1,6,111,4903000,129500,500,3,2,0,0,1,2,0,52,1,0,3,0,0
200500048224,5,8,24,2045,3,1,2,3,3,568,4900700,142400,500,3,2,2,0,2,1,0,59,2,5,1,0,0
200500048225,5,8,7,630,2,1,1,2,6,605,4896000,142000,500,3,2,2,0,0,2,0,60,2,0,3,0,0
200500048226,5,8,15,2245,3,1,1,1,3,388,4903300,145400,500,3,2,3,0,0,2,0,130,1,0,1,0,0
200500048231,5,8,15,2230,3,1,1,1,1,481,4924200,159400,500,3,0,2,0,1,0,0,70,1,0,1,0,0
200500048232,5,8,20,1430,1,1,1,1,7,198,4914500,159000,500,3,2,2,0,1,1,0,0,1,0,3,0,0
200500048233,5,8,20,1600,1,1,1,1,3,318,4868200,102900,500,3,2,2,0,1,1,0,64,1,0,1,0,0
200500048234,5,8,24,1500,1,1,1,2,6,29,4862600,82700,500,3,2,2,0,0,3,0,54,2,0,1,0,0
200500048237,5,8,6,1500,1,1,1,1,7,156,4854900,23700,610,3,2,2,0,0,2,0,71,1,0,3,0,0
200500048238,5,8,7,215,3,1,1,1,6,464,4859500,21200,610,3,2,2,0,2,3,0,52,1,0,3,0,1
200500048239,5,8,24,800,1,1,1,1,6,306,4867300,23300,610,3,2,2,0,2,1,0,53,1,0,3,0,0
200500048243,5,8,18,1415,1,1,1,1,5,275,4870300,30500,610,2,2,2,0,0,1,0,70,1,0,1,0,0
200500048244,5,8,25,1430,1,1,1,1,7,315,4880900,15600,610,3,2,2,0,1,2,0,57,1,0,3,0,0
200500048245,5,8,10,1600,1,1,1,1,1,91,4859200,48900,610,3,2,2,0,1,1,0,0,1,5,1,0,0
200500048248,5,8,1,1230,1,1,1,1,3,73,4877000,43500,610,3,2,2,0,2,4,0,58,1,0,1,0,0
200500048249,5,8,8,1430,1,1,1,1,1,486,4877000,71000,610,3,2,0,0,2,3,35,100,1,5,1,0,0
200500048250,5,8,13,2145,5,2,3,1,3,376,4869100,62100,610,3,2,2,0,0,0,0,54,1,0,1,0,0
200500048251,5,8,9,1000,1,1,1,1,3,151,4874300,58600,610,3,2,2,0,0,3,0,73,1,0,1,0,1
200500048256,5,8,6,1,5,2,2,1,3,180,4752900,118800,440,3,2,0,0,1,1,0,0,1,0,1,0,0
200500048257,5,8,12,1300,1,1,1,1,6,169,4725900,139500,440,3,2,2,0,1,2,0,70,1,0,1,0,0
200500048260,5,8,7,300,3,1,1,1,7,54,4767200,130000,440,3,2,0,0,0,1,0,70,0,0,0,0,0
200500048264,5,8,2,1630,1,1,1,1,6,23,4740800,186100,440,2,2,2,0,1,1,0,0,1,0,1,0,0
200500048265,5,8,4,1700,1,1,1,1,5,122,4743800,143000,440,3,2,2,0,1,1,0,68,1,0,1,0,0
200500048266,5,8,8,1615,1,1,2,1,3,149,4749600,154200,440,3,2,0,0,1,1,0,55,1,0,1,0,0
200500048267,5,8,17,645,2,1,1,1,1,193,4767800,153400,440,3,2,2,0,0,1,0,80,1,0,1,0,1
200500048268,5,8,20,200,3,1,1,1,7,138,4750600,163700,440,2,3,2,0,1,1,10,74,2,0,0,0,0
200500048270,5,8,20,1115,1,2,1,1,6,130,4713000,158300,440,3,2,2,0,1,1,0,0,1,0,1,0,0
200500048273,5,8,15,215,3,1,1,1,6,21,4705700,194400,440,3,2,1,0,1,1,0,64,1,0,3,0,1
200500048276,5,8,17,1630,1,1,1,1,1,40,4713600,188100,440,3,2,1,0,1,1,0,63,1,0,1,0,1
200500048281,5,8,10,1730,1,1,1,1,6,119,4697300,175400,440,3,2,2,0,1,1,60,0,1,0,1,0,0
200500048282,5,8,27,1645,1,1,1,1,1,133,4712000,177400,440,3,2,0,0,1,2,0,68,1,0,1,0,0
200500048283,5,8,31,300,3,1,1,1,1,87,4701100,184100,440,3,2,2,0,1,1,0,65,1,0,0,0,0
200500048284,5,8,27,1845,1,2,1,1,1,47,4723100,173500,440,3,2,0,0,0,1,0,80,1,0,1,0,0
200500048289,5,8,12,2015,1,1,1,1,7,183,4738800,242900,440,3,2,2,0,0,0,0,0,0,0,3,0,0
200500048293,5,8,5,700,1,1,1,1,2,98,4749200,215100,440,3,2,2,0,1,1,0,61,1,0,1,0,1
200500048298,5,8,17,1100,1,1,1,1,1,35,4740400,63200,490,3,3,2,0,2,2,0,51,1,0,1,0,0
200500048299,5,8,22,945,2,2,1,2,2,55,4753200,56500,490,3,3,0,0,1,1,23,61,2,0,1,0,1
200500048300,5,8,4,2000,1,2,2,1,3,167,4740900,48500,490,4,2,2,0,1,1,0,55,1,0,1,0,0
200500048301,5,8,2,1845,1,2,2,1,3,22,4731700,58600,490,4,2,2,0,1,1,0,38,1,0,1,0,0
200500048302,5,8,21,1430,1,2,1,1,7,71,4726900,64500,490,3,2,2,0,2,3,0,50,1,0,1,0,0
200500048303,5,8,27,830,1,1,1,1,6,227,4729400,46800,490,3,2,2,0,1,1,0,57,1,0,3,0,0
200500048304,5,8,13,1945,1,2,1,1,6,117,4742400,44600,490,3,2,0,0,1,4,0,60,1,0,4,0,0
200500048305,5,8,26,1615,1,1,1,1,5,377,4753600,41700,490,2,2,3,0,1,1,0,108,1,0,1,0,0
200500048306,5,8,8,1830,1,2,2,1,3,63,4735400,76200,490,3,2,2,0,2,1,0,62,1,5,1,0,0
200500048307,5,8,12,1500,1,1,1,1,3,110,4752500,31500,490,3,2,0,0,0,1,0,68,1,0,1,0,0
200500048318,5,8,22,230,3,2,1,1,6,116,4748200,10100,490,3,2,2,0,1,1,0,67,1,0,4,0,0
200500048319,5,8,21,45,3,1,1,1,7,122,4754500,14400,490,4,2,2,0,1,1,0,30,1,0,1,0,0
200500048321,5,8,13,1145,1,1,1,7,6,125,4721800,30600,490,3,2,2,0,1,3,0,0,1,0,3,0,0
200500048324,5,8,3,2000,2,1,1,1,1,180,4740200,10200,490,4,0,2,0,0,3,0,42,1,0,0,0,0
200500048325,5,8,4,1645,1,2,1,1,2,149,4734900,23100,490,3,2,2,0,1,0,0,0,1,0,1,0,0
200500048326,5,8,9,1745,1,1,1,1,3,346,4738000,27000,490,3,2,2,0,1,2,0,50,1,0,1,0,0
200500048327,5,8,19,1830,1,1,1,1,5,2,4730100,700,490,3,2,2,0,1,1,0,72,1,0,1,0,0
200500048329,5,8,31,1645,1,2,1,1,2,41,4730700,6700,490,4,2,2,0,1,1,0,0,1,0,1,0,0
200500048332,5,8,22,1510,1,1,1,1,3,277,4764300,89300,490,3,2,2,0,1,2,0,49,1,0,1,0,0
200500048333,5,8,9,1725,1,1,1,1,6,176,4763500,76500,490,3,2,0,0,1,1,0,46,1,0,3,0,1
200500048336,5,8,29,1615,1,1,1,1,7,266,4746200,79200,490,3,2,2,0,1,1,0,45,1,0,3,0,0
200500048339,5,8,6,415,5,2,1,1,2,62,4783200,71700,530,4,0,0,0,2,1,0,60,1,0,1,0,1
200500048341,5,8,6,905,1,2,6,1,2,147,4829100,62400,530,2,2,0,0,1,1,10,0,1,5,1,0,0
200500048343,5,8,30,2015,1,1,1,1,7,174,4832400,66500,530,4,2,1,0,1,1,0,30,1,0,1,0,0
200500048347,5,8,1,1115,1,2,1,1,3,121,4842500,33600,530,3,2,2,0,2,1,0,0,1,0,1,0,0
200500048348,5,8,3,1830,1,2,1,1,6,246,4840400,10200,530,3,2,0,0,1,1,0,61,1,0,1,0,0
200500048350,5,8,9,1100,1,1,9,1,3,185,4846700,19300,530,2,2,2,0,1,1,0,0,1,0,1,0,0
200500048353,5,8,8,215,3,1,1,1,6,149,4802300,21500,720,3,2,2,0,4,1,0,68,1,0,1,0,0
200500048354,5,8,14,1615,1,1,1,1,1,253,4787500,7700,720,3,2,0,0,1,3,0,46,1,0,1,0,0
200500048362,5,8,5,15,3,1,1,1,1,183,4773500,53700,720,3,2,2,0,0,1,0,62,1,0,1,0,0