Num_Acc,an,mois,jour,hrmn,lum,agg,int,atm,col,com,lat,long,dep,catr,circ,nbv,vosp,prof,plan,lartpc,larrout,surf,infra,situ,env1,killed
200500048363,5,8,14,1145,1,1,1,1,1,21,4787500,20500,720,3,2,0,0,2,2,0,51,1,0,1,0,0
200500048369,5,8,7,415,3,1,1,1,6,378,4780300,26300,720,3,2,2,0,1,1,0,72,1,0,3,0,1
200500048370,5,8,21,1230,1,1,1,1,6,276,4826100,53700,720,3,2,0,0,2,2,0,68,1,0,3,0,0
200500048378,5,8,26,1800,1,2,6,1,3,178,4677500,150700,850,3,0,0,0,1,0,0,0,1,5,0,0,0
200500048379,5,8,31,1900,1,1,1,1,3,178,4666700,151500,850,3,2,0,0,0,0,0,60,1,0,0,0,1
200500048381,5,8,5,2200,3,1,1,1,3,49,4638000,111000,850,3,2,2,0,1,2,0,70,1,0,1,0,1
200500048382,5,8,5,2330,3,1,1,1,1,267,4633000,108000,850,3,2,2,0,1,1,0,70,1,0,1,0,0
200500048383,5,8,7,630,2,1,1,1,6,42,4637000,99000,850,2,2,2,0,1,1,0,70,1,0,1,0,1
200500048384,5,8,10,1430,1,2,1,1,3,128,4645000,116000,850,3,2,0,0,1,1,0,60,1,0,1,0,0
200500048385,5,8,17,2100,1,2,1,1,2,128,4645500,116400,850,3,2,0,0,1,1,0,60,1,0,1,0,0
200500048386,5,8,22,730,2,2,6,1,3,304,4639300,96400,850,3,2,0,0,1,1,0,58,1,5,1,0,0
200500048390,5,8,4,1945,1,2,6,1,3,47,4684800,187600,850,9,0,0,0,0,0,0,71,1,5,1,3,0
200500048391,5,8,8,1215,1,2,1,1,4,47,4684100,188900,850,3,2,2,0,1,1,0,60,1,0,1,0,0
200500048399,5,8,9,1500,1,1,1,7,1,12,4687800,212000,850,3,2,0,0,1,1,0,70,1,0,1,0,0
200500048401,5,8,22,1215,1,1,1,1,1,18,4693900,203400,850,3,2,2,0,1,1,0,100,2,0,1,0,0
200500048405,5,8,28,830,3,2,1,1,6,18,4693200,205200,850,3,2,2,0,1,3,0,70,1,0,1,0,0
200500048406,5,8,2,1445,1,1,1,1,3,101,4645700,140900,850,3,2,2,0,2,1,0,70,1,3,1,0,1
200500048407,5,8,2,1940,1,1,1,1,6,127,4639900,148200,850,3,2,2,0,1,3,0,53,1,0,1,0,0
200500048408,5,8,9,1330,1,1,1,1,1,231,4645500,151900,850,3,3,2,0,3,1,9,61,1,0,1,0,1
200500048411,5,8,26,2345,5,2,2,1,3,307,4634200,133600,850,3,2,2,2,1,1,0,45,1,0,1,0,0
200500048414,5,8,10,200,5,2,1,1,6,236,4471100,123100,330,4,2,0,0,2,1,0,0,1,0,4,0,0
200500048417,5,8,6,2200,5,2,1,1,6,58,4513300,65300,330,3,2,2,0,2,1,0,88,1,0,1,0,0
200500048418,5,8,6,200,3,1,1,1,7,123,4509100,40300,330,3,2,2,0,2,3,0,66,1,0,1,0,0
200500048419,5,8,17,1000,1,1,1,1,3,4,4500500,52500,330,3,2,0,0,1,1,75,0,1,0,1,0,0
200500048420,5,8,27,215,5,2,1,1,7,433,4494900,53800,330,3,2,0,0,0,1,0,67,1,6,1,0,0
200500048423,5,8,8,1330,1,1,1,1,4,13,4487300,50100,330,2,3,0,0,1,1,30,71,1,0,1,0,0
200500048428,5,8,15,1800,1,1,1,1,3,279,4450600,24100,330,4,2,2,0,1,0,0,37,1,0,1,0,0
200500048430,5,8,8,1245,1,1,1,1,3,2,4449000,6000,330,3,2,0,0,1,1,0,60,2,0,1,0,0
200500048431,5,8,11,1600,1,1,1,1,1,36,4445500,23400,330,2,3,0,0,1,1,15,50,1,0,1,0,0
200500048432,5,8,25,1715,1,1,1,2,1,36,4443900,24000,330,2,2,2,0,0,1,0,70,2,0,1,0,0
200500048433,5,8,25,1215,1,2,1,1,2,352,4458500,2400,330,4,0,2,0,1,1,0,53,1,0,1,0,0
200500048434,5,8,24,1515,1,2,1,1,3,547,4445900,37600,330,4,2,2,0,1,1,0,45,1,0,1,0,0
200500048435,5,8,5,1630,1,1,1,1,5,177,4533200,96500,330,2,2,2,0,1,1,0,0,1,0,1,0,1
200500048436,5,8,13,2115,2,2,1,1,2,240,4528000,94400,330,3,2,0,0,1,1,0,52,1,0,1,0,0
200500048439,5,8,21,2030,1,1,1,1,6,193,4543500,112800,330,3,2,2,0,1,1,0,0,1,0,1,0,0
200500048440,5,8,18,1800,1,2,1,1,6,222,4495800,19900,330,3,2,2,0,1,2,0,48,9,0,1,0,0
200500048445,5,8,4,1400,1,1,2,1,3,264,4506600,26500,330,3,2,2,0,1,1,0,83,1,0,1,0,1
200500048447,5,8,12,2330,5,2,1,1,6,322,4525100,68600,240,3,2,2,0,1,1,0,100,1,0,3,0,0
200500048464,5,8,22,1800,1,1,1,1,5,409,4506300,38000,240,3,2,1,0,1,2,0,55,1,0,1,0,0
200500048467,5,8,13,900,1,2,2,1,1,89,4488600,142300,240,3,2,2,0,1,1,0,65,1,0,1,0,0
200500048468,5,8,22,245,3,1,1,1,7,81,4487600,135400,240,3,2,2,0,1,3,0,58,1,0,3,0,0
200500048470,5,8,18,1340,1,2,3,1,3,547,4513500,131300,240,2,2,2,0,1,1,0,70,1,5,1,0,1
200500048474,5,8,21,430,5,2,1,1,6,80,4376400,31700,400,2,2,2,0,1,1,0,70,1,0,1,0,0
200500048475,5,8,14,1500,1,1,1,1,2,288,4401100,32300,400,3,2,2,0,1,1,0,70,1,0,1,0,0
200500048477,5,8,27,1345,1,1,1,1,1,288,4401500,32400,400,3,2,2,0,0,1,0,70,1,0,1,0,0
200500048478,5,8,15,1600,1,1,2,1,3,313,4370000,64400,400,3,2,0,0,1,1,0,57,1,0,1,0,0
200500048479,5,8,11,400,3,1,1,1,7,3,4371600,115200,400,2,3,2,3,1,1,89,161,1,0,3,0,1
200500048482,5,8,25,2245,1,1,2,1,1,269,4363300,112800,400,3,2,1,0,1,3,0,40,1,0,1,0,0
200500048483,5,8,8,1945,1,2,1,1,3,65,4365000,143700,400,4,2,2,2,1,1,0,70,1,0,1,0,0
200500048484,5,8,13,600,5,2,1,1,6,65,4364200,142200,400,9,2,2,0,0,3,0,0,0,0,1,0,0
200500048485,5,8,14,1545,1,2,1,1,3,65,4364800,142800,400,4,2,2,0,1,1,0,60,1,0,1,0,0
200500048487,5,8,2,1600,1,2,1,1,1,310,4375800,132900,400,3,2,2,0,1,1,0,45,1,0,1,0,0
200500048497,5,8,27,345,5,2,1,3,6,17,4372700,60500,400,3,2,1,0,1,2,0,60,2,0,1,0,0
200500048500,5,8,16,1500,1,1,1,1,7,161,4413700,2200,400,3,2,2,0,1,3,0,74,1,0,1,0,0
200500048503,5,8,29,1830,1,2,1,1,4,209,4426500,67100,470,2,0,2,0,2,1,0,70,1,0,1,0,0
200500048505,5,8,8,1615,1,1,1,1,7,4,4430500,52900,470,3,2,2,0,1,2,0,0,1,0,1,0,0
200500048506,5,8,14,945,1,1,1,1,1,4,4430900,34200,470,2,2,1,0,1,2,0,46,1,0,1,0,1
200500048507,5,8,13,1530,1,1,1,1,7,288,4426000,72700,470,3,2,2,0,1,1,0,71,1,0,3,0,0
200500048511,5,8,2,1630,1,1,1,1,1,233,4452900,9700,470,4,2,0,0,1,0,0,45,1,0,1,0,0
200500048512,5,8,27,1415,1,1,1,1,1,56,4456000,14200,470,3,2,2,0,1,3,0,78,1,0,1,0,1
200500048513,5,8,31,1330,1,1,1,1,1,233,4451700,8300,470,3,2,2,0,1,2,0,74,9,2,0,0,1
200500048514,5,8,30,1800,1,1,1,1,3,68,4447000,4000,470,4,2,0,0,1,1,60,0,1,0,1,0,0
200500048515,5,8,1,1630,1,1,1,1,3,168,4457000,32000,470,3,2,2,0,1,1,0,0,1,0,1,0,0
200500048516,5,8,3,1830,1,1,1,1,6,147,4464000,24300,470,3,2,2,0,2,2,0,49,1,2,3,0,0
200500048518,5,8,30,1805,1,1,1,1,7,14,4455200,40200,470,3,2,2,0,2,1,0,72,1,0,3,0,0
200500048520,5,8,6,315,3,1,1,1,6,310,4438300,29500,470,3,2,2,0,1,1,0,70,1,0,1,0,1
200500048522,5,8,17,530,5,1,1,8,6,78,4429400,27500,470,3,1,0,0,1,1,0,25,1,0,3,0,0
200500048523,5,8,7,230,3,1,1,1,6,175,4453300,76400,470,3,2,2,0,2,2,0,60,1,0,1,0,1
200500048530,5,8,5,600,1,2,1,1,7,6,4439700,63800,470,3,3,2,0,2,3,60,50,9,0,1,0,0
200500048533,5,8,26,1,5,2,1,1,6,309,4451300,45200,470,3,2,2,0,0,2,0,72,9,0,4,0,0
200500048534,5,8,15,830,1,1,1,1,5,230,4324700,38600,640,2,2,2,0,1,4,0,79,1,0,1,0,0
200500048535,5,8,18,1330,1,1,1,1,4,230,4321000,40900,640,2,2,3,0,2,1,0,118,1,0,1,0,0
200500048539,5,8,9,930,1,1,2,1,3,227,4337300,18600,640,3,2,0,0,1,1,0,60,1,0,1,0,0
200500048540,5,8,10,1730,1,1,1,3,1,329,4329800,28900,640,2,2,2,0,1,1,0,90,2,0,1,0,0
200500048541,5,8,5,1545,1,1,1,7,3,304,4349900,141800,640,3,2,2,0,1,3,0,75,1,0,1,0,0
200500048543,5,8,17,1915,1,2,1,1,6,65,4334900,162100,640,3,2,2,0,1,1,0,77,1,0,1,0,0
200500048546,5,8,12,1515,1,1,1,1,6,391,4327000,84100,640,3,2,2,0,4,1,0,72,1,0,3,0,0
200500048548,5,8,16,730,1,1,1,1,6,426,4324100,67200,640,3,2,2,0,1,1,0,135,1,0,0,0,0
200500048549,5,8,15,2145,5,2,1,1,1,5,4336200,56100,640,3,2,0,0,0,2,0,60,1,5,1,0,0
200500048550,5,8,1,1145,1,1,1,2,1,296,4353800,65000,640,3,2,2,0,2,3,0,63,2,0,1,0,1
200500048552,5,8,3,2115,2,1,1,1,1,65,4641100,30200,860,3,2,0,0,2,0,0,28,1,0,1,0,0
200500048558,5,8,28,1645,1,1,1,1,3,92,4690200,62200,860,3,2,2,0,2,1,0,48,9,0,1,0,1
200500048559,5,8,30,800,1,1,1,1,1,19,4674800,44400,860,4,2,2,0,3,1,0,47,1,0,1,0,0
200500048560,5,8,25,1145,1,1,1,2,7,221,4681700,39500,860,3,2,2,0,1,1,0,71,2,0,0,0,1
200500048562,5,8,6,2045,1,2,1,1,6,165,4642900,87000,860,4,1,0,0,2,1,0,38,1,0,1,0,0
200500048563,5,8,6,1645,1,1,1,1,6,289,4621400,61600,860,3,2,0,0,1,1,0,59,1,0,1,0,0
200500048564,5,8,23,2130,5,2,3,1,6,176,4629900,72600,860,3,2,2,0,2,4,0,57,1,0,1,0,0
200500048566,5,8,25,1600,1,1,1,2,6,222,4534400,7300,160,3,2,2,0,2,2,0,0,2,0,1,0,0
200500048574,5,8,7,1700,1,1,1,1,3,68,4589900,38700,160,4,2,0,0,0,3,0,0,0,0,0,0,0
200500048575,5,8,28,2315,3,1,1,1,2,419,4581500,7900,160,3,2,2,0,2,3,0,0,1,0,1,0,1
200500048576,5,8,3,2215,3,1,1,1,7,269,4567300,34200,160,3,2,0,0,0,2,0,0,0,2,0,0,0
200500048583,5,8,20,1715,1,2,7,1,1,439,4631200,82900,170,3,2,2,0,1,1,0,50,1,0,1,0,0
200500048589,5,8,4,145,3,1,1,5,6,38,4517500,30400,170,3,2,2,0,1,2,0,55,2,0,1,0,0
200500048593,5,8,3,1500,1,1,1,1,1,337,4597200,124800,170,3,2,2,0,1,3,0,60,1,0,1,0,0
200500048594,5,8,3,2045,1,1,1,1,1,385,4596800,137500,170,4,2,0,0,1,1,0,53,1,5,1,0,0
200500048595,5,8,6,530,3,1,1,1,6,337,4597900,130000,170,3,2,2,0,1,2,0,35,1,0,3,0,0
200500048596,5,8,14,1430,1,1,1,1,5,93,4586600,119500,170,3,2,0,0,1,1,0,0,1,2,1,0,0
200500048597,5,8,16,1200,1,1,1,1,3,337,4596000,133000,170,3,2,2,0,0,1,0,62,1,0,1,0,0
200500048598,5,8,16,2200,3,1,1,1,1,337,4597000,128000,170,3,2,0,0,1,1,0,60,1,0,1,0,0
200500048599,5,8,21,1545,1,2,1,1,7,385,4591600,131300,170,4,2,0,0,0,1,0,35,1,0,1,0,0
200500048601,5,8,9,2215,3,2,2,1,1,225,4572000,115700,170,3,2,0,0,1,1,0,0,1,5,1,0,0
200500048602,5,8,14,1530,1,1,1,1,1,409,4569500,99500,170,3,2,2,0,1,3,0,65,1,0,1,0,0
200500048603,5,8,16,600,2,1,1,1,1,253,4597400,91800,170,3,2,2,0,1,1,70,75,1,0,1,0,0
200500048606,5,8,3,2000,2,2,1,7,6,179,4572000,61900,170,3,2,1,0,0,2,0,33,1,0,3,0,0
200500048608,5,8,16,1800,1,1,1,1,1,431,4577200,80200,170,4,2,0,0,1,4,0,42,1,0,1,0,0
200500048610,5,8,14,530,5,2,1,1,6,283,4558900,53000,170,4,2,2,0,1,1,0,60,1,0,3,0,0
200500048614,5,8,12,1615,1,2,2,1,3,347,4594900,52700,170,3,2,2,0,1,1,0,70,1,0,1,0,0
200500048617,5,8,3,1730,1,1,1,1,5,71,4588000,35600,170,3,2,2,0,1,1,0,0,1,0,1,0,0
200500048619,5,8,21,830,1,1,1,1,3,25,4588600,43800,170,3,2,0,0,1,1,0,57,1,5,1,0,0
200500048620,5,8,14,2000,1,2,1,1,3,101,4649500,59900,790,3,2,1,0,2,1,0,67,1,0,1,0,0
200500048625,5,8,5,1700,1,2,8,1,6,299,4689500,22400,790,3,2,0,0,0,2,0,0,9,4,1,0,0
200500048628,5,8,1,1730,1,1,1,1,3,61,4625800,19600,790,4,2,2,0,1,3,0,76,1,0,1,0,0
200500048629,5,8,19,30,3,1,1,1,6,240,4626100,29600,790,3,2,0,0,1,4,0,53,1,0,3,0,1
200500048630,5,8,24,1745,1,1,1,1,6,285,4659300,32600,790,3,2,2,0,1,1,0,54,1,0,0,0,1
200500048631,5,8,3,1945,1,1,1,1,2,135,4673500,15300,790,3,2,0,0,4,1,0,60,1,0,1,0,0
200500048634,5,8,6,1230,1,2,1,1,3,1,4579900,112700,870,2,2,3,3,1,1,0,102,1,5,1,0,0
200500048638,5,8,9,1515,1,1,1,1,7,35,4580200,158300,870,3,2,0,0,1,1,0,52,1,0,3,0,0
200500048645,5,8,30,1545,1,2,1,1,6,46,4583900,101000,870,4,2,2,0,1,1,0,50,1,0,1,0,0
200500048646,5,8,17,930,1,2,3,1,1,227,4529000,165000,190,3,2,0,0,1,2,0,81,1,0,1,0,0
200500048648,5,8,24,1745,1,1,1,1,3,176,4537600,200300,190,3,3,3,0,1,1,0,150,1,0,1,0,0
200500048650,5,8,30,900,1,2,1,1,3,123,4517400,156300,190,2,3,2,1,1,1,30,47,1,0,1,0,0
200500048653,5,8,6,1615,1,1,1,1,3,148,4541500,228600,190,3,2,0,0,0,1,0,67,1,0,1,0,0
200500048655,5,8,16,1015,1,1,1,1,1,136,4643800,186800,230,3,2,2,0,1,2,0,60,1,0,1,0,0
200500048659,5,8,5,145,3,1,1,1,6,202,4387600,138100,310,3,2,2,0,1,1,0,60,1,0,1,0,1
200500048661,5,8,3,145,5,2,1,1,1,395,4347000,133300,310,9,2,0,0,0,1,0,0,1,0,0,0,0
200500048663,5,8,9,1215,1,1,2,1,3,153,4320000,109000,310,3,2,2,0,3,1,0,58,1,5,1,0,0
200500048664,5,8,6,1215,1,1,1,1,6,65,4338000,118200,310,3,2,0,0,1,1,0,60,1,0,3,0,0
200500048665,5,8,9,2330,3,1,1,1,3,390,4309500,52600,310,2,2,2,0,1,1,100,0,1,0,3,0,0
200500048666,5,8,31,1515,1,2,1,7,6,390,4308900,57500,310,2,2,2,0,2,2,60,0,1,0,3,0,0
200500048667,5,8,3,1700,1,1,1,1,6,190,4287700,73500,310,2,2,2,0,1,1,0,0,1,0,3,0,0
200500048668,5,8,14,1545,1,2,1,1,1,500,4278000,60100,310,3,2,0,0,1,1,0,57,1,0,1,0,0
200500048671,5,8,3,1945,1,1,3,1,3,378,4325900,73200,310,3,2,2,0,1,1,0,53,1,0,1,0,0
200500048673,5,8,5,2315,5,2,1,1,7,100,4328700,163700,310,3,2,2,0,1,0,40,0,1,0,3,0,0
200500048674,5,8,28,2130,3,1,1,1,3,37,4336700,179800,310,2,0,2,0,1,1,0,60,1,0,1,0,0
200500048675,5,8,20,1800,1,2,3,1,3,106,4353500,176000,310,3,2,2,0,1,1,0,70,1,0,1,0,0
200500048678,5,8,13,445,2,1,1,1,1,451,4344700,202300,310,3,2,2,0,2,2,0,68,1,0,1,0,0
200500048679,5,8,15,1800,1,1,2,1,3,451,4346900,198300,310,3,2,0,0,0,1,0,58,1,0,3,0,1
200500048684,5,8,13,2000,1,1,1,1,2,19,4315000,142000,90,3,2,2,0,0,1,0,66,1,0,1,0,0
200500048685,5,8,15,2030,2,1,1,1,3,19,4313600,144200,90,3,2,2,0,1,1,0,60,1,0,1,0,0
200500048686,5,8,10,1345,1,1,1,1,7,107,4303700,177000,90,3,2,0,0,1,3,0,46,1,0,1,0,0
200500048687,5,8,26,845,1,1,1,2,1,164,4299800,121600,90,3,2,0,0,1,1,0,71,0,0,1,0,1
200500048689,5,8,3,1615,1,2,1,1,6,102,4429100,261100,120,3,2,2,0,3,1,23,91,1,6,1,0,1
200500048690,5,8,12,800,1,1,1,1,3,188,4426800,281600,120,3,2,2,0,2,1,0,0,1,0,1,0,1
200500048691,5,8,19,1430,1,1,2,1,3,43,4429100,250900,120,2,2,2,0,1,1,0,100,1,5,1,0,0
200500048692,5,8,12,1330,1,1,1,1,1,171,4451800,243300,120,3,2,2,0,0,3,70,0,1,0,1,0,1
200500048693,5,8,25,1530,1,1,2,1,3,254,4445900,257500,120,3,2,2,0,1,2,0,89,1,5,1,0,0
200500048695,5,8,7,1645,1,1,1,1,2,242,4464400,280900,120,3,2,2,0,1,1,0,60,1,0,1,0,0
200500048697,5,8,15,1630,1,1,1,7,1,225,4405100,297600,120,3,2,2,0,1,3,0,74,1,0,1,0,0
200500048698,5,8,3,1900,1,1,1,1,3,270,4434100,306500,120,3,2,0,0,1,1,0,118,1,0,1,0,0
200500048699,5,8,17,2345,3,1,1,2,3,196,4435000,296000,120,2,2,2,0,1,3,0,69,0,0,3,0,0
200500048700,5,8,29,100,3,1,8,1,6,123,4435300,299900,120,2,2,2,0,1,1,0,75,1,4,1,0,0
200500048701,5,8,2,1100,1,1,1,1,1,243,4400300,297000,120,3,2,2,0,1,2,0,72,1,0,1,0,0
200500048703,5,8,29,1830,1,2,1,1,6,208,4396400,287700,120,4,2,0,0,1,1,0,65,1,0,1,0,0
200500048704,5,8,8,615,1,1,1,1,6,195,4388000,277800,120,3,2,2,0,1,1,0,0,1,0,1,0,0
200500048705,5,8,27,1315,1,1,1,1,1,257,4451700,204600,120,3,2,2,0,0,2,0,69,2,0,1,0,0
200500048707,5,8,17,1645,1,2,1,1,3,147,4363600,86700,320,3,2,2,0,0,0,0,0,1,0,1,0,0
200500048714,5,8,8,2115,1,1,1,1,6,107,4393700,36000,320,3,2,2,0,2,1,0,60,1,0,3,0,0
200500048715,5,8,9,1100,1,1,1,1,3,143,4403000,46000,320,3,2,0,0,1,1,0,67,1,0,1,0,0
200500048716,5,8,8,1300,1,2,1,1,3,227,4380500,4000,320,4,2,2,0,1,1,0,60,1,0,1,0,0
200500048717,5,8,11,1845,1,2,4,1,3,127,4387000,10200,320,3,2,2,0,3,1,0,71,1,0,0,0,0
200500048720,5,8,19,800,1,1,1,1,7,180,4388100,18000,320,3,2,2,0,1,1,0,80,1,0,3,0,0
200500048722,5,8,23,2330,3,1,1,1,7,193,4392200,7000,320,3,2,2,0,1,1,0,44,1,0,3,0,0
200500048723,5,8,24,1515,1,1,1,1,1,125,4381700,9700,320,2,2,2,0,2,3,0,61,1,0,1,0,0
200500048728,5,8,1,1607,1,1,1,8,1,254,4355000,48000,320,2,2,0,0,2,2,0,105,2,0,1,0,1
200500048730,5,8,17,1600,1,2,1,1,3,252,4343100,31100,320,3,2,0,0,1,1,0,56,1,0,1,0,0
200500048732,5,8,1,1815,1,1,2,1,3,17,4362100,20600,320,3,2,2,0,1,1,0,60,1,5,1,0,0
200500048733,5,8,20,1500,1,1,1,2,6,463,4359700,17000,320,3,2,2,0,1,3,0,0,2,0,1,0,0
200500048734,5,8,30,600,2,1,1,1,7,199,4361900,8200,320,3,2,2,0,1,1,0,0,1,0,1,0,0
200500048736,5,8,6,2145,3,1,1,1,6,63,4428500,137100,460,4,2,2,0,3,3,0,23,1,0,1,0,0
200500048737,5,8,20,1330,1,1,1,2,1,148,4434000,151400,460,3,2,0,0,1,3,0,73,2,2,1,0,0
200500048738,5,8,4,100,5,2,1,1,6,231,4449700,114600,460,3,1,0,0,1,1,0,33,1,0,1,0,0
200500048739,5,8,18,1540,1,1,1,1,6,296,4443400,131600,460,4,2,2,0,1,1,0,36,1,0,1,0,0
200500048740,5,8,1,1330,1,1,1,1,7,21,4455700,189400,460,3,0,0,0,0,0,0,0,0,0,0,0,0
200500048742,5,8,10,2200,3,1,1,1,5,138,4464100,153300,460,3,2,0,0,2,2,0,68,1,0,0,0,1
200500048744,5,8,8,1645,1,2,1,1,6,128,4478300,172500,460,4,1,0,0,1,1,0,25,1,0,1,0,0
200500048748,5,8,22,45,3,1,1,1,1,80,4314700,2700,650,3,2,2,0,1,4,0,50,1,0,1,0,0
200500048749,5,8,14,1530,1,2,1,1,1,442,4330200,59100,650,3,2,2,0,1,3,0,63,1,0,1,0,0
200500048753,5,8,26,2100,2,1,1,1,3,77,4298200,6800,650,3,2,2,0,0,1,0,0,1,5,1,0,1
200500048755,5,8,7,2215,5,2,1,1,1,258,4313100,38600,650,9,2,2,0,1,1,0,62,1,0,1,0,0
200500048763,5,8,14,1030,1,2,1,1,6,140,4370500,181800,810,3,2,2,0,1,1,0,90,1,0,1,0,0
200500048764,5,8,27,145,3,1,1,1,6,271,4376100,168900,810,3,2,2,0,1,3,0,45,1,0,3,0,0
200500048765,5,8,30,1700,1,1,1,1,3,140,4368300,174800,810,3,2,0,0,3,3,0,0,1,5,1,0,1
200500048767,5,8,5,1630,1,1,1,1,6,138,4382800,204100,810,3,2,2,0,1,0,0,55,1,0,1,0,0
200500048768,5,8,14,500,3,1,1,1,6,14,4356000,258000,810,3,2,1,0,2,2,0,48,1,0,3,0,0
200500048770,5,8,13,1100,1,1,1,1,6,196,4357700,234500,810,3,2,0,0,1,1,0,62,1,0,3,0,0
200500048772,5,8,28,1815,1,1,1,1,5,120,4352300,230100,810,2,2,2,0,1,3,0,74,1,0,1,0,0
200500048776,5,8,31,1800,1,2,1,1,6,149,4412300,148200,820,4,2,0,0,1,1,0,33,1,0,1,0,0
200500048779,5,8,11,2015,1,1,1,1,7,187,4414200,185500,820,3,2,2,0,1,2,0,60,1,0,3,0,0
200500048782,5,8,27,1100,1,1,1,2,7,99,4413100,117100,820,3,2,2,0,1,2,0,60,2,0,3,0,0
200500048783,5,8,1,1145,1,1,1,8,3,190,4381300,125500,820,3,2,2,0,2,1,0,70,0,0,1,0,0
200500048789,5,8,9,1600,1,1,1,1,3,285,4575500,506400,690,3,2,2,1,0,3,0,60,1,0,1,0,0
200500048797,5,8,27,1145,1,1,1,1,3,178,4569600,444000,690,2,2,2,0,1,1,0,75,1,0,1,0,0
200500048804,5,8,6,1900,1,2,1,1,6,215,4603200,465700,690,3,2,2,0,1,2,0,0,1,0,1,0,0
200500048806,5,8,11,400,5,2,1,1,6,267,4616700,468000,690,3,2,0,0,2,1,0,60,1,0,1,0,0
200500048807,5,8,16,1500,1,1,1,1,7,162,4614400,460700,690,3,2,2,0,1,1,0,70,1,0,1,0,0
200500048809,5,8,23,1900,1,1,1,1,2,209,4623700,448800,690,3,2,0,0,1,1,0,51,1,0,1,0,0
200500048811,5,8,28,1545,1,1,1,1,6,53,4621300,472000,690,3,2,1,0,2,2,0,53,1,0,3,0,0
200500048823,5,8,7,2330,3,1,1,1,3,157,4588000,451100,690,2,2,2,0,1,1,0,73,1,0,1,0,0
200500048824,5,8,2,1600,1,2,1,8,6,248,4603300,431500,690,3,2,2,0,0,1,0,77,1,0,1,0,0
200500048829,5,8,25,1815,1,2,1,3,6,40,4636900,504700,10,3,0,2,0,3,3,0,61,2,0,3,0,0
200500048833,5,8,31,1545,1,1,1,1,7,454,4573400,570900,10,2,2,0,0,4,4,0,77,1,0,3,0,1
200500048834,5,8,5,1730,1,1,1,1,1,208,4581500,577800,10,3,2,2,0,1,1,0,65,1,0,1,0,1
200500048836,5,8,20,1345,1,1,1,1,1,118,4595300,577000,10,3,2,0,0,2,2,0,43,1,0,1,0,0
200500048840,5,8,10,1600,1,1,1,1,1,313,4624700,607200,10,3,2,2,0,3,2,0,70,1,0,1,0,0
200500048841,5,8,17,1415,1,2,1,1,1,160,4624900,609600,10,3,0,0,0,0,0,0,0,0,0,0,0,0
200500048842,5,8,18,1630,1,2,1,1,6,435,4630700,609800,10,3,2,2,0,1,4,0,43,1,0,4,0,0
200500048846,5,8,20,2030,2,2,6,1,3,194,4598300,475800,10,3,2,2,0,1,1,0,60,1,5,1,0,0
200500048850,5,8,9,1215,1,1,1,1,5,248,4591400,493900,10,2,2,2,0,1,1,0,77,1,0,1,0,0
200500048855,5,8,27,845,1,1,1,1,1,346,4447900,468900,70,2,2,1,0,1,1,0,64,1,0,3,0,0
200500048856,5,8,9,945,1,1,1,1,3,348,4455400,441100,70,3,2,2,0,2,1,0,107,1,0,1,0,0
200500048860,5,8,8,1800,1,1,1,1,1,288,4472700,451900,70,2,2,2,0,2,3,0,80,1,0,1,0,0
200500048861,5,8,16,1830,1,1,1,1,3,181,4475000,474600,70,2,2,0,0,0,1,0,80,1,0,1,0,0
200500048862,5,8,8,1130,1,2,1,1,1,171,4445600,414900,70,3,2,2,0,1,3,0,45,1,0,1,0,0
200500048863,5,8,13,330,5,2,1,1,6,327,4452000,432000,70,3,2,2,0,1,2,0,69,1,0,1,0,0
200500048865,5,8,22,1730,1,1,1,1,7,105,4477100,405800,70,3,2,2,0,2,0,0,70,1,0,0,0,0
200500048866,5,8,1,800,1,1,1,1,1,101,4442500,431100,70,3,2,2,0,1,1,0,72,1,0,1,0,0
200500048867,5,8,4,2315,3,1,1,1,3,24,4437100,416700,70,3,2,0,0,0,1,61,0,1,5,1,0,0
200500048868,5,8,17,1300,1,1,1,1,6,334,4440900,413000,70,3,2,2,0,2,4,0,71,9,0,3,0,0
200500048869,5,8,11,630,2,1,1,2,1,313,4531100,477600,70,2,2,0,0,0,3,0,0,2,0,1,0,0
200500048871,5,8,22,1030,1,1,1,2,5,234,4525200,477800,70,3,2,0,0,2,1,0,88,2,0,1,0,0
200500048872,5,8,25,1730,1,1,1,1,1,333,4522300,457000,70,3,3,2,0,2,3,0,48,1,0,1,0,0
200500048873,5,8,6,45,5,2,1,1,3,204,4501600,440400,70,3,2,2,0,1,3,0,67,1,0,1,0,0
200500048876,5,8,30,2045,3,1,1,1,6,64,4492000,442700,70,4,2,2,0,4,4,0,41,1,0,1,0,0
200500048878,5,8,13,2245,3,1,2,1,3,84,4516700,474900,70,4,2,2,0,1,1,0,40,1,0,1,0,0
200500048882,5,8,12,1100,1,1,1,1,3,124,4484000,488900,260,3,2,2,0,0,2,0,60,0,0,0,0,0
200500048883,5,8,19,430,3,1,1,1,6,337,4472600,480700,260,2,2,3,0,0,1,106,0,1,0,3,0,1
200500048884,5,8,27,1230,1,1,1,1,7,165,4478700,488800,260,3,2,2,0,1,2,0,58,1,0,1,0,0
200500048885,5,8,12,1415,1,1,1,1,7,368,4472800,526700,260,3,0,2,0,1,3,0,45,1,0,1,0,0
200500048887,5,8,28,2115,3,1,1,1,6,45,4455400,490900,260,3,2,1,0,1,2,0,61,1,0,1,0,1