Num_Acc,an,mois,jour,hrmn,lum,agg,int,atm,col,com,lat,long,dep,catr,circ,nbv,vosp,prof,plan,lartpc,larrout,surf,infra,situ,env1,killed
200500048890,5,8,27,1945,1,2,1,2,6,63,4427900,527300,260,3,2,0,0,2,2,0,60,2,0,1,0,0
200500048894,5,8,31,1700,1,1,2,1,3,4,4499600,504600,260,4,2,0,0,1,1,0,0,1,0,1,0,0
200500048895,5,8,31,2100,5,1,1,1,6,307,4504100,529700,260,3,3,0,0,0,4,0,0,1,5,3,0,0
200500048897,5,8,20,1815,1,1,1,1,5,333,4517700,481600,260,2,2,4,0,1,1,10,116,1,0,1,0,0
200500048901,5,8,11,1040,1,2,1,2,1,547,4524100,588500,380,3,2,2,0,1,1,0,50,2,0,1,0,0
200500048902,5,8,15,515,2,2,1,2,7,188,4514900,580700,380,3,2,2,0,2,1,0,65,2,0,3,0,1
200500048907,5,8,10,1500,1,1,1,1,7,2,4527800,598700,380,3,2,2,0,4,1,0,0,1,5,1,0,0
200500048908,5,8,12,2245,3,1,1,1,6,501,4530400,594900,380,3,2,2,0,1,1,0,66,1,0,1,0,0
200500048909,5,8,30,1100,4,1,1,1,1,565,4529600,562600,380,3,3,2,0,1,1,30,35,1,5,1,0,1
200500048910,5,8,9,900,1,2,1,1,6,269,4491100,578500,380,2,3,2,0,1,2,20,0,1,0,1,0,0
200500048912,5,8,12,2130,5,2,1,1,1,269,4491100,578800,380,2,2,0,0,4,3,0,0,0,0,1,0,0
200500048913,5,8,17,1830,1,1,1,1,1,413,4488100,583200,380,2,2,0,0,1,1,0,65,1,0,1,0,0
200500048914,5,8,5,1545,1,1,1,1,1,279,4507000,575400,380,2,2,2,0,2,1,0,70,1,0,1,0,0
200500048915,5,8,11,1345,1,1,1,3,3,410,4508900,521400,380,2,2,2,0,3,2,0,66,2,2,1,0,0
200500048918,5,8,21,2030,3,1,1,3,1,30,4535100,547700,380,2,3,3,0,2,2,0,180,2,0,1,0,1
200500048919,5,8,5,1600,1,1,6,1,2,218,4534100,518800,380,3,2,2,0,1,2,0,70,1,5,1,0,0
200500048920,5,8,25,1945,1,1,1,1,4,559,4522200,543500,380,2,2,2,0,2,1,0,78,1,0,1,0,0
200500048921,5,8,2,1415,1,1,1,2,1,230,4556700,527800,380,3,2,2,0,1,3,0,0,2,0,1,0,0
200500048922,5,8,5,1645,1,2,1,1,1,467,4567100,535300,380,3,2,0,0,2,1,0,40,1,0,1,0,0
200500048923,5,8,11,815,1,2,1,3,1,24,4551400,530400,380,2,2,2,0,2,4,0,0,2,0,1,0,0
200500048924,5,8,22,1400,1,2,1,1,1,348,4559000,533000,380,4,2,1,0,2,2,0,0,1,0,1,0,0
200500048925,5,8,13,1645,1,2,1,1,3,554,4572500,524100,380,4,2,1,0,1,1,0,0,1,0,1,0,0
200500048926,5,8,18,1545,1,1,1,1,3,451,4575700,522100,380,4,2,2,0,1,1,70,0,1,0,1,0,0
200500048927,5,8,6,915,1,2,1,1,1,182,4540000,542700,380,3,2,2,0,1,1,0,60,1,0,1,0,0
200500048928,5,8,13,30,3,1,1,1,6,320,4582500,538700,380,3,2,2,0,0,2,0,0,1,0,0,0,0
200500048933,5,8,29,1545,1,2,1,1,1,300,4539400,518400,380,3,2,2,0,1,1,0,50,1,0,1,0,0
200500048934,5,8,26,2115,3,1,1,1,6,300,4539600,518600,380,4,2,2,0,1,1,0,40,1,0,3,0,0
200500048935,5,8,30,1800,1,2,1,1,2,69,4546200,529300,380,2,2,2,0,1,1,0,70,1,0,1,0,0
200500048938,5,8,27,1045,1,1,1,1,6,232,4546700,505000,380,4,2,0,0,1,1,0,0,1,0,3,0,0
200500048939,5,8,7,2015,1,2,1,1,5,507,4575500,519300,380,3,2,2,0,1,1,0,0,1,0,1,0,0
200500048940,5,8,13,1445,1,2,1,1,1,85,4572800,514400,380,3,2,2,0,1,1,0,0,1,0,1,0,0
200500048941,5,8,12,1800,1,2,9,1,3,316,4575500,517100,380,3,2,2,0,0,1,0,0,1,0,1,0,0
200500048942,5,8,13,1800,1,2,1,1,6,349,4532400,477500,380,4,2,0,0,0,0,0,70,1,0,1,0,0
200500048944,5,8,18,115,3,1,1,1,7,286,4537400,436900,420,3,2,0,0,0,3,0,0,1,0,1,0,0
200500048945,5,8,20,1130,1,2,1,1,3,23,4530100,456100,420,2,2,2,0,2,1,0,80,1,0,1,0,0
200500048949,5,8,21,500,3,1,1,1,6,75,4556600,420600,420,3,2,2,0,1,1,0,41,2,0,3,0,0
200500048953,5,8,28,1915,1,1,1,1,6,94,4574500,419700,420,2,2,2,0,1,1,75,70,1,0,1,0,1
200500048954,5,8,2,1930,1,1,1,2,7,318,4538700,393800,420,3,2,0,0,1,3,0,63,2,0,0,0,0
200500048955,5,8,14,945,1,1,1,1,1,312,4541900,407200,420,3,2,0,0,2,2,0,68,1,0,1,0,0
200500048956,5,8,16,1100,1,1,1,1,1,266,4540000,407900,420,3,2,0,0,2,2,64,0,1,0,1,0,0
200500048957,5,8,5,1845,1,2,1,1,2,13,4565100,430000,420,2,2,2,0,2,1,0,77,1,0,1,0,0
200500048974,5,8,3,2035,2,1,1,1,7,288,4563400,591400,730,3,2,0,1,3,2,0,0,1,0,3,0,0
200500048978,5,8,6,945,1,2,1,1,2,213,4557400,595400,730,2,2,2,0,1,1,0,75,1,0,1,0,0
200500048979,5,8,13,1130,1,2,1,1,3,106,4565400,617100,730,3,2,0,0,1,1,0,50,1,0,1,0,0
200500048980,5,8,24,1515,1,2,1,1,6,146,4571900,610900,730,3,2,2,0,2,4,0,51,1,0,1,0,0
200500048989,5,8,26,1745,1,1,1,1,3,204,4554400,575300,730,3,2,0,0,2,3,0,69,0,0,1,0,0
200500048991,5,8,1,1630,1,1,1,1,6,330,4571600,577000,730,3,2,2,0,1,1,0,46,1,0,1,0,0
200500048996,5,8,30,1005,1,1,1,1,3,258,4521200,646400,730,3,2,2,0,2,4,0,70,1,0,1,0,0
200500049006,5,8,7,1315,1,1,1,1,6,80,4589800,643000,740,3,2,2,0,2,2,0,60,1,0,1,0,0
200500049008,5,8,13,915,1,1,2,8,3,290,4605200,694400,740,2,2,2,0,2,4,0,90,2,2,1,0,0
200500049013,5,8,21,615,2,1,2,1,3,90,4609500,631400,740,2,2,2,0,1,1,0,70,2,5,1,0,0
200500049014,5,8,29,1945,1,2,1,1,6,250,4606300,636700,740,3,2,2,0,1,1,0,60,1,0,1,0,0
200500049018,5,8,3,1830,1,2,1,7,6,294,4609600,667100,740,3,2,2,0,1,1,0,69,1,0,3,0,0
200500049019,5,8,17,1915,1,2,1,1,3,258,4608700,672400,740,4,2,2,0,1,1,0,72,1,0,1,0,0
200500049021,5,8,18,815,1,1,1,2,2,31,4610300,610300,740,2,2,3,0,1,1,0,105,2,0,1,0,0
200500049022,5,8,10,100,3,2,1,1,1,94,4618800,630200,740,4,2,0,0,2,2,0,46,1,0,1,0,0
200500049024,5,8,20,1715,1,1,1,2,2,128,4615000,633000,740,3,0,0,0,1,1,0,0,2,0,1,0,0
200500049029,5,8,22,1100,1,1,1,2,5,131,4602700,590900,740,2,2,2,0,1,3,0,83,2,0,1,0,0
200500049031,5,8,17,2345,5,2,1,1,7,70,4630700,624900,740,3,2,0,0,0,1,0,60,1,0,1,0,0
200500049032,5,8,15,545,2,2,2,8,3,48,4627400,638600,740,3,2,2,0,1,1,0,70,1,0,1,0,0
200500049034,5,8,4,1915,1,2,1,1,1,188,4620400,669000,740,3,2,2,0,2,3,0,60,1,2,1,0,0
200500049036,5,8,1,1200,1,1,3,1,1,40,4571500,332300,630,3,0,2,0,1,1,0,84,1,0,3,0,0
200500049041,5,8,13,645,2,2,1,1,6,302,4571000,312000,630,3,2,1,0,2,1,0,50,1,0,4,0,0
200500049042,5,8,28,330,3,1,1,1,6,341,4555300,369400,630,3,2,2,0,1,3,0,68,1,0,3,0,0
200500049044,5,8,30,800,1,2,1,1,2,178,4553500,325500,630,3,2,2,0,2,1,0,90,1,0,1,0,0
200500049046,5,8,21,915,1,2,7,2,6,397,4561100,268800,630,3,2,2,0,2,3,0,0,2,5,1,0,0
200500049047,5,8,29,1500,1,1,1,1,1,397,4562500,271400,630,3,2,2,0,3,1,0,112,1,5,1,0,0
200500049048,5,8,21,430,3,1,1,2,7,279,4547500,284400,630,3,2,2,0,2,3,0,62,2,0,1,0,0
200500049049,5,8,11,2215,5,2,1,1,6,400,4606300,343600,630,3,0,0,0,2,2,0,64,1,0,4,0,1
200500049056,5,8,19,1515,1,2,1,1,3,223,4610600,291100,630,3,3,1,0,1,0,0,0,1,0,1,0,0
200500049057,5,8,18,1615,1,2,1,1,7,187,4622900,287200,630,4,2,0,0,1,0,0,0,0,0,1,0,0
200500049060,5,8,7,1015,1,1,2,1,3,16,4572200,360100,630,3,2,2,0,1,3,0,59,1,0,0,0,0
200500049061,5,8,15,2215,3,1,1,1,7,131,4586800,334200,630,3,2,0,0,1,1,0,55,1,0,3,0,0
200500049062,5,8,31,1215,1,1,1,1,7,195,4584300,333100,630,3,2,2,0,2,1,0,0,1,2,0,0,0
200500049063,5,8,26,1545,1,1,1,1,3,286,4650400,336500,30,2,2,0,0,0,1,0,0,1,3,1,0,0
200500049064,5,8,3,1645,1,1,1,1,1,283,4653800,358900,30,2,2,2,0,1,1,0,73,1,0,1,0,1
200500049067,5,8,24,1845,1,2,1,1,6,292,4642700,306800,30,3,2,2,0,2,1,0,0,1,0,1,0,0
200500049068,5,8,13,2100,1,1,1,1,6,48,4661300,282200,30,3,2,0,0,1,2,0,61,1,0,3,0,0
200500049069,5,8,2,1845,1,2,3,1,1,82,4629500,273700,30,4,2,0,0,1,1,0,54,1,0,1,0,0
200500049070,5,8,28,1345,1,1,1,1,6,167,4620800,258400,30,3,2,0,0,1,1,0,43,1,0,1,0,0
200500049074,5,8,24,1500,1,1,1,1,1,138,4625000,369500,30,3,2,0,0,2,1,0,80,1,0,1,0,1
200500049075,5,8,27,1530,1,1,1,1,5,147,4630100,375500,30,3,2,2,0,2,1,0,74,1,0,1,0,0
200500049076,5,8,27,1830,1,1,1,1,1,63,4648000,396700,30,2,2,2,0,1,1,0,112,1,0,1,0,0
200500049077,5,8,17,1215,1,1,1,1,7,113,4600800,365400,30,4,2,0,0,2,1,0,30,1,0,1,0,1
200500049083,5,8,29,1445,1,1,1,1,2,92,4544100,252200,150,3,2,2,0,1,1,0,76,1,0,1,0,0
200500049084,5,8,3,1400,1,2,1,1,6,231,4511800,304900,150,4,2,0,0,1,1,0,51,1,0,1,0,0
200500049085,5,8,29,1200,1,1,1,1,3,161,4511400,308700,150,3,2,2,0,1,1,0,47,1,0,1,0,0
200500049086,5,8,5,1315,1,1,1,1,2,101,4509200,274500,150,3,2,2,0,1,3,0,0,1,0,1,0,0
200500049089,5,8,19,930,1,2,1,1,6,77,4489600,385100,430,2,2,2,0,1,1,0,75,1,0,3,3,0
200500049090,5,8,22,1215,1,1,1,8,1,154,4476900,391500,430,2,2,2,0,1,2,0,82,2,0,1,0,0
200500049091,5,8,25,1600,1,1,1,1,5,215,4481300,388200,430,2,2,2,0,1,1,0,72,1,0,3,0,1
200500049092,5,8,28,1430,1,1,1,1,6,10,4500300,396700,430,4,2,2,0,1,1,0,60,9,0,1,0,1
200500049093,5,8,15,1745,1,1,1,1,5,267,4520000,391400,430,3,2,0,0,0,2,0,65,1,0,1,0,0
200500049094,5,8,16,1730,1,2,1,1,1,230,4514000,392100,430,3,2,2,0,1,1,0,60,1,0,1,0,0
200500049095,5,8,18,1430,1,2,1,1,3,113,4500300,400800,430,4,2,0,0,1,1,0,50,1,0,1,0,0
200500049096,5,8,31,1200,1,1,1,1,1,262,4528000,338000,430,2,2,2,0,1,1,0,71,1,0,1,0,1
200500049099,5,8,15,215,3,1,1,1,7,167,4506400,357700,430,3,2,0,0,2,4,0,65,1,0,1,0,0
200500049100,5,8,18,100,3,1,1,1,7,132,4512200,348900,430,3,2,0,0,0,1,0,0,1,0,1,0,0
200500049101,5,8,12,1300,1,2,1,1,1,120,4538700,326800,430,3,2,2,0,1,1,0,50,1,0,4,0,0
200500049102,5,8,14,2245,3,1,1,1,6,16,4539000,335800,430,3,2,2,0,1,1,0,51,1,2,3,0,0
200500049103,5,8,6,1145,1,1,9,1,4,120,4538600,328100,430,1,3,0,3,2,1,32,70,1,3,1,0,1
200500049104,5,8,10,845,1,1,1,1,7,268,4515000,411000,430,2,2,2,0,1,1,0,0,1,0,3,0,0
200500049105,5,8,15,1430,1,2,4,1,3,25,4523000,409000,430,3,2,2,0,2,1,0,47,1,0,1,0,0
200500049106,5,8,12,1900,1,1,1,1,3,268,4511400,411000,430,4,2,2,0,2,3,0,40,1,0,1,0,0
200500049107,5,8,31,1200,1,1,1,1,3,162,4520700,401900,430,3,2,2,0,2,2,0,75,1,0,1,0,0
200500049108,5,8,24,1645,1,1,1,1,5,137,4528900,418300,430,2,1,1,0,0,1,0,50,1,3,1,0,0
200500049111,5,8,14,900,1,1,1,8,1,634,4916300,609800,570,3,2,2,0,2,2,0,0,2,0,1,0,1
200500049116,5,8,26,1515,1,2,1,1,3,716,4920900,629900,570,3,2,2,0,1,3,0,70,1,0,1,3,0
200500049118,5,8,31,1515,1,1,9,1,1,106,4929900,650100,570,3,2,2,0,3,1,0,69,1,0,1,0,1
200500049122,5,8,30,1900,1,2,1,1,6,337,4907400,688300,570,2,2,2,0,1,0,0,68,1,0,1,0,0
200500049123,5,8,31,2045,3,1,1,1,7,685,4892800,680500,570,3,2,0,0,2,2,0,56,1,0,3,0,0
200500049128,5,8,28,1500,1,1,1,1,3,682,4854300,714000,570,3,2,2,0,1,3,0,58,1,0,1,0,1
200500049137,5,8,6,445,5,1,6,8,1,474,4926700,617600,570,3,1,0,0,1,0,0,74,1,3,1,0,0
200500049139,5,8,31,1600,1,2,1,1,6,683,4930500,615600,570,4,2,2,0,1,1,0,60,1,0,1,0,0
200500049159,5,8,17,1315,1,1,1,1,2,120,4874000,510000,550,3,2,2,0,0,1,0,71,1,0,1,0,0
200500049160,5,8,18,1215,1,2,3,1,3,427,4883300,498700,550,4,2,0,0,0,0,0,50,1,0,1,0,0
200500049162,5,8,14,15,3,1,1,1,6,111,4890500,551100,550,5,0,1,0,4,1,0,46,1,0,1,0,1
200500049166,5,8,27,1115,1,2,1,1,3,502,4949400,518600,550,3,2,0,0,0,1,0,77,1,0,1,0,0
200500049167,5,8,13,2030,1,1,1,1,6,336,4938000,548900,550,9,2,0,0,0,0,0,30,1,0,3,0,0
200500049170,5,8,23,1945,1,2,1,1,1,549,4925300,506800,550,4,2,2,0,2,2,0,76,1,0,1,0,0
200500049172,5,8,15,2015,1,1,1,1,7,363,4910200,575400,550,3,2,2,0,2,3,0,70,1,0,3,0,0
200500049173,5,8,18,1500,1,1,1,1,3,253,4819300,648700,880,3,2,2,0,1,2,0,60,1,5,1,0,0
200500049174,5,8,4,1545,1,1,1,1,7,418,4829300,666200,880,4,2,2,0,1,1,0,31,1,0,3,0,0
200500049175,5,8,12,600,1,1,9,1,7,222,4825200,661100,880,2,2,2,0,1,1,0,0,1,0,3,0,0
200500049177,5,8,27,2345,3,1,1,1,7,310,4802600,591600,880,3,2,1,0,1,1,0,60,1,0,3,0,0
200500049178,5,8,29,1700,1,1,1,1,6,484,4808200,637500,880,3,2,2,0,1,2,0,63,1,0,1,0,0
200500049186,5,8,10,1815,1,1,1,1,1,188,4786700,681000,880,2,2,0,0,1,3,0,80,1,0,1,0,0
200500049188,5,8,3,2200,5,2,1,1,6,487,4793100,648900,880,3,2,2,0,1,3,0,78,1,0,4,0,1
200500049197,5,8,19,2000,2,1,1,8,1,328,4833200,686400,880,3,2,3,0,0,1,0,104,2,0,1,0,0
200500049198,5,8,24,715,1,2,1,1,3,216,4836200,758100,670,4,2,0,0,1,0,0,64,1,5,1,0,0
200500049199,5,8,4,1830,1,1,1,1,1,154,4839600,769900,670,3,2,2,0,1,1,0,68,1,0,1,0,1
200500049201,5,8,30,1200,1,2,6,1,6,348,4846400,749500,670,3,1,1,0,1,1,0,0,1,0,1,0,0
200500049202,5,8,8,2330,5,1,1,1,7,87,4883700,765000,670,3,2,2,0,4,1,0,62,1,0,1,0,0
200500049205,5,8,19,1900,1,1,1,1,1,331,4878200,772200,670,2,2,2,0,1,1,0,69,2,3,1,0,0
200500049207,5,8,20,1145,1,1,1,1,1,101,4853100,750000,670,3,2,2,0,1,1,50,90,1,5,1,0,0
200500049208,5,8,1,1030,1,1,1,1,7,165,4850800,712700,670,3,2,2,0,2,3,0,63,1,0,3,0,1
200500049209,5,8,3,1815,1,2,7,1,6,437,4875000,735800,670,4,2,0,0,1,0,0,0,1,0,1,0,0
200500049222,5,8,5,1130,1,2,1,1,6,34,4868300,765800,670,3,2,0,0,0,1,0,0,1,5,4,0,0
200500049224,5,8,12,2000,1,1,1,2,6,102,4863900,757600,670,3,2,0,0,1,4,0,0,2,0,1,0,0
200500049226,5,8,20,945,3,1,1,1,6,375,4864900,767400,670,3,2,0,0,0,1,0,0,9,0,1,0,0
200500049229,5,8,25,2130,2,2,9,2,3,451,4899900,801900,670,4,2,2,0,1,1,0,58,1,0,1,0,0
200500049230,5,8,28,1230,1,1,9,7,6,544,4902800,788000,670,3,2,2,0,2,4,0,63,1,0,1,0,0
200500049231,5,8,13,1615,1,1,1,1,7,263,4901900,778000,670,3,2,2,0,0,2,0,0,1,0,1,0,0
200500049232,5,8,4,700,1,2,1,1,6,19,4810500,753400,680,3,2,2,0,1,1,0,70,1,0,3,0,0
200500049233,5,8,23,1345,1,2,1,1,6,162,4815500,724700,680,2,2,1,1,1,1,0,80,1,0,4,0,0
200500049234,5,8,17,1800,1,2,1,1,1,365,4806700,734100,680,3,3,2,1,1,1,23,100,1,0,1,0,0
200500049235,5,8,19,1800,2,1,1,2,3,338,4809700,724000,680,3,2,0,0,2,3,0,85,2,0,1,0,0
200500049236,5,8,29,1800,1,1,4,1,3,374,4808800,731500,680,2,2,0,0,1,3,0,90,1,5,1,0,0
200500049237,5,8,30,1230,1,2,1,1,3,911,4808900,730700,680,3,2,2,0,1,1,0,0,1,5,1,0,0
200500049240,5,8,28,1545,1,1,1,1,7,165,4744800,738500,680,3,2,2,0,2,2,70,0,1,0,3,0,0
200500049241,5,8,9,1645,1,1,1,1,5,315,4789800,711800,680,3,2,2,0,2,4,0,65,1,0,1,0,0
200500049242,5,8,22,2100,5,2,1,1,6,91,4792100,753700,680,3,2,2,0,1,1,0,90,1,0,4,0,1
200500049243,5,8,23,2230,3,2,1,1,1,234,4795400,738500,680,3,2,2,0,0,1,0,80,1,5,1,0,0
200500049244,5,8,9,1715,1,1,1,1,7,287,4796100,730700,680,2,3,0,0,1,1,10,42,1,0,1,0,0
200500049247,5,8,3,1615,1,1,1,1,6,55,4771100,736000,680,3,2,2,0,1,1,0,62,1,0,3,0,1
200500049248,5,8,1,515,2,1,1,1,7,13,4756800,748300,680,3,2,2,0,2,1,0,70,1,0,1,0,0
200500049249,5,8,9,1515,1,2,1,1,3,120,4753100,748100,680,3,2,2,0,1,0,0,70,1,0,1,0,0
200500049250,5,8,18,1300,1,1,1,1,5,263,4758300,747400,680,3,2,2,0,3,3,0,75,1,0,1,0,0
200500049251,5,8,19,2345,5,2,1,1,7,135,4758200,753000,680,3,2,0,0,0,0,0,0,0,0,0,0,0
200500049253,5,8,25,1200,1,1,1,1,1,279,4779200,707300,680,9,2,2,1,2,1,0,0,1,0,5,0,0
200500049254,5,8,28,1930,1,1,1,1,7,102,4789700,707000,680,9,2,0,0,2,1,0,35,1,0,3,0,0
200500049256,5,8,29,1730,1,1,1,1,1,344,4789200,697200,680,2,2,2,0,1,1,0,85,1,0,1,0,0
200500049257,5,8,30,1515,1,1,1,1,3,304,4776000,706600,680,3,2,0,0,0,1,0,105,1,5,1,0,0
200500049258,5,8,30,2200,3,1,1,1,5,313,4772500,711100,680,3,2,0,0,3,1,0,120,1,0,1,0,0
200500049259,5,8,4,815,1,1,1,1,3,413,4903000,403900,510,3,2,2,0,2,2,0,71,1,0,1,0,1
200500049260,5,8,30,1415,1,2,1,1,3,29,4898300,400600,510,3,2,2,0,3,3,0,61,1,0,1,0,0
200500049261,5,8,6,2045,2,2,9,1,1,551,4860100,450800,510,3,2,2,0,1,3,0,68,1,0,1,0,1
200500049262,5,8,13,15,3,1,1,1,1,167,4874300,436900,510,2,2,0,0,2,1,0,75,1,0,1,0,0
200500049263,5,8,21,1700,1,1,1,1,6,167,4874600,440900,510,2,2,0,0,0,1,0,72,1,0,1,0,0
200500049264,5,8,29,1445,1,1,1,1,1,165,4873400,388300,510,2,2,2,0,1,1,0,72,1,0,1,0,1
200500049267,5,8,2,1330,1,1,2,1,3,237,4872300,354800,510,2,2,2,0,1,1,0,120,1,0,1,0,0
200500049268,5,8,9,15,3,1,1,1,1,237,4873200,356500,510,2,3,2,0,1,1,0,110,1,0,1,0,1
200500049269,5,8,17,1615,1,1,1,1,7,407,4873700,360500,510,2,3,4,0,1,1,40,0,1,0,1,0,0
200500049270,5,8,22,1630,1,1,3,1,3,237,4872300,354800,510,2,2,3,0,1,2,0,105,1,5,3,0,1
200500049272,5,8,11,1530,1,2,1,1,3,225,4919000,395000,510,3,2,2,0,1,1,0,54,1,0,1,0,0
200500049273,5,8,31,800,1,2,1,1,6,527,4924900,378400,510,3,2,2,0,1,3,0,0,1,0,1,0,0
200500049274,5,8,31,1115,1,2,1,1,1,569,4925900,396400,510,2,2,2,0,1,3,0,0,8,0,1,0,0
200500049277,5,8,2,1630,1,2,1,1,2,139,4910200,487100,510,3,2,2,0,1,1,0,70,1,0,1,0,0
200500049278,5,8,12,1645,1,2,7,1,6,272,4895600,488800,510,4,1,1,0,1,1,0,0,1,0,1,0,0
200500049279,5,8,23,915,1,1,1,2,6,370,4914000,488500,510,3,0,2,0,4,2,0,58,2,0,1,0,0
200500049280,5,8,23,1300,1,1,1,1,1,81,4984700,476200,80,3,2,2,0,3,4,0,0,2,0,1,0,0
200500049281,5,8,30,1800,1,2,1,1,1,81,4985800,476900,80,3,2,2,0,1,2,0,0,1,0,1,0,0
200500049285,5,8,7,845,1,2,1,8,6,191,4972000,499000,80,3,2,2,0,3,3,0,53,8,0,1,0,1
200500049286,5,8,9,1200,1,1,1,1,1,115,4959400,487000,80,3,2,2,0,3,1,0,0,1,0,1,0,1
200500049287,5,8,2,1300,1,1,1,1,1,103,4950000,458800,80,3,2,2,0,1,1,0,82,1,0,1,0,0
200500049288,5,8,13,2215,5,2,1,8,6,264,4936000,450500,80,4,2,2,0,1,1,0,86,0,0,1,0,0
200500049292,5,8,5,1000,1,1,1,1,3,120,4801500,410200,100,3,2,0,0,2,1,0,57,1,0,1,0,0
200500049293,5,8,26,1515,1,2,1,1,1,49,4819400,412200,100,3,2,0,0,1,1,0,60,1,0,1,0,0
200500049297,5,8,4,1445,1,1,1,1,1,294,4818000,434400,100,3,2,0,0,1,1,0,67,1,0,0,0,0
200500049299,5,8,20,145,5,2,1,1,6,224,4840600,373900,100,9,2,2,0,1,1,0,48,1,0,1,0,0
200500049301,5,8,7,945,1,1,1,1,7,89,4850500,386200,100,3,2,0,0,0,2,0,66,1,0,1,0,0
200500049302,5,8,9,1115,1,2,1,1,1,233,4851500,388900,100,3,0,2,0,1,1,0,68,1,0,1,0,0
200500049303,5,8,21,1600,1,1,1,1,6,353,4845100,394400,100,3,2,2,0,1,2,0,62,1,0,1,0,0
200500049309,5,8,10,1915,1,1,1,1,3,506,4813700,486800,520,3,0,2,0,0,4,0,0,1,0,0,0,0
200500049310,5,8,12,100,3,1,1,1,6,400,4796400,566000,520,3,0,0,0,1,1,0,68,0,0,3,0,1
200500049313,5,8,30,2315,5,2,2,1,1,348,4792100,544200,520,3,2,2,0,1,1,0,71,1,0,1,0,0
200500049316,5,8,3,1415,1,1,1,1,6,414,4853000,510100,520,3,2,2,0,1,1,0,61,1,2,1,0,0
200500049320,5,8,3,1330,1,2,1,1,2,28,4720100,538100,210,3,2,2,0,1,1,0,66,1,0,1,0,0
200500049321,5,8,11,1515,1,1,1,1,6,138,4717500,529200,210,3,2,2,0,1,1,0,67,1,0,3,0,0
200500049322,5,8,20,2130,3,1,1,1,6,110,4723600,498300,210,2,2,4,0,1,1,0,61,1,0,1,0,0
200500049323,5,8,25,1545,1,2,6,2,3,295,4723200,498600,210,4,2,2,0,0,0,0,0,2,5,1,0,0
200500049324,5,8,19,1600,1,2,2,1,1,337,4727600,538600,210,3,2,0,0,1,1,0,0,1,5,1,0,0
200500049325,5,8,17,2300,3,1,1,1,7,96,4762100,520200,210,3,2,2,0,1,1,0,48,1,0,0,0,0
200500049326,5,8,19,445,3,1,1,1,1,599,4761500,525000,210,2,2,2,0,1,1,0,74,1,0,1,0,1
200500049327,5,8,23,1430,1,2,1,1,1,383,4752500,511900,210,4,2,0,0,1,0,0,0,1,5,1,0,0
200500049328,5,8,2,1,5,2,1,1,6,223,4734500,501500,210,4,2,0,0,1,1,0,105,1,0,1,0,1
200500049330,5,8,6,515,2,1,1,1,6,300,4727000,477000,210,3,2,2,0,1,3,0,0,2,0,0,0,0
200500049331,5,8,6,1600,1,1,1,1,6,582,4690800,470400,210,3,2,0,0,1,2,0,0,1,0,3,0,1
200500049332,5,8,11,1630,1,1,1,1,3,684,4704500,489200,210,3,2,0,0,1,1,0,0,1,0,1,0,0
200500049334,5,8,23,745,1,1,1,1,1,387,4700900,494900,210,3,2,2,0,1,1,0,0,1,5,1,0,0
200500049335,5,8,25,1630,1,1,1,2,7,534,4701500,493400,210,3,2,2,0,3,3,0,0,2,0,3,0,0
200500049336,5,8,19,1030,1,1,1,1,6,251,4724100,456800,210,3,2,2,0,1,1,0,70,1,0,3,0,0
200500049340,5,8,7,1400,1,2,1,1,7,497,4779000,459300,210,3,2,0,0,0,3,60,0,1,2,1,0,0
200500049341,5,8,19,1745,1,2,1,1,3,425,4762600,433800,210,4,0,0,0,0,0,0,0,0,0,0,0,0
200500049343,5,8,5,1015,1,2,1,1,6,670,4744500,466900,210,3,2,2,0,1,1,0,76,1,0,1,0,0
200500049344,5,8,20,2315,3,1,9,1,6,46,4684800,366000,580,2,3,2,0,4,2,0,70,1,0,0,0,0
200500049348,5,8,6,1915,1,1,1,1,6,72,4692100,324100,580,3,2,2,0,1,1,0,34,1,0,1,0,0
200500049351,5,8,28,1800,1,1,1,1,6,253,4713100,346100,580,4,2,2,0,0,3,35,0,1,0,3,0,0
200500049352,5,8,6,1130,1,1,1,1,2,65,4706100,369200,580,3,2,0,0,3,1,0,69,1,0,1,0,0
200500049353,5,8,7,1430,1,1,1,1,7,211,4686300,410100,580,2,2,2,0,1,3,0,84,1,0,1,0,1
200500049356,5,8,8,1930,1,1,1,1,6,37,4728400,395300,580,3,2,0,0,1,3,0,44,1,0,3,0,0
200500049360,5,8,5,1500,1,1,1,1,5,525,4637700,467600,710,2,2,2,0,1,1,0,94,1,2,1,0,0
200500049362,5,8,4,700,1,1,1,1,6,470,4635100,462100,710,3,2,2,0,1,1,0,58,1,0,1,0,0
200500049363,5,8,17,1700,1,1,1,1,1,50,4636900,463700,710,4,2,2,0,2,2,0,40,1,0,1,0,0
200500049364,5,8,10,1430,1,1,4,1,3,248,4657200,494600,710,3,0,0,0,0,0,0,0,0,0,0,0,0
200500049365,5,8,25,1730,1,1,1,3,3,272,4657000,468700,710,3,2,0,0,1,1,0,70,2,0,1,0,0
200500049366,5,8,30,1215,1,2,1,1,7,373,4650700,506700,710,3,2,2,0,1,1,18,80,1,0,1,0,0